company,board,slug,chittorgarh_id,open_date,listing_date,issue_amount_cr,issue_price,subscription_total_x,listing_close,listing_day_pct,cmp,isin,nse_symbol,bse_code,qib_x,nii_x,bnii_x,retail_x,applications,anchor_amount_cr,anchor_pct_of_issue,anchor_lockin_30d,anchor_lockin_90d,exchange,symbol,d1_open,d1_high,d1_low,d1_close,trading_days,cmp_bhav,life_high,life_low,life_high_date,life_low_date,days_to_high,avg_turnover_cr_20d,open_pop_pct,d1_close_vs_issue_pct,cmp_vs_issue_pct,life_high_vs_issue_pct,life_low_vs_issue_pct,cmp_vs_d1close_pct,above_ema20,avg_volume_20d,thrust_count,first_thrust_day,first_thrust_date,last_thrust_date,thrust_recent,ret60_after_thrust_pct,days_since_pivot_cross,dd_from_life_high_pct,max_dd_pct,base30_low_vs_d1close_pct,base30_range_pct,d1high_breakout_day,last_pivot_cross_date,d1high_breakout_date,ret_10d_after_breakout_pct,ret_20d_after_breakout_pct,ret_60d_after_breakout_pct,breakout_vol_x
HMA Agro Industries Ltd.,Mainboard,hma-agro-industries-ipo,1435,2023-06-20,2023-07-04,480.0,585.0,1.48,585.65,0.11,21.34,INE0ECP01024,HMAAGRO,543929,1.74,2.97,3.82,0.96,"64,252",144.0,23.08,2023-07-29,2023-09-27,NSE,HMAAGRO,78.0,84.05,76.8,84.0,632,21.34,84.05,21.1,2023-12-29,2026-07-24,0,0.5343414579,-86.67,-85.64,-96.35,-85.63,-96.39,-74.6,False,244449.75,21,23.0,2024-02-02,2026-06-22,False,-22.6,,-74.61,-74.67,-22.98,22.86,,,,,,,
ideaForge Technology Ltd.,Mainboard,ideaforge-technology-ipo,1442,2023-06-26,2023-07-07,567.24,672.0,58.23,1294.95,92.7,870.65,INE349Y01013,IDEAFORGE,543932,125.81,80.58,81.99,85.2,"25,09,004",254.88,31.0,2023-08-04,2023-10-03,NSE,IDEAFORGE,1300.0,1343.95,1260.0,1294.95,750,870.65,1343.95,304.2,2023-07-07,2025-04-07,0,16.5326932325,93.45,92.7,29.56,99.99,-54.73,-32.77,True,191109.15,21,143.0,2024-02-06,2026-05-05,False,-11.6,,-35.22,-74.95,-25.91,27.85,,,,,,,
Cyient DLM Ltd.,Mainboard,cyient-dlm-ipo,1446,2023-06-27,2023-07-10,592.0,265.0,40.27,420.6,58.72,670.45,INE055S01018,CYIENTDLM,543933,95.87,47.75,50.48,52.17,"16,62,839",259.65,30.46,2023-08-03,2023-10-02,NSE,CYIENTDLM,403.0,427.0,403.0,420.6,749,670.45,883.8,265.2,2024-02-26,2026-03-30,156,92.27136842700001,52.08,58.72,153.0,233.51,0.08,59.4,True,1492703.55,19,68.0,2023-10-17,2026-07-22,True,-1.5,38.0,-24.14,-68.69,0.05,36.19,1.0,2026-06-01,2023-07-11,-2.94,0.36,35.49,0.71
Senco Gold Ltd.,Mainboard,senco-gold-ipo,1452,2023-07-04,2023-07-14,405.0,317.0,54.13,405.3,27.85,382.85,INE602W01027,SENCO,543936,190.56,68.44,72.05,16.28,"14,26,741",121.5,23.08,2023-08-10,2023-10-09,NSE,SENCO,449.0,474.8,444.7,469.8,363,382.85,546.65,227.4,2025-02-05,2025-03-17,3,79.24238520425,41.64,48.2,20.77,72.44,-28.26,-18.51,True,2182148.8,10,10.0,2025-02-14,2026-07-09,False,-0.4,361.0,-29.96,-55.44,-51.6,67.95,1.0,2025-02-03,2025-02-03,-36.3,-43.79,-35.15,1.5
Utkarsh Small Finance Bank Ltd.,Mainboard,utkarsh-small-finance-bank-ipo,1456,2023-07-12,2023-07-21,500.0,25.0,61.41,48.0,92.0,14.45,INE735W01017,UTKARSHBNK,543942,135.71,88.74,91.83,78.38,"20,73,319",222.75,30.82,2023-08-18,2023-10-17,NSE,UTKARSHBNK,40.0,48.0,37.2,48.0,740,14.45,68.3,10.12,2024-02-08,2026-03-30,135,11.6406007726,60.0,92.0,-42.2,173.2,-59.52,-69.9,False,7750317.3,11,51.0,2023-10-05,2026-06-18,False,-10.6,458.0,-78.84,-84.16,-1.25,18.54,1.0,2024-09-13,2023-07-24,3.9,-6.92,4.97,0.44
Netweb Technologies India Ltd.,Mainboard,netweb-technologies-india-ipo,1459,2023-07-17,2023-07-27,631.0,500.0,63.41,910.4,82.08,4156.0,INE0NT901020,NETWEB,543945,220.69,83.21,88.29,19.48,"22,57,771",189.02,23.05,2023-08-23,2023-10-22,NSE,NETWEB,947.0,952.0,876.05,910.4,736,4156.0,5244.0,738.6,2026-06-19,2023-10-26,711,418.18720126050005,89.4,82.08,731.2,948.8,47.72,356.5,False,951392.0,21,51.0,2023-10-11,2026-05-29,False,43.4,648.0,-20.75,-54.73,-14.03,16.65,87.0,2023-12-05,2023-12-05,24.46,23.79,77.84,4.18
Yatharth Hospital & Trauma Care Services Ltd.,Mainboard,yatharth-hospital-ipo,1464,2023-07-26,2023-08-07,686.55,300.0,26.24,333.85,11.28,838.8,INE0JO301016,YATHARTH,543950,86.37,38.62,41.76,8.66,"12,56,979",205.97,23.08,2023-09-01,2023-10-31,NSE,YATHARTH,306.1,343.1,306.1,333.85,729,838.8,889.9,306.1,2026-05-25,2023-08-07,686,21.72477601525,2.03,11.28,179.6,196.63,2.03,151.25,False,258149.05,10,41.0,2023-10-06,2025-11-28,False,-6.7,719.0,-5.74,-47.69,-7.11,28.34,1.0,2023-08-21,2023-08-08,9.32,5.18,6.69,0.51
SBFC Finance Ltd.,Mainboard,sbfc-finance-ipo,1470,2023-08-03,2023-08-16,1025.0,57.0,52.23,92.2,61.75,92.18,INE423Y01016,SBFC,543959,203.61,51.82,56.69,11.6,"24,29,631",304.42,22.89,2023-09-09,2023-11-08,NSE,SBFC,82.0,95.45,82.0,92.2,723,92.18,123.0,72.4,2025-11-03,2024-03-13,545,10.466481073949998,43.86,61.75,61.72,115.79,27.02,-0.02,False,1136748.2,14,60.0,2023-11-13,2026-03-17,False,-6.4,54.0,-25.06,-31.99,-10.95,12.36,270.0,2026-05-07,2024-09-23,-14.44,-22.39,-17.87,52.59
Concord Biotech Ltd.,Mainboard,concord-biotech-ipo,1472,2023-08-04,2023-08-18,1550.52,741.0,17.64,942.8,27.23,1248.5,INE338H01029,CONCORDBIO,543960,67.67,16.99,19.3,3.78,"12,64,369",464.95,23.07,2023-09-10,2023-11-09,NSE,CONCORDBIO,900.05,987.7,900.05,942.8,721,1248.5,2664.0,900.05,2024-09-20,2023-08-18,267,13.553439531500002,21.46,27.23,68.49,259.51,21.46,32.42,False,104146.85,20,55.0,2023-11-08,2026-06-03,False,11.2,695.0,-53.13,-60.99,-2.3,20.56,2.0,2023-09-25,2023-08-22,-0.45,-0.43,24.02,0.22
TVS Supply Chain Solutions Ltd.,Mainboard,tvs-supply-chain-solutions-ipo,1475,2023-08-10,2023-08-23,880.0,197.0,1.98,201.0,2.03,133.13,INE395N01027,TVSSCS,543965,1.37,2.44,2.39,7.89,"3,65,026",396.0,31.03,2023-09-17,2023-11-16,NSE,TVSSCS,207.05,208.6,199.0,201.0,718,133.13,258.0,90.32,2023-09-11,2026-03-30,13,7.773975221500001,5.1,2.03,-32.42,30.96,-54.15,-33.77,False,561496.3,16,121.0,2024-02-20,2026-06-05,False,-12.6,452.0,-48.4,-62.92,-3.58,31.94,11.0,2024-09-23,2023-09-07,-3.55,-4.68,-6.06,6.82
Pyramid Technoplast Ltd.,Mainboard,pyramid-technoplast-ipo,1479,2023-08-18,2023-08-29,153.05,166.0,14.98,177.65,7.02,164.21,INE0MIS01010,PYRAMID,543969,9.94,32.24,33.81,14.72,"7,31,756",27.55,15.25,2023-09-24,2023-11-23,NSE,PYRAMID,187.0,188.0,177.65,177.65,714,164.21,258.99,131.8,2024-11-07,2026-03-30,293,0.4766152398,12.65,7.02,-1.08,56.02,-20.6,-7.57,False,28698.8,7,205.0,2024-07-03,2026-05-13,False,-8.3,358.0,-36.6,-44.52,-12.75,25.81,29.0,2025-02-06,2023-10-11,10.41,11.11,-1.93,2.62
Aeroflex Industries Ltd.,Mainboard,aeroflex-industries-ipo,1482,2023-08-22,2023-08-31,351.0,108.0,69.39,163.25,51.16,420.85,INE024001021,AEROFLEX,543972,194.73,126.13,125.8,34.41,"27,68,343",103.68,22.8,2023-09-28,2023-11-27,NSE,AEROFLEX,190.0,196.35,162.3,163.25,712,420.85,521.9,115.0,2026-06-22,2024-03-13,688,59.46071507724999,75.93,51.16,289.68,383.24,6.48,157.79,False,1368119.35,18,32.0,2023-10-18,2026-05-07,False,0.4,105.0,-19.36,-40.41,-12.77,17.79,250.0,2026-02-17,2024-09-10,-10.63,-3.61,9.0,2.74
Vishnu Prakash R.Punglia Ltd.,Mainboard,vishnu-prakash-r-punglia-ipo,1485,2023-08-24,2023-09-05,308.61,99.0,61.76,145.7,47.17,28.0,INE0AE001013,VPRPL,543974,,,,,,91.77,22.91,2023-09-30,2023-11-29,NSE,VPRPL,165.0,165.0,144.0,145.7,709,28.0,345.75,23.94,2024-12-17,2026-06-12,314,0.3050643677,66.67,47.17,-71.72,249.24,-75.82,-80.78,True,112320.2,23,48.0,2023-11-16,2026-06-12,False,-14.6,242.0,-91.9,-92.45,0.31,45.92,2.0,2025-07-29,2023-09-07,1.63,3.05,21.28,0.33
Ratnaveer Precision Engineering Ltd.,Mainboard,ratnaveer-precision-engineering-ipo,1488,2023-09-04,2023-09-11,165.03,98.0,65.42,129.35,31.99,178.61,INE05CZ01011,RATNAVEER,543978,133.05,135.21,130.63,54.0,"20,77,306",49.51,23.08,2023-10-07,2023-12-06,NSE,RATNAVEER,123.2,129.35,123.0,129.35,705,178.61,273.97,107.1,2024-11-25,2024-06-04,294,22.736057935500003,25.71,31.99,82.26,179.56,9.29,38.08,True,1256291.9,24,22.0,2023-10-13,2026-06-18,False,-11.5,298.0,-34.81,-52.98,-15.11,21.8,22.0,2025-05-12,2023-10-13,-8.34,-8.56,-11.46,12.52
Rishabh Instruments Ltd.,Mainboard,rishabh-instruments-ipo,1490,2023-08-30,2023-09-11,490.78,441.0,22.32,443.15,0.49,622.3,INE0N2P01017,RISHABH,543977,72.54,31.29,34.01,8.44,"8,65,227",147.23,23.08,2023-10-06,2023-12-05,NSE,RISHABH,460.05,470.0,432.35,443.15,705,622.3,692.8,201.5,2026-07-06,2025-03-04,690,21.683140132000002,4.32,0.49,41.11,57.1,-54.31,40.43,False,332155.7,13,64.0,2023-12-15,2026-07-02,False,-23.3,46.0,-10.18,-66.86,-1.14,26.38,11.0,2026-05-19,2023-09-27,10.9,-0.25,19.44,2.12
Jupiter Life Line Hospitals Ltd.,Mainboard,jupiter-life-line-hospitals-ipo,1494,2023-09-06,2023-09-18,869.08,735.0,46.01,1075.75,46.36,323.2,INE682M01012,JLHL,543980,181.89,36.0,40.64,8.0,"14,60,441",260.72,23.08,2023-10-13,2023-12-12,NSE,JLHL,973.0,1108.95,970.0,1075.75,699,1574.5,1770.0,970.0,2025-03-25,2023-09-18,372,5.717071533,32.38,46.36,114.22,140.82,31.97,46.36,True,38631.9,23,97.0,2024-02-12,2026-06-30,False,4.3,605.0,-11.05,-29.36,-9.19,17.49,10.0,2024-02-06,2023-10-04,-5.71,-9.01,0.58,0.15
R R Kabel Ltd.,Mainboard,r-r-kabel-ipo,1503,2023-09-13,2023-09-20,1964.01,1035.0,13.4,1198.05,15.75,2493.6,INE777K01022,RRKABEL,543981,52.26,13.23,15.68,2.13,"8,62,035",585.62,22.96,2023-10-21,2023-12-20,NSE,RRKABEL,1180.0,1212.7,1136.8,1198.05,699,2493.6,2549.0,853.55,2026-06-29,2025-03-18,679,138.40115834649998,14.01,15.75,140.93,146.28,-17.53,108.14,True,584258.3,20,32.0,2023-11-07,2026-05-04,False,-2.2,214.0,-2.17,-53.07,-3.92,31.21,6.0,2025-09-09,2023-09-28,12.24,6.01,24.75,0.49
EMS Ltd.,Mainboard,ems-ipo,1496,2023-09-08,2023-09-21,321.25,211.0,52.97,279.9,32.65,403.3,INE0OV601013,EMSLIMITED,543983,149.98,84.39,83.15,30.55,"23,93,087",96.37,23.08,2023-10-15,2023-12-14,NSE,EMSLIMITED,282.05,291.0,268.0,279.9,698,403.3,1016.0,246.5,2024-12-18,2023-09-27,304,34.278824857500005,33.67,32.65,91.14,381.52,16.82,44.09,False,799667.15,16,184.0,2024-06-26,2026-06-23,False,27.4,33.0,-60.31,-73.46,-11.93,31.51,9.0,2026-06-08,2023-10-05,1.68,-0.95,47.06,0.7
SAMHI Hotels Ltd.,Mainboard,samhi-hotels-ipo,1502,2023-09-14,2023-09-22,1370.1,126.0,3.54,143.4,13.81,177.66,INE08U801020,SAMHI,543984,9.18,1.29,1.42,1.17,"90,561",616.55,31.03,2023-10-22,2023-12-21,NSE,SAMHI,134.5,146.6,127.25,143.4,697,177.66,254.5,121.1,2025-07-22,2025-04-07,449,12.37276052075,6.75,13.81,41.0,101.98,-3.89,23.89,True,718390.0,8,42.0,2023-11-24,2025-10-29,False,25.3,44.0,-30.19,-48.53,-4.46,23.61,1.0,2026-05-21,2023-09-25,8.06,-6.86,15.09,0.2
Zaggle Prepaid Ocean Services Ltd.,Mainboard,zaggle-prepaid-ocean-services-ipo,1505,2023-09-14,2023-09-22,563.38,164.0,7.55,158.35,-3.45,199.97,INE07K301024,ZAGGLE,543985,16.94,9.16,10.36,6.15,"1,59,915",253.52,31.03,2023-10-22,2023-12-21,NSE,ZAGGLE,164.0,176.0,155.3,158.35,697,199.97,591.9,155.3,2024-12-11,2023-09-22,298,15.250887491350001,0.0,-3.45,21.93,260.91,-5.3,26.28,False,728873.7,11,91.0,2024-02-07,2026-05-14,False,3.4,694.0,-66.22,-67.77,1.23,55.26,2.0,2023-09-26,2023-09-26,19.5,16.04,23.74,0.43
Signatureglobal (India) Ltd.,Mainboard,signatureglobal-india-ipo,1382,2023-09-20,2023-09-27,730.0,385.0,7.47,458.55,19.1,768.35,INE903U01023,SIGNATURE,543990,13.37,14.24,16.6,7.17,"3,49,431",318.5,30.38,2023-10-27,2023-12-26,NSE,SIGNATURE,444.0,474.0,444.0,458.55,694,768.35,1647.0,444.0,2024-09-26,2023-09-27,244,62.82439191699999,15.32,19.1,99.57,327.79,15.32,67.56,False,762132.75,6,36.0,2023-11-21,2026-07-15,False,83.1,687.0,-53.35,-55.72,-2.56,51.77,2.0,2023-10-06,2023-09-29,6.77,19.33,83.64,0.17
Sai Silks (Kalamandir) Ltd.,Mainboard,sai-silks-kalamandir-ipo,1508,2023-09-20,2023-09-27,1201.0,222.0,3.45,244.9,10.32,88.43,INE438K01021,KALAMANDIR,543989,,,,,,360.3,23.08,2023-10-27,2023-12-26,NSE,KALAMANDIR,231.0,247.0,230.95,244.9,694,88.43,312.0,86.2,2023-11-28,2026-07-22,40,8.409959026900001,4.05,10.32,-60.17,40.54,-61.17,-63.89,False,855822.3,8,236.0,2024-09-16,2026-01-05,False,-1.6,603.0,-71.66,-71.37,-9.41,20.7,1.0,2024-02-09,2023-09-28,-2.96,-5.27,10.6,0.16
Yatra Online Ltd.,Mainboard,yatra-online-ipo,1507,2023-09-15,2023-09-28,775.0,142.0,1.37,135.9,-4.3,107.67,INE0JR601024,YATRA,543992,2.1,0.43,0.51,2.19,"86,841",348.75,31.03,2023-10-25,2023-12-24,NSE,YATRA,127.5,138.55,127.5,135.9,693,107.67,202.0,65.51,2025-11-17,2025-03-12,524,13.30265942345,-10.21,-4.3,-24.18,42.25,-53.87,-20.77,False,1179444.35,18,52.0,2023-12-15,2026-04-15,False,3.7,231.0,-46.7,-63.42,-8.35,24.72,7.0,2025-08-13,2023-10-10,-6.35,-2.4,7.9,1.08
JSW Infrastructure Ltd.,Mainboard,jsw-infrastructure-ipo,1512,2023-09-25,2023-10-03,2800.0,119.0,22.03,157.3,32.18,322.7,INE880J01026,JSWINFRA,543994,60.12,16.83,17.94,10.87,"16,90,299",1260.0,31.03,2023-10-28,2023-12-27,NSE,JSWINFRA,143.0,157.3,142.2,157.3,691,322.7,360.95,142.2,2024-07-04,2023-10-03,183,133.6667191565,20.17,32.18,171.18,203.32,19.5,105.15,False,4003725.8,8,219.0,2024-08-27,2026-06-24,False,-8.4,689.0,-10.6,-36.91,1.27,35.7,1.0,2023-10-04,2023-10-04,6.15,4.12,27.46,0.45
Manoj Vaibhav Gems 'N' Jewellers Ltd.,Mainboard,manoj-vaibhav-gems-n-jewellers-ipo,1513,2023-09-22,2023-10-03,270.2,215.0,1.91,215.5,0.23,155.76,INE0KNT01012,MVGJL,543995,1.08,5.4,6.35,1.73,"99,900",81.06,23.08,2023-10-27,2023-12-26,NSE,MVGJL,215.0,222.0,210.1,215.5,691,155.76,382.0,129.1,2023-11-21,2026-03-30,33,1.1893013153,0.0,0.23,-27.55,77.67,-39.95,-27.72,True,75366.45,18,89.0,2024-02-13,2026-05-25,False,-8.1,245.0,-59.23,-64.73,-6.26,65.61,3.0,2025-07-24,2023-10-06,22.36,22.36,45.49,0.71
Saakshi Medtech & Panels Ltd.,SME,saakshi-medtech-and-panels-ipo,1521,2023-09-25,2023-10-03,42.88,97.0,64.1,153.3,58.04,299.9,INE0PSK01027,SAAKSHI,,37.35,200.78,,75.88,"97,885",12.85,22.15,2023-11-02,2024-01-01,NSE,SAAKSHI,146.0,153.3,146.0,153.3,688,299.9,369.0,118.0,2024-07-04,2025-05-29,183,0.38510115,50.52,58.04,209.18,280.41,21.65,95.63,True,12810.0,24,62.0,2024-01-03,2026-06-23,False,-3.4,179.0,-18.73,-63.52,-4.63,96.09,2.0,2025-10-28,2023-10-05,65.11,54.4,48.18,0.36
Updater Services Ltd.,Mainboard,updater-services-ipo,1528,2023-09-25,2023-10-04,640.0,300.0,2.1,283.9,-5.37,201.19,INE851I01011,UDS,543996,4.5,0.89,1.07,1.45,"49,623",288.0,31.03,2023-10-28,2023-12-27,NSE,UDS,285.0,298.65,282.0,283.9,690,201.19,438.6,125.1,2024-11-06,2026-03-30,268,8.1666035702,-5.0,-5.37,-32.94,46.2,-58.3,-29.13,True,416087.25,13,47.0,2023-12-13,2026-06-05,False,6.9,298.0,-54.13,-70.54,-17.12,23.41,47.0,2025-05-12,2023-12-13,15.73,9.77,6.9,24.68
Digikore Studios Ltd.,SME,digikore-studios-ipo,1509,2023-09-25,2023-10-04,27.43,171.0,194.62,283.5,65.79,50.6,INE0QJ901011,DIGIKORE,,65.63,362.65,,370.17,"2,59,857",8.22,21.24,2023-10-29,2023-12-28,NSE,DIGIKORE,270.0,283.5,270.0,283.5,687,50.6,666.0,44.0,2024-05-02,2026-06-29,138,0.5827248,57.89,65.79,-70.41,289.47,-74.27,-82.15,False,113680.0,18,25.0,2023-11-09,2026-02-10,False,57.1,386.0,-92.4,-92.35,-9.74,27.53,5.0,2024-12-26,2023-10-11,-5.41,5.7,62.0,0.32
Inspire Films Ltd.,SME,inspire-films-ipo,1523,2023-09-25,2023-10-05,20.17,59.0,89.16,67.85,15.0,9.05,INE0NDX01019,INSPIRE,,25.27,147.16,,180.41,"1,08,067",6.03,22.12,2023-11-02,2024-01-01,NSE,INSPIRE,67.0,70.35,64.2,67.85,593,9.05,72.1,6.8,2023-10-12,2026-03-30,5,0.0032655,13.56,15.0,-84.66,22.2,-88.47,-86.66,True,3600.0,10,36.0,2023-11-29,2026-03-27,False,-40.5,587.0,-87.45,-90.43,-11.27,17.54,1.0,2023-10-12,2023-10-06,-5.41,-6.6,-9.41,0.37
Newjaisa Technologies Ltd.,SME,newjaisa-technologies-ipo,1524,2023-09-25,2023-10-05,37.93,47.0,5.03,70.8,50.64,15.2,INE0PW501021,NEWJAISA,,1.02,15.34,,6.54,"6,163",11.36,22.16,2023-11-03,2024-01-02,NSE,NEWJAISA,71.0,74.55,67.45,70.8,677,15.2,175.0,14.0,2023-11-29,2026-06-10,36,0.01747125,51.06,50.64,-67.66,272.34,-70.21,-78.53,False,9675.0,19,69.0,2024-01-16,2026-06-10,False,-25.2,351.0,-91.31,-91.43,-4.94,146.47,3.0,2025-01-30,2023-10-10,46.29,96.74,77.3,0.27
Valiant Laboratories Ltd.,Mainboard,valiant-laboratories-ipo,1525,2023-09-27,2023-10-06,152.46,140.0,20.95,170.25,21.61,61.5,INE0JWS01017,VALIANTLAB,543998,20.83,73.64,78.64,16.06,"6,76,145",45.74,23.08,2023-11-04,2024-01-03,NSE,VALIANTLAB,162.15,170.25,162.1,170.25,688,61.5,214.95,49.51,2024-02-02,2026-03-04,79,0.06461859035,15.82,21.61,-56.07,53.54,-64.64,-63.88,False,10148.75,20,68.0,2024-01-16,2026-06-02,False,-15.6,622.0,-71.39,-75.13,-4.79,25.84,5.0,2024-01-11,2023-10-13,10.27,3.06,-1.19,0.33
Vinyas Innovative Technologies Ltd.,SME,vinyas-innovative-technologies-ipo,1534,2023-09-27,2023-10-06,51.92,165.0,30.44,346.5,110.0,1272.75,INE0OLS01010,VINYAS,,42.74,95.16,,21.27,"29,293",15.56,22.16,2023-11-03,2024-01-02,NSE,VINYAS,330.0,346.5,313.5,346.5,683,1272.75,1541.0,313.5,2026-07-03,2023-10-06,667,1.478721925,100.0,110.0,671.36,833.94,90.0,267.32,False,10515.0,12,45.0,2023-12-13,2026-06-05,False,3.9,681.0,-17.41,-55.99,1.75,50.78,1.0,2023-10-09,2023-10-09,17.37,19.94,78.81,0.23
E Factor Experiences Ltd.,SME,e-factor-experiences-ipo,1529,2023-09-27,2023-10-09,24.61,75.0,51.27,120.75,61.0,173.2,INE0KFF01017,EFACTOR,,46.09,168.26,,47.78,"34,303",7.38,22.16,2023-11-05,2024-01-04,NSE,EFACTOR,115.0,120.75,115.0,120.75,659,173.2,348.0,112.0,2025-12-04,2024-03-13,518,0.0839127,53.33,61.0,130.93,364.0,49.33,43.44,True,5120.0,19,151.0,2024-05-28,2026-07-23,True,30.8,552.0,-50.23,-57.09,-2.03,56.48,1.0,2024-03-14,2023-10-10,16.92,25.92,28.72,0.07
Arabian Petroleum Ltd.,SME,arabian-petroleum-ipo,1526,2023-09-25,2023-10-09,19.21,70.0,19.15,76.25,8.93,69.45,INE08NJ01024,ARABIAN,,,,,,,,,,,NSE,ARABIAN,77.4,78.8,74.25,76.25,591,69.45,124.65,63.0,2023-11-28,2025-03-28,33,0.0458315,10.57,8.93,-0.79,78.07,-10.0,-8.92,True,6700.0,10,28.0,2023-11-20,2025-12-22,False,2.1,121.0,-44.28,-45.08,-8.0,50.89,5.0,2025-11-17,2023-10-16,-4.41,-11.12,21.81,0.21
Vishnusurya Projects & Infra Ltd.,SME,vishnusurya-projects-and-infra-ipo,1530,2023-09-29,2023-10-10,47.46,68.0,40.24,76.65,12.72,155.0,INE0PQ001012,VISHNUINFR,,,36.32,,43.63,"76,130",,,,,NSE,VISHNUINFR,73.0,76.65,73.0,76.65,676,155.0,465.45,73.0,2024-01-08,2023-10-10,60,0.1349015,7.35,12.72,127.94,584.49,7.35,102.22,False,8325.0,21,101.0,2024-03-11,2026-05-26,False,-18.1,674.0,-66.7,-72.37,4.96,213.89,1.0,2023-10-11,2023-10-11,63.58,142.01,465.13,0.09
Kontor Space Ltd.,SME,kontor-space-ipo,1531,2023-09-27,2023-10-10,14.82,93.0,67.99,115.9,24.62,58.05,INE0KZ301010,KONTOR,,,41.87,,95.49,"63,408",,,,,NSE,KONTOR,122.0,122.0,115.9,115.9,645,58.05,200.05,53.25,2024-08-28,2026-01-28,213,0.01437645,31.18,24.62,-37.58,115.11,-42.74,-49.91,False,2400.0,12,60.0,2024-01-08,2026-05-25,False,-18.2,358.0,-70.98,-72.05,-34.43,29.42,180.0,2024-12-12,2024-07-10,33.39,22.43,22.39,4.24
City Crops Agro Ltd.,SME,city-crops-agro-ipo,1537,2023-09-26,2023-10-10,14.25,25.0,3.28,25.42,1.68,29.61,INE0M7501019,,544000,,2.15,,4.78,"1,984",,,,,BSE,544000,25.5,26.0,24.9,25.42,244,29.61,34.58,15.68,2024-06-20,2026-03-27,86,0.062223,2.0,1.68,18.44,38.32,-37.28,16.48,True,23100.0,3,77.0,2024-05-15,2025-06-23,False,32.1,3.0,-14.37,-47.73,-23.68,25.96,84.0,2026-07-13,2024-06-18,17.94,-9.66,8.59,3.16
Oneclick Logistics India Ltd.,SME,oneclick-logistics-india-ipo,1535,2023-09-27,2023-10-11,9.39,99.0,184.06,133.0,34.34,420.0,INE0OPS01011,OLIL,,,139.45,,224.19,"88,554",,,,,NSE,OLIL,140.0,140.0,133.0,133.0,644,420.0,479.9,54.1,2026-05-06,2024-04-23,588,0.3266768,41.41,34.34,324.24,384.75,-45.35,215.79,False,7780.0,17,58.0,2024-01-08,2026-06-30,False,-6.9,341.0,-12.48,-54.77,-51.13,46.13,293.0,2025-03-04,2025-02-18,17.31,8.07,19.75,1.3
Canarys Automations Ltd.,SME,canarys-automations-ipo,1536,2023-09-27,2023-10-11,44.68,31.0,7.49,41.3,33.23,18.5,INE0QG301017,CANARYS,,2.73,14.29,,11.7,"14,771",10.02,17.56,2023-11-05,2024-01-04,NSE,CANARYS,43.45,44.9,41.3,41.3,683,18.5,68.7,14.6,2024-07-08,2026-03-30,179,0.164935,40.16,33.23,-40.32,121.61,-52.9,-55.21,False,85600.0,6,125.0,2024-04-18,2025-11-17,False,5.8,390.0,-73.07,-76.97,-10.9,34.38,4.0,2024-12-19,2023-10-17,-5.84,-16.3,-5.07,0.05
Sunita Tools Ltd.,SME,sunita-tools-ipo,1519,2023-09-26,2023-10-11,20.91,145.0,12.79,147.25,1.55,957.55,INE0Q1S01010,,544001,,5.27,,21.1,"17,418",,,,,BSE,544001,155.0,158.0,147.25,147.25,683,957.55,1123.85,116.5,2026-03-13,2023-10-26,594,0.8953673550000001,6.9,1.55,560.38,675.07,-19.66,550.29,True,10700.0,12,57.0,2024-01-04,2026-07-17,True,12.0,658.0,-14.8,-53.15,-20.88,79.69,13.0,2023-11-16,2023-10-31,-5.6,27.1,43.91,5.54
Goyal Salt Ltd.,SME,goyal-salt-ipo,1522,2023-09-26,2023-10-11,17.69,38.0,202.49,136.1,258.16,114.0,INE0QFE01017,GOYALSALT,,67.2,382.45,,377.97,"2,06,371",5.0,21.18,2023-11-04,2024-01-03,NSE,GOYALSALT,130.0,136.5,123.5,136.1,661,114.0,249.0,97.0,2024-02-01,2026-03-30,75,0.04855185,242.11,258.16,200.0,555.26,155.26,-16.24,False,4140.0,15,61.0,2024-01-10,2026-07-22,True,-10.7,86.0,-54.22,-57.63,-5.0,44.49,1.0,2026-02-24,2023-10-12,22.72,23.12,49.27,0.16
Plaza Wires Ltd.,Mainboard,plaza-wires-ipo,1539,2023-09-29,2023-10-12,71.28,54.0,113.74,80.2,48.52,42.9,INE0INJ01017,PLAZACABLE,544003,42.84,388.09,360.92,374.81,"18,11,954",20.0,21.91,2023-11-08,2024-01-07,NSE,PLAZACABLE,76.0,80.2,75.7,80.2,684,42.9,173.5,27.0,2023-11-01,2026-03-30,13,0.08164226575,40.74,48.52,-20.56,221.3,-50.0,-46.51,False,18503.75,10,17.0,2023-11-07,2026-05-08,False,-18.1,394.0,-75.27,-82.95,4.99,111.35,1.0,2024-12-17,2023-10-13,78.44,44.89,30.76,0.06
Sharp Chucks & Machines Ltd.,SME,sharp-chucks-and-machines-ipo,1532,2023-09-29,2023-10-12,15.98,58.0,50.66,65.05,12.16,75.2,INE460Q01014,SCML,,,38.76,,63.69,"43,885",,,,,NSE,SCML,66.0,69.0,63.0,65.05,646,75.2,159.5,55.0,2025-12-08,2024-03-14,500,0.04653425,13.79,12.16,29.66,175.0,-5.17,15.6,False,5950.0,17,40.0,2023-12-12,2026-05-27,False,-22.9,527.0,-52.85,-51.17,0.08,40.89,2.0,2024-04-08,2023-10-16,5.09,10.39,1.88,0.29
Karnika Industries Ltd.,SME,karnika-industries-ipo,1538,2023-09-29,2023-10-12,23.81,76.0,3.04,82.6,8.68,112.95,INE0MGA01012,KARNIKA,,,3.22,,2.91,"2,853",,,,,NSE,KARNIKA,81.0,85.05,81.0,82.6,665,112.95,973.0,75.0,2025-08-25,2023-10-27,448,4.47607375,6.58,8.68,48.62,1180.26,-1.32,36.74,False,453950.0,21,81.0,2024-02-13,2026-07-06,False,118.4,648.0,-88.39,-89.37,-9.2,197.34,16.0,2023-11-06,2023-11-06,96.02,57.87,27.73,2.17
Vivaa Tradecom Ltd.,SME,vivaa-tradecom-ipo,1540,2023-09-27,2023-10-12,7.57,51.0,1.79,42.54,-16.59,101.33,INE0PA601017,,544002,,,,,,,,,,BSE,544002,40.8,42.82,38.76,42.54,407,101.33,101.33,22.55,2026-07-24,2024-03-27,406,0.0813995,-20.0,-16.59,98.69,98.69,-55.78,138.2,True,10200.0,10,28.0,2023-11-23,2026-06-03,False,-13.1,32.0,0.0,-44.34,-36.06,39.47,1.0,2026-05-29,2023-10-13,-26.51,-35.23,-30.19,0.26
Plada Infotech Services Ltd.,SME,plada-infotech-services-ipo,1533,2023-09-29,2023-10-13,11.74,48.0,56.01,56.05,16.77,10.9,INE0PXD01014,PLADAINFO,,,39.81,,73.78,"30,064",,,,,NSE,PLADAINFO,59.0,60.0,56.05,56.05,426,10.9,60.0,9.1,2023-10-13,2026-03-30,0,0.00676875,22.92,16.77,-77.29,25.0,-81.04,-80.55,False,6000.0,7,51.0,2024-01-01,2025-08-01,False,-31.7,,-81.83,-83.14,-30.42,34.88,,,,,,,
Committed Cargo Care Ltd.,SME,committed-cargo-care-ipo,1462,2023-10-06,2023-10-18,23.68,77.0,85.33,86.1,11.82,339.0,INE597Z01014,COMMITTED,,,94.2,,78.73,"75,664",,,,,NSE,COMMITTED,82.0,86.1,82.0,86.1,571,339.0,343.0,48.5,2026-07-21,2024-11-26,568,0.2486422,6.49,11.82,340.26,345.45,-37.01,293.73,True,7840.0,19,74.0,2024-02-07,2026-06-18,False,-15.4,299.0,-1.17,-43.5,-35.66,36.7,271.0,2024-12-16,2024-12-16,52.98,83.58,134.93,2.22
Arvind & Co.Shipping Agencies Ltd.,SME,arvind-and-company-shipping-agencies-ipo,1544,2023-10-12,2023-10-25,13.99,45.0,373.05,80.05,77.89,31.0,INE0P4T01013,ARVINDPORT,,,436.05,,321.97,"1,66,780",,,,,NSE,ACSAL,80.0,84.0,76.0,80.05,648,31.0,152.8,24.4,2024-09-26,2026-06-15,218,0.024199875,77.78,77.89,-31.11,239.56,-45.78,-61.27,True,8100.0,15,137.0,2024-05-27,2026-03-17,False,8.5,268.0,-79.71,-82.38,-33.67,32.29,167.0,2025-06-09,2024-07-15,-25.77,-26.52,30.41,5.29
IRM Energy Ltd.,Mainboard,irm-energy-ipo,1543,2023-10-18,2023-10-26,545.0,505.0,19.3,473.15,-6.31,254.55,INE07U701015,IRMENERGY,544004,44.73,48.34,52.29,9.29,"10,71,966",160.35,22.72,2023-11-26,2024-01-25,NSE,IRMENERGY,477.25,483.7,450.0,473.15,675,254.55,641.0,165.4,2024-04-22,2026-03-30,117,2.0387070089999995,-5.5,-6.31,-49.59,26.93,-67.25,-46.2,False,76335.8,21,39.0,2023-12-22,2026-04-27,False,-4.8,558.0,-60.29,-70.87,-8.05,13.09,24.0,2024-04-19,2023-12-01,-1.65,7.97,13.55,3.53
WomanCart Ltd.,SME,womancart-ipo,1541,2023-10-16,2023-10-27,9.08,86.0,63.5,122.85,42.85,96.4,INE0Q9601016,WOMANCART,,,56.3,,71.94,"23,741",,,,,NSE,WOMANCART,117.0,122.85,117.0,122.85,637,96.4,437.15,88.0,2025-01-14,2026-07-20,267,0.2208529,36.05,42.85,12.09,408.31,2.33,-21.53,False,21820.0,17,112.0,2024-05-09,2026-07-20,True,131.7,43.0,-77.95,-79.0,-19.41,87.75,1.0,2026-05-22,2023-10-30,-15.59,12.8,-11.09,0.06
Rajgor Castor Derivatives Ltd.,SME,rajgor-castor-derivatives-ipo,1527,2023-10-17,2023-10-31,45.3,50.0,73.47,61.1,22.2,24.0,INE0BZQ01011,RCDL,,35.52,260.01,,80.7,"84,517",13.56,22.1,2023-11-25,2024-01-24,NSE,RCDL,59.0,61.95,56.05,61.1,593,24.0,63.0,16.5,2023-11-01,2026-01-08,1,0.02286525,18.0,22.2,-52.0,26.0,-67.0,-60.72,False,8850.0,17,49.0,2024-01-11,2026-05-25,False,-24.2,591.0,-61.9,-72.6,-26.27,29.38,1.0,2023-11-01,2023-11-01,-13.54,-23.45,-24.58,0.12
Blue Jet Healthcare Ltd.,Mainboard,blue-jet-healthcare-ipo,1547,2023-10-25,2023-11-01,840.27,346.0,5.91,413.4,19.48,566.9,INE0KBH01020,BLUEJET,544009,13.72,13.59,15.65,2.24,"3,93,163",252.08,23.08,2023-11-29,2024-01-28,NSE,BLUEJET,380.0,417.95,378.0,413.4,671,566.9,1027.8,319.5,2025-07-21,2023-12-12,422,55.92806587974999,9.83,19.48,63.84,197.05,-7.66,37.13,False,956499.55,17,153.0,2024-06-20,2026-06-11,False,22.9,61.0,-44.84,-67.61,-22.71,27.55,153.0,2026-04-27,2024-06-20,-0.42,-4.32,22.89,6.53
On Door Concepts Ltd.,SME,on-door-concepts-ipo,1546,2023-10-23,2023-11-01,29.38,208.0,5.41,203.4,-2.21,243.5,INE00ER01015,ONDOOR,,,3.16,,7.87,"9,259",,,,,NSE,ONDOOR,214.0,218.0,203.3,203.4,639,243.5,544.9,100.0,2024-07-30,2026-01-06,179,0.347083725,2.88,-2.21,17.07,161.97,-51.92,19.71,True,16350.0,34,39.0,2023-12-29,2026-05-26,False,37.7,4.0,-55.31,-79.99,-18.46,29.08,40.0,2026-07-20,2024-01-01,54.6,47.65,20.53,31.05
Shanthala FMCG Products Ltd.,SME,shanthala-fmcg-products-ipo,1549,2023-10-27,2023-11-03,15.27,91.0,3.83,103.55,13.79,18.0,INE0Q9Q01017,SHANTHALA,,,4.76,,3.05,"2,132",,,,,NSE,SHANTHALA,108.0,113.4,103.0,103.55,515,18.0,145.0,18.0,2023-11-20,2026-07-23,10,0.0220908,18.68,13.79,-80.22,59.34,-80.22,-82.62,False,10680.0,15,69.0,2024-02-28,2026-07-22,True,-29.7,496.0,-87.59,-87.03,-4.97,45.0,7.0,2023-12-01,2023-11-15,-3.7,-10.58,-27.6,0.21
Paragon Fine & Speciality Chemical Ltd.,SME,paragon-fine-and-speciality-chemicals-ipo,1548,2023-10-26,2023-11-03,49.04,100.0,143.32,213.75,113.75,47.3,INE0N4G01012,PARAGON,,81.38,419.46,,185.28,"2,65,138",14.7,22.15,2023-12-02,2024-01-31,NSE,PARAGON,225.0,236.0,213.75,213.75,654,47.3,236.0,34.1,2023-11-03,2026-01-27,0,0.0417264,125.0,113.75,-52.7,136.0,-65.9,-77.87,False,8580.0,11,124.0,2024-05-10,2026-05-05,False,16.9,,-79.96,-83.35,-26.9,21.92,,,,,,,
Cello World Ltd.,Mainboard,cello-world-limited-ipo,1552,2023-10-30,2023-11-06,1900.0,648.0,29.5,791.7,22.18,344.3,INE0LMW01024,CELLO,544012,122.2,25.65,30.02,3.21,"13,16,828",567.0,22.97,2023-12-02,2024-01-31,NSE,CELLO,829.0,837.4,782.0,791.7,668,344.3,1025.0,336.6,2024-07-04,2026-07-24,160,10.795090449000002,27.93,22.18,-46.87,58.18,-48.06,-56.51,False,296243.6,11,151.0,2024-06-21,2026-05-29,False,-2.4,399.0,-66.41,-65.64,-4.0,8.7,40.0,2024-12-10,2024-01-04,-0.14,-3.27,-6.98,4.6
Transteel Seating Technologies Ltd.,SME,transteel-seating-technologies-ipo,1555,2023-10-30,2023-11-06,44.98,70.0,35.05,93.3,33.29,112.65,INE0NVI01020,TRANSTEEL,,12.15,122.88,,39.82,"44,793",13.02,20.67,2023-12-05,2024-02-03,NSE,TRANSTEEL,88.9,93.3,86.1,93.3,667,112.65,169.0,42.0,2026-02-10,2024-11-19,556,0.62731125,27.0,33.29,60.93,141.43,-40.0,20.74,False,50050.0,9,218.0,2024-09-26,2026-06-01,False,25.7,303.0,-33.34,-59.45,-9.32,29.8,1.0,2025-05-05,2023-11-07,-9.9,-6.02,-5.05,0.44
Vrundavan Plantation Ltd.,SME,vrundavan-plantation-ipo,1558,2023-10-30,2023-11-06,14.52,108.0,18.49,101.65,-5.88,31.5,INE0Q6901013,,544011,,11.6,,25.51,"16,416",,,,,BSE,544011,107.0,107.0,101.65,101.65,366,31.5,107.0,30.1,2023-11-06,2026-03-20,0,0.00919548,-0.93,-5.88,-70.83,-0.93,-72.13,-69.01,False,2640.0,12,6.0,2023-11-15,2026-03-27,False,-25.9,,-70.56,-69.5,-49.83,44.86,,,,,,,
KK Shah Hospitals Ltd.,SME,kk-shah-hospitals-ipo,1556,2023-10-27,2023-11-06,8.32,45.0,13.44,58.9,30.89,38.99,INE0OH401016,,544013,,17.75,,9.41,"3,162",,,,,BSE,544013,56.1,58.9,53.3,58.9,348,38.99,89.8,29.0,2023-12-04,2026-03-17,18,0.09047685,24.67,30.89,-13.36,99.56,-35.56,-33.8,False,21900.0,6,86.0,2024-03-26,2026-05-07,False,-7.0,339.0,-56.58,-62.59,-10.87,63.33,8.0,2023-11-17,2023-11-17,41.61,33.61,15.23,0.3
Honasa Consumer Ltd.,Mainboard,mamaearth-ipo,1551,2023-10-31,2023-11-07,1701.44,324.0,4.65,337.1,4.04,448.6,INE0J5401028,HONASA,544014,11.5,4.02,4.85,1.35,"1,19,510",765.2,31.02,2023-12-06,2024-02-04,NSE,HONASA,330.0,340.45,321.1,337.1,667,448.6,547.0,197.51,2024-09-10,2025-02-12,205,65.9008807175,1.85,4.04,38.46,68.83,-39.04,33.08,False,1437957.75,23,41.0,2024-01-08,2026-05-22,False,-16.1,71.0,-17.99,-62.92,-23.97,68.18,8.0,2026-04-10,2023-11-20,3.92,20.3,27.29,1.01
Mish Designs Ltd.,SME,mish-designs-ipo,1557,2023-10-31,2023-11-07,8.81,122.0,133.51,152.0,24.59,31.82,INE0QI101019,,544015,,98.44,,166.74,"67,996",,,,,BSE,544015,160.0,165.0,124.0,152.0,551,31.82,280.5,28.08,2024-06-27,2026-07-10,137,0.006065725,31.15,24.59,-73.92,129.92,-76.98,-79.07,False,1875.0,17,43.0,2024-01-10,2025-10-31,False,-12.6,425.0,-88.66,-89.22,-22.57,18.62,67.0,2024-06-10,2024-02-20,-17.59,-28.24,9.94,1.52
Maitreya Medicare Ltd.,SME,maitreya-medicare-limited-ipo,1550,2023-10-27,2023-11-07,14.0,82.0,314.13,154.45,88.35,138.0,INE0PLQ01011,MAITREYA,,85.41,744.03,,509.4,"1,94,589",4.05,21.4,2023-12-06,2024-02-04,NSE,MAITREYA,162.55,164.0,154.45,154.45,626,138.0,400.0,111.0,2024-10-07,2024-07-22,219,0.0575014,98.23,88.35,68.29,387.8,35.37,-10.65,True,4400.0,9,75.0,2024-02-27,2026-06-16,False,-28.8,32.0,-65.5,-70.23,-26.25,35.03,41.0,2026-06-01,2024-01-08,10.17,8.29,-11.46,2.57
SAR Televenture Ltd.,SME,sar-televenture-ipo,1559,2023-11-01,2023-11-08,23.49,55.0,200.13,110.25,100.45,117.0,INE0PUC01020,SARTELE,,77.0,715.77,,222.1,"1,66,575",7.0,22.04,2023-12-06,2024-02-04,NSE,SARTELE,105.0,110.25,105.0,110.25,666,117.0,413.7,90.3,2024-09-09,2023-11-13,203,0.8115615,90.91,100.45,112.73,652.18,64.18,6.12,False,62600.0,13,128.0,2024-05-22,2026-06-17,False,-11.3,29.0,-71.72,-72.7,-18.1,108.39,10.0,2026-06-12,2023-11-23,54.15,42.08,146.64,2.57
ESAF Small Finance Bank Ltd.,Mainboard,esaf-small-finance-bank-ipo,1553,2023-11-03,2023-11-10,463.0,60.0,54.68,69.05,15.08,38.69,INE818W01011,ESAFSFB,544020,182.66,88.81,96.51,17.86,"16,23,915",135.15,22.55,2023-12-08,2024-02-06,NSE,ESAFSFB,71.0,74.8,68.55,69.05,664,38.69,82.4,19.78,2024-02-08,2026-03-30,59,6.5856423267499995,18.33,15.08,-35.52,37.33,-67.03,-43.97,True,1833045.3,10,58.0,2024-02-07,2026-07-24,True,-28.6,605.0,-53.05,-74.75,-4.34,13.54,58.0,2024-02-07,2024-02-07,-17.99,-23.39,-28.61,17.27
Micropro Software Solutions Ltd.,SME,micropro-software-solutions-ipo,1560,2023-11-03,2023-11-10,29.16,81.0,35.11,76.0,-6.17,20.0,INE0PZK01014,MICROPRO,,,22.6,,49.08,"55,218",,,,,NSE,MICROPRO,80.0,80.8,76.0,76.0,556,20.0,80.8,15.15,2023-11-10,2026-03-30,0,0.008504,-1.23,-6.17,-75.31,-0.25,-81.3,-73.68,True,4400.0,12,72.0,2024-02-27,2025-12-01,False,-26.3,,-75.25,-79.21,-34.21,28.95,,,,,,,
Protean eGov Technologies Ltd.,Mainboard,protean-egov-technologies-ipo,1545,2023-11-06,2023-11-13,489.95,792.0,17.11,883.0,11.49,593.9,INE004A01022,PROTEAN,544021,46.94,31.62,33.14,8.93,"8,90,571",143.53,22.64,2023-12-13,2024-02-11,NSE,PROTEAN,1535.0,1535.0,1457.05,1469.7,359,593.9,1535.0,444.0,2025-02-06,2026-03-30,0,12.904922243249997,93.81,85.57,-25.01,93.81,-43.94,-59.59,True,217667.95,8,65.0,2025-05-19,2026-05-22,False,-36.8,,-61.31,-69.65,-15.29,18.62,,,,,,,
ASK Automotive Ltd.,Mainboard,ask-automotive-ipo,1563,2023-11-07,2023-11-15,833.91,282.0,36.03,310.1,9.96,509.3,INE491J01022,ASKAUTOLTD,544022,142.41,35.47,41.13,5.7,"11,53,021",250.17,23.08,2023-12-10,2024-02-08,NSE,ASKAUTOLTD,303.3,316.7,303.3,310.1,662,509.3,578.5,240.1,2025-09-24,2024-03-13,458,14.912585430749997,7.55,9.96,80.6,105.14,-14.86,64.24,True,311972.35,14,52.0,2024-02-01,2026-07-07,False,-3.1,521.0,-11.96,-33.61,-12.48,15.58,52.0,2024-06-13,2024-02-01,-5.64,-8.91,-3.13,4.71
Baba Food Processing (India) Ltd.,SME,baba-food-processing-ipo,1561,2023-11-03,2023-11-15,31.23,76.0,69.12,72.2,-5.0,24.0,INE0QW501012,BABAFP,,147.02,84.73,,60.82,"1,07,765",,,,,NSE,BABAFP,76.0,76.0,72.2,72.2,593,24.0,80.7,17.65,2023-11-28,2026-06-16,8,0.0098048,0.0,-5.0,-68.42,6.18,-76.78,-66.76,False,4080.0,7,272.0,2024-12-24,2026-06-16,False,-26.7,585.0,-70.26,-74.25,-12.53,24.31,7.0,2023-11-24,2023-11-24,-9.36,-9.69,-18.01,1.16
ROX Hi-Tech Ltd.,SME,rox-hi-tech-ipo,1565,2023-11-07,2023-11-16,47.45,83.0,153.09,141.75,70.78,38.75,INE0PDJ01013,ROXHITECH,,106.25,366.86,,204.02,"2,79,711",13.08,19.36,2023-12-15,2024-02-13,NSE,ROXHITECH,135.0,141.75,135.0,141.75,654,38.75,208.0,22.95,2023-12-06,2026-03-30,13,0.1126104,62.65,70.78,-53.31,150.6,-72.35,-72.66,True,29200.0,6,101.0,2024-04-18,2026-07-21,True,11.9,498.0,-81.37,-87.33,0.88,45.86,1.0,2024-07-08,2023-11-17,31.32,8.94,-7.02,0.1
Kalyani Cast Tech Ltd.,SME,kalyani-cast-tech-ipo,1566,2023-11-08,2023-11-17,25.08,139.0,145.0,277.3,99.5,740.95,INE0N6U01018,,544023,66.35,439.2,,190.95,"1,58,014",7.51,19.96,2023-12-13,2024-02-11,BSE,544023,264.1,277.3,264.1,277.3,660,740.95,834.9,264.1,2026-07-17,2023-11-17,654,0.8529544800000001,90.0,99.5,433.06,500.65,90.0,167.2,True,11437.5,9,130.0,2024-06-03,2026-06-01,False,10.1,658.0,-11.25,-42.79,4.99,83.97,1.0,2023-11-20,2023-11-20,46.57,33.8,74.58,0.09
Sunrest Lifescience Ltd.,SME,sunrest-lifescience-ipo,1564,2023-11-07,2023-11-20,10.3,84.0,46.66,79.8,-5.0,35.0,INE0PLZ01012,SUNREST,,,29.17,,65.74,"25,179",,,,,NSE,SUNREST,84.0,84.0,79.8,79.8,385,35.0,84.0,29.55,2023-11-20,2026-01-21,0,0.0131688,0.0,-5.0,-58.33,0.0,-64.82,-56.14,False,3760.0,11,100.0,2024-05-10,2026-03-27,False,-13.9,,-58.33,-62.34,-28.07,28.32,,,,,,,
Arrowhead Seperation Engineering Ltd.,SME,arrowhead-seperation-engineering-ipo,1570,2023-11-16,2023-11-28,12.3,233.0,93.12,237.5,1.93,70.0,INE0PP401015,,544025,,46.02,,142.3,"69,474",,,,,BSE,544025,250.0,255.0,237.5,237.5,391,70.0,255.0,67.4,2023-11-28,2025-04-01,0,0.00763044,7.3,1.93,-69.96,9.44,-71.07,-70.53,False,1080.0,6,68.0,2024-03-14,2026-07-15,True,21.8,,-72.55,-71.37,-24.21,24.84,,,,,,,
Indian Renewable Energy Development Agency Ltd.,Mainboard,ireda-ipo,1569,2023-11-21,2023-11-29,2150.21,32.0,27.35,60.0,87.5,120.48,INE202E01016,IREDA,544026,104.57,24.16,26.99,7.73,"28,58,909",643.26,23.03,2023-12-24,2024-02-22,NSE,IREDA,50.0,60.0,50.0,60.0,653,120.48,310.0,50.0,2024-07-15,2023-11-29,152,49.564508918499996,56.25,87.5,276.5,868.75,56.25,100.8,False,3995672.35,6,86.0,2024-04-05,2026-05-29,False,29.7,651.0,-61.14,-62.38,0.92,104.42,1.0,2023-11-30,2023-11-30,84.23,57.43,137.21,0.68
Tata Technologies Ltd.,Mainboard,tata-technologies-ipo,1418,2023-11-22,2023-11-30,3042.51,500.0,51.18,1313.0,162.6,711.0,INE142M01025,TATATECH,544028,203.41,62.11,70.67,16.5,"73,25,011",791.05,20.63,2023-12-28,2024-02-26,NSE,TATATECH,1200.0,1400.0,1200.0,1313.0,652,711.0,1400.0,507.4,2023-11-30,2026-03-30,0,90.09124008699999,140.0,162.6,42.2,180.0,1.48,-45.85,False,1242207.65,9,82.0,2024-04-02,2026-05-05,False,-7.5,,-49.21,-61.22,-12.33,14.99,,,,,,,
Gandhar Oil Refinery (India) Ltd.,Mainboard,gandhar-oil-refinery-india-ipo,1567,2023-11-22,2023-11-30,500.69,169.0,45.99,301.4,78.34,282.46,INE717W01049,GANDHAR,544029,129.06,64.34,61.93,29.93,"28,26,431",150.21,23.08,2023-12-28,2024-02-26,NSE,GANDHAR,298.0,344.05,295.3,301.4,652,282.46,344.05,115.0,2023-11-30,2026-03-30,0,117.34845178585,76.33,78.34,67.14,103.58,-31.95,-6.28,True,4475878.05,18,115.0,2024-05-23,2026-07-24,True,0.6,,-17.9,-62.29,-16.06,22.16,,,,,,,
Fedbank Financial Services Ltd.,Mainboard,fedbank-financial-services-ipo,1568,2023-11-22,2023-11-30,1092.26,140.0,1.85,140.25,0.18,150.53,INE007N01010,FEDFINA,544027,,,,,,324.68,22.9,2023-12-28,2024-02-26,NSE,FEDFINA,138.0,148.25,133.0,140.25,652,150.53,178.48,80.0,2026-01-14,2025-04-07,524,37.40191855314999,-1.43,0.18,7.52,27.49,-42.86,7.33,False,2345230.65,14,71.0,2024-03-14,2026-07-15,False,4.5,18.0,-15.66,-44.14,-3.74,13.26,439.0,2026-06-30,2025-09-11,-1.63,2.75,-5.4,8.27
Rockingdeals Circular Economy Ltd.,SME,rockingdeals-circular-economy-ipo,1572,2023-11-22,2023-11-30,19.81,140.0,149.93,315.0,125.0,177.65,INE0PTR01012,ROCKINGDCE,,47.38,458.6,,201.42,"1,00,711",5.88,21.88,2023-12-28,2024-02-26,NSE,ROCKINGDCE,300.0,315.0,300.0,315.0,638,177.65,687.5,123.9,2024-08-16,2026-04-02,172,0.0915508125,114.29,125.0,26.89,391.07,-11.5,-43.6,False,5025.0,13,129.0,2024-06-13,2026-05-27,False,8.8,618.0,-74.16,-81.3,-18.73,71.75,16.0,2023-12-28,2023-12-22,39.53,43.12,18.21,6.93
Flair Writing Industries Ltd.,Mainboard,flair-writing-ipo,1571,2023-11-22,2023-12-01,593.0,304.0,34.68,450.9,48.32,252.5,INE00Y201027,FLAIR,544030,122.02,35.23,36.53,13.73,"16,94,065",177.9,23.08,2023-12-29,2024-02-27,NSE,FLAIR,501.0,514.4,450.9,450.9,651,252.5,514.4,194.03,2023-12-01,2025-03-11,0,4.349005545999999,64.8,48.32,-16.94,69.21,-36.17,-44.0,False,167299.4,14,189.0,2024-09-10,2026-05-22,False,-8.5,,-50.91,-56.23,-24.56,19.03,,,,,,,
Swashthik Plascon Ltd.,SME,swashthik-plascon-ipo,1573,2023-11-24,2023-12-05,38.71,86.0,11.08,126.1,46.63,22.0,INE0RDR01012,,544035,3.42,35.76,,13.58,"19,958",11.6,22.16,2024-01-03,2024-03-03,BSE,SPL,120.1,126.1,115.25,126.1,601,22.0,133.95,15.75,2023-12-07,2026-03-27,2,0.04962544,39.65,46.63,-74.42,55.76,-81.69,-82.55,False,21920.0,18,62.0,2024-03-05,2026-07-23,True,-0.2,599.0,-83.58,-87.76,-22.28,28.51,1.0,2023-12-06,2023-12-06,-20.94,-16.2,-37.33,0.19
Deepak Chemtex Ltd.,SME,deepak-chemtex-ipo,1574,2023-11-29,2023-12-06,21.86,80.0,279.7,159.6,99.5,76.0,INE0RDM01013,,544036,96.8,642.25,,475.36,"3,40,706",6.54,22.11,2024-01-05,2024-03-05,BSE,544036,152.0,159.6,152.0,159.6,626,76.0,175.0,65.0,2024-12-17,2024-03-28,249,0.0370846,90.0,99.5,-5.0,118.75,-18.75,-52.38,False,4840.0,10,61.0,2024-03-05,2026-06-01,False,3.5,228.0,-56.57,-59.36,-36.71,35.21,244.0,2025-07-29,2024-12-10,-11.88,-13.07,-34.03,6.95
AMIC Forging Ltd.,SME,amic-forging-ipo,1576,2023-11-29,2023-12-06,33.05,126.0,200.7,251.35,99.48,1724.8,INE0P9J01013,,544037,91.43,589.27,,273.01,"3,10,073",9.9,22.15,2024-01-03,2024-03-03,BSE,544037,239.4,251.35,239.4,251.35,648,1724.8,1947.9,239.4,2026-07-07,2023-12-06,634,12.10090075,90.0,99.48,1268.89,1445.95,90.0,586.21,False,66550.0,10,99.0,2024-05-06,2026-05-05,False,95.8,646.0,-11.45,-46.16,4.99,172.89,1.0,2023-12-07,2023-12-07,33.02,95.81,176.56,0.12
Net Avenue Technologies Ltd.,SME,net-avenue-technologies-ipo,1575,2023-11-30,2023-12-08,9.73,18.0,352.81,39.9,121.67,6.35,INE518X01015,CBAZAAR,,61.99,616.25,,721.89,"1,71,089",2.91,22.1,2024-01-06,2024-03-06,NSE,CBAZAAR,42.0,42.0,39.9,39.9,494,6.35,42.0,3.05,2023-12-08,2025-11-12,0,0.022478,133.33,121.67,-64.72,133.33,-83.06,-84.09,True,39600.0,11,58.0,2024-03-06,2025-09-17,False,-15.1,,-84.88,-91.98,-31.83,26.82,,,,,,,
Marinetrans India Ltd.,SME,marinetrans-india-ipo,1579,2023-11-30,2023-12-08,10.36,26.0,31.92,31.0,19.23,14.15,INE0P1P01017,MARINETRAN,,,18.05,,47.24,"23,526",,,,,NSE,MARINETRAN,30.0,31.5,28.5,31.0,360,14.15,51.45,13.3,2024-01-08,2025-11-11,20,0.011159,15.38,19.23,-45.58,97.88,-48.85,-54.35,False,6800.0,7,64.0,2024-03-21,2025-03-05,False,-9.0,246.0,-72.5,-71.12,-3.23,69.19,1.0,2024-06-20,2023-12-11,12.14,32.72,-3.23,0.71
Sheetal Universal Ltd.,SME,sheetal-universal-ipo,1562,2023-12-04,2023-12-11,22.6,70.0,169.27,75.4,7.71,294.25,INE04VX01019,SHEETAL,,,212.55,,129.73,"1,04,692",,,,,NSE,SHEETAL,75.0,78.75,75.0,75.4,645,294.25,335.0,54.5,2026-05-19,2024-08-07,598,0.23496725,7.14,7.71,320.36,378.57,-22.14,290.25,True,7975.0,3,172.0,2024-08-26,2026-05-20,False,-17.5,336.0,-12.16,-35.6,-9.81,31.7,10.0,2025-03-11,2023-12-26,-0.7,-15.39,-22.36,1.62
Graphisads Ltd.,SME,graphisads-ipo,1577,2023-11-30,2023-12-13,50.72,111.0,3.35,105.95,-4.55,29.0,INE0POU01017,GRAPHISAD,,,2.01,,5.52,"10,520",,,,,NSE,GRAPHISAD,111.5,112.0,105.95,105.95,605,29.0,112.0,26.05,2023-12-13,2026-07-10,0,0.0208434,0.45,-4.55,-73.87,0.9,-76.53,-72.63,True,7380.0,7,179.0,2024-09-09,2026-05-14,False,21.1,,-74.11,-74.99,-38.56,33.55,,,,,,,
Accent Microcell Ltd.,SME,accent-microcell-ipo,1583,2023-12-08,2023-12-15,74.48,140.0,249.48,315.0,125.0,494.95,INE0Q5D01013,ACCENTMIC,,118.48,576.7,,409.95,"7,63,332",22.34,22.18,2024-01-12,2024-03-12,NSE,ACCENTMIC,300.0,315.0,285.0,315.0,641,494.95,530.0,180.0,2026-07-20,2025-03-27,636,3.7333035,114.29,125.0,253.54,278.57,28.57,57.13,False,73225.0,12,60.0,2024-03-14,2026-07-20,True,21.9,160.0,-6.61,-48.82,-17.81,33.37,13.0,2025-11-27,2024-01-04,-10.3,-22.04,-25.3,6.31
Presstonic Engineering Ltd.,SME,presstonic-engineering-ipo,1590,2023-12-11,2023-12-18,22.13,72.0,159.7,147.0,104.17,25.45,INE0R1601012,PRESSTONIC,,,133.56,,188.94,"1,81,387",,,,,NSE,PRESSTONIC,140.0,147.0,133.0,147.0,635,25.45,210.0,24.0,2024-01-11,2026-07-08,17,0.1439094,94.44,104.17,-64.65,191.67,-66.67,-82.69,False,54040.0,19,91.0,2024-05-06,2026-04-08,False,-34.1,543.0,-87.88,-87.56,-14.22,57.07,10.0,2024-05-06,2024-01-02,5.73,6.68,-17.36,1.45
S J Logistics (India) Ltd.,SME,s-j-logistics-ipo,1584,2023-12-12,2023-12-19,45.59,125.0,219.84,183.75,47.0,306.6,INE0F3301020,SJLOGISTIC,,116.16,489.45,,356.33,"4,55,036",13.65,22.14,2024-01-14,2024-03-14,NSE,SJLOGISTIC,175.0,183.75,166.25,183.75,639,306.6,725.0,157.6,2024-11-12,2023-12-22,221,0.9511301875,40.0,47.0,145.28,480.0,26.08,66.86,False,28612.5,10,149.0,2024-07-31,2026-05-29,False,-2.9,626.0,-57.71,-67.57,-14.23,47.56,12.0,2024-01-05,2024-01-05,18.12,18.44,50.51,1.35
India Shelter Finance Corp.Ltd.,Mainboard,india-shelter-ipo,1477,2023-12-13,2023-12-20,1200.0,493.0,27.12,544.7,10.49,723.9,INE922K01024,INDIASHLTR,544044,94.29,29.97,29.77,10.46,"25,73,896",360.0,23.08,2024-01-17,2024-03-17,NSE,INDIASHLTR,620.0,630.0,531.0,544.7,638,723.9,1011.75,519.15,2025-07-21,2023-12-28,389,9.153923283,25.76,10.49,46.84,105.22,5.3,32.9,False,116787.4,10,75.0,2024-04-12,2026-06-12,False,19.0,360.0,-28.45,-33.39,-4.69,37.81,29.0,2025-02-04,2024-02-02,-6.55,-4.38,-13.79,1.78
DOMS Industries Ltd.,Mainboard,doms-ipo,1581,2023-12-13,2023-12-20,1200.0,790.0,54.19,1326.05,67.85,2221.0,INE321T01012,DOMS,544045,122.16,70.06,71.27,73.38,"46,47,457",,,,,NSE,DOMS,1400.0,1434.0,1302.0,1326.05,638,2221.0,3115.0,1225.6,2024-12-17,2023-12-21,243,12.776035262999999,77.22,67.85,181.14,294.3,55.14,67.49,False,55513.75,16,103.0,2024-05-27,2026-06-17,False,31.3,575.0,-28.7,-33.01,-7.58,25.82,15.0,2024-03-21,2024-01-11,-3.37,0.93,13.4,7.24
Inox India Ltd.,Mainboard,inox-cva-ipo,1593,2023-12-14,2023-12-21,1459.32,660.0,42.84,939.95,42.42,2004.0,INE616N01034,INOXINDIA,544046,,,,,,437.8,23.08,2024-01-18,2024-03-18,NSE,INOXINDIA,949.65,990.0,855.1,939.95,637,2004.0,2119.8,801.55,2026-07-22,2024-01-24,634,72.1837932795,43.89,42.42,203.64,221.18,21.45,113.2,True,372875.9,13,30.0,2024-02-06,2026-06-10,False,36.7,298.0,-5.46,-39.03,-14.72,23.67,30.0,2025-05-12,2024-02-06,15.85,19.92,36.72,6.26
Benchmark Computer Solutions Ltd.,SME,benchmark-computer-solutions-ipo,1554,2023-12-14,2023-12-21,11.6,66.0,239.17,77.12,16.85,40.26,INE0Q2Z01013,,544052,,357.89,,590.26,"1,67,760",,,,,BSE,544052,80.0,81.0,76.0,77.12,415,40.26,89.04,18.0,2023-12-29,2026-03-23,5,0.0243327,21.21,16.85,-39.0,34.91,-72.73,-47.8,False,5900.0,13,64.0,2024-03-27,2026-05-27,False,13.7,410.0,-54.78,-78.39,-14.57,30.03,4.0,2023-12-28,2023-12-28,-10.4,-21.69,-39.74,0.52
Siyaram Recycling Industries Ltd.,SME,siyaram-recycling-ipo,1591,2023-12-14,2023-12-21,21.8,46.0,268.05,57.75,25.54,38.03,INE0QSK01017,,544047,96.43,597.72,,459.11,"3,29,463",6.54,22.17,2024-01-18,2024-03-18,BSE,544047,55.0,57.75,55.0,57.75,633,38.03,183.85,31.95,2024-11-19,2026-03-30,223,0.286911975,19.57,25.54,-17.33,299.67,-30.54,-34.15,False,69375.0,17,61.0,2024-03-21,2026-03-25,False,-1.0,114.0,-79.31,-81.35,4.99,143.93,1.0,2026-02-04,2023-12-22,78.15,70.0,18.97,0.07
Shree OSFM E-Mobility Ltd.,SME,shree-osfm-e-mobility-ipo,1592,2023-12-14,2023-12-21,23.3,65.0,7.93,68.25,5.0,57.9,INE02S501018,SHREEOSFM,,,,,,,,,,,NSE,SHREEOSFM,65.0,68.25,63.0,68.25,619,57.9,215.0,50.1,2024-08-23,2026-06-08,160,0.0569775,0.0,5.0,-10.92,230.77,-22.92,-15.16,False,9400.0,15,43.0,2024-02-23,2026-05-25,False,61.6,45.0,-73.07,-75.21,4.98,47.33,1.0,2026-05-20,2023-12-22,24.42,16.89,67.13,0.12
Muthoot Microfin Ltd.,Mainboard,muthoot-microfin-ipo,1582,2023-12-18,2023-12-26,960.0,291.0,8.68,266.15,-8.54,250.11,INE046W01019,MUTHOOTMF,544055,18.35,13.87,12.96,8.0,"16,24,345",285.0,22.88,2024-01-20,2024-03-20,NSE,MUTHOOTMF,275.3,281.0,265.5,266.15,635,250.11,281.0,119.25,2023-12-26,2025-03-18,0,39.0910612873,-5.4,-8.54,-14.05,-3.44,-59.02,-6.03,True,1658607.7,14,23.0,2024-01-30,2026-07-10,False,-5.8,,-10.99,-54.51,-14.54,16.74,,,,,,,
Motisons Jewellers Ltd.,Mainboard,motisons-jewellers-ipo,1587,2023-12-18,2023-12-26,151.09,55.0,213.54,103.55,88.27,14.17,INE0FRK01020,MOTISONS,544053,,,,,,36.3,19.37,2024-01-20,2024-03-20,NSE,MOTISONS,31.25,32.25,31.0,32.25,420,14.17,33.8,10.62,2024-11-11,2026-01-27,1,48.24565747914999,-43.18,-41.36,-74.24,-38.55,-80.69,-56.06,True,33370567.3,15,36.0,2025-01-02,2026-06-16,False,-40.7,,-58.08,-66.42,-20.59,25.4,,,,,,,
Suraj Estate Developers Ltd.,Mainboard,suraj-estate-developers-ipo,1589,2023-12-18,2023-12-26,400.0,360.0,11.78,334.5,-7.08,193.56,INE843S01025,SURAJEST,544054,25.74,20.02,18.37,9.85,"9,22,986",120.0,23.08,2024-01-20,2024-03-20,NSE,SURAJEST,340.0,354.45,324.05,334.5,635,193.56,847.0,171.3,2024-08-20,2026-03-30,158,1.3685349515999996,-5.56,-7.08,-46.23,135.28,-52.42,-42.13,False,68111.65,14,39.0,2024-02-21,2026-04-16,False,10.1,269.0,-77.15,-78.57,-4.01,13.06,6.0,2025-06-20,2024-01-03,-3.0,-6.79,-12.8,1.08
Sahara Maritime Ltd.,SME,sahara-maritime-ipo,1598,2023-12-18,2023-12-26,6.53,81.0,21.98,81.16,0.2,21.0,INE0PSJ01011,,544056,,8.98,,36.35,"12,858",,,,,BSE,544056,81.0,85.05,77.4,81.16,286,21.0,90.0,15.26,2024-01-30,2026-03-05,22,0.008120160000000001,0.0,0.2,-74.07,11.11,-81.16,-74.13,False,3600.0,5,92.0,2024-07-12,2026-02-09,False,3.4,,-76.67,-81.87,-18.68,29.57,,,,,,,
Happy Forgings Ltd.,Mainboard,happy-forgings-ipo,1585,2023-12-19,2023-12-27,1008.59,850.0,57.89,1030.8,21.27,1615.5,INE330T01021,HAPPYFORGE,544057,214.65,63.45,69.87,15.4,"33,65,600",302.58,23.08,2024-01-21,2024-03-21,NSE,HAPPYFORGE,1000.0,1087.4,961.25,1030.8,634,1615.5,1636.5,724.1,2026-07-15,2025-04-07,626,9.928902033000002,17.65,21.27,90.06,92.53,-14.81,56.72,True,63616.45,14,73.0,2024-04-16,2026-06-19,False,30.9,115.0,-1.28,-40.83,-10.97,13.56,97.0,2026-02-03,2024-05-23,6.49,10.24,9.98,1.99
RBZ Jewellers Ltd.,Mainboard,rbz-jewellers-ipo,1588,2023-12-19,2023-12-27,100.0,100.0,13.58,105.0,5.0,140.91,INE0PEQ01016,RBZJEWEL,544060,13.43,9.27,6.79,24.74,"5,08,034",21.0,17.36,2024-01-21,2024-03-21,NSE,RBZJEWEL,100.0,105.0,96.0,105.0,634,140.91,255.35,96.0,2024-01-15,2023-12-27,13,2.87427395625,0.0,5.0,40.91,155.35,-4.0,34.2,False,189887.65,14,10.0,2024-01-10,2026-07-09,False,-9.2,77.0,-44.82,-59.05,5.0,138.19,1.0,2026-04-01,2023-12-28,91.43,77.69,33.7,0.11
Credo Brands Marketing Ltd.,Mainboard,mufti-ipo,1595,2023-12-19,2023-12-27,549.78,280.0,36.35,312.2,11.5,82.92,INE220Q01020,MUFTI,544058,104.95,55.52,55.73,19.94,"23,92,774",164.93,23.08,2024-01-21,2024-03-21,NSE,MUFTI,282.35,324.8,261.6,312.2,634,82.92,324.8,63.06,2023-12-27,2026-03-30,0,0.6615174676499999,0.84,11.5,-70.39,16.0,-77.48,-73.44,False,76505.5,10,149.0,2024-08-07,2026-05-22,False,1.8,,-74.47,-79.48,-21.17,24.78,,,,,,,
Shanti Spintex Ltd.,SME,shanti-spintex-ipo,1578,2023-12-19,2023-12-27,29.68,70.0,19.21,79.8,14.0,37.0,INE0QZQ01019,,544059,14.34,57.28,,22.01,"18,290",8.9,22.18,2024-01-21,2024-03-21,BSE,544059,76.0,79.8,76.0,79.8,509,37.0,96.92,36.88,2024-01-10,2026-07-23,10,0.0191258,8.57,14.0,-47.14,38.46,-47.31,-53.63,False,4700.0,14,52.0,2024-03-13,2026-03-27,False,-9.5,263.0,-61.82,-59.42,-11.03,32.48,9.0,2025-01-08,2024-01-09,-2.51,-7.71,-28.07,0.46
Electro Force (India) Ltd.,SME,electro-force-india-ipo,1596,2023-12-19,2023-12-27,76.62,93.0,4.21,105.0,12.9,21.25,INE0Q1W01012,EFORCE,,,2.12,,6.44,"22,118",,,,,NSE,EFORCE,100.0,105.0,95.1,105.0,622,21.25,152.0,16.15,2024-01-31,2026-03-30,23,0.0243873,7.53,12.9,-77.15,63.44,-82.63,-79.76,False,10860.0,8,22.0,2024-01-30,2026-07-08,False,-30.4,620.0,-86.02,-88.61,2.0,42.76,1.0,2023-12-28,2023-12-28,16.96,12.56,-24.35,0.2
Azad Engineering Ltd.,Mainboard,azad-engineering-ipo,1597,2023-12-20,2023-12-28,740.0,524.0,57.77,677.5,29.29,2439.0,INE02IJ01035,AZAD,544061,179.64,90.24,93.3,24.51,"39,40,409",220.8,22.98,2024-01-25,2024-03-25,NSE,AZAD,720.0,727.0,670.0,677.5,633,2439.0,2530.0,642.4,2026-07-13,2024-01-17,623,164.53608213399997,37.4,29.29,365.46,382.82,22.6,260.0,True,709232.65,11,21.0,2024-01-30,2026-03-27,False,55.7,611.0,-3.6,-39.63,-5.18,59.42,21.0,2024-01-30,2024-01-30,14.67,38.18,55.67,8.45
Innova Captab Ltd.,Mainboard,innova-captab-ipo,1599,2023-12-21,2023-12-29,570.0,448.0,39.17,541.4,20.85,950.45,INE0DUT01020,INNOVACAP,544067,,,,,,171.0,23.08,2024-01-26,2024-03-26,NSE,INNOVACAP,452.1,542.5,452.1,541.4,632,950.45,1260.0,421.35,2025-01-08,2024-06-04,252,5.2032388095,0.92,20.85,112.15,181.25,-5.95,75.55,False,52733.5,13,91.0,2024-05-16,2026-06-11,False,33.4,498.0,-24.57,-48.0,-8.39,16.99,2.0,2024-07-18,2024-01-02,-10.27,-7.69,-18.87,0.27
Trident Techlabs Ltd.,SME,trident-techlabs-ipo,1594,2023-12-21,2023-12-29,14.77,35.0,537.61,103.05,194.43,126.45,INE0QD201012,TECHLABS,,,,,,,4.21,20.82,2024-01-26,2024-03-26,NSE,TECHLABS,98.15,103.05,93.25,103.05,631,126.45,1670.0,93.25,2025-01-09,2023-12-29,252,0.3634641875,180.43,194.43,261.29,4671.43,166.43,22.71,False,27325.0,10,80.0,2024-05-02,2026-06-05,False,148.7,629.0,-92.43,-93.28,-4.9,136.44,1.0,2024-01-01,2024-01-01,78.56,67.38,112.57,0.37
Supreme Power Equipment Ltd.,SME,supreme-power-equipment-ipo,1600,2023-12-21,2023-12-29,40.61,65.0,181.44,102.9,58.31,192.3,INE0QHG01026,SUPREMEPWR,,88.98,489.1,,264.48,"2,89,344",12.16,20.66,2024-01-26,2024-03-26,NSE,SUPREMEPWR,98.0,102.9,95.0,102.9,632,192.3,420.0,95.0,2024-07-03,2023-12-29,123,1.1423435,50.77,58.31,195.85,546.15,46.15,86.88,False,51975.0,6,205.0,2024-10-30,2026-02-11,False,-13.9,316.0,-54.21,-74.16,-4.52,100.58,1.0,2025-04-11,2024-01-01,60.79,64.35,18.19,0.45
Indifra Ltd.,SME,indifra-ipo,1602,2023-12-21,2023-12-29,13.34,65.0,7.05,68.4,5.23,11.95,INE0PS301014,INDIFRA,,,2.34,,12.07,"6,191",,,,,NSE,INDIFRA,72.0,73.0,68.4,68.4,408,11.95,74.9,11.7,2024-01-12,2026-04-02,10,0.004404,10.77,5.23,-81.62,15.23,-82.0,-82.53,False,3400.0,10,48.0,2024-03-11,2026-06-08,False,-7.0,,-84.05,-82.89,-35.53,45.03,,,,,,,
Sameera Agro & Infra Ltd.,SME,sameera-agro-and-infra-ipo,1601,2023-12-21,2024-01-01,59.33,180.0,2.37,171.0,-5.0,5.1,INE0PZA01015,SAIFL,,,1.7,,4.14,"8,523",,,,,NSE,SAIFL,180.0,185.0,171.0,171.0,595,5.1,185.0,4.9,2024-01-01,2026-06-08,0,0.156567,0.0,-5.0,-97.17,2.78,-97.28,-97.02,False,303200.0,22,100.0,2024-05-31,2026-04-20,False,67.5,,-97.24,-97.08,-42.08,37.16,,,,,,,
AIK Pipes & Polymers Ltd.,SME,aik-pipes-and-polymers-ipo,1603,2023-12-26,2024-01-02,14.27,89.0,42.97,105.0,17.98,24.23,INE0QFT01015,,544072,,,,,,,,,,BSE,AIKPIPES,100.0,105.0,100.0,105.0,567,24.23,170.0,19.02,2024-08-13,2026-03-27,148,0.00646048,12.36,17.98,-72.78,91.01,-78.63,-76.92,True,2960.0,7,89.0,2024-05-16,2026-02-05,False,21.5,319.0,-85.75,-88.17,-5.0,49.95,1.0,2025-01-07,2024-01-03,21.29,13.83,0.68,0.34
Shri Balaji Valve Components Ltd.,SME,balaji-valve-components-ipo,1604,2023-12-27,2024-01-03,20.46,100.0,192.49,199.5,99.5,105.0,INE0RNZ01014,,544074,70.04,799.7,,169.95,"1,21,553",6.13,22.11,2024-01-31,2024-03-31,BSE,SBVCL,190.0,199.5,190.0,199.5,597,105.0,344.0,60.3,2024-08-28,2026-03-30,158,0.04801935,90.0,99.5,5.0,244.0,-39.7,-47.37,False,4620.0,10,156.0,2024-08-26,2026-06-05,False,-37.8,522.0,-69.48,-81.1,-0.25,62.16,1.0,2024-04-25,2024-01-04,43.11,3.17,-26.19,0.06
Manoj Ceramic Ltd.,SME,manoj-ceramic-ipo,1606,2023-12-27,2024-01-03,13.74,62.0,8.75,77.9,25.65,74.95,INE0A6N01026,,544073,,7.28,,10.73,"6,824",,,,,BSE,MCPL,82.0,84.0,77.9,77.9,530,74.95,228.45,60.0,2025-06-10,2026-03-24,309,0.28428715,32.26,25.65,20.89,268.47,-3.23,-3.79,False,31900.0,25,155.0,2024-09-06,2026-07-14,False,63.8,4.0,-67.19,-73.29,-6.16,111.55,4.0,2026-07-20,2024-01-09,6.76,80.0,36.59,0.42
HRH Next Services Ltd.,SME,hrh-next-services-ipo,1607,2023-12-27,2024-01-03,9.08,36.0,64.91,43.05,19.58,27.05,INE0R3501012,HRHNEXT,,,66.91,,63.61,"26,715",,,,,NSE,HRHNEXT,41.0,43.05,40.0,43.05,564,27.05,125.6,21.0,2024-12-16,2026-03-10,222,0.012049875,13.89,19.58,-24.86,248.89,-41.67,-37.17,False,4500.0,13,92.0,2024-05-31,2026-02-06,False,63.6,229.0,-78.46,-82.11,-26.6,60.28,1.0,2025-07-15,2024-01-04,8.3,-11.39,-26.99,0.39
Akanksha Power & Infrastructure Ltd.,SME,akanksha-power-and-infrastructure-ipo,1608,2023-12-27,2024-01-03,26.06,55.0,81.44,65.1,18.36,83.15,INE0PCY01014,AKANKSHA,,38.51,238.6,,110.44,"91,668",7.8,22.1,2024-01-31,2024-03-31,NSE,AKANKSHA,62.0,65.1,62.0,65.1,613,83.15,191.9,57.0,2024-07-05,2026-03-30,122,0.17200175,12.73,18.36,51.18,248.91,3.64,27.73,False,19350.0,12,105.0,2024-06-11,2026-06-25,False,55.4,69.0,-56.67,-68.06,4.99,122.04,1.0,2026-04-06,2024-01-04,78.42,67.01,14.05,0.04
Kay Cee Energy & Infra Ltd.,SME,kay-cee-energy-infra-ipo,1605,2023-12-28,2024-01-05,14.9,54.0,738.96,239.4,343.33,87.6,INE0RCG01017,KCEIL,,127.71,1668.97,,1311.1,"6,43,749",4.32,21.33,2024-02-02,2024-04-02,NSE,KCEIL,252.0,264.6,239.4,239.4,627,87.6,424.5,74.7,2024-07-09,2026-06-29,122,0.199559,366.67,343.33,62.22,686.11,38.33,-63.41,False,22700.0,9,119.0,2024-07-04,2026-05-21,False,-28.6,280.0,-79.36,-81.16,-14.24,87.16,13.0,2025-06-05,2024-01-25,13.54,-0.73,-21.64,1.78
Kaushalya Logistics Ltd.,SME,kaushalya-logistics-ipo,1609,2023-12-29,2024-01-08,34.76,75.0,274.61,105.0,40.0,29.1,INE0Q2V01012,KLL,,92.62,847.88,,375.44,"3,81,170",10.01,21.47,2024-02-03,2024-04-03,NSE,KLL,100.0,105.0,100.0,105.0,619,29.1,162.8,27.0,2024-09-02,2026-07-15,158,0.0399692,33.33,40.0,-61.2,117.07,-64.0,-72.29,False,13400.0,18,36.0,2024-02-29,2026-07-15,False,-11.0,351.0,-82.13,-82.37,-21.33,44.1,1.0,2025-02-06,2024-01-09,-2.68,-16.6,-19.27,0.51
Jyoti CNC Automation Ltd.,Mainboard,jyoti-cnc-automation-ipo,1611,2024-01-09,2024-01-16,1000.0,331.0,22.59,434.2,31.18,795.05,INE980O01024,JYOTICNC,544081,46.37,38.33,42.77,27.5,"16,13,063",447.75,30.92,2024-02-11,2024-04-11,NSE,JYOTICNC,370.0,444.0,368.0,434.2,620,795.05,1504.3,368.0,2024-12-18,2024-01-16,226,68.84080586074998,11.78,31.18,140.2,354.47,11.18,83.11,True,875847.85,17,128.0,2024-07-29,2026-06-05,False,-8.1,613.0,-47.15,-59.22,-6.85,61.16,2.0,2024-01-25,2024-01-18,25.76,43.88,71.05,0.25
Medi Assist Healthcare Services Ltd.,Mainboard,medi-assist-healthcare-ipo,1612,2024-01-15,2024-01-23,1171.58,418.0,11.63,464.1,11.03,340.05,INE456Z01021,MEDIASSIST,544088,40.14,14.85,17.22,3.19,"7,45,684",351.47,23.08,2024-02-17,2024-04-17,NSE,MEDIASSIST,460.0,518.0,445.0,464.1,616,340.05,716.15,293.0,2024-09-16,2026-03-30,158,4.323476463,10.05,11.03,-18.65,71.33,-29.9,-26.73,False,119310.55,14,77.0,2024-05-21,2026-05-18,False,9.1,210.0,-52.52,-57.17,-7.23,27.84,8.0,2025-09-15,2024-02-05,-9.63,-3.09,-3.54,0.57
EPACK Durable Ltd.,Mainboard,epack-durable-ipo,1619,2024-01-19,2024-01-30,640.05,230.0,12.06,207.6,-9.74,234.57,INE0G5901015,EPACK,544095,25.59,29.07,31.6,6.5,"8,49,840",192.02,23.08,2024-02-24,2024-04-24,NSE,EPACK,221.0,224.5,206.2,207.6,612,234.57,669.95,150.6,2025-01-08,2024-03-28,232,14.93889768295,-3.91,-9.74,1.99,191.28,-34.52,12.99,False,624611.7,15,87.0,2024-06-10,2026-06-22,False,32.9,29.0,-64.99,-69.19,-25.29,29.67,93.0,2026-06-12,2024-06-19,10.91,8.47,47.9,2.3
Nova AgriTech Ltd.,Mainboard,nova-agritech-ipo,1616,2024-01-23,2024-01-31,143.81,41.0,78.51,57.75,40.85,22.81,INE02H701025,NOVAAGRI,544100,81.13,233.03,231.4,80.2,"25,40,394",43.14,23.08,2024-02-28,2024-04-28,NSE,NOVAAGRI,55.0,57.75,55.0,57.75,611,22.81,94.0,18.12,2024-07-25,2026-03-30,117,0.1324857327,34.15,40.85,-44.37,129.27,-55.8,-60.5,False,56424.5,10,84.0,2024-06-06,2026-03-20,False,37.5,242.0,-75.73,-79.62,-12.9,46.58,1.0,2025-07-29,2024-02-01,12.71,8.25,-14.93,0.03
BLS E-Services Ltd.,Mainboard,bls-e-services-ipo,1632,2024-01-30,2024-02-06,309.29,135.0,94.98,366.0,171.11,282.32,INE0NLT01010,BLSE,544107,,,,,,125.92,28.83,2024-03-03,2024-05-02,NSE,BLSE,305.0,366.0,303.1,366.0,607,282.32,423.7,124.3,2024-02-07,2026-03-09,1,44.6577138424,125.93,171.11,109.13,213.85,-7.93,-22.86,True,1669160.1,15,87.0,2024-06-18,2026-07-03,False,-15.5,597.0,-33.37,-67.81,-27.13,42.9,9.0,2024-02-19,2024-02-19,-6.19,-20.46,-29.49,0.47
Apeejay Surrendra Park Hotels Ltd.,Mainboard,apeejay-surrendra-park-ipo,1635,2024-02-05,2024-02-12,920.0,155.0,35.19,203.55,31.32,122.39,INE988S01028,PARKHOTELS,544111,79.23,55.26,61.55,32.0,"18,95,231",409.5,30.79,2024-03-09,2024-05-08,NSE,PARKHOTELS,186.0,223.2,171.25,203.55,603,122.39,235.0,95.1,2024-02-23,2026-03-30,9,2.4012231337000003,20.0,31.32,-21.04,51.61,-38.65,-39.87,False,189706.35,4,97.0,2024-07-08,2026-01-02,False,-17.2,594.0,-47.92,-57.52,-17.56,33.01,8.0,2024-02-22,2024-02-22,-11.06,-12.67,-20.15,0.48
Rashi Peripherals Ltd.,Mainboard,rashi-peripherals-ipo,1634,2024-02-07,2024-02-14,600.0,311.0,44.25,321.5,3.38,779.85,INE0J1F01024,RPTECH,544119,151.45,66.15,74.51,11.01,"9,35,721",180.0,23.08,2024-03-13,2024-05-12,NSE,RPTECH,339.5,342.7,318.0,321.5,601,779.85,812.85,245.15,2026-07-02,2025-03-03,584,45.670389148750004,9.16,3.38,150.76,161.37,-21.17,142.57,True,593661.95,12,92.0,2024-07-03,2026-06-18,False,6.1,77.0,-4.06,-43.19,-9.55,30.37,2.0,2026-04-01,2024-02-16,3.57,-10.38,-4.76,0.46
Jana Small Finance Bank Ltd.,Mainboard,jana-sfb-ipo,1640,2024-02-07,2024-02-14,570.0,414.0,13.94,368.15,-11.07,536.95,INE953L01027,JSFB,544118,39.81,26.13,28.73,5.7,"7,02,847",166.95,22.65,2024-03-13,2024-05-12,NSE,JSFB,396.0,409.0,365.0,368.15,601,536.95,760.9,330.0,2024-06-19,2026-03-23,82,64.8870624335,-4.35,-11.07,29.7,83.79,-20.29,45.85,True,1284765.65,15,33.0,2024-04-04,2026-07-16,False,51.0,65.0,-29.43,-53.57,0.01,30.91,1.0,2026-04-21,2024-02-15,4.62,-8.43,44.07,1.22
Capital Small Finance Bank Ltd.,Mainboard,capital-sfb-ipo,1641,2024-02-07,2024-02-14,523.07,468.0,3.23,435.0,-7.05,292.0,INE646H01017,CAPITALSFB,544120,6.86,4.23,3.63,2.6,"2,67,697",156.92,23.08,2024-03-13,2024-05-12,NSE,CAPITALSFB,430.25,462.9,421.0,435.0,601,292.0,469.0,206.55,2024-02-15,2026-03-30,1,2.4219965422500005,-8.07,-7.05,-37.61,0.21,-55.87,-32.87,False,82151.15,13,51.0,2024-05-03,2026-06-15,False,-9.5,,-37.74,-51.94,-26.44,34.25,,,,,,,
Entero Healthcare Solutions Ltd.,Mainboard,entero-healthcare-solutions-ipo,1643,2024-02-09,2024-02-16,1600.0,1258.0,1.31,1149.55,-8.62,1229.6,INE010601016,ENTERO,544122,,,,,,716.4,30.92,2024-03-15,2024-05-14,NSE,ENTERO,1228.7,1258.0,1141.0,1149.55,599,1229.6,1584.25,944.0,2024-11-07,2025-12-29,178,8.2019849345,-2.33,-8.62,-2.26,25.93,-24.96,6.96,True,67763.5,8,36.0,2024-04-12,2026-01-06,False,-6.7,44.0,-22.39,-38.74,-15.62,19.83,110.0,2026-05-21,2024-08-01,-1.71,8.54,8.35,4.35
Vibhor Steel Tubes Ltd.,Mainboard,vibhor-steel-tubes-ipo,1646,2024-02-13,2024-02-20,72.17,151.0,221.21,446.25,195.53,111.14,INE0QTF01015,VSTL,544124,191.41,772.49,754.37,201.52,"28,00,521",21.52,22.97,2024-03-17,2024-05-16,NSE,VSTL,425.0,446.25,420.0,446.25,597,111.14,446.25,100.8,2024-02-20,2026-03-02,0,0.09879763549999998,181.46,195.53,-26.4,195.53,-33.25,-75.09,False,8746.05,12,103.0,2024-07-25,2026-03-16,False,-4.2,,-75.09,-77.09,-48.86,43.87,,,,,,,
Juniper Hotels Ltd.,Mainboard,juniper-hotels-ipo,1654,2024-02-21,2024-02-28,1800.0,360.0,1.68,401.5,11.53,193.07,INE696F01016,JUNIPER,544129,3.11,0.89,1.08,1.31,"1,21,009",810.0,31.03,2024-03-27,2024-05-26,NSE,JUNIPER,365.0,401.5,365.0,401.5,591,193.07,538.25,188.5,2024-04-05,2026-03-30,24,2.9078929701500007,1.39,11.53,-46.37,49.51,-47.64,-51.91,False,148484.55,14,95.0,2024-07-23,2026-07-20,True,-7.6,468.0,-64.13,-63.64,-1.31,35.37,1.0,2024-08-30,2024-02-29,4.18,16.32,-2.75,0.34
GPT Healthcare Ltd.,Mainboard,gpt-healthcare-ipo,1655,2024-02-22,2024-02-29,525.14,186.0,6.26,200.7,7.9,159.64,INE486R01017,GPTHEALTH,544131,17.3,11.02,11.98,2.44,"2,58,361",157.54,23.08,2024-03-28,2024-05-27,NSE,GPTHEALTH,215.0,219.9,196.1,200.7,590,159.64,219.9,115.0,2024-02-29,2026-03-27,0,2.568525216,15.59,7.9,-14.17,18.23,-38.17,-20.46,True,165046.05,7,100.0,2024-07-31,2026-03-27,False,-19.0,,-27.4,-42.55,-30.44,28.25,,,,,,,
Platinum Industries Ltd.,Mainboard,platinum-industries-ipo,1638,2024-02-27,2024-03-05,235.32,171.0,69.4,221.2,29.36,227.82,INE0PT501018,PLATIND,544134,151.0,141.79,138.46,50.92,"33,05,533",70.59,23.08,2024-03-31,2024-05-30,NSE,PLATIND,225.0,236.25,221.0,221.2,587,227.82,502.05,166.75,2024-12-16,2024-03-14,191,2.9095749623,31.58,29.36,33.23,193.6,-2.49,2.99,False,122639.5,12,72.0,2024-06-25,2026-07-06,False,78.5,14.0,-54.62,-62.72,-24.62,24.48,82.0,2026-07-06,2024-07-09,12.82,34.03,60.01,2.71
Exicom Tele-Systems Ltd.,Mainboard,exicom-tele-systems-ipo,1642,2024-02-27,2024-03-05,429.0,142.0,78.16,224.95,58.42,160.3,INE777F01014,EXICOM,544133,,,,,,178.05,29.33,2024-03-31,2024-05-30,NSE,EXICOM,265.0,274.5,219.0,224.95,587,160.3,530.0,75.6,2024-07-02,2026-03-30,77,45.30762454959999,86.62,58.42,12.89,273.24,-46.76,-28.74,False,2682617.75,14,27.0,2024-04-18,2026-06-08,False,57.1,407.0,-69.75,-85.3,-24.69,61.9,27.0,2024-11-28,2024-04-18,-1.1,-3.51,57.12,6.71
Mukka Proteins Ltd.,Mainboard,mukka-proteins-ipo,1586,2024-02-29,2024-03-07,224.0,28.0,95.35,42.25,50.89,22.94,INE0CG401037,MUKKA,544135,189.28,250.39,254.15,58.52,"25,97,830",67.2,23.08,2024-04-04,2024-06-03,NSE,MUKKA,40.0,42.25,38.25,42.25,585,22.94,56.56,18.27,2024-07-16,2026-03-30,85,0.4616787472,42.86,50.89,-18.07,102.0,-34.75,-45.7,False,197172.25,10,83.0,2024-07-12,2026-06-12,False,10.2,426.0,-59.44,-65.9,-21.89,25.92,84.0,2024-10-30,2024-07-15,7.23,-2.72,-5.35,10.65
R K SWAMY Ltd.,Mainboard,r-k-swamy-ipo,1620,2024-03-04,2024-03-12,423.56,288.0,14.81,262.6,-8.82,101.37,INE0NQ801033,RKSWAMY,544136,20.58,34.24,35.73,33.31,"8,74,166",187.23,30.61,2024-04-06,2024-06-05,NSE,RKSWAMY,250.0,284.9,243.0,262.6,583,101.37,320.7,67.15,2024-08-01,2026-03-30,94,1.0867492672000003,-13.19,-8.82,-64.8,11.35,-76.68,-61.4,False,104633.0,16,48.0,2024-05-27,2026-07-20,True,-4.4,496.0,-68.39,-77.8,-13.31,32.12,15.0,2024-07-22,2024-04-04,-3.37,-5.76,-8.43,3.59
J.G.Chemicals Ltd.,Mainboard,jg-chemicals-ipo,1663,2024-03-05,2024-03-13,251.19,221.0,20.02,184.8,-16.38,505.35,INE0MB501011,JGCHEM,544138,32.33,47.92,50.26,18.03,"10,12,547",75.36,23.08,2024-04-10,2024-06-09,NSE,JGCHEM,209.0,213.75,181.3,184.8,582,505.35,558.0,171.35,2025-07-21,2024-03-28,333,14.2871159465,-5.43,-16.38,128.67,152.49,-22.47,173.46,True,296518.7,12,92.0,2024-07-31,2026-07-21,True,14.5,526.0,-9.44,-41.71,-7.28,55.82,13.0,2024-06-06,2024-04-03,-3.32,8.52,11.27,8.5
Gopal Snacks Ltd.,Mainboard,gopal-namkeen-ipo,1667,2024-03-06,2024-03-14,650.0,401.0,6.88,362.7,-9.55,258.25,INE0L9R01028,GOPAL,544140,18.42,10.0,10.72,4.22,"6,20,502",193.95,22.97,2024-04-11,2024-06-10,NSE,GOPAL,351.0,384.8,341.8,362.7,581,258.25,520.0,247.55,2024-11-06,2026-03-27,159,2.2545246660000005,-12.47,-9.55,-35.6,29.68,-38.27,-28.8,False,84538.7,11,90.0,2024-07-30,2026-05-05,False,28.8,209.0,-50.34,-51.03,-15.03,23.34,131.0,2025-09-16,2024-09-26,5.23,11.58,-4.58,3.15
Popular Vehicles & Services Ltd.,Mainboard,popular-vehicles-services-ipo,1672,2024-03-12,2024-03-19,601.55,295.0,1.22,276.15,-6.39,106.01,INE772T01024,PVSL,544144,1.92,0.67,0.67,1.07,"1,35,743",180.17,23.04,2024-04-14,2024-06-13,NSE,PVSL,289.2,289.2,262.4,276.15,578,106.01,296.55,82.41,2024-03-21,2026-03-16,2,0.8075850695,-1.97,-6.39,-64.06,0.53,-72.06,-61.61,True,78820.2,14,57.0,2024-06-14,2026-07-20,True,-11.0,575.0,-64.25,-70.66,-19.25,26.63,2.0,2024-03-21,2024-03-21,-7.5,-18.03,-11.97,0.31
Krystal Integrated Services Ltd.,Mainboard,krystal-integrated-services-ipo,1665,2024-03-14,2024-03-21,300.12,715.0,9.74,712.85,-0.3,601.4,INE0QN801017,KRYSTAL,544149,7.32,45.23,52.07,3.42,"2,64,406",90.04,23.08,2024-04-18,2024-06-17,NSE,KRYSTAL,785.0,793.8,703.05,712.85,576,601.4,1021.95,415.6,2024-04-12,2025-02-18,13,1.1105173392499998,9.79,-0.3,-15.89,42.93,-41.87,-15.63,True,18400.15,16,60.0,2024-06-24,2026-07-03,False,-5.1,397.0,-41.15,-58.25,-3.54,46.9,5.0,2024-12-12,2024-04-01,21.75,-8.63,1.75,0.5
SRM Contractors Ltd.,Mainboard,srm-contractors-ipo,1682,2024-03-26,2024-04-03,130.2,210.0,60.21,226.0,7.62,507.6,INE0R6Z01013,SRM,544158,59.59,214.94,220.57,46.97,"14,21,306",39.06,23.08,2024-05-01,2024-06-30,NSE,SRM,215.25,226.0,215.25,226.0,569,507.6,649.95,142.85,2025-11-17,2024-06-04,400,5.3402410355,2.5,7.62,141.71,209.5,-31.98,124.6,True,105214.7,17,63.0,2024-07-08,2026-05-26,False,45.3,495.0,-21.9,-41.07,-24.49,29.49,1.0,2024-07-23,2024-04-04,-15.61,-19.32,-25.81,0.56
Bharti Hexacom Ltd.,Mainboard,bharti-hexacom-ipo,1694,2024-04-03,2024-04-12,4275.0,570.0,16.87,813.3,42.68,1607.6,INE343G01021,BHARTIHEXA,544162,48.57,10.52,12.27,2.83,"6,19,251",1923.75,31.03,2024-05-08,2024-07-07,NSE,BHARTIHEXA,755.0,880.0,755.0,813.3,563,1607.6,2052.9,755.0,2025-07-01,2024-04-12,300,42.433519670500004,32.46,42.68,182.04,260.16,32.46,97.66,True,278639.2,9,104.0,2024-09-13,2026-06-29,False,3.4,544.0,-21.69,-27.55,-3.73,31.35,2.0,2024-05-10,2024-04-16,-2.73,4.22,17.91,0.45
Ramdevbaba Solvent Ltd.,SME,ramdevbaba-solvent-ipo,1697,2024-04-15,2024-04-23,47.6,85.0,88.1,117.6,38.35,74.25,INE0RJH01010,RBS,,,,,,,14.28,22.12,2024-05-19,2024-07-18,NSE,RBS,112.0,117.6,111.0,117.6,549,74.25,150.5,58.8,2024-12-20,2026-03-16,165,0.1012814,31.76,38.35,-12.65,77.06,-30.82,-36.86,False,12920.0,6,79.0,2024-08-19,2026-03-16,False,32.5,172.0,-50.66,-59.4,-31.89,36.86,1.0,2025-10-29,2024-04-24,-17.82,-25.68,-24.67,0.08
Faalcon Concepts Ltd.,SME,faalcon-concepts-ipo,1703,2024-04-19,2024-04-26,11.48,62.0,70.59,90.25,45.56,39.55,INE0Q9W01015,,544164,,93.27,,47.17,"27,324",,,,,BSE,FAALCON,95.0,95.0,90.25,90.25,403,39.55,95.0,27.75,2024-04-26,2026-07-02,0,0.1842922,53.23,45.56,-36.21,53.23,-55.24,-56.18,True,48500.0,8,74.0,2024-08-14,2026-07-07,False,-9.9,,-58.37,-69.06,-45.93,43.66,,,,,,,
JNK India Ltd.,Mainboard,jnk-india-ipo,1704,2024-04-23,2024-04-30,649.47,415.0,20.24,694.55,67.36,470.9,INE0OAF01028,JNKINDIA,544167,74.4,23.8,27.73,4.2,"4,21,188",194.84,23.08,2024-05-26,2024-07-25,NSE,JNKINDIA,621.0,712.0,621.0,694.55,552,470.9,897.25,200.92,2024-06-24,2026-01-28,36,35.8813214715,49.64,67.36,13.47,116.2,-51.59,-32.2,False,714943.15,16,32.0,2024-06-18,2026-06-10,False,-13.8,438.0,-47.52,-76.91,-20.81,23.61,32.0,2024-10-14,2024-06-18,0.95,-2.4,-13.8,8.61
Emmforce Autotech Ltd.,SME,emmforce-autotech-ipo,1701,2024-04-23,2024-04-30,51.19,98.0,252.71,195.51,99.5,179.7,INE0SDC01012,,544166,160.58,861.98,,267.62,"4,79,142",15.35,22.16,2024-05-26,2024-07-25,BSE,EMMFORCE,186.2,195.51,186.2,195.51,550,179.7,264.0,68.99,2024-05-15,2025-03-28,10,0.826533,90.0,99.5,83.37,169.39,-29.6,-8.09,True,47400.0,9,154.0,2024-12-12,2026-07-03,False,-38.0,548.0,-31.93,-72.97,-32.41,67.44,1.0,2024-05-02,2024-05-02,7.24,-20.97,-20.05,0.27
Shivam Chemicals Ltd.,SME,shivam-chemicals-ipo,1706,2024-04-23,2024-04-30,19.17,44.0,6.51,47.4,7.73,98.05,INE0SGR01013,,544165,,4.33,,8.88,"7,689",,,,,BSE,SHIVAM,48.0,50.4,45.6,47.4,386,98.05,130.4,45.0,2026-03-20,2025-02-12,317,0.0737112,9.09,7.73,122.84,196.36,2.27,106.86,False,6825.0,15,53.0,2024-07-22,2026-05-19,False,-14.9,221.0,-24.81,-29.62,-4.85,31.16,2.0,2025-03-13,2024-05-03,-5.97,-4.86,6.68,0.05
Varyaa Creations Ltd.,SME,varyaa-creations-ipo,1705,2024-04-22,2024-04-30,19.05,150.0,3.46,270.75,80.5,27.0,INE0R6801013,,544168,,1.08,,6.09,"4,269",,,,,BSE,VARYAA,285.0,299.25,270.75,270.75,445,27.0,299.25,24.02,2024-04-30,2026-03-09,0,0.00765275,90.0,80.5,-82.0,99.5,-83.99,-90.03,False,2550.0,7,6.0,2024-05-16,2025-12-23,False,-49.7,,-90.98,-91.13,-77.43,72.44,,,,,,,
Storage Technologies & Automation Ltd.,SME,storage-technologies-automation-ipo,1709,2024-04-30,2024-05-08,28.39,78.0,195.72,153.05,96.22,36.05,INE0RGM01016,,544171,117.86,577.02,,242.74,"2,68,741",8.5,22.1,2024-06-05,2024-08-04,BSE,STAL,148.2,155.59,148.2,153.05,531,36.05,220.5,27.0,2024-07-04,2026-06-10,39,0.046661720000000004,90.0,96.22,-53.78,182.69,-65.38,-76.45,True,13760.0,13,63.0,2024-08-08,2026-07-22,True,-20.2,384.0,-83.65,-87.3,-31.07,58.58,24.0,2024-12-09,2024-06-12,22.63,13.93,10.05,4.2
Amkay Products Ltd.,SME,amkay-products-ipo,1710,2024-04-30,2024-05-08,11.95,55.0,521.94,109.72,99.49,50.0,INE0QSB01016,,544169,173.04,987.34,,973.14,"5,10,613",3.58,22.09,2024-06-05,2024-08-04,BSE,AMKAY,104.5,109.72,104.5,109.72,409,50.0,120.96,36.0,2024-05-10,2025-03-27,2,0.030339,90.0,99.49,-9.09,119.93,-34.55,-54.43,False,5600.0,10,64.0,2024-08-09,2026-05-19,False,-24.7,407.0,-58.66,-67.14,-47.5,57.75,1.0,2024-05-09,2024-05-09,-40.84,-44.66,-35.68,0.19
Sai Swami Metals & Alloys Ltd.,SME,sai-swami-metals-and-alloys-ipo,1711,2024-04-30,2024-05-08,14.23,60.0,541.15,119.7,99.5,7.87,INE0QXT01018,,544170,,533.83,,529.01,"4,29,046",,,,,BSE,SAI,114.0,119.7,114.0,119.7,482,7.87,119.7,7.53,2024-05-08,2026-07-21,0,0.0459397,90.0,99.5,-86.88,99.5,-87.45,-93.43,False,52500.0,15,10.0,2024-05-23,2026-02-23,False,-12.4,,-93.43,-93.58,-61.81,56.82,,,,,,,
Slone Infosystems Ltd.,SME,slone-infosystems-ipo,1712,2024-05-03,2024-05-10,10.5,79.0,641.88,112.6,42.53,122.3,INE0SMA01017,SLONE,,,756.88,,540.8,"2,24,973",,,,,NSE,SLONE,118.5,119.45,112.6,112.6,501,122.3,476.0,80.25,2025-01-15,2024-05-27,169,0.0939497,50.0,42.53,54.81,502.53,1.58,8.61,False,7160.0,9,28.0,2024-06-21,2026-06-24,False,44.5,0.0,-74.31,-75.9,-28.73,70.52,29.0,2026-07-24,2024-06-24,9.02,20.26,25.52,2.22
Indegene Ltd.,Mainboard,indegene-ipo,1713,2024-05-06,2024-05-13,1841.76,452.0,49.75,570.9,26.31,492.65,INE065X01017,INDGN,544172,192.72,55.91,62.23,7.86,"27,93,616",548.78,22.95,2024-06-08,2024-08-07,NSE,INDGN,655.0,660.0,527.1,570.9,544,492.65,736.3,414.0,2024-10-01,2026-03-23,97,9.13449230575,44.91,26.31,8.99,62.9,-8.41,-13.71,False,180208.35,7,80.0,2024-09-06,2025-10-20,False,-4.2,368.0,-33.09,-42.2,-17.66,25.72,80.0,2025-01-23,2024-09-06,-0.36,-3.4,-4.16,13.01
Finelistings Technologies Ltd.,SME,finelistings-technologies-ipo,1698,2024-05-07,2024-05-14,12.82,123.0,38.23,133.35,8.41,11.18,INE0QOQ01013,,544173,,29.85,,38.96,"23,784",,,,,BSE,FTL,127.0,133.35,127.0,133.35,426,11.18,154.35,10.37,2024-05-17,2026-04-06,3,0.0071706,3.25,8.41,-90.91,25.49,-91.57,-91.62,False,5150.0,5,58.0,2024-08-08,2026-03-27,False,20.9,424.0,-92.76,-92.97,-60.65,76.4,1.0,2024-05-15,2024-05-15,-48.75,-58.44,-64.28,0.17
Winsol Engineers Ltd.,SME,winsol-engineers-ipo,1714,2024-05-06,2024-05-14,22.18,75.0,472.41,383.25,411.0,113.5,INE0S3D01016,WINSOL,,207.23,1087.81,,780.15,"5,04,758",6.62,22.09,2024-06-09,2024-08-08,NSE,WINSOL,365.0,383.25,362.0,383.25,542,113.5,592.0,93.5,2024-06-18,2026-03-30,23,0.0548636,386.67,411.0,51.33,689.33,24.67,-70.38,False,4580.0,5,127.0,2024-11-14,2026-05-26,False,-20.4,492.0,-80.83,-82.49,-20.42,74.89,1.0,2024-07-25,2024-05-15,2.99,7.36,-9.8,0.42
Refractory Shapes Ltd.,SME,refractory-shapes-ipo,1715,2024-05-06,2024-05-14,17.66,31.0,177.76,78.75,154.03,26.9,INE0TNX01015,REFRACTORY,,90.59,464.43,,259.56,"1,29,522",5.27,22.08,2024-06-09,2024-08-08,NSE,REFRACTORY,75.0,78.75,75.0,78.75,504,26.9,283.0,25.25,2024-07-10,2026-07-14,39,0.0293425,141.94,154.03,-13.23,812.9,-18.55,-65.84,False,10550.0,11,149.0,2024-12-23,2026-05-19,False,-33.4,326.0,-90.49,-90.4,4.95,216.13,1.0,2025-01-31,2024-05-15,64.37,154.26,144.28,0.03
TBO Tek Ltd.,Mainboard,tbo-tek-ipo,1716,2024-05-08,2024-05-15,1550.81,920.0,48.14,1406.3,52.86,1429.0,INE673O01025,TBOTEK,544174,125.51,50.6,55.82,25.72,"23,81,094",696.51,30.99,2024-06-12,2024-08-11,NSE,TBOTEK,1426.0,1455.95,1275.0,1406.3,542,1429.0,2001.0,996.0,2024-09-04,2025-04-07,76,35.376367974999994,55.0,52.86,55.33,117.5,8.26,1.61,False,234991.8,17,26.0,2024-06-24,2026-07-02,False,4.6,3.0,-28.59,-47.45,-12.42,49.87,1.0,2026-07-21,2024-05-16,-3.58,10.02,12.12,0.15
Aadhar Housing Finance Ltd.,Mainboard,aadhar-housing-finance-ipo,1717,2024-05-08,2024-05-15,3000.0,315.0,19.0,329.45,4.59,495.0,INE883F01010,AADHARHFC,544176,76.42,17.33,18.9,2.58,"16,36,280",897.9,23.03,2024-06-12,2024-08-11,NSE,AADHARHFC,315.0,343.7,292.0,329.45,542,495.0,563.0,292.0,2026-07-06,2024-05-15,527,26.277866853750005,0.0,4.59,57.14,78.73,-7.3,50.25,False,495510.9,11,75.0,2024-09-03,2026-06-25,False,3.3,526.0,-12.08,-28.66,-4.39,35.65,1.0,2024-06-06,2024-05-16,-4.87,16.35,10.84,0.37
TGIF Agribusiness Ltd.,SME,tgif-agribusiness-ipo,1718,2024-05-08,2024-05-15,6.07,93.0,37.77,142.5,53.23,102.0,INE0SMU01015,,544175,,35.35,,32.92,"10,906",,,,,BSE,TGIF,150.0,156.8,142.5,142.5,432,102.0,156.8,66.5,2024-05-15,2025-09-19,0,0.031881,61.29,53.23,9.68,68.6,-28.49,-28.42,True,3120.0,8,7.0,2024-05-27,2026-04-29,False,-9.5,,-34.95,-50.53,-45.54,40.55,,,,,,,
Silkflex Polymers (India) Ltd.,SME,silkflex-polymers-ipo,1720,2024-05-07,2024-05-15,17.18,52.0,36.59,58.7,12.88,188.5,INE0STN01015,SILKFLEX,,,36.59,,35.97,"29,711",,,,,NSE,SILKFLEX,60.0,63.0,57.0,58.7,448,188.5,232.5,46.1,2026-06-24,2024-06-07,427,0.150914,15.38,12.88,262.5,347.12,-11.35,221.12,False,7350.0,14,22.0,2024-06-18,2026-06-10,False,82.8,250.0,-18.92,-51.85,-21.47,49.06,24.0,2025-03-18,2024-06-20,0.23,0.61,58.66,3.43
Energy-Mission Machineries (India) Ltd.,SME,energy-mission-machineries-ipo,1719,2024-05-09,2024-05-16,39.08,138.0,222.46,384.25,178.44,121.75,INE0S1L01013,EMMIL,,161.92,605.19,,289.36,"2,87,050",11.72,22.16,2024-06-13,2024-08-12,NSE,EMMIL,366.0,384.3,350.3,384.25,538,121.75,581.5,110.0,2024-09-17,2026-03-30,84,0.2524206875,165.22,178.44,-11.78,321.38,-20.29,-68.31,False,19112.5,19,50.0,2024-07-30,2026-07-09,False,13.8,466.0,-79.06,-79.02,-24.53,46.27,3.0,2024-08-29,2024-05-22,-13.56,13.22,-12.88,0.48
Premier Roadlines Ltd.,SME,premier-roadlines-ipo,1721,2024-05-10,2024-05-17,38.32,67.0,82.18,91.35,36.34,45.3,INE0CFG01012,PRLIND,,,,,,,11.48,22.15,2024-06-14,2024-08-13,NSE,PRLIND,87.0,91.35,87.0,91.35,532,45.3,174.9,43.2,2024-06-27,2026-07-17,27,0.1358795,29.85,36.34,-32.39,161.04,-35.52,-50.41,False,29200.0,10,122.0,2024-11-12,2026-07-21,True,8.0,235.0,-74.1,-71.95,-24.85,116.31,1.0,2025-07-28,2024-05-21,-22.03,31.34,28.05,0.73
Aztec Fluids & Machinery Ltd.,SME,aztec-fluids-machinery-ipo,1722,2024-05-10,2024-05-17,22.9,67.0,152.58,85.5,27.61,101.2,INE0SCB01016,,544177,107.93,341.94,,228.43,"1,66,207",6.85,22.11,2024-06-14,2024-08-13,BSE,AZTEC,90.0,90.0,85.5,85.5,506,101.2,135.0,63.0,2024-08-28,2024-06-04,69,0.54401385,34.33,27.61,51.04,101.49,-5.97,18.36,True,53650.0,15,40.0,2024-07-16,2026-06-30,False,-9.6,26.0,-25.04,-42.72,-26.32,21.05,40.0,2026-06-17,2024-07-16,-14.13,-17.07,-9.59,5.11
Piotex Industries Ltd.,SME,piotex-industries-ipo,1725,2024-05-10,2024-05-17,13.74,94.0,107.11,114.3,21.6,32.0,INE0R4W01015,,544178,,115.21,,93.33,"72,024",,,,,BSE,PIOTEX,109.0,114.45,108.1,114.3,380,32.0,126.01,27.51,2024-05-21,2026-06-10,1,0.00582972,15.96,21.6,-65.96,34.05,-70.73,-72.0,False,1680.0,9,66.0,2024-08-27,2026-02-17,False,-17.1,,-74.61,-74.63,-38.85,49.09,,,,,,,
Mandeep Auto Industries Ltd.,SME,mandeep-auto-industries-ipo,1708,2024-05-13,2024-05-21,23.97,67.0,75.54,65.35,-2.46,19.95,INE0R3T01013,MANDEEP,,,61.54,,90.57,"81,018",,,,,NSE,MANDEEP,62.25,65.35,59.15,65.35,400,19.95,74.4,17.25,2024-07-08,2026-03-30,33,0.019455,-7.09,-2.46,-70.22,11.04,-74.25,-69.47,True,10000.0,5,32.0,2024-07-05,2026-06-24,False,-32.9,367.0,-73.19,-75.72,-24.64,27.39,32.0,2024-07-05,2024-07-05,-14.49,-22.88,-32.89,12.18
Veritaas Advertising Ltd.,SME,veritaas-advertising-ipo,1724,2024-05-13,2024-05-21,8.06,114.0,463.03,261.25,129.17,36.3,INE0SRI01019,VERITAAS,,102.41,629.56,,989.44,"2,04,814",1.98,18.95,2024-06-15,2024-08-14,NSE,VERITAAS,275.0,288.75,261.25,261.25,313,36.3,288.75,34.5,2024-05-21,2026-07-01,0,0.0133044,141.23,129.17,-68.16,153.29,-69.74,-86.11,False,3180.0,7,60.0,2024-08-23,2026-03-30,False,-16.7,,-87.43,-86.39,-52.15,47.16,,,,,,,
ABS Marine Services Ltd.,SME,abs-marine-services-ipo,1707,2024-05-10,2024-05-21,90.26,147.0,101.24,279.3,90.0,220.4,INE0QRV01016,ABSMARINE,,109.3,270.94,,110.24,"2,36,910",27.06,21.94,2024-06-15,2024-08-14,NSE,ABSMARINE,294.0,304.0,279.3,279.3,539,220.4,425.0,92.1,2024-07-05,2025-03-27,32,0.8794035,100.0,90.0,49.93,189.12,-37.35,-21.09,False,38175.0,8,122.0,2024-11-13,2026-05-22,False,-27.0,484.0,-48.14,-77.21,-31.97,73.76,23.0,2024-08-07,2024-06-24,9.7,-3.73,-24.73,2.73
Indian Emulsifiers Ltd.,SME,indian-emulsifier-ipo,1723,2024-05-13,2024-05-22,40.26,132.0,320.55,451.5,242.05,41.95,INE0RRU01016,IEML,,175.95,779.63,,484.66,"5,18,586",12.01,22.08,2024-06-16,2024-08-15,NSE,IEML,430.0,451.5,410.0,451.5,537,41.95,546.9,37.9,2024-06-19,2026-05-29,19,0.1757315,225.76,242.05,-68.22,314.32,-71.29,-90.71,False,40850.0,11,63.0,2024-08-22,2026-05-29,False,-29.7,513.0,-92.33,-92.59,-40.09,61.22,1.0,2024-06-25,2024-05-23,-26.75,-3.73,-25.9,0.19
Go Digit General Insurance Ltd.,Mainboard,go-digit-general-insurance-ipo,1727,2024-05-15,2024-05-23,2614.65,272.0,5.7,306.0,12.5,256.2,INE03JT01014,GODIGIT,544179,12.56,7.24,8.28,4.27,"5,85,348",1176.59,31.03,2024-06-20,2024-08-19,NSE,GODIGIT,286.0,314.0,280.0,306.0,537,256.2,407.4,253.0,2024-09-04,2026-07-24,71,27.465650556499998,5.15,12.5,-5.81,49.78,-6.99,-16.27,False,936907.7,18,45.0,2024-07-29,2026-07-24,True,-1.3,19.0,-37.11,-35.69,-8.97,30.54,10.0,2026-06-29,2024-06-06,-0.16,3.84,17.62,0.24
Quest Laboratories Ltd.,SME,quest-laboratories-ipo,1726,2024-05-15,2024-05-23,40.95,97.0,61.57,147.35,51.91,92.95,INE0TNW01017,QUESTLAB,,57.2,184.1,,57.63,"71,975",11.99,21.74,2024-06-20,2024-08-19,NSE,QUESTLAB,155.1,159.0,147.35,147.35,528,92.95,196.8,75.15,2024-06-20,2025-05-30,19,0.4120731,59.9,51.91,-4.18,102.89,-22.53,-36.92,False,43560.0,22,66.0,2024-08-28,2026-07-16,False,-12.3,505.0,-52.77,-54.46,-30.78,64.34,18.0,2024-06-25,2024-06-19,-13.97,-22.05,-31.55,2.86
Rulka Electricals Ltd.,SME,rulka-electricals-ipo,1728,2024-05-16,2024-05-24,25.07,235.0,469.47,498.75,112.23,100.0,INE0R7301013,RULKA,,204.22,1350.15,,658.32,"4,10,134",7.5,22.13,2024-06-21,2024-08-20,NSE,RULKA,525.0,551.25,498.75,498.75,528,100.0,666.6,72.95,2024-07-03,2026-04-02,27,0.0570825,123.4,112.23,-57.45,183.66,-68.96,-79.95,False,5415.0,10,109.0,2024-10-30,2026-07-13,False,-42.8,491.0,-85.0,-88.13,-34.49,68.14,26.0,2024-07-16,2024-07-02,-3.96,-10.54,-30.79,1.36
HOAC Foods India Ltd.,SME,hariom-atta-spices-ipo,1729,2024-05-16,2024-05-24,5.1,48.0,1962.94,139.65,190.94,738.0,INE0S6S01017,HOACFOODS,,,1432.6,,2556.46,"4,52,493",,,,,NSE,HOACFOODS,147.0,147.0,139.65,139.65,502,738.0,740.0,105.0,2026-07-24,2024-11-27,501,0.20106140625,206.25,190.94,1437.5,1441.67,118.75,428.46,True,2868.75,7,107.0,2024-12-03,2025-07-23,False,-11.8,296.0,-0.27,-46.95,-10.2,63.3,10.0,2025-05-12,2024-06-07,11.84,-0.4,-14.63,1.93
Awfis Space Solutions Ltd.,Mainboard,awfis-space-solutions-ipo,1730,2024-05-22,2024-05-30,598.93,383.0,60.05,421.75,10.12,271.85,INE108V01019,AWFIS,544181,116.95,129.27,138.15,53.23,"20,74,288",268.62,30.96,2024-06-27,2024-08-26,NSE,AWFIS,435.0,451.45,415.2,421.75,532,271.85,946.0,229.05,2024-08-22,2026-03-30,57,7.495586980249998,13.58,10.12,-29.02,147.0,-40.2,-35.54,False,250241.7,15,55.0,2024-08-20,2026-05-26,False,-8.4,523.0,-71.26,-74.37,-11.94,62.48,8.0,2024-06-11,2024-06-11,23.28,31.7,69.26,0.27
GSM Foils Ltd.,SME,gsm-foils-ipo,1732,2024-05-24,2024-05-31,10.44,32.0,249.89,33.6,5.0,277.5,INE0SQY01018,GSMFOILS,,,259.51,,247.1,"1,00,816",,,,,NSE,GSMFOILS,32.0,33.6,30.5,33.6,520,277.5,287.0,30.5,2026-07-20,2024-05-31,515,1.5714605,0.0,5.0,767.19,796.88,-4.69,725.89,True,60300.0,13,51.0,2024-08-14,2026-06-17,False,54.8,518.0,-3.31,-34.49,-3.13,97.47,1.0,2024-06-03,2024-06-03,40.43,42.41,107.8,0.06
Vilas Transcore Ltd.,SME,vilas-transcore-ipo,1731,2024-05-27,2024-06-03,90.46,147.0,145.87,225.75,53.57,357.55,INE0AZY01017,VILAS,,114.64,449.21,,151.42,"3,26,166",27.12,22.16,2024-06-29,2024-08-28,NSE,VILAS,215.0,225.75,204.25,225.75,530,357.55,673.7,203.8,2025-06-12,2024-06-05,254,0.8739395625,46.26,53.57,143.23,358.3,38.64,58.38,False,22725.0,4,239.0,2025-05-22,2026-05-12,False,15.0,526.0,-46.93,-48.44,-9.72,155.57,3.0,2024-06-06,2024-06-06,94.23,116.56,92.77,0.16
Beacon Trusteeship Ltd.,SME,beacon-trusteeship-ipo,1733,2024-05-28,2024-06-04,30.89,60.0,323.82,94.5,57.5,91.85,INE639X01027,BEACON,,163.86,779.38,,502.49,"4,52,742",9.25,22.15,2024-06-30,2024-08-29,NSE,BEACON,90.0,94.5,85.6,94.5,525,91.85,151.0,50.0,2024-07-04,2025-06-11,21,0.1015,50.0,57.5,53.08,151.67,-16.67,-2.8,False,10850.0,7,76.0,2024-09-23,2026-05-08,False,-21.5,3.0,-39.17,-63.29,-10.95,70.74,8.0,2026-07-21,2024-06-14,19.25,23.7,9.15,0.06
Z-Tech (India) Ltd.,SME,ztech-india-ipo,1735,2024-05-29,2024-06-05,35.43,110.0,258.22,105.0,-4.55,524.15,INE0ISZ01012,ZTECH,,123.1,832.37,,315.59,"2,96,658",10.61,22.15,2024-07-03,2024-09-01,NSE,ZTECH,100.0,105.0,99.2,105.0,528,524.15,731.15,99.2,2025-01-17,2024-06-05,155,1.2930378,-9.09,-4.55,376.5,564.68,-9.82,399.19,False,21585.0,10,11.0,2024-06-21,2026-06-29,False,70.0,526.0,-28.31,-35.07,5.0,185.05,1.0,2024-06-06,2024-06-06,78.41,159.32,221.63,0.06
Aimtron Electronics Ltd.,SME,aimtron-electronics-ipo,1734,2024-05-30,2024-06-06,82.48,161.0,69.43,253.05,57.17,1283.95,INE0RUV01018,AIMTRON,,69.93,202.74,,71.62,"1,60,563",24.73,22.13,2024-07-04,2024-09-02,NSE,AIMTRON,241.0,253.05,240.1,253.05,527,1283.95,1480.0,240.1,2026-07-14,2024-06-06,518,5.4527224,49.69,57.17,697.48,819.25,49.13,407.39,False,41030.0,4,107.0,2024-11-08,2025-04-24,False,2.3,525.0,-13.25,-45.19,5.0,183.46,1.0,2024-06-07,2024-06-07,78.58,149.0,76.85,0.02
Associated Coaters Ltd.,SME,associated-coaters-ipo,1737,2024-05-30,2024-06-06,4.31,121.0,367.85,134.9,11.49,92.0,INE0RIQ01013,,544183,,239.63,,494.99,"1,31,588",,,,,BSE,ASSOCIATED,142.0,149.1,134.9,134.9,383,92.0,373.0,72.0,2024-09-20,2026-06-11,64,0.02110375,17.36,11.49,-23.97,208.26,-40.5,-31.8,False,2200.0,8,71.0,2024-10-01,2025-07-10,False,-8.9,230.0,-75.34,-80.69,-9.71,83.47,5.0,2025-01-31,2024-06-13,33.29,31.62,94.41,0.06
TBI Corn Ltd.,SME,tbi-corn-ipo,1736,2024-05-31,2024-06-07,42.68,94.0,161.12,207.9,121.17,62.25,INE0N2D01013,TBI,,,,,,,12.77,22.13,2024-07-05,2024-09-03,NSE,TBI,198.0,207.9,198.0,207.9,526,62.25,399.3,55.0,2024-07-05,2026-03-17,19,0.13780605,110.64,121.17,-33.78,324.79,-41.49,-70.06,False,21600.0,6,177.0,2025-02-20,2026-03-27,False,-23.7,398.0,-84.41,-85.11,1.97,90.09,1.0,2024-12-11,2024-06-10,68.18,56.93,8.18,0.2
Kronox Lab Sciences Ltd.,Mainboard,kronox-lab-sciences-ipo,1738,2024-06-03,2024-06-10,130.15,136.0,82.62,159.32,17.15,154.39,INE0ATZ01017,KRONOX,544187,,,,,,39.05,23.08,2024-07-06,2024-09-04,NSE,KRONOX,164.95,165.6,156.7,159.32,525,154.39,228.88,96.0,2024-12-10,2026-03-30,125,4.14403224725,21.29,17.15,13.52,68.29,-29.41,-3.09,True,260888.1,12,54.0,2024-08-28,2026-07-15,False,-4.9,219.0,-32.55,-56.17,-9.75,18.87,54.0,2025-09-02,2024-08-28,9.7,-4.1,-4.86,18.05
Sattrix Information Security Ltd.,SME,sattrix-ipo,1739,2024-06-05,2024-06-12,20.67,121.0,71.21,157.5,30.17,379.0,INE0QUV01010,,544189,,,,,,,,,,BSE,SATTRIX,150.0,157.5,142.5,157.5,493,379.0,451.0,77.95,2026-04-08,2025-03-05,423,0.37368725,23.97,30.17,213.22,272.73,-35.58,140.63,False,9525.0,13,57.0,2024-09-04,2026-07-14,False,-24.4,287.0,-15.96,-65.69,-9.87,71.14,6.0,2025-05-06,2024-06-21,14.4,5.68,10.91,0.19
Magenta Lifecare Ltd.,SME,magenta-lifecare-ipo,1740,2024-06-05,2024-06-12,6.64,35.0,1007.35,47.25,35.0,10.15,INE0QZ901011,,544188,,1145.78,,778.41,"2,36,923",,,,,BSE,MAGENTA,45.0,47.25,45.0,47.25,219,10.15,60.29,8.5,2024-06-20,2026-03-20,5,0.0081412,28.57,35.0,-71.0,72.26,-75.71,-78.52,True,8000.0,1,126.0,2025-03-28,2025-03-28,False,-7.7,217.0,-83.16,-85.08,-22.01,49.61,1.0,2024-06-13,2024-06-13,-7.5,-21.73,-40.23,0.08
3C IT Solutions & Telecoms (India) Ltd.,SME,3c-it-ipo,1741,2024-06-04,2024-06-12,10.86,52.0,19.73,45.16,-13.15,16.86,INE0R7D01018,,544190,,10.63,,29.79,"18,722",,,,,BSE,3CIT,43.01,45.16,43.01,45.16,367,16.86,52.26,14.45,2024-06-18,2026-03-30,3,0.0070017,-17.29,-13.15,-67.58,0.5,-72.21,-62.67,False,4200.0,7,56.0,2024-09-05,2025-09-29,False,-33.6,365.0,-67.74,-71.91,-22.72,38.44,1.0,2024-06-13,2024-06-13,-7.19,-22.11,-22.17,0.03
Le Travenues Technology Ltd.,Mainboard,ixigo-ipo,1742,2024-06-10,2024-06-18,740.1,93.0,54.4,165.72,78.19,184.6,INE0HV901016,IXIGO,544192,106.73,110.25,117.4,53.95,"26,55,149",333.05,31.03,2024-07-13,2024-09-11,NSE,IXIGO,138.1,165.72,135.0,165.72,520,184.6,339.15,117.0,2025-10-16,2025-03-04,331,30.824102033149998,48.49,78.19,98.49,264.68,25.81,11.39,False,1493781.05,12,121.0,2024-12-11,2026-06-12,False,-14.6,29.0,-45.57,-54.8,-6.77,25.95,1.0,2026-06-12,2024-06-19,-15.4,-6.36,-15.64,0.5
GP Eco Solutions India Ltd.,SME,gpes-solar-ipo,1744,2024-06-14,2024-06-24,27.71,94.0,591.09,393.75,318.88,421.05,INE0S7E01015,GPECO,,236.64,1824.87,,793.2,"6,82,151",8.3,21.23,2024-07-20,2024-09-18,NSE,GPECO,375.0,393.75,375.0,393.75,516,421.05,616.5,212.2,2025-09-02,2024-10-25,296,0.7642865,298.94,318.88,347.93,555.85,125.74,6.93,False,17920.0,8,88.0,2024-10-29,2026-05-29,False,-18.9,43.0,-31.7,-56.03,-28.89,48.25,1.0,2026-05-22,2024-06-25,-3.34,-9.92,-34.28,0.05
United Cotfab Ltd.,SME,united-cotfab-ipo,1743,2024-06-13,2024-06-24,34.47,70.0,110.13,78.75,12.5,16.5,INE0S0I01011,,544195,,,,,,,,,,BSE,COTFAB,75.0,78.75,75.0,78.75,440,16.5,83.4,14.0,2024-07-09,2026-03-25,11,0.0113783,7.14,12.5,-76.43,19.14,-80.0,-79.05,True,7100.0,9,92.0,2024-11-05,2026-02-19,False,-2.9,428.0,-80.22,-82.02,-18.1,24.0,11.0,2024-07-09,2024-07-09,-11.66,-16.71,-36.21,0.96
DEE Development Engineers Ltd.,Mainboard,dee-piping-systems-ipo,1746,2024-06-19,2024-06-26,418.01,203.0,72.53,335.32,65.18,653.45,INE841L01016,DEEDEV,544198,206.54,149.38,165.71,23.66,"21,04,858",125.1,23.03,2024-07-24,2024-09-22,NSE,DEEDEV,339.0,365.7,310.0,335.32,514,653.45,760.0,167.0,2026-06-17,2025-02-18,487,6.522472997500001,67.0,65.18,221.9,274.38,-17.73,94.87,False,95820.45,13,96.0,2024-11-12,2026-02-25,False,-8.0,70.0,-14.02,-53.31,-6.48,25.77,8.0,2026-04-13,2024-07-08,-4.89,-4.37,-26.92,0.18
Akme Fintrade (India) Ltd.,Mainboard,aasaan-loans-ipo,1751,2024-06-19,2024-06-26,132.0,120.0,39.44,133.35,11.12,9.21,INE916Y01027,AFIL,544200,28.12,129.98,121.56,44.58,"12,18,115",37.62,22.18,2024-07-24,2024-09-22,NSE,AFIL,8.93,10.16,8.92,9.73,314,9.21,11.1,3.92,2026-06-22,2026-02-02,290,0.61855981655,-92.56,-91.89,-92.32,-90.75,-96.73,-5.34,False,634752.15,6,23.0,2025-05-22,2026-05-21,False,-7.0,27.0,-17.03,-49.85,-32.17,24.67,275.0,2026-06-16,2026-06-01,-1.77,5.6,,0.48
GEM Enviro Management Ltd.,SME,gem-enviro-ipo,1745,2024-06-19,2024-06-26,42.36,75.0,185.79,149.62,99.49,37.2,INE0RUJ01013,,544199,160.22,462.89,,240.25,"3,17,929",12.7,22.03,2024-07-24,2024-09-22,BSE,GEMENVIRO,142.5,149.62,142.5,149.62,511,37.2,324.4,31.83,2024-07-16,2026-03-30,14,0.02726904,90.0,99.49,-50.4,332.53,-57.56,-75.14,False,7160.0,8,6.0,2024-07-04,2026-03-02,False,-10.5,404.0,-88.53,-90.16,5.0,111.82,1.0,2024-11-28,2024-06-27,78.55,69.13,21.13,0.1
Durlax Top Surface Ltd.,SME,durlax-top-surface-ipo,1747,2024-06-19,2024-06-26,38.76,68.0,156.03,103.55,52.28,50.2,INE0OUW01013,DURLAX,,48.29,415.06,,193.95,"1,93,949",4.03,8.98,2024-07-24,2024-09-22,NSE,DURLAX,109.0,109.0,103.55,103.55,498,50.2,109.0,30.55,2024-06-26,2026-01-20,0,0.344096,60.29,52.28,-26.18,60.29,-55.07,-51.52,True,69400.0,10,98.0,2024-11-14,2026-06-11,False,-13.5,,-53.94,-67.46,-39.16,37.28,,,,,,,
Falcon Technoprojects India Ltd.,SME,falcon-technoprojects-india-ipo,1748,2024-06-19,2024-06-26,13.01,92.0,65.89,88.2,-4.13,11.3,INE0PQK01013,FALCONTECH,,,45.02,,82.72,"48,723",,,,,NSE,FALCONTECH,84.0,88.2,82.0,88.2,463,11.3,91.85,10.1,2024-06-27,2026-07-17,1,0.0131511,-8.7,-4.13,-87.72,-0.16,-89.02,-87.19,False,11760.0,11,109.0,2024-12-17,2026-06-24,False,-41.5,461.0,-87.7,-88.42,-38.72,42.86,1.0,2024-06-27,2024-06-27,-14.73,-23.38,-43.34,0.77
Dindigul Farm Product Ltd.,SME,ennutrica-ipo,1750,2024-06-20,2024-06-27,33.07,54.0,142.31,107.73,99.5,15.0,INE0S6R01027,,544201,145.62,280.06,,201.44,"2,67,572",9.9,22.14,2024-07-25,2024-09-23,BSE,DFPL,102.6,107.73,102.6,107.73,485,15.0,144.2,9.91,2024-07-05,2026-03-18,6,0.0272143,90.0,99.5,-72.22,167.04,-81.65,-86.08,False,17500.0,8,99.0,2024-11-19,2026-03-20,False,-45.3,462.0,-89.6,-92.84,-9.31,43.16,1.0,2024-07-30,2024-06-28,5.43,-4.78,-34.44,1.24
Winny Immigration & Education Services Ltd.,SME,winny-immigration-ipo,1753,2024-06-20,2024-06-27,8.65,140.0,148.14,252.0,80.0,35.6,INE0S9101013,WINNY,,,109.65,,190.66,"58,915",,,,,NSE,WINNY,240.0,252.0,240.0,252.0,269,35.6,363.0,32.3,2024-07-12,2026-07-17,11,0.02446425,71.43,80.0,-74.57,159.29,-76.93,-85.87,False,6175.0,11,63.0,2024-10-22,2026-07-17,True,-8.6,134.0,-90.19,-90.09,-14.19,58.23,6.0,2025-04-02,2024-07-05,16.31,-2.29,19.0,0.14
Stanley Lifestyles Ltd.,Mainboard,stanley-lifestyles-ipo,1749,2024-06-21,2024-06-28,537.02,369.0,68.33,474.75,28.66,153.85,INE01A001028,STANLEY,544202,215.62,121.42,136.75,19.08,"21,56,995",161.11,23.08,2024-07-26,2024-09-24,NSE,STANLEY,494.95,509.4,470.2,474.75,512,153.85,627.5,123.0,2024-07-12,2026-03-30,10,3.20632338145,34.13,28.66,-58.31,70.05,-66.67,-67.59,False,205976.35,11,78.0,2024-10-21,2026-05-05,False,-26.6,458.0,-75.48,-79.63,2.07,30.1,6.0,2024-09-13,2024-07-08,6.41,0.76,-11.56,0.72
Medicamen Organics Ltd.,SME,medicamen-organics-ipo,1752,2024-06-21,2024-06-28,9.96,34.0,688.51,144.7,325.59,24.7,INE0PE401018,MEDIORG,,173.03,1343.83,,1309.77,"3,36,611",2.98,22.03,2024-07-26,2024-09-24,NSE,MEDIORG,137.85,144.7,130.95,144.7,458,24.7,159.4,19.1,2024-07-02,2026-06-12,2,0.043601,305.44,325.59,-27.35,368.82,-43.82,-82.93,True,17800.0,7,121.0,2025-01-13,2026-06-01,False,-51.7,456.0,-84.5,-87.23,-55.63,65.79,1.0,2024-07-01,2024-07-01,-20.47,-49.57,-57.24,0.5
Shivalic Power Control Ltd.,SME,shivalic-power-control-ipo,1756,2024-06-24,2024-07-01,60.96,100.0,178.25,326.55,226.55,69.15,INE0T7B01010,SPCL,,170.32,436.37,,230.14,"4,09,196",18.29,22.14,2024-07-27,2024-09-25,NSE,SPCL,311.0,326.55,297.0,326.55,511,69.15,396.75,59.0,2024-07-05,2026-03-30,4,0.11516085,211.0,226.55,-30.85,296.75,-41.0,-78.82,False,16560.0,4,342.0,2025-11-17,2026-03-27,False,5.8,496.0,-82.57,-84.61,-25.4,46.9,1.0,2024-07-22,2024-07-02,-1.47,-18.52,-36.74,0.36
Sylvan Plyboard (India) Ltd.,SME,sylvan-plyboard-ipo,1757,2024-06-24,2024-07-01,26.64,55.0,81.95,69.3,26.0,52.35,INE01IH01015,SYLVANPLY,,,75.42,,84.11,"1,01,854",,,,,NSE,SYLVANPLY,66.0,69.3,62.7,69.3,403,52.35,139.0,40.0,2024-07-18,2026-03-30,12,0.080248,20.0,26.0,-4.82,152.73,-27.27,-24.46,False,13900.0,7,103.0,2024-12-10,2026-03-25,False,-30.2,112.0,-62.34,-70.39,-4.98,105.56,1.0,2025-11-17,2024-07-02,94.53,63.57,36.29,0.33
Mason Infratech Ltd.,SME,mason-infratech-ipo,1760,2024-06-24,2024-07-01,28.93,64.0,23.11,92.4,44.38,120.0,INE0SH001010,MASON,,13.4,50.2,,36.59,"28,979",8.65,22.12,2024-07-27,2024-09-25,NSE,MASON,88.0,92.4,83.6,92.4,508,120.0,220.0,73.5,2025-11-12,2025-03-03,339,0.71322225,37.5,44.38,87.5,243.75,14.84,29.87,False,58075.0,9,37.0,2024-08-23,2026-07-17,True,-29.7,312.0,-45.45,-62.85,4.98,89.77,1.0,2025-04-15,2024-07-02,41.29,55.26,53.87,0.03
Visaman Global Sales Ltd.,SME,visaman-global-sales-ipo,1761,2024-06-24,2024-07-01,15.22,43.0,39.46,47.35,10.12,107.6,INE0BHK01012,VISAMAN,,,28.12,,51.54,"30,407",,,,,NSE,VISAMAN,45.1,47.35,45.1,47.35,327,107.6,145.0,34.0,2026-01-21,2025-05-23,270,0.12932875,4.88,10.12,150.23,237.21,-20.93,127.24,False,12050.0,9,113.0,2025-02-27,2026-03-20,False,97.4,167.0,-25.79,-31.72,-21.01,23.97,157.0,2025-07-02,2025-06-30,68.04,93.3,144.54,5.67
Allied Blenders & Distillers Ltd.,Mainboard,allied-blenders-ipo,1580,2024-06-25,2024-07-02,1500.0,281.0,17.61,317.9,13.13,620.75,INE552Z01027,ABDL,544203,53.01,34.09,39.76,4.73,"15,38,755",449.1,23.04,2024-07-28,2024-09-26,NSE,ABDL,320.0,324.8,306.7,317.9,510,620.75,711.7,279.0,2026-07-06,2025-04-07,495,42.46777922225,13.88,13.13,120.91,153.27,-0.71,95.27,False,645755.9,4,83.0,2024-10-30,2026-07-06,False,15.6,299.0,-12.78,-43.82,-11.28,20.54,1.0,2025-05-09,2024-07-03,-7.38,-10.44,1.76,0.29
Akiko Global Services Ltd.,SME,the-money-fair-ipo,1754,2024-06-25,2024-07-02,21.95,77.0,26.44,93.35,21.23,346.3,INE0PMR01017,AKIKO,,10.21,48.05,,45.57,"28,436",6.58,22.16,2024-07-31,2024-09-29,NSE,AKIKO,98.0,98.0,93.1,93.35,495,346.3,355.0,62.0,2026-07-22,2025-07-22,492,0.6866076,27.27,21.23,349.74,361.04,-19.48,270.97,True,22320.0,13,104.0,2024-12-03,2026-06-19,False,-14.1,241.0,-2.45,-33.98,-32.73,32.14,253.0,2025-07-28,2025-07-28,13.71,45.67,146.68,3.29
Divine Power Energy Ltd.,SME,divine-power-ipo,1755,2024-06-25,2024-07-02,21.6,40.0,304.19,152.3,280.75,565.8,INE0SCO01019,DPEL,,135.84,473.74,,507.94,"3,57,584",6.48,22.17,2024-07-28,2024-09-26,NSE,DPEL,155.0,162.75,147.25,152.3,505,565.8,599.0,66.25,2026-07-16,2024-10-07,498,5.16716175,287.5,280.75,1314.5,1397.5,65.62,271.5,True,102800.0,17,61.0,2024-09-27,2026-07-02,False,93.7,212.0,-5.54,-55.42,-45.5,40.51,292.0,2025-09-11,2025-09-11,26.87,45.83,36.75,10.38
Petro Carbon & Chemicals Ltd.,SME,petro-carbon-and-chemicals-ipo,1759,2024-06-25,2024-07-02,105.8,171.0,64.33,315.0,84.21,269.1,INE998U01015,PCCL,,94.49,129.91,,74.34,"2,01,314",31.72,21.9,2024-07-28,2024-09-26,NSE,PCCL,300.0,315.0,285.0,315.0,509,269.1,382.8,150.0,2024-07-08,2025-03-28,4,0.1318535,75.44,84.21,57.37,123.86,-12.28,-14.57,True,5240.0,11,35.0,2024-08-22,2026-06-22,False,-31.0,473.0,-29.7,-60.48,-18.73,40.25,1.0,2024-08-22,2024-07-03,-8.8,-11.59,-21.27,0.2
Vraj Iron & Steel Ltd.,Mainboard,vraj-iron-and-steel-ipo,1758,2024-06-26,2024-07-03,171.0,207.0,88.33,252.0,21.74,129.21,INE0S2V01010,VRAJ,544204,173.99,221.66,217.5,58.31,"22,25,789",51.3,23.08,2024-07-31,2024-09-29,NSE,VRAJ,240.0,252.0,240.0,252.0,509,129.21,296.7,93.0,2024-09-24,2026-03-30,57,1.28451931925,15.94,21.74,-37.58,43.33,-55.07,-48.73,True,94231.55,9,47.0,2024-09-10,2026-07-15,False,-7.3,452.0,-56.45,-66.46,-16.33,24.66,1.0,2024-09-23,2024-07-04,-10.74,-14.47,1.07,0.1
Diensten Tech Ltd.,SME,diensten-tech-ipo,1762,2024-06-26,2024-07-03,20.98,100.0,37.72,252.0,152.0,120.65,INE0JRD01019,DTL,,9.6,154.99,,35.87,"21,952",6.28,22.13,2024-07-31,2024-09-29,NSE,DTL,240.0,252.0,240.0,252.0,384,120.65,264.6,82.05,2024-07-04,2026-04-07,1,0.0481299,140.0,152.0,20.65,164.6,-17.95,-52.12,False,3780.0,10,60.0,2024-09-30,2026-03-04,False,12.6,382.0,-54.4,-63.82,-37.32,42.32,1.0,2024-07-04,2024-07-04,-23.46,-34.88,-41.65,0.71
Nephro Care India Ltd.,SME,nephro-care-india-ipo,1763,2024-06-28,2024-07-05,39.18,90.0,505.8,179.55,99.5,62.95,INE0SUN01013,NEPHROCARE,,245.14,1787.19,,634.12,"5,72,611",11.15,21.27,2024-08-02,2024-10-01,NSE,NEPHROCARE,171.0,179.55,171.0,179.55,506,62.95,378.8,50.05,2024-07-31,2026-03-30,17,0.0794441,90.0,99.5,-30.06,320.89,-44.39,-64.94,False,11880.0,15,8.0,2024-07-18,2026-02-18,False,-5.7,370.0,-83.38,-85.66,4.98,105.99,1.0,2025-01-20,2024-07-08,24.56,51.59,23.47,0.16
Emcure Pharmaceuticals Ltd.,Mainboard,emcure-pharma-ipo,1766,2024-07-03,2024-07-10,1952.03,1008.0,48.13,1359.15,34.84,1881.0,INE168P01015,EMCURE,544210,191.24,49.32,54.9,7.36,"28,45,226",582.61,22.98,2024-08-07,2024-10-06,NSE,EMCURE,1325.05,1385.0,1325.05,1359.15,504,1881.0,1944.0,889.0,2026-06-25,2025-04-07,483,25.735589328499998,31.45,34.84,86.61,92.86,-11.81,38.4,True,139989.45,10,84.0,2024-11-08,2026-03-09,False,-10.3,136.0,-3.24,-40.68,-9.87,13.91,30.0,2026-01-01,2024-08-23,0.66,4.57,-5.74,1.76
Bansal Wire Industries Ltd.,Mainboard,bansal-wire-ipo,1767,2024-07-03,2024-07-10,745.0,256.0,44.08,350.35,36.86,324.0,INE0B9K01025,BANSALWIRE,544209,153.86,54.21,55.27,14.37,"21,59,874",223.5,23.08,2024-08-07,2024-10-06,NSE,BANSALWIRE,356.0,372.0,336.0,350.35,504,324.0,503.95,222.5,2024-12-09,2026-03-30,103,12.0442328325,39.06,36.86,26.56,96.86,-13.09,-7.52,True,358966.65,12,86.0,2024-11-12,2026-06-29,False,-8.9,228.0,-35.71,-53.93,-7.21,17.38,16.0,2025-08-19,2024-08-02,-3.98,9.79,6.98,1.06
Ambey Laboratories Ltd.,SME,ambey-laboratories-ipo,1764,2024-07-04,2024-07-11,42.43,68.0,112.07,89.25,31.25,20.65,INE0M3I01029,DHANSA,,61.9,324.22,,195.06,"2,13,007",12.73,22.17,2024-08-08,2024-10-07,NSE,AMBEY,85.0,89.25,85.0,89.25,465,20.65,97.2,16.2,2024-07-15,2026-04-01,2,0.0292445,25.0,31.25,-69.63,42.94,-76.18,-76.86,False,13300.0,8,176.0,2025-03-27,2026-07-21,True,-10.9,463.0,-78.76,-79.83,-31.76,40.67,1.0,2024-07-12,2024-07-12,-19.69,-29.67,-32.98,0.12
Effwa Infra & Research Ltd.,SME,effwa-infra-and-research-ipo,1768,2024-07-05,2024-07-12,48.61,82.0,221.16,163.55,99.45,381.75,INE0U9101019,EFFWA,,166.56,477.27,,323.81,"4,61,456",14.34,21.86,2024-08-09,2024-10-08,NSE,EFFWA,155.8,163.55,155.8,163.55,502,381.75,399.95,147.55,2026-07-03,2025-03-18,486,0.5836719,90.0,99.45,365.55,387.74,79.94,133.41,True,15620.0,6,10.0,2024-07-29,2025-12-05,False,-16.0,331.0,-4.55,-60.94,4.98,123.66,1.0,2025-03-19,2024-07-15,78.57,89.2,45.6,0.12
Ganesh Green Bharat Ltd.,SME,ganesh-green-bharat-ipo,1769,2024-07-05,2024-07-12,118.94,190.0,161.77,379.05,99.5,262.8,INE0R8C01018,GGBL,,154.5,470.44,,176.88,"6,39,229",35.29,21.99,2024-08-09,2024-10-08,NSE,GGBL,361.0,379.05,361.0,379.05,502,262.8,635.0,215.0,2024-12-20,2026-03-30,110,0.96506445,90.0,99.5,38.32,234.21,13.16,-30.67,False,36150.0,2,231.0,2025-06-19,2026-05-21,False,-9.9,183.0,-58.61,-64.24,5.0,50.11,1.0,2025-10-24,2024-07-15,36.81,16.56,-2.64,0.14
Sahaj Solar Ltd.,SME,sahaj-solar-ipo,1771,2024-07-11,2024-07-19,49.89,180.0,354.76,359.1,99.5,124.35,INE0P4701011,SAHAJSOLAR,,214.27,862.35,,535.03,"6,43,638",14.83,22.01,2024-08-15,2024-10-14,NSE,SAHAJSOLAR,342.0,359.1,342.0,359.1,498,124.35,790.0,91.0,2024-08-27,2026-03-30,26,0.106034,90.0,99.5,-30.92,338.89,-49.44,-65.37,False,8480.0,5,8.0,2024-07-31,2025-11-12,False,-6.5,324.0,-84.26,-87.58,5.0,115.0,1.0,2025-03-28,2024-07-22,68.57,78.29,60.06,0.24
Aelea Commodities Ltd.,SME,aelea-commodities-ipo,1770,2024-07-12,2024-07-22,48.45,95.0,140.84,173.25,82.37,143.85,INE0T3401029,,544213,104.22,389.87,,164.95,"35,809",14.52,22.16,2024-08-17,2024-10-16,BSE,ACLD,165.0,173.25,156.75,173.25,497,143.85,344.0,106.0,2025-01-10,2026-03-30,119,0.258507,73.68,82.37,51.42,262.11,11.58,-16.97,False,16890.0,9,68.0,2024-10-28,2026-05-27,False,62.3,215.0,-58.18,-65.21,-9.38,53.1,1.0,2025-09-08,2024-07-23,-12.68,6.89,-0.67,0.39
Sati Poly Plast Ltd.,SME,sati-poly-plast-ipo,1772,2024-07-12,2024-07-22,16.45,130.0,347.55,259.35,99.5,37.5,INE0RPM01017,SATIPOLY,,146.0,569.52,,670.62,"2,97,083",4.93,22.11,2024-08-17,2024-10-16,NSE,SATIPOLY,247.0,259.35,247.0,259.35,444,37.5,268.7,27.15,2024-11-08,2026-04-01,71,0.016553875,90.0,99.5,-71.15,106.69,-79.12,-85.54,True,4700.0,13,60.0,2024-10-23,2026-06-25,False,-16.5,,-86.04,-89.13,-31.75,31.62,,,,,,,
Prizor Viztech Ltd.,SME,prizor-viztech-ipo,1773,2024-07-12,2024-07-22,23.76,87.0,156.01,173.55,99.48,845.0,INE0V9N01017,PRIZOR,,94.54,280.0,,264.2,"1,58,520",7.09,21.98,2024-08-17,2024-10-16,NSE,PRIZOR,165.3,173.55,165.3,173.55,497,845.0,939.2,105.1,2026-06-24,2025-03-28,475,0.879214,90.0,99.48,871.26,979.54,20.8,386.89,True,10700.0,7,38.0,2024-09-13,2026-04-30,False,11.8,291.0,-10.03,-53.1,-23.94,56.15,1.0,2025-05-21,2024-07-23,-8.1,-14.08,-12.18,2.47
Three M Paper Boards Ltd.,SME,three-m-paper-boards-ipo,1774,2024-07-12,2024-07-22,37.83,69.0,120.49,79.8,15.65,23.55,INE0UK501010,,544214,79.37,284.67,,175.19,"31,464",11.33,22.15,2024-08-17,2024-10-16,BSE,THREEMPAPE,76.0,79.8,76.0,79.8,423,23.55,82.7,18.27,2024-07-23,2026-03-30,1,0.0364293,10.14,15.65,-65.87,19.86,-73.52,-70.49,False,14200.0,7,81.0,2024-11-14,2026-03-24,False,25.5,,-71.52,-76.85,-21.68,25.31,,,,,,,
Tunwal E-Motors Ltd.,SME,tunwal-e-motors-ipo,1775,2024-07-15,2024-07-23,109.86,59.0,12.07,60.8,3.05,26.5,INE0OXV01027,TUNWAL,,,7.61,,16.64,"77,458",,,,,NSE,TUNWAL,64.0,64.0,60.8,60.8,496,26.5,64.0,25.15,2024-07-23,2026-06-17,0,0.250442,8.47,3.05,-55.08,8.47,-57.37,-56.41,False,94200.0,9,95.0,2024-12-09,2026-05-26,False,-25.1,,-58.59,-57.65,-26.64,21.71,,,,,,,
Kataria Industries Ltd.,SME,kataria-industries-ipo,1777,2024-07-16,2024-07-24,51.81,96.0,275.0,191.5,99.48,98.3,INE0SVY01018,KATARIA,,171.04,970.17,,274.61,"4,32,370",15.53,22.15,2024-08-21,2024-10-20,NSE,KATARIA,182.4,191.5,182.4,191.5,482,98.3,247.0,85.5,2024-08-01,2025-12-09,6,0.05913795,90.0,99.48,2.4,157.29,-10.94,-48.67,False,5910.0,17,36.0,2024-09-13,2026-07-01,False,-19.5,429.0,-60.2,-64.87,-12.45,41.44,1.0,2024-10-08,2024-07-25,-0.8,-5.79,8.38,0.39
Macobs Technologies Ltd.,SME,macobs-technologies-ipo,1778,2024-07-16,2024-07-24,18.48,75.0,164.61,100.8,34.4,207.1,INE0R0J01010,MACOBSTECH,,88.92,266.7,,176.87,"95,334",3.32,14.59,2024-08-21,2024-10-20,NSE,MACOBSTECH,96.0,100.8,96.0,100.8,440,207.1,249.0,94.25,2026-07-07,2024-08-01,428,0.4214726,28.0,34.4,176.13,232.0,25.67,105.46,False,18880.0,17,41.0,2024-09-20,2026-05-08,False,27.9,429.0,-16.83,-18.73,-6.5,64.24,1.0,2024-08-07,2024-07-25,6.42,46.42,32.35,0.5
Sanstar Ltd.,Mainboard,sanstar-ipo,1779,2024-07-19,2024-07-26,510.15,95.0,57.94,115.07,21.13,108.97,INE08NE01025,SANSTAR,544217,145.68,136.49,149.44,24.23,"15,28,659",153.05,23.08,2024-08-23,2024-10-22,NSE,SANSTAR,109.0,128.79,107.1,115.07,493,108.97,158.8,74.3,2024-09-12,2026-04-02,33,3.69758791995,14.74,21.13,14.71,67.16,-21.79,-5.3,False,320017.3,8,208.0,2025-05-30,2026-06-24,False,-15.3,382.0,-31.38,-50.1,-4.41,31.55,16.0,2025-01-03,2024-08-20,1.43,10.92,-15.23,3.8
RNFI Services Ltd.,SME,rnfi-services-ipo,1780,2024-07-22,2024-07-29,66.78,105.0,161.67,189.55,80.52,268.75,INE0SA001017,RNFI,,140.66,513.31,,142.62,"2,64,564",20.03,22.05,2024-08-24,2024-10-23,NSE,RNFI,199.5,199.95,189.55,189.55,486,268.75,404.0,109.8,2025-09-22,2024-10-23,280,0.82689045,90.0,80.52,155.95,284.76,4.57,41.78,True,32190.0,12,8.0,2024-08-08,2026-06-09,False,1.5,378.0,-33.48,-43.33,-33.58,28.59,107.0,2025-01-01,2025-01-01,19.25,39.53,8.63,16.0
V.L.Infraprojects Ltd.,SME,v-l-infraprojects-ipo,1781,2024-07-23,2024-07-30,17.51,42.0,442.65,83.75,99.4,27.55,INE0QXL01015,VLINFRA,,203.73,726.56,,844.22,"4,11,137",5.24,22.06,2024-08-25,2024-10-24,NSE,VLINFRA,79.8,83.75,79.8,83.75,469,27.55,141.0,18.0,2024-08-13,2026-03-30,10,0.01859775,90.0,99.4,-34.4,235.71,-57.14,-67.1,False,6750.0,9,114.0,2025-01-13,2026-04-23,False,-10.6,467.0,-80.46,-84.84,-2.33,70.69,1.0,2024-07-31,2024-07-31,28.56,10.64,-36.75,0.16
VVIP Infratech Ltd.,SME,vvip-infratech-ipo,1782,2024-07-23,2024-07-30,58.07,93.0,171.76,185.53,99.49,118.15,INE0MNP01016,,544219,168.45,456.82,,181.73,"2,07,834",17.41,22.14,2024-08-25,2024-10-24,BSE,VVIPIL,176.7,185.53,176.7,185.53,488,118.15,314.4,92.05,2024-08-21,2026-03-30,15,0.08912205,90.0,99.49,27.04,238.06,-1.02,-36.32,False,6300.0,11,198.0,2025-05-20,2026-06-04,False,0.7,224.0,-62.42,-68.15,5.0,64.46,1.0,2025-08-20,2024-07-31,46.23,36.29,6.01,0.19
Chetana Education Ltd.,SME,chetana-education-ipo,1784,2024-07-24,2024-07-31,43.57,85.0,137.89,103.8,22.12,47.8,INE0U1T01012,CHETANA,,101.22,468.42,,135.11,"1,51,598",13.06,22.15,2024-08-28,2024-10-27,NSE,CHETANA,98.9,103.8,93.95,103.8,451,47.8,129.0,30.1,2025-05-19,2026-03-30,189,0.112074,16.35,22.12,-43.76,51.76,-64.59,-53.95,True,24000.0,7,23.0,2024-09-03,2026-05-11,False,-10.2,266.0,-62.95,-74.68,-27.02,33.96,24.0,2025-05-12,2024-09-04,-17.16,-16.42,-13.55,2.62
Manglam Infra & Engineering Ltd.,SME,manglam-infra-and-engineering-ipo,1785,2024-07-24,2024-07-31,24.7,56.0,275.25,111.7,99.46,12.0,INE0R3101011,MIEL,,163.04,756.73,,371.72,"2,86,970",7.4,21.14,2024-08-28,2024-10-27,NSE,MIEL,106.4,111.7,106.4,111.7,459,12.0,123.1,10.7,2024-08-02,2026-04-01,2,0.011193,90.0,99.46,-78.57,119.82,-80.89,-89.26,False,8700.0,12,120.0,2025-01-23,2026-06-10,False,-25.0,457.0,-90.25,-90.7,-41.81,52.01,1.0,2024-08-01,2024-08-01,-23.58,-42.81,-58.68,0.08
Clinitech Laboratory Ltd.,SME,clinitech-laboratory-ipo,1783,2024-07-25,2024-08-01,5.48,96.0,38.71,120.75,25.78,41.5,INE0QMR01015,,544220,,23.28,,49.61,"18,408",,,,,BSE,CTLLAB,115.0,120.75,110.0,120.75,250,41.5,120.75,28.55,2024-08-01,2026-01-29,0,0.010312980000000001,19.79,25.78,-56.77,25.78,-70.26,-65.63,True,2520.0,7,78.0,2025-02-04,2026-03-17,False,-60.4,,-65.63,-75.16,-35.2,30.52,,,,,,,
Aprameya Engineering Ltd.,SME,aprameya-engineering-ipo,1786,2024-07-25,2024-08-01,27.76,58.0,135.1,75.6,30.34,149.0,INE0LQG01010,APRAMEYA,,90.29,339.99,,187.88,"1,57,442",8.32,22.15,2024-08-29,2024-10-28,NSE,APRAMEYA,72.0,75.6,72.0,75.6,462,149.0,360.0,55.0,2025-11-21,2024-10-07,300,0.096623125,24.14,30.34,156.9,520.69,-5.17,97.09,False,6450.0,10,47.0,2024-10-10,2026-05-29,False,85.7,382.0,-58.61,-59.04,-20.63,30.42,1.0,2024-11-27,2024-08-02,-3.15,-14.3,-18.53,0.78
Trom Industries Ltd.,SME,trom-industries-ipo,1789,2024-07-25,2024-08-01,29.79,115.0,323.0,229.4,99.48,58.0,INE0SYV01018,TROM,,197.07,751.9,,483.14,"3,65,255",8.93,22.16,2024-08-29,2024-10-28,NSE,TROM,218.5,229.4,218.5,229.4,478,58.0,330.95,42.9,2024-08-21,2026-03-30,13,0.02472435,90.0,99.48,-49.57,187.78,-62.7,-74.72,False,3900.0,4,100.0,2024-12-26,2025-09-19,False,-32.3,360.0,-82.47,-86.08,-2.79,47.06,1.0,2025-01-20,2024-08-02,21.28,11.85,-4.5,0.27
S A Tech Software India Ltd.,SME,s-a-tech-software-india-ipo,1787,2024-07-26,2024-08-02,21.33,59.0,432.87,117.7,99.49,32.75,INE0BSN01013,SATECH,,201.29,1178.97,,621.77,"3,93,580",6.38,21.72,2024-08-30,2024-10-29,NSE,SATECH,112.1,117.7,112.1,117.7,484,32.75,250.0,31.8,2024-08-27,2025-12-08,16,0.036257,90.0,99.49,-44.49,323.73,-46.1,-72.18,False,10450.0,7,189.0,2025-05-12,2026-03-25,False,-8.8,373.0,-86.9,-86.69,-13.3,125.7,1.0,2025-01-10,2024-08-05,21.45,51.23,7.49,1.39
Esprit Stones Ltd.,SME,esprit-stones-ipo,1788,2024-07-26,2024-08-02,47.82,87.0,131.4,97.8,12.41,57.0,INE0SBP01018,ESPRIT,,117.63,399.58,,145.75,"1,71,404",14.03,21.77,2024-08-30,2024-10-29,NSE,ESPRIT,93.15,97.8,93.15,97.8,472,57.0,159.45,52.0,2025-01-08,2025-12-22,108,0.1462424,7.07,12.41,-34.48,83.28,-40.23,-41.72,False,24480.0,16,94.0,2024-12-18,2026-07-13,False,15.0,212.0,-64.25,-65.8,-6.44,49.59,1.0,2025-08-25,2024-08-05,26.25,4.01,-6.5,1.07
Akums Drugs & Pharmaceuticals Ltd.,Mainboard,akums-drugs-and-pharmaceuticals-ipo,1794,2024-07-30,2024-08-06,1856.74,679.0,35.54,796.25,17.27,687.3,INE09XN01023,AKUMS,544222,90.09,42.1,47.43,20.8,"23,44,029",828.78,30.84,2024-09-01,2024-10-31,NSE,AKUMS,725.0,797.5,725.0,796.25,486,687.3,1175.9,405.0,2024-08-20,2025-04-07,9,23.9386623125,6.77,17.27,1.22,73.18,-40.35,-13.68,True,358931.05,12,68.0,2024-11-12,2026-06-11,False,-13.0,483.0,-41.55,-63.03,-1.64,49.32,2.0,2024-08-08,2024-08-08,17.61,8.15,5.68,0.07
Sathlokhar Synergys E&C Global Ltd.,SME,sathlokhar-synergys-e-c-global-ipo,1790,2024-07-30,2024-08-06,84.53,140.0,147.39,247.0,76.43,304.55,INE0RFP01011,SSEGL,,171.55,382.11,,160.47,"3,39,228",25.34,21.43,2024-09-01,2024-10-31,NSE,SSEGL,260.0,260.0,247.0,247.0,486,304.55,695.45,222.95,2024-09-05,2024-08-08,21,0.83775935,85.71,76.43,117.54,396.75,59.25,23.3,False,26400.0,3,187.0,2025-05-12,2026-03-27,False,1.8,481.0,-56.21,-56.68,-9.74,191.3,4.0,2024-08-12,2024-08-12,83.28,102.24,46.69,0.61
Bulkcorp International Ltd.,SME,bulkcorp-ipo,1791,2024-07-30,2024-08-06,19.73,105.0,185.0,136.5,30.0,57.35,INE0SZ301012,BULKCORP,,104.42,251.39,,362.17,"1,98,833",5.91,22.14,2024-09-01,2024-10-31,NSE,BULKCORP,130.0,136.5,130.0,136.5,361,57.35,144.65,38.05,2024-08-21,2026-05-27,10,0.0168357,23.81,30.0,-45.38,37.76,-63.76,-57.99,True,3180.0,12,39.0,2024-10-01,2026-03-23,False,-16.7,,-60.35,-71.47,-26.74,32.71,,,,,,,
Rajputana Industries Ltd.,SME,rajputana-industries-ipo,1792,2024-07-30,2024-08-06,22.52,38.0,272.99,75.8,99.47,70.45,INE0PCU01012,RAJINDLTD,,,,,,,6.12,20.4,2024-09-01,2024-10-31,NSE,RAJINDLTD,72.2,75.8,72.2,75.8,459,70.45,120.0,60.0,2024-08-21,2026-03-23,10,0.145876125,90.0,99.47,85.39,215.79,57.89,-7.06,False,19050.0,11,101.0,2025-01-01,2026-07-17,True,-19.5,6.0,-41.29,-44.08,4.95,53.36,1.0,2026-07-16,2024-08-07,30.04,6.03,10.75,0.17
Ashapura Logistics Ltd.,SME,ashapura-logistics-ipo,1793,2024-07-30,2024-08-06,50.03,144.0,129.87,175.75,22.05,55.9,INE0LAA01017,ASHALOG,,128.23,289.33,,174.21,"2,11,837",14.98,22.14,2024-09-01,2024-10-31,NSE,ASHALOG,185.0,194.25,175.75,175.75,465,55.9,194.25,49.6,2024-08-06,2026-07-01,0,0.07197075,28.47,22.05,-61.18,34.9,-65.56,-68.19,True,13700.0,11,131.0,2025-02-12,2026-07-01,False,-15.1,,-71.22,-71.55,-25.49,24.47,,,,,,,
Kizi Apparels Ltd.,SME,kizi-apparels-ipo,1795,2024-07-30,2024-08-06,5.29,21.0,115.21,24.3,15.71,19.0,INE0RMR01013,,544221,,89.58,,139.62,"37,137",,,,,BSE,KIZI,23.15,24.3,22.0,24.3,336,19.0,45.6,10.1,2024-09-06,2026-01-27,22,0.06086535,10.24,15.71,-9.52,117.14,-51.9,-21.81,True,33300.0,10,130.0,2025-03-20,2026-07-16,False,6.7,181.0,-58.33,-73.98,-11.73,99.38,1.0,2025-05-19,2024-08-07,-7.12,72.33,9.81,0.55
Utssav CZ Gold Jewels Ltd.,SME,utssav-cz-gold-jewels-ipo,1796,2024-07-31,2024-08-07,66.0,110.0,33.5,115.55,5.05,517.0,INE06IJ01010,UTSSAV,,36.43,64.47,,46.71,"81,742",19.8,22.17,2024-09-04,2024-11-03,NSE,UTSSAV,110.05,115.55,110.05,115.55,485,517.0,568.0,110.05,2026-07-17,2024-08-07,479,3.08813085,0.05,5.05,370.0,416.36,0.05,347.43,True,63120.0,6,61.0,2024-11-04,2026-03-18,False,15.0,483.0,-8.98,-50.99,4.98,109.48,1.0,2024-08-08,2024-08-08,43.57,64.34,72.01,0.04
Ceigall India Ltd.,Mainboard,ceigall-india-ipo,1798,2024-08-01,2024-08-08,1252.66,401.0,10.14,386.75,-3.55,337.1,INE0AG901020,CEIGALL,544223,31.26,14.83,16.28,3.82,"11,28,173",375.2,23.05,2024-09-04,2024-11-03,NSE,CEIGALL,419.0,424.8,383.25,386.75,484,337.1,424.8,222.61,2024-08-08,2025-12-09,0,15.636796910999998,4.49,-3.55,-15.94,5.94,-44.49,-12.84,False,424406.75,9,206.0,2025-06-10,2026-05-07,False,1.3,,-20.65,-44.0,-4.87,13.86,,,,,,,
Dhariwalcorp Ltd.,SME,dhariwalcorp-ipo,1797,2024-08-01,2024-08-08,23.84,106.0,125.81,142.5,34.43,32.8,INE0YRN01025,DHARIWAL,,76.93,279.17,,183.89,"1,22,286",7.0,21.76,2024-09-05,2024-11-04,NSE,DHARIWAL,78.7,78.7,78.7,78.7,112,32.8,80.15,28.5,2026-02-09,2026-06-17,1,0.2929095,-25.75,-25.75,-69.06,-24.39,-73.11,-58.32,False,84900.0,5,13.0,2026-02-25,2026-06-18,False,-57.6,97.0,-59.08,-63.88,-55.53,57.37,14.0,2026-02-26,2026-02-26,-52.42,-44.87,-59.22,5.46
Ola Electric Mobility Ltd.,Mainboard,ola-electric-ipo,1765,2024-08-02,2024-08-09,6145.56,76.0,2.85,91.2,20.0,37.08,INE0LXG01040,OLAELEC,544225,5.53,2.51,2.75,4.05,"13,47,824",2763.03,31.01,2024-09-05,2024-11-04,NSE,OLAELEC,76.0,91.2,76.0,91.2,483,37.08,157.4,22.25,2024-08-20,2026-03-16,6,400.35225995819997,0.0,20.0,-51.21,107.11,-70.72,-59.34,False,94462598.85,11,74.0,2024-11-27,2026-04-10,False,-30.0,405.0,-76.44,-84.42,4.17,68.42,1.0,2024-12-02,2024-08-12,16.53,5.54,-32.02,0.4
Afcom Holdings Ltd.,SME,afcom-holdings-ipo,1799,2024-08-02,2024-08-09,70.01,108.0,214.12,215.45,99.49,1337.35,INE0OXY01013,,544224,186.23,697.88,,202.83,"6,23,521",20.48,21.71,2024-09-06,2024-11-05,BSE,AFCOM,205.2,215.45,205.2,215.45,483,1337.35,1508.0,205.2,2026-07-10,2024-08-09,472,15.46763703,90.0,99.49,1138.29,1296.3,90.0,520.72,True,114174.0,10,12.0,2024-08-28,2026-05-05,False,36.5,481.0,-11.32,-49.35,0.05,126.22,1.0,2024-08-12,2024-08-12,78.6,95.14,136.38,0.06
Picturepost Studios Ltd.,SME,picture-post-studios-ipo,1800,2024-08-02,2024-08-09,17.77,24.0,189.96,31.5,31.25,2.7,INE0YAL01017,PPSL,,101.19,389.67,,308.09,"1,33,403",5.3,22.06,2024-09-06,2024-11-05,NSE,PPSL,30.0,31.5,28.5,31.5,464,2.7,45.6,2.1,2025-01-09,2026-07-20,103,0.0653115,25.0,31.25,-88.75,90.0,-91.25,-91.43,False,252300.0,19,7.0,2024-08-21,2026-07-14,False,-24.4,322.0,-94.08,-94.77,3.97,36.35,1.0,2025-03-07,2024-08-12,18.61,10.44,-0.61,0.05
Brainbees Solutions Ltd.,Mainboard,brainbees-solutions-firstcry-ipo,1801,2024-08-06,2024-08-13,4193.73,465.0,7.17,679.1,46.04,208.3,INE02RE01045,FIRSTCRY,544226,19.3,4.68,5.32,2.31,"5,73,431",1885.83,31.02,2024-09-08,2024-11-07,NSE,FIRSTCRY,651.0,707.7,640.0,679.1,481,208.3,734.0,202.56,2024-10-15,2026-07-09,43,33.327527569850005,40.0,46.04,-55.2,57.85,-56.44,-69.33,False,1519774.9,19,66.0,2024-11-18,2026-06-24,False,-24.2,438.0,-71.62,-71.85,-13.47,17.14,42.0,2024-10-14,2024-10-14,-14.12,-26.71,-22.77,1.87
Unicommerce eSolutions Ltd.,Mainboard,unicommerce-esolutions-ipo,1802,2024-08-06,2024-08-13,276.57,108.0,93.66,210.08,94.52,84.38,INE00U401027,UNIECOM,544227,138.75,252.46,266.49,130.99,"21,88,405",124.46,31.03,2024-09-07,2024-11-06,NSE,UNIECOM,235.0,255.99,206.0,210.08,481,84.38,263.99,78.51,2024-08-20,2026-03-30,4,5.3513904622,117.59,94.52,-21.87,144.44,-27.31,-59.83,False,603090.4,8,178.0,2025-05-06,2026-06-11,False,-4.8,,-68.04,-67.39,-10.94,36.6,,,,,,,
Aesthetik Engineers Ltd.,SME,aesthetik-engineers-ipo,1803,2024-08-08,2024-08-16,25.13,58.0,498.68,115.7,99.48,70.0,INE0TSF01011,AESTHETIK,,207.31,1933.96,,461.58,"3,50,343",7.52,22.12,2024-09-12,2024-11-11,NSE,AESTHETIK,110.2,115.7,110.2,115.7,442,70.0,155.6,59.6,2025-09-25,2026-03-30,273,0.044086,90.0,99.48,20.69,168.28,2.76,-39.5,False,6100.0,10,119.0,2025-02-05,2026-05-19,False,19.5,150.0,-55.01,-59.24,-42.91,53.11,1.0,2025-10-24,2024-08-19,-34.13,-37.51,-32.48,0.13
Saraswati Saree Depot Ltd.,Mainboard,saraswati-saree-depot-ipo,1542,2024-08-12,2024-08-20,160.01,160.0,108.44,203.7,27.31,52.47,INE0PQ101010,SSDL,544230,64.12,358.47,389.28,61.59,"21,70,552",,,,,NSE,SSDL,194.0,203.7,186.0,203.7,477,52.47,213.88,46.15,2024-08-21,2026-03-30,1,0.10252264575000002,21.25,27.31,-67.21,33.67,-71.16,-74.24,False,18679.2,2,70.0,2024-11-29,2024-12-16,False,-25.4,,-75.47,-76.85,-25.82,30.82,,,,,,,
Positron Energy Ltd.,SME,positron-energy-ipo,1804,2024-08-12,2024-08-20,48.65,250.0,289.59,498.75,99.5,177.0,INE0S3H01017,POSITRON,,231.41,805.84,,351.9,"3,99,755",14.58,22.16,2024-09-15,2024-11-14,NSE,POSITRON,475.0,498.75,475.0,498.75,477,177.0,668.2,105.9,2024-08-28,2026-03-30,6,0.08337825,90.0,99.5,-29.2,167.28,-57.64,-64.51,False,4680.0,7,121.0,2025-02-11,2026-04-01,False,18.3,475.0,-73.51,-82.43,-18.83,52.8,1.0,2024-08-21,2024-08-21,2.56,-16.43,-36.21,0.38
Sunlite Recycling Industries Ltd.,SME,sunlite-recycling-industries-ipo,1805,2024-08-12,2024-08-20,28.68,105.0,207.95,209.45,99.48,424.5,INE0U2N01013,SUNLITE,,109.05,584.1,,252.0,"2,00,844",8.59,22.13,2024-09-15,2024-11-14,NSE,SUNLITE,199.5,209.45,199.5,209.45,459,424.5,583.55,91.0,2026-04-27,2025-03-28,397,0.4797231,90.0,99.48,304.29,455.76,-13.33,102.67,False,11010.0,9,175.0,2025-05-20,2026-04-27,False,14.1,177.0,-27.26,-56.19,-28.24,28.5,281.0,2025-11-03,2025-11-03,25.02,36.89,79.24,4.59
Broach Lifecare Hospital Ltd.,SME,broach-lifecare-hospital-ipo,1807,2024-08-13,2024-08-21,3.81,25.0,157.83,49.87,99.48,13.11,INE0SFZ01018,,544231,,88.5,,226.32,"45,285",,,,,BSE,BROACH,47.5,49.87,45.6,49.87,168,13.11,52.36,12.4,2024-08-22,2026-01-05,1,0.0183033,90.0,99.48,-47.56,109.44,-50.4,-73.71,False,11700.0,0,,,,False,,166.0,-74.96,-75.17,-56.89,61.88,1.0,2024-08-22,2024-08-22,-42.23,-42.7,-57.89,0.15
Solve Plastic Products Ltd.,SME,solve-plastic-products-ipo,1808,2024-08-13,2024-08-21,11.25,91.0,33.86,107.1,17.69,20.85,INE0U0201016,BALCO,,,19.47,,46.76,"24,080",,,,,NSE,BALCO,102.0,107.1,102.0,107.1,353,20.85,112.45,13.4,2024-08-22,2026-03-30,1,0.0044088,12.09,17.69,-77.09,23.57,-85.27,-80.53,True,2280.0,6,109.0,2025-02-17,2026-02-27,False,-25.5,351.0,-81.46,-88.08,-49.53,54.53,1.0,2024-08-22,2024-08-22,-35.48,-45.13,-58.65,1.18
Interarch Building Products Ltd.,Mainboard,interarch-building-products-ipo,1811,2024-08-19,2024-08-26,600.29,900.0,65.75,1196.45,32.94,1799.3,INE00M901018,INTERARCH,544232,,,,,,179.49,23.01,2024-09-20,2024-11-19,NSE,INTERARCH,1299.0,1314.8,1179.05,1195.7,473,1799.3,2762.6,1110.15,2025-11-10,2024-09-04,299,6.8886240765,44.33,32.86,99.92,206.96,23.35,50.48,False,37321.15,5,83.0,2024-12-24,2026-05-14,False,-18.9,442.0,-34.87,-37.79,-7.15,29.91,19.0,2024-10-08,2024-09-20,-3.13,19.02,27.75,3.12
Brace Port Logistics Ltd.,SME,brace-port-logistics-ipo,1806,2024-08-19,2024-08-26,23.17,80.0,564.55,159.6,99.5,63.0,INE0R4Z01018,BRACEPORT,,450.04,854.49,,588.74,"4,41,557",4.3,14.98,2024-09-21,2024-11-20,NSE,BRACEPORT,152.0,159.6,152.0,159.6,414,63.0,184.65,42.9,2024-08-29,2026-03-30,3,0.0258888,90.0,99.5,-21.25,130.81,-46.38,-60.53,True,4400.0,6,54.0,2024-11-11,2026-03-27,False,-33.2,412.0,-65.88,-73.71,-40.16,55.86,1.0,2024-08-27,2024-08-27,-25.34,-37.24,-32.86,0.18
Forcas Studio Ltd.,SME,forcas-studio-ipo,1810,2024-08-19,2024-08-26,35.56,80.0,291.44,144.4,80.5,172.55,INE0U2501017,FORCAS,,205.39,701.85,,415.82,"4,04,590",10.65,22.15,2024-09-21,2024-11-20,NSE,FORCAS,152.0,159.6,144.4,144.4,446,172.55,178.0,65.05,2026-07-23,2025-03-28,444,1.1624224,90.0,80.5,115.69,122.5,-18.69,19.49,True,84400.0,15,51.0,2024-11-08,2026-07-03,False,1.8,2.0,-3.06,-50.93,-42.17,37.19,443.0,2026-07-22,2026-07-22,,,,1.24
Orient Technologies Ltd.,Mainboard,orient-technologies-ipo,1809,2024-08-21,2024-08-28,214.76,206.0,106.39,302.4,46.8,258.78,INE0PPK01015,ORIENTTECH,544235,188.79,310.03,343.45,68.93,"29,23,835",64.43,23.08,2024-09-24,2024-11-23,NSE,ORIENTTECH,288.0,302.4,287.2,302.4,471,258.78,674.85,220.8,2025-01-20,2026-03-30,99,51.2101643011,39.81,46.8,25.62,227.6,7.18,-14.42,False,1809835.3,12,48.0,2024-11-05,2026-07-15,False,17.5,54.0,-61.65,-66.17,-18.3,33.65,1.0,2026-05-07,2024-08-29,-3.42,-12.56,31.49,0.07
QVC Exports Ltd.,SME,qvc-exports-ipo,1812,2024-08-21,2024-08-28,22.86,86.0,506.51,152.95,77.85,23.55,INE0KZF01015,QVCEL,,,596.57,,418.64,"3,47,890",,,,,NSE,QVCEL,161.0,162.0,152.95,152.95,411,23.55,162.0,21.75,2024-08-28,2026-07-24,0,0.0114472,87.21,77.85,-72.62,88.37,-74.71,-84.6,False,4880.0,6,10.0,2024-09-11,2026-06-11,False,-43.4,,-85.46,-85.75,-68.19,63.19,,,,,,,
Ideal Technoplast Industries Ltd.,SME,ideal-technoplast-industries-ipo,1813,2024-08-21,2024-08-28,15.22,121.0,111.82,138.7,14.63,185.0,INE0T9I01011,IDEALTECHO,,,108.49,,115.57,"72,694",,,,,NSE,IDEALTECHO,132.1,138.7,132.1,138.7,347,185.0,259.8,88.0,2026-02-27,2024-11-11,303,0.094946125,9.17,14.63,52.89,114.71,-27.27,33.38,True,5175.0,13,90.0,2025-01-07,2026-07-21,True,-3.9,149.0,-28.79,-37.84,-33.99,38.97,1.0,2025-07-15,2024-08-29,-28.23,-32.69,-27.09,1.4
Resourceful Automobile Ltd.,SME,resourceful-automobile-ipo,1814,2024-08-22,2024-08-29,11.39,117.0,417.13,122.85,5.0,41.8,INE0SK201011,,544236,,315.61,,496.22,"2,48,114",,,,,BSE,RAL,117.0,122.85,111.15,122.85,272,41.8,128.0,31.03,2024-08-30,2026-04-28,1,0.01304886,0.0,5.0,-64.27,9.4,-73.48,-65.97,False,2520.0,4,97.0,2025-03-19,2026-02-02,False,10.5,270.0,-67.34,-73.78,-52.78,56.97,1.0,2024-08-30,2024-08-30,-30.82,-48.6,-56.35,0.69
Rapid Multimodal Logistics Ltd.,SME,rapid-multimodal-logistics-ipo,1816,2024-08-22,2024-08-30,8.06,84.0,349.91,108.1,28.69,132.3,INE0QA901010,,544237,,512.8,,172.55,"63,508",,,,,BSE,RAPID,103.0,108.15,99.0,108.1,319,132.3,147.35,44.44,2026-02-19,2025-06-06,292,0.0390844,22.62,28.69,57.5,75.42,-47.1,22.39,False,2840.0,9,160.0,2025-06-02,2026-01-21,False,58.9,45.0,-10.21,-56.06,-47.92,43.2,254.0,2026-01-14,2025-12-11,-23.9,5.54,20.88,5.34
Premier Energies Ltd.,Mainboard,premier-energies-ipo,1818,2024-08-27,2024-09-03,2830.4,450.0,52.82,839.9,86.64,1019.3,INE0BS701011,PREMIERENE,544238,212.42,50.98,58.0,7.44,"38,52,394",846.12,23.01,2024-09-28,2024-11-27,NSE,PREMIERENE,990.0,994.55,802.1,839.9,467,1019.3,1388.0,666.9,2024-12-17,2026-02-25,72,137.08528793999997,120.0,86.64,126.51,208.44,48.2,21.36,False,1288363.15,4,137.0,2025-03-21,2026-05-22,False,12.3,41.0,-26.56,-50.27,-4.39,55.35,2.0,2026-05-26,2024-09-05,9.38,4.24,20.9,1.05
Jay Bee Laminations Ltd.,SME,jay-bee-laminations-ipo,1817,2024-08-27,2024-09-03,84.5,146.0,84.76,291.25,99.49,88.0,INE0SMY01017,JAYBEE,,72.35,230.1,,87.88,"1,81,565",24.97,21.91,2024-09-29,2024-11-28,NSE,JAYBEE,277.4,291.25,277.4,291.25,467,88.0,456.0,70.0,2024-12-03,2026-02-27,62,0.15749625,90.0,99.49,-39.73,212.33,-52.05,-69.79,False,16525.0,9,37.0,2024-10-25,2025-11-04,False,-1.8,307.0,-80.7,-83.14,-22.75,44.27,1.0,2025-04-28,2024-09-04,-5.71,-20.08,39.34,1.21
Vdeal System Ltd.,SME,vdeal-system-ipo,1824,2024-08-27,2024-09-03,17.16,112.0,70.96,178.5,59.38,153.5,INE0U2M01015,VDEAL,,,61.46,,76.7,"48,973",,,,,NSE,VDEAL,170.0,178.5,161.5,178.5,427,153.5,260.0,100.25,2025-11-27,2025-03-27,291,0.08267685,51.79,59.38,37.05,132.14,-10.49,-14.01,False,5190.0,11,61.0,2024-12-02,2026-06-24,False,-17.3,26.0,-40.96,-48.72,-28.29,42.58,1.0,2026-06-16,2024-09-04,-23.16,-27.16,-8.72,0.36
Indian Phosphate Ltd.,SME,indian-phosphate-ipo,1815,2024-08-26,2024-09-03,63.66,99.0,196.87,178.7,80.51,55.0,INE0DHF01018,IPHL,,181.58,441.01,,243.02,"4,55,908",19.09,22.08,2024-09-29,2024-11-28,NSE,IPHL,188.1,197.5,178.7,178.7,458,55.0,197.5,42.4,2024-09-03,2025-03-28,0,0.0534822,90.0,80.51,-44.44,99.49,-57.17,-69.22,False,9540.0,14,7.0,2024-09-12,2026-06-16,False,-40.0,,-72.15,-75.04,-44.04,39.06,,,,,,,
ECOS (India) Mobility & Hospitality Ltd.,Mainboard,eco-mobility-ipo,1820,2024-08-28,2024-09-04,601.2,334.0,44.98,443.15,32.68,126.9,INE06HJ01020,ECOSMOBLTY,544239,136.85,71.17,74.66,19.66,"24,96,399",180.36,23.08,2024-10-01,2024-11-30,NSE,ECOSMOBLTY,390.0,456.0,380.0,443.15,466,126.9,593.7,103.94,2024-09-17,2026-03-30,9,0.56860096245,16.77,32.68,-62.01,77.75,-68.88,-71.36,False,43126.2,12,94.0,2025-01-20,2026-05-26,False,-22.8,446.0,-78.63,-82.23,-7.02,40.99,1.0,2024-10-01,2024-09-05,5.54,0.25,-30.3,0.34
Aeron Composite Ltd.,SME,aeron-composite-ipo,1821,2024-08-28,2024-09-04,53.25,125.0,27.61,157.5,26.0,79.2,INE0WL801011,AERON,,27.82,75.53,,33.77,"47,889",15.18,21.29,2024-10-02,2024-12-01,NSE,AERON,150.0,157.5,150.0,157.5,464,79.2,202.2,70.0,2024-12-30,2026-03-30,79,0.09581975,20.0,26.0,-36.64,61.76,-44.0,-49.71,False,11750.0,6,57.0,2024-11-27,2026-05-21,False,-8.9,366.0,-60.83,-62.84,-21.62,31.84,1.0,2025-01-23,2024-09-05,-19.56,-17.42,-10.77,0.05
Paramatrix Technologies Ltd.,SME,paramatrix-technologies-ipo,1819,2024-08-27,2024-09-04,32.13,110.0,10.25,120.8,9.82,58.0,INE0S2W01018,PARAMATRIX,,,6.23,,11.86,"14,432",,,,,NSE,PARAMATRIX,115.05,120.8,115.05,120.8,322,58.0,133.1,51.0,2024-09-06,2026-07-17,2,0.0293256,4.59,9.82,-47.27,21.0,-53.64,-51.99,False,4860.0,10,68.0,2025-01-10,2026-03-23,False,-8.7,320.0,-56.42,-54.65,-20.07,30.26,1.0,2024-09-05,2024-09-05,-17.9,-14.83,-28.63,0.12
Travels & Rentals Ltd.,SME,travels-rentals-ipo,1828,2024-08-29,2024-09-05,11.63,40.0,607.52,57.75,44.38,8.0,INE0SG001011,,544242,,754.64,,429.9,"2,58,337",,,,,BSE,TRAVELS,55.0,57.75,52.25,57.75,361,8.0,157.95,7.25,2024-10-03,2026-07-21,19,0.0321,37.5,44.38,-80.0,294.87,-81.88,-86.15,False,35100.0,6,109.0,2025-03-06,2026-06-15,False,-26.9,219.0,-94.94,-95.08,-0.26,173.77,1.0,2025-05-16,2024-09-06,78.67,138.83,73.18,0.2
Baazar Style Retail Ltd.,Mainboard,baazar-style-retail-ipo,1825,2024-08-30,2024-09-06,834.68,389.0,28.83,400.0,2.83,280.4,INE01FR01028,STYLEBAAZA,544243,81.83,59.41,69.27,9.07,"16,29,583",250.1,23.05,2024-10-03,2024-12-02,NSE,STYLEBAAZA,389.0,431.15,378.4,400.0,464,280.4,431.15,181.0,2024-09-06,2025-02-18,0,7.8173413067499995,0.0,2.83,-27.92,10.84,-53.47,-29.9,False,265179.8,14,62.0,2024-12-06,2026-06-17,False,-36.3,,-34.96,-55.46,-14.85,21.9,,,,,,,
Boss Packaging Solutions Ltd.,SME,boss-packaging-solutions-ipo,1826,2024-08-30,2024-09-06,7.97,66.0,133.84,86.6,31.21,34.2,INE0QNI01012,BOSS,,,103.8,,165.29,"49,919",,,,,NSE,BOSS,82.5,86.6,78.4,86.6,306,34.2,86.6,31.75,2024-09-06,2026-07-17,0,0.0173415,25.0,31.21,-48.18,31.21,-51.89,-60.51,False,4800.0,3,150.0,2025-05-28,2026-01-20,False,-15.1,,-60.51,-61.49,-34.87,31.76,,,,,,,
Gala Precision Engineering Ltd.,Mainboard,gala-precision-engineering-ipo,1829,2024-09-02,2024-09-09,167.93,529.0,145.78,757.15,43.13,1146.3,INE0RE001014,GALAPREC,544244,232.54,414.62,439.67,91.95,"34,44,648",50.29,23.04,2024-10-04,2024-12-03,NSE,GALAPREC,721.1,757.15,721.1,757.15,463,1146.3,1480.0,671.2,2024-12-27,2026-03-02,75,7.130209468750001,36.31,43.13,116.69,179.77,26.88,51.4,False,60856.15,14,36.0,2024-10-30,2026-06-15,False,-13.8,57.0,-22.55,-50.03,-9.93,38.7,10.0,2026-05-04,2024-09-23,-1.52,4.56,40.42,2.33
Jeyyam Global Foods Ltd.,SME,jeyyam-global-foods-ipo,1827,2024-09-02,2024-09-09,77.84,61.0,75.18,64.05,5.0,26.2,INE0RXB01022,JEYYAM,,54.62,321.82,,70.43,"1,57,278",23.03,21.94,2024-10-05,2024-12-04,NSE,JEYYAM,61.0,64.05,57.95,64.05,460,26.2,74.5,21.6,2025-10-24,2026-07-14,279,0.1163565,0.0,5.0,-57.05,22.13,-64.59,-59.09,True,47500.0,12,60.0,2024-12-05,2026-07-10,False,-29.3,145.0,-64.83,-68.71,-18.81,27.95,14.0,2025-12-15,2024-09-27,-7.71,-11.37,-31.3,6.32
Naturewings Holidays Ltd.,SME,naturewings-holidays-ipo,1834,2024-09-03,2024-09-10,6.68,74.0,387.56,90.25,21.96,68.23,INE0N4701016,,544245,,270.65,,487.17,"2,14,072",,,,,BSE,NHL,95.0,99.5,90.25,90.25,235,68.23,99.5,42.0,2024-09-10,2025-03-03,0,0.03548632,28.38,21.96,-7.8,34.46,-43.24,-24.4,False,4800.0,5,46.0,2024-11-18,2026-07-22,True,-14.0,,-31.43,-55.37,-50.97,45.97,,,,,,,
Mach Conferences & Events Ltd.,SME,mach-conferences-and-events-ipo,1831,2024-09-04,2024-09-11,118.53,225.0,137.14,295.55,31.36,149.2,INE0UYT01018,,544248,146.66,403.69,,136.49,"4,73,481",35.51,22.08,2024-10-09,2024-12-08,BSE,MCEL,300.0,314.0,285.0,295.55,457,149.2,314.0,90.0,2024-09-11,2025-12-24,0,0.19619235,33.33,31.36,-33.69,39.56,-60.0,-49.52,True,14070.0,9,72.0,2024-12-26,2026-04-30,False,-22.8,,-52.48,-69.0,-25.56,29.44,,,,,,,
Namo eWaste Management Ltd.,SME,namo-ewaste-management-ipo,1832,2024-09-04,2024-09-11,48.63,85.0,165.14,169.55,99.47,278.1,INE08NZ01012,NAMOEWASTE,,151.75,394.2,,195.54,"2,44,812",14.58,22.16,2024-10-09,2024-12-08,NSE,NAMOEWASTE,161.5,169.55,161.5,169.55,461,278.1,319.4,127.0,2026-07-01,2025-07-11,443,1.0146686,90.0,99.47,227.18,275.76,49.41,64.02,False,34440.0,10,39.0,2024-11-06,2026-01-29,False,-19.7,69.0,-12.93,-49.98,-20.26,50.58,10.0,2026-04-15,2024-09-25,-8.22,-8.19,14.71,2.17
Shree Tirupati Balajee Agro Trading Co.Ltd.,Mainboard,shree-tirupati-balajee-ipo,1835,2024-09-05,2024-09-12,169.65,83.0,86.7,94.5,13.86,27.07,INE0S2G01011,BALAJEE,544249,150.87,210.12,225.47,73.22,"27,36,926",50.9,23.08,2024-10-09,2024-12-08,NSE,BALAJEE,90.0,94.5,90.0,94.5,460,27.07,99.22,21.1,2024-09-13,2026-03-30,1,0.17680629155000002,8.43,13.86,-67.39,19.54,-74.58,-71.35,False,61407.95,13,54.0,2024-12-02,2026-07-13,False,-29.9,458.0,-72.72,-78.55,-26.88,31.87,1.0,2024-09-13,2024-09-13,-17.11,-22.6,-22.36,0.51
My Mudra Fincorp Ltd.,SME,my-mudra-fincorp-ipo,1833,2024-09-05,2024-09-12,31.57,110.0,75.91,123.5,12.27,76.5,INE0RVQ01016,MYMUDRA,,48.83,159.37,,108.77,"91,147",9.45,22.13,2024-10-10,2024-12-09,NSE,MYMUDRA,130.0,130.05,123.5,123.5,444,76.5,130.05,51.6,2024-09-12,2025-03-28,0,0.269016,18.18,12.27,-30.45,18.23,-53.09,-38.06,True,37080.0,20,123.0,2025-03-13,2026-07-22,True,35.1,,-41.18,-58.22,-35.22,30.77,,,,,,,
Vision Infra Equipment Solutions Ltd.,SME,vision-infra-equipment-solutions-ipo,1836,2024-09-06,2024-09-13,100.73,163.0,47.93,215.25,32.06,314.25,INE0TR001017,VIESL,,60.94,180.39,,24.14,"65,269",30.21,22.15,2024-10-11,2024-12-10,NSE,VIESL,205.0,215.25,200.0,215.25,459,314.25,375.9,111.95,2026-05-11,2025-03-03,406,0.6092028,25.77,32.06,92.79,130.61,-31.32,45.99,True,19560.0,6,65.0,2024-12-18,2026-05-12,False,-44.8,118.0,-16.4,-47.5,-26.13,26.02,66.0,2026-01-29,2024-12-19,-3.98,-9.39,-47.3,1.56
Bajaj Housing Finance Ltd.,Mainboard,bajaj-housing-finance-ipo,1822,2024-09-09,2024-09-16,6560.0,70.0,49.63,165.0,135.71,84.19,INE377Y01014,BAJAJHFL,544252,222.05,43.98,50.53,7.41,"89,07,250",1758.0,21.13,2024-10-12,2024-12-11,NSE,BAJAJHFL,150.0,165.0,146.0,165.0,458,84.19,188.5,72.65,2024-09-18,2026-03-30,2,42.63360683815001,114.29,135.71,20.27,169.29,3.79,-48.98,False,4773951.6,6,55.0,2024-12-05,2026-07-03,False,-24.9,456.0,-55.34,-59.73,-22.27,36.51,1.0,2024-09-17,2024-09-17,-15.75,-22.56,-27.02,0.39
Tolins Tyres Ltd.,Mainboard,tolins-tyres-ipo,1837,2024-09-09,2024-09-16,230.0,226.0,17.83,239.4,5.93,102.7,INE0RWQ01014,TOLINS,544254,26.72,28.8,26.39,22.45,"13,59,828",69.0,23.08,2024-10-12,2024-12-12,NSE,TOLINS,228.0,239.4,227.5,239.4,458,102.7,259.2,83.04,2024-12-05,2026-03-30,55,0.8768457239999998,0.88,5.93,-54.56,14.69,-63.26,-57.1,False,82234.25,12,43.0,2024-11-18,2026-07-02,False,-22.9,404.0,-60.38,-65.81,-33.5,31.58,53.0,2024-12-03,2024-12-03,-11.03,-19.12,-50.41,4.6
Kross Ltd.,Mainboard,kross-ipo,1839,2024-09-09,2024-09-16,500.0,240.0,12.74,259.81,8.25,206.13,INE0O6601022,KROSS,544253,24.55,23.4,23.21,11.26,"13,38,438",150.0,23.08,2024-10-11,2024-12-10,NSE,KROSS,240.0,270.89,231.96,259.81,458,206.13,270.89,150.06,2024-09-16,2025-04-07,0,38.26308013844999,0.0,8.25,-14.11,12.87,-37.48,-20.66,True,1803167.7,14,36.0,2024-11-06,2026-07-20,True,-13.2,,-23.91,-40.48,-39.19,43.11,,,,,,,
Aditya Ultra Steel Ltd.,SME,aditya-ultra-steel-ipo,1838,2024-09-09,2024-09-16,43.59,62.0,10.67,66.4,7.1,26.0,INE01YQ01013,AUSL,,1.21,12.16,,23.26,"28,637",,,,,NSE,AUSL,69.9,72.0,66.4,66.4,384,26.0,72.0,17.35,2024-09-16,2026-03-30,0,0.0300495,12.74,7.1,-58.06,16.13,-72.02,-60.84,True,11500.0,17,84.0,2025-01-29,2026-07-03,False,-34.0,,-63.89,-73.64,-24.7,19.73,,,,,,,
Shubhshree Biofuels Energy Ltd.,SME,shubhshree-biofuels-energy-ipo,1840,2024-09-09,2024-09-16,15.71,119.0,90.52,198.45,66.76,342.0,INE0UL701015,SHUBHSHREE,,31.32,245.74,,135.65,"52,361",4.68,22.04,2024-10-12,2024-12-11,NSE,SHUBHSHREE,189.0,198.45,179.55,198.45,410,342.0,494.95,179.55,2025-07-31,2024-09-16,205,0.0613251,58.82,66.76,187.39,315.92,50.88,72.34,True,1875.0,10,98.0,2025-02-13,2026-05-27,False,10.6,408.0,-30.9,-40.6,0.78,58.18,1.0,2024-09-17,2024-09-17,17.18,12.72,57.19,0.09
Share Samadhan Ltd.,SME,share-samadhan-ipo,1842,2024-09-09,2024-09-16,22.85,74.0,10.35,74.87,1.18,33.0,INE0LY301010,,544251,2.66,22.44,,18.04,"19,197",6.83,22.12,2024-10-12,2024-12-11,BSE,SSL,73.05,76.0,69.4,74.87,412,33.0,96.5,29.35,2025-01-09,2026-06-15,79,0.01988672,-1.28,1.18,-55.41,30.41,-60.34,-55.92,False,6240.0,12,23.0,2024-10-18,2026-03-27,False,16.7,277.0,-65.8,-68.44,-26.54,30.72,74.0,2025-04-01,2025-01-02,7.34,-0.43,4.66,2.1
Gajanand International Ltd.,SME,gajanand-international-ipo,1846,2024-09-09,2024-09-16,19.61,36.0,14.98,39.9,10.83,8.6,INE0QTE01018,GAJANAND,,,5.79,,24.18,"21,955",,,,,NSE,GAJANAND,42.0,43.0,39.9,39.9,349,8.6,43.0,6.25,2024-09-16,2026-03-23,0,0.00535875,16.67,10.83,-76.11,19.44,-82.64,-78.45,True,6450.0,6,50.0,2024-12-16,2026-03-27,False,-28.0,,-80.0,-84.09,-53.13,48.12,,,,,,,
P N Gadgil Jewellers Ltd.,Mainboard,p-n-gadgil-jewellers-ipo,1841,2024-09-10,2024-09-17,1100.0,480.0,44.13,793.3,65.27,647.0,INE953R01016,PNGJL,544256,136.85,56.08,59.11,16.58,"39,86,537",330.0,23.08,2024-10-13,2024-12-12,NSE,PNGJL,830.0,848.0,781.5,793.3,457,647.0,848.0,473.8,2024-09-17,2025-04-07,0,33.14017073375,72.92,65.27,34.79,76.67,-1.29,-18.44,True,546439.6,8,56.0,2024-12-09,2026-07-22,True,-28.3,,-23.7,-38.85,-14.14,19.4,,,,,,,
SPP Polymer Ltd.,SME,spp-polymer-ipo,1843,2024-09-10,2024-09-17,23.25,59.0,41.1,59.85,1.44,13.05,INE0QR801013,SPPPOLY,,,22.35,,59.87,"58,975",,,,,NSE,SPPPOLY,63.0,63.0,59.85,59.85,360,13.05,63.0,10.3,2024-09-17,2026-04-01,0,0.008222,6.78,1.44,-77.88,6.78,-82.54,-78.2,True,6300.0,5,58.0,2024-12-18,2026-07-03,False,-44.8,,-79.29,-81.95,-41.94,36.93,,,,,,,
Innomet Advanced Materials Ltd.,SME,innomet-advanced-materials-ipo,1845,2024-09-11,2024-09-18,32.52,100.0,295.99,199.5,99.5,184.15,INE0S1D01010,INNOMET,,,367.77,,226.97,"3,07,543",,,,,NSE,INNOMET,190.0,199.5,190.0,199.5,440,184.15,257.0,63.15,2024-09-26,2026-03-13,6,0.7285524,90.0,99.5,84.15,157.0,-36.85,-7.69,True,44940.0,18,40.0,2024-11-14,2026-07-17,True,-11.1,270.0,-28.35,-74.2,-12.26,41.08,1.0,2025-06-12,2024-09-19,6.14,-4.51,-8.57,1.54
Excellent Wires & Packaging Ltd.,SME,excellent-wires-and-packaging-ipo,1830,2024-09-11,2024-09-19,11.95,90.0,22.37,82.05,-8.83,208.0,INE0Y4801011,EXCELLENT,,,8.75,,32.0,"13,278",,,,,NSE,EXCELLENT,85.0,89.25,80.75,82.05,295,208.0,214.9,36.9,2026-07-22,2025-11-19,293,0.1743984,-5.56,-8.83,131.11,138.78,-59.0,153.5,True,8720.0,4,67.0,2025-02-13,2026-01-23,False,-25.8,71.0,-3.21,-53.08,-17.12,12.19,199.0,2026-03-27,2026-02-19,2.56,11.36,75.33,4.26
Sodhani Academy of Fintech Enablers Ltd.,SME,sodhani-academy-of-fintech-enablers-ipo,1851,2024-09-12,2024-09-23,5.81,40.0,437.63,55.65,39.12,149.8,INE0Q3401017,,544257,,511.34,,358.47,"1,39,460",,,,,BSE,SAFE,53.0,55.65,53.0,55.65,363,149.8,348.0,53.0,2025-10-27,2024-09-23,234,0.127405875,32.5,39.12,274.5,770.0,32.5,169.18,False,7650.0,6,60.0,2024-12-24,2026-06-15,False,45.4,361.0,-56.95,-57.21,2.08,146.45,1.0,2024-09-24,2024-09-24,20.66,24.08,173.49,0.06
Arkade Developers Ltd.,Mainboard,arkade-developers-ipo,1849,2024-09-16,2024-09-24,410.0,128.0,80.78,165.86,29.58,135.61,INE0QRL01017,ARKADE,544261,172.6,172.22,169.95,53.78,"50,34,489",122.4,22.99,2024-10-20,2024-12-19,NSE,ARKADE,175.0,190.0,164.8,165.86,452,135.61,213.69,92.62,2025-07-18,2026-03-30,202,10.3341670276,36.72,29.58,5.95,66.95,-27.64,-18.24,True,770403.85,7,47.0,2024-12-03,2026-07-13,False,-16.6,228.0,-36.54,-54.59,-21.02,25.09,172.0,2025-08-19,2025-06-06,-1.21,-1.2,-10.26,2.71
Northern Arc Capital Ltd.,Mainboard,northern-arc-capital-ipo,1855,2024-09-16,2024-09-24,777.0,263.0,80.97,323.4,22.97,299.4,INE850M01015,NORTHARC,544260,242.73,147.58,160.48,32.01,"52,56,107",228.86,22.72,2024-10-19,2024-12-18,NSE,NORTHARC,350.0,350.0,308.2,323.4,452,299.4,350.0,141.47,2024-09-24,2025-04-07,0,26.737225537249994,33.08,22.97,13.84,33.08,-46.21,-7.42,False,863354.85,6,135.0,2025-04-11,2026-05-11,False,34.0,,-14.46,-48.6,-29.92,32.08,,,,,,,
Western Carriers (India) Ltd.,Mainboard,western-carriers-india-ipo,1844,2024-09-13,2024-09-24,492.88,172.0,22.51,159.44,-7.3,89.98,INE0CJF01024,WCIL,544258,28.81,46.68,41.65,26.92,"28,87,712",147.86,23.08,2024-10-19,2024-12-18,NSE,WCIL,171.0,177.0,158.51,159.44,452,89.98,177.0,65.1,2024-09-24,2025-04-07,0,0.4936073345499999,-0.58,-7.3,-47.69,2.91,-62.15,-43.56,False,51607.55,5,69.0,2025-01-03,2025-08-20,False,-36.3,,-49.16,-57.28,-22.54,27.81,,,,,,,
Osel Devices Ltd.,SME,osel-devices-ipo,1854,2024-09-16,2024-09-24,67.11,160.0,135.8,207.95,29.97,430.8,INE0RMF01018,OSELDEVICE,,78.01,321.4,,206.07,"3,78,345",20.12,22.17,2024-10-20,2024-12-19,NSE,OSELDEVICE,198.05,207.95,190.1,207.95,452,430.8,835.0,169.6,2025-11-20,2024-10-08,286,0.9636428,23.78,29.97,169.25,421.88,6.0,107.17,False,21320.0,11,60.0,2024-12-20,2026-07-16,False,6.2,298.0,-48.41,-46.39,-18.44,34.82,12.0,2025-05-12,2024-10-11,-16.0,-5.61,47.06,1.93
Pelatro Ltd.,SME,pelatro-ipo,1856,2024-09-16,2024-09-24,53.17,200.0,15.96,288.75,44.38,263.0,INE0VG601013,PELATRO,,15.22,55.31,,12.58,"19,151",,,,,NSE,PELATRO,275.0,288.75,275.0,288.75,435,263.0,559.9,246.0,2024-12-30,2026-07-13,65,0.151289775,37.5,44.38,31.5,179.95,23.0,-8.92,False,5745.0,13,28.0,2024-11-04,2026-06-16,False,8.0,24.0,-53.03,-53.51,-8.92,65.45,1.0,2026-06-16,2024-09-25,-6.55,-3.36,28.06,0.3
Envirotech Systems Ltd.,SME,envirotech-systems-ipo,1848,2024-09-13,2024-09-24,26.31,56.0,64.33,111.7,99.46,77.25,INE0SUH01015,ENVIRO,,68.12,187.14,,64.16,"52,807",7.87,20.66,2024-10-20,2024-12-19,NSE,ENVIRO,106.4,111.7,106.4,111.7,448,77.25,173.0,70.55,2025-09-11,2026-06-12,239,0.2143995,90.0,99.46,37.95,208.93,25.98,-30.84,False,27500.0,9,146.0,2025-04-30,2026-06-01,False,15.6,54.0,-55.35,-55.36,-20.28,50.09,1.0,2026-05-07,2024-09-25,-0.26,-18.68,13.01,0.12
Deccan Transcon Leasing Ltd.,SME,deccan-transcon-leasing-ipo,1850,2024-09-13,2024-09-24,61.5,108.0,82.33,110.25,2.08,22.5,INE0S7C01019,DECCANTRAN,,42.07,147.76,,127.18,"2,11,219",15.12,18.86,2024-10-19,2024-12-18,NSE,DECCANTRAN,116.0,117.9,110.2,110.25,414,22.5,117.9,16.25,2024-09-24,2026-03-30,0,0.0219231,7.41,2.08,-79.17,9.17,-84.95,-79.59,True,10140.0,13,58.0,2024-12-18,2026-06-03,False,-16.8,,-80.92,-84.94,-45.53,40.54,,,,,,,
Popular Foundations Ltd.,SME,popular-foundations-ipo,1852,2024-09-13,2024-09-24,18.87,37.0,9.35,37.07,0.19,31.0,INE0PZB01013,,544259,,3.54,,14.89,"23,785",,,,,BSE,PFL,37.0,37.5,35.15,37.07,449,31.0,38.0,21.95,2024-09-25,2025-03-28,1,0.20386845,0.0,0.19,-16.22,2.7,-40.68,-16.37,True,64950.0,16,120.0,2025-03-19,2026-07-03,False,21.5,,-18.42,-36.88,-13.11,15.62,,,,,,,
Paramount Speciality Forgings Ltd.,SME,paramount-speciality-forgings-ipo,1853,2024-09-17,2024-09-25,30.72,59.0,51.85,87.15,47.71,31.0,INE0Q6001012,PSFL,,20.88,220.24,,41.35,"37,714",9.2,22.15,2024-10-22,2024-12-21,NSE,PSFL,83.0,87.15,83.0,87.15,428,31.0,87.15,21.15,2024-09-25,2026-03-30,0,0.091102,40.68,47.71,-47.46,47.71,-64.15,-64.43,False,27200.0,10,55.0,2024-12-16,2026-06-18,False,-31.0,,-64.43,-73.03,-25.3,22.26,,,,,,,
Kalana Ispat Ltd.,SME,kalana-ispat-ipo,1865,2024-09-19,2024-09-26,30.95,66.0,57.35,47.4,-28.18,18.15,INE0T0L01014,KALANA,,,40.69,,74.54,"87,403",,,,,NSE,KALANA,45.15,47.4,43.0,47.4,411,18.15,55.0,15.1,2025-03-24,2026-02-24,120,0.025584,-31.59,-28.18,-72.5,-16.67,-77.12,-61.71,False,13600.0,15,44.0,2024-12-02,2026-03-04,False,-1.2,255.0,-67.0,-71.65,-21.84,31.96,1.0,2025-05-21,2024-09-27,-10.15,-25.13,-10.55,0.08
Bikewo Green Tech Ltd.,SME,bikewo-greentech-ipo,1857,2024-09-20,2024-09-27,22.88,62.0,41.65,47.25,-23.79,59.25,INE0SQH01013,BIKEWO,,43.03,22.48,,61.04,"53,474",,,,,NSE,BIKEWO,45.0,47.25,45.0,47.25,431,59.25,64.3,13.65,2026-07-24,2025-10-06,430,0.3522275,-27.42,-23.79,-4.44,3.71,-77.98,25.4,True,68700.0,8,43.0,2024-12-02,2026-07-09,False,-42.8,13.0,-7.85,-69.74,-36.19,35.45,417.0,2026-07-07,2026-07-07,17.79,,,0.43
SD Retail Ltd.,SME,sd-retail-ipo,1858,2024-09-20,2024-09-27,61.7,131.0,68.24,150.9,15.19,87.15,INE0X6F01017,SDREAMS,,69.84,207.62,,65.25,"1,07,597",18.5,22.16,2024-10-24,2024-12-23,NSE,SDREAMS,145.0,152.25,144.0,150.9,423,87.15,215.0,66.05,2024-12-03,2026-03-30,44,0.029952,10.69,15.19,-33.47,64.12,-49.58,-42.25,False,3300.0,9,43.0,2024-12-02,2026-07-22,True,-45.5,334.0,-59.47,-66.5,-13.19,29.09,1.0,2025-02-05,2024-09-30,-16.48,-9.47,8.59,0.12
Phoenix Overseas Ltd.,SME,phoenix-overseas-ipo,1860,2024-09-20,2024-09-27,34.23,64.0,125.0,60.8,-5.0,15.9,INE0FPO01018,PHOGLOBAL,,65.74,109.71,,148.43,"1,66,682",,,,,NSE,PHOGLOBAL,64.0,64.0,60.8,60.8,405,15.9,64.0,15.25,2024-09-27,2026-03-30,0,0.027769,0.0,-5.0,-75.16,0.0,-76.17,-73.85,False,16800.0,8,122.0,2025-03-27,2026-07-08,False,35.2,,-75.16,-74.59,-52.14,47.2,,,,,,,
Avi Ansh Textile Ltd.,SME,avi-ansh-textile-ipo,1863,2024-09-20,2024-09-27,24.68,62.0,8.42,71.15,14.76,102.5,INE0TFB01017,AVIANSH,,,5.25,,11.38,"11,327",,,,,NSE,AVIANSH,68.0,71.4,64.6,71.15,449,102.5,123.5,64.6,2026-01-14,2024-09-27,321,0.04747275,9.68,14.76,65.32,99.19,4.19,44.06,False,4550.0,2,257.0,2025-10-13,2025-11-25,False,9.4,439.0,-17.0,-17.34,-8.5,28.6,9.0,2024-10-11,2024-10-11,10.55,12.41,48.14,0.22
Manba Finance Ltd.,Mainboard,manba-finance-ipo,1866,2024-09-23,2024-09-30,150.84,120.0,154.7,157.45,31.21,138.21,INE939X01013,MANBA,544262,148.55,511.62,546.56,143.95,"31,31,623",45.25,23.08,2024-10-26,2024-12-25,NSE,MANBA,145.0,152.25,144.0,152.25,448,138.21,199.8,98.0,2024-12-06,2026-03-30,46,2.0787216952,20.83,26.88,15.18,66.5,-18.33,-9.22,True,150767.8,6,12.0,2024-10-17,2025-08-04,False,-8.6,265.0,-30.83,-47.09,-15.93,28.77,12.0,2025-06-26,2024-10-17,-16.78,-14.06,-8.57,12.0
WOL 3D India Ltd.,SME,wol-3d-ipo,1859,2024-09-23,2024-09-30,24.24,150.0,261.69,189.05,26.03,130.3,INE0OO201011,WOL3D,,101.24,748.81,,368.47,"2,08,553",7.26,22.12,2024-10-26,2024-12-25,NSE,WOL3D,180.05,189.05,171.05,189.05,426,130.3,216.7,97.0,2026-05-26,2025-03-13,386,0.14654325,20.03,26.03,-13.13,44.47,-35.33,-31.08,False,11450.0,13,74.0,2025-01-16,2026-06-03,False,9.4,42.0,-39.87,-47.05,-29.12,28.03,273.0,2026-05-21,2025-11-20,-2.64,-18.18,-36.09,4.07
Rappid Valves (India) Ltd.,SME,rappid-valves-india-ipo,1861,2024-09-23,2024-09-30,28.86,222.0,123.52,309.35,39.35,337.85,INE0MVO01012,RAPPID,,55.97,491.49,,109.09,"82,798",8.64,22.14,2024-10-25,2024-12-24,NSE,RAPPID,312.0,327.6,302.0,309.35,440,337.85,430.0,207.0,2024-12-16,2026-05-29,52,0.8213847,40.54,39.35,52.18,93.69,-6.76,9.21,True,25470.0,11,41.0,2024-11-29,2026-07-17,True,-16.1,5.0,-21.43,-49.77,-20.61,35.03,5.0,2026-07-17,2024-10-08,-13.56,-13.29,1.8,0.2
KRN Heat Exchanger & Refrigeration Ltd.,Mainboard,krn-heat-exchanger-ipo,1864,2024-09-25,2024-10-03,341.95,220.0,151.95,478.79,117.63,1233.9,INE0Q3J01015,KRN,544263,253.04,430.54,445.31,96.74,"62,91,460",100.1,22.64,2024-10-30,2024-12-29,NSE,KRN,480.0,513.5,450.0,478.79,446,1233.9,1405.0,402.1,2026-04-28,2024-10-07,385,11.6930085855,118.18,117.63,460.86,538.64,82.77,157.71,False,94135.9,12,25.0,2024-11-07,2026-04-13,False,57.5,421.0,-12.18,-38.36,-16.02,56.58,24.0,2024-11-06,2024-11-06,47.07,57.69,70.57,7.64
Techera Engineering (India) Ltd.,SME,techera-engineering-ipo,1868,2024-09-25,2024-10-03,34.1,82.0,49.48,131.25,60.06,155.0,INE0JQS01019,TECHERA,,,,,,,10.22,22.16,2024-10-30,2024-12-29,NSE,TECHERA,125.0,131.25,125.0,131.25,438,155.0,325.7,115.6,2025-10-29,2025-05-06,257,0.9359262,52.44,60.06,89.02,297.2,40.98,18.1,False,59000.0,13,35.0,2024-11-25,2026-06-05,False,-12.2,31.0,-52.41,-59.99,-0.23,80.11,1.0,2026-06-10,2024-10-04,28.3,23.29,42.85,0.1
Unilex Colours & Chemicals Ltd.,SME,unilex-colours-and-chemicals-ipo,1869,2024-09-25,2024-10-03,29.65,87.0,26.49,88.15,1.32,25.0,INE0B2801011,UNILEX,,15.58,60.74,,35.11,"26,191",8.88,22.09,2024-10-30,2024-12-29,NSE,UNILEX,89.0,89.0,84.55,88.15,367,25.0,89.0,20.05,2024-10-03,2026-03-30,0,0.0143996,2.3,1.32,-71.26,2.3,-76.95,-71.64,False,5440.0,10,75.0,2025-02-03,2026-07-23,True,-36.1,,-71.91,-75.04,-23.43,24.39,,,,,,,
Thinking Hats Entertainment Solutions Ltd.,SME,thinking-hats-entertainment-solutions-ipo,1870,2024-09-25,2024-10-03,14.3,44.0,320.22,57.0,29.55,19.0,INE0SHE01019,THESL,,67.67,356.81,,347.64,"2,37,436",,,,,NSE,THESL,60.0,61.0,57.0,57.0,328,19.0,61.0,11.4,2024-10-03,2026-06-01,0,0.03393225,36.36,29.55,-56.82,38.64,-74.09,-66.67,True,22350.0,11,89.0,2025-03-03,2026-06-05,False,-6.1,,-68.85,-79.04,-41.58,39.82,,,,,,,
Diffusion Engineers Ltd.,Mainboard,diffusion-engineers-ipo,1874,2024-09-26,2024-10-04,157.96,168.0,59.88,203.17,20.93,395.35,INE184O01015,DIFFNKG,544264,95.74,207.6,203.34,85.61,"29,85,395",47.15,22.98,2024-10-31,2024-12-30,NSE,DIFFNKG,193.5,203.17,193.05,203.17,445,395.35,489.96,193.05,2024-10-22,2024-10-04,12,6.171871215250001,15.18,20.93,135.33,191.64,14.91,94.59,True,151581.45,10,86.0,2025-02-06,2026-06-10,False,-20.0,443.0,-19.31,-51.57,5.0,136.16,1.0,2024-10-07,2024-10-07,91.4,63.98,59.34,0.34
Divyadhan Recycling Industries Ltd.,SME,divyadhan-recycling-industries-ipo,1867,2024-09-26,2024-10-04,22.89,64.0,28.91,88.2,37.81,54.8,INE0QYI01019,DIVYADHAN,,29.39,76.03,,32.43,"20,304",6.85,22.08,2024-11-03,2025-01-03,NSE,DIVYADHAN,51.5,52.7,51.5,52.7,9,54.8,54.8,51.5,2026-07-22,2026-07-13,6,0.04626,-19.53,-17.66,-14.38,-14.38,-19.53,3.98,True,8666.666666666666,0,,,,False,,7.0,0.0,0.0,,,1.0,2026-07-15,2026-07-15,,,,0.36
Sahasra Electronic Solutions Ltd.,SME,sahasra-electronics-solutions-ipo,1872,2024-09-26,2024-10-04,176.83,283.0,85.72,564.55,99.49,311.0,INE0RBQ01018,SAHASRA,,100.8,260.46,,74.85,"4,09,255",53.03,22.17,2024-10-31,2024-12-30,NSE,SAHASRA,292.25,296.0,292.25,296.0,10,311.0,332.1,292.25,2026-07-21,2026-07-13,6,0.7588192,3.27,4.59,9.89,17.35,3.27,5.07,False,24080.0,0,,,,False,,8.0,-6.35,-4.48,,,1.0,2026-07-14,2026-07-14,,,,2.7
Forge Auto International Ltd.,SME,forge-auto-international-ipo,1873,2024-09-26,2024-10-04,29.52,108.0,34.79,109.35,1.25,84.3,INE0YKW01013,FORGEAUTO,,20.13,58.55,,61.95,"49,440",8.84,22.13,2024-10-31,2024-12-30,NSE,FORGEAUTO,84.3,84.3,84.3,84.3,2,84.3,84.3,84.3,2026-07-17,2026-07-17,0,0.015174,-21.94,-21.94,-21.94,-21.94,-21.94,0.0,True,1800.0,0,,,,False,,,0.0,0.0,,,,,,,,,
Nexxus Petro Industries Ltd.,SME,nexxus-petro-industries-ipo,1875,2024-09-26,2024-10-04,18.45,105.0,8.38,132.3,26.0,70.0,INE0QUL01011,,544265,,8.41,,8.48,"15,608",,,,,BSE,NEXXUS,71.5,71.5,71.5,71.5,3,70.0,71.5,68.22,2026-07-13,2026-07-14,0,0.0083888,-31.9,-31.9,-33.33,-31.9,-35.03,-2.1,True,1200.0,0,,,,False,,,-2.1,-4.59,,,,,,,,,
Saj Hotels Ltd.,SME,saj-hotels-ipo,1871,2024-09-27,2024-10-07,26.23,65.0,5.39,52.45,-19.31,36.5,INE00MT01022,SAJHOTELS,,,2.12,,8.65,"8,724",,,,,NSE,SAJHOTELS,55.0,57.75,52.25,52.45,383,36.5,86.5,24.8,2025-01-16,2026-07-09,68,0.406657,-15.38,-19.31,-43.85,33.08,-61.85,-30.41,True,131500.0,16,34.0,2024-11-26,2026-07-03,False,28.9,110.0,-57.8,-68.73,-23.55,28.41,34.0,2026-01-01,2024-11-26,-6.61,-12.72,28.87,6.46
HVAX Technologies Ltd.,SME,hvax-technologies-ipo,1876,2024-09-27,2024-10-07,31.82,458.0,24.31,490.35,7.06,623.0,INE0TO501019,HVAX,,14.02,77.92,,26.69,"21,752",9.48,22.04,2024-11-01,2024-12-31,NSE,HVAX,671.0,677.25,670.0,677.25,8,623.0,711.1,623.0,2026-07-14,2026-07-24,1,0.0528560625,46.51,47.87,36.03,55.26,36.03,-8.01,False,768.75,0,,,,False,,6.0,-12.39,-12.25,,,1.0,2026-07-14,2026-07-14,,,,2.57
Paramount Dye Tec Ltd.,SME,paramount-dye-tec-ipo,1877,2024-09-30,2024-10-08,27.0,117.0,35.32,107.05,-8.5,35.5,INE0TG801013,PARAMOUNT,,10.22,135.31,,36.26,"24,440",8.09,22.15,2024-11-03,2025-01-02,NSE,PARAMOUNT,109.9,109.9,104.4,107.05,363,35.5,109.9,33.5,2024-10-08,2026-03-30,0,0.0111843,-6.07,-8.5,-69.66,-6.07,-71.37,-66.84,False,2940.0,13,39.0,2024-12-05,2026-05-08,False,-36.1,,-67.7,-68.71,-36.38,34.05,,,,,,,
Subam Papers Ltd.,SME,subam-papers-ipo,1878,2024-09-30,2024-10-08,89.01,152.0,64.87,149.1,-1.91,220.95,INE0U6201010,,544267,,,,,,26.7,22.18,2024-11-03,2025-01-02,BSE,SUBAM,142.0,149.1,134.9,149.1,440,220.95,244.0,70.77,2026-05-11,2025-06-23,387,0.3598562,-6.58,-1.91,45.36,60.53,-53.44,48.19,True,16240.0,11,46.0,2024-12-13,2026-07-02,False,-34.7,77.0,-9.45,-57.22,-22.87,26.63,1.0,2026-04-01,2024-10-09,-10.61,-8.38,-8.05,0.35
NeoPolitan Pizza & Foods Ltd.,SME,neopolitan-pizza-and-foods-ipo,1880,2024-09-30,2024-10-09,11.4,20.0,32.45,20.21,1.05,6.5,INE471R01019,,544269,,20.72,,42.62,"35,219",,,,,BSE,NPFL,19.25,20.21,18.29,20.21,347,6.5,28.4,6.5,2024-10-18,2026-07-20,7,0.0192807,-3.75,1.05,-67.5,42.0,-67.5,-67.84,False,24600.0,9,7.0,2024-10-18,2026-01-05,False,-34.0,298.0,-77.11,-77.11,-1.04,41.56,1.0,2024-12-18,2024-10-10,22.38,20.92,-10.93,0.1
Khyati Global Ventures Ltd.,SME,khyati-global-ventures-ipo,1882,2024-10-04,2024-10-11,17.37,99.0,14.93,99.75,0.76,46.0,INE0S9501014,,544270,,5.34,,25.0,"32,765",,,,,BSE,KGVL,105.0,105.0,99.75,99.75,257,46.0,105.0,39.0,2024-10-11,2026-03-06,0,0.01240608,6.06,0.76,-53.54,6.06,-60.61,-53.88,False,2280.0,12,6.0,2024-10-22,2025-08-14,False,-13.9,,-56.19,-60.75,-32.83,27.84,,,,,,,
Garuda Construction & Engineering Ltd.,Mainboard,garuda-construction-and-engineering-ipo,1883,2024-10-08,2024-10-15,264.1,95.0,5.6,106.36,11.96,174.69,INE0JVO01026,GARUDA,544271,1.24,9.03,7.93,10.81,"7,05,000",79.23,23.08,2024-11-10,2025-01-09,NSE,GARUDA,105.0,120.99,100.36,106.36,438,174.69,249.3,77.05,2025-11-07,2024-11-22,263,6.352886185599999,10.53,11.96,83.88,162.42,-18.89,64.24,False,353161.95,16,27.0,2024-11-25,2026-06-23,False,12.3,259.0,-29.93,-45.22,-27.56,30.41,49.0,2025-07-04,2024-12-26,10.63,8.96,-9.49,2.48
Shiv Texchem Ltd.,SME,shiv-texchem-ipo,1884,2024-10-08,2024-10-15,96.28,166.0,109.67,250.95,51.17,115.0,INE0YRO01015,,544272,86.7,455.58,,68.27,"2,20,709",28.87,22.17,2024-11-10,2025-01-09,BSE,SHIVTEXCHEM,239.0,250.95,227.05,250.95,435,115.0,417.0,95.0,2024-12-12,2026-01-22,40,0.059322,43.98,51.17,-30.72,151.2,-42.77,-54.17,False,4880.0,8,163.0,2025-06-16,2026-05-29,False,-7.9,238.0,-72.42,-75.15,-17.41,54.89,1.0,2025-07-31,2024-10-16,10.5,-0.47,10.63,0.27
Pranik Logistics Ltd.,SME,pranik-logistics-ipo,1885,2024-10-10,2024-10-17,21.23,77.0,152.66,82.95,7.73,43.1,INE0VJG01014,PRANIK,,35.67,744.05,,97.21,"58,715",6.32,21.95,2024-11-20,2025-01-19,NSE,PRANIK,79.0,82.95,79.0,82.95,344,43.1,112.95,37.0,2025-01-01,2026-03-30,51,0.0964868,2.6,7.73,-44.03,46.69,-51.95,-48.04,False,21120.0,13,106.0,2025-03-26,2026-07-14,False,21.3,120.0,-61.84,-66.41,-18.02,40.99,1.0,2025-10-28,2024-10-18,-10.8,-10.4,5.23,0.06
Hyundai Motor India Ltd.,Mainboard,hyundai-motor-ipo,1879,2024-10-15,2024-10-22,27858.75,1960.0,1.93,1819.6,-7.16,1952.6,INE0V6F01027,HYUNDAI,544274,,,,,,8315.28,22.98,2024-11-17,2025-01-16,NSE,HYUNDAI,1934.0,1970.0,1807.0,1819.6,433,1952.6,2890.0,1541.7,2025-09-22,2025-04-07,227,132.2649932735,-1.33,-7.16,-0.38,47.45,-21.34,7.31,False,670226.35,7,60.0,2025-01-17,2026-05-29,False,-5.5,7.0,-32.44,-39.79,-7.2,13.77,163.0,2026-07-15,2025-06-20,2.89,5.69,29.75,13.71
Lakshya Powertech Ltd.,SME,lakshya-powertech-ipo,1886,2024-10-16,2024-10-23,47.14,180.0,410.3,359.1,99.5,95.75,INE0VZS01015,LAKSHYA,,212.18,1117.75,,590.26,"6,61,089",13.39,21.16,2024-11-19,2025-01-18,NSE,LAKSHYA,342.0,359.1,342.0,359.1,428,95.75,376.95,73.15,2024-10-24,2026-03-30,1,0.0481438,90.0,99.5,-46.81,109.42,-59.36,-73.34,False,4600.0,10,38.0,2024-12-18,2026-06-04,False,-52.4,,-74.6,-78.85,-31.61,36.58,,,,,,,
Freshara Agro Exports Ltd.,SME,freshara-agro-exports-ipo,1887,2024-10-17,2024-10-24,68.21,116.0,216.5,134.7,16.12,337.55,INE0SFW01015,FRESHARA,,129.22,510.61,,180.8,"3,10,259",20.43,21.32,2024-11-21,2025-01-20,NSE,FRESHARA,135.0,141.0,128.25,134.7,431,337.55,339.9,110.0,2026-07-24,2024-11-26,430,2.0557353,16.38,16.12,190.99,193.02,-5.17,150.59,True,69570.0,4,36.0,2024-12-17,2026-07-07,False,-10.9,163.0,-0.69,-40.27,-18.34,28.95,8.0,2025-11-24,2024-11-05,-16.99,-9.21,10.08,0.73
Waaree Energies Ltd.,Mainboard,waaree-energies-ipo,1888,2024-10-21,2024-10-28,4321.44,1503.0,55.98,2338.9,55.62,2702.0,INE377N01017,WAAREEENER,544277,,,,,,1276.93,22.81,2024-11-22,2025-01-21,NSE,WAAREEENER,2500.0,2624.4,2300.0,2338.9,429,2702.0,3865.0,1863.0,2025-09-12,2025-04-07,217,225.53415306600004,66.33,55.62,79.77,157.15,23.95,15.52,False,794603.5,7,59.0,2025-01-22,2026-02-25,False,17.1,91.0,-30.09,-42.48,0.56,59.47,3.0,2026-03-10,2024-10-31,7.18,0.67,-23.15,1.15
Deepak Builders & Engineers India Ltd.,Mainboard,deepak-builders-engineers-ipo,1890,2024-10-21,2024-10-28,260.04,203.0,28.91,161.95,-20.22,7.42,INE0OPA01019,DBEIL,544276,13.91,82.47,77.86,39.79,"25,58,000",78.01,23.08,2024-11-22,2025-01-21,NSE,DBEIL,200.0,200.0,160.51,161.95,404,89.94,214.0,51.51,2024-12-27,2026-03-30,41,0.7324489767,-1.48,-20.22,-55.69,5.42,-74.63,-44.46,True,85108.7,10,27.0,2024-12-06,2026-06-17,True,-28.9,363.0,-57.97,-73.74,-14.11,36.68,40.0,2024-12-26,2024-12-26,-10.36,-12.46,-29.66,1.56
Premium Plast Ltd.,SME,premium-plast-ipo,1891,2024-10-21,2024-10-28,24.87,49.0,38.6,48.9,-0.2,40.0,INE0M1F01011,PREMIUM,,6.74,19.56,,65.37,"49,743",,,,,NSE,PREMIUM,51.45,51.75,48.9,48.9,348,40.0,51.75,26.05,2024-10-28,2025-05-12,0,0.16042875,5.0,-0.2,-18.37,5.61,-46.84,-18.2,False,37500.0,9,86.0,2025-03-20,2026-06-25,False,10.4,,-22.71,-44.79,-27.4,31.6,,,,,,,
Danish Power Ltd.,SME,danish-power-ipo,1892,2024-10-22,2024-10-29,188.0,380.0,89.11,598.5,57.5,823.75,INE0YU901016,DANISH,,104.79,275.92,,79.88,"4,55,168",55.63,21.94,2024-11-24,2025-01-23,NSE,DANISH,570.0,598.5,541.5,598.5,428,823.75,1316.0,541.5,2024-12-17,2024-10-29,33,2.5403848875,50.0,57.5,116.78,246.32,42.5,37.64,False,27412.5,2,252.0,2025-11-06,2026-01-09,False,-19.4,76.0,-37.41,-55.2,0.58,79.53,1.0,2026-04-02,2024-10-30,16.43,40.95,19.72,0.11
United Heat Transfer Ltd.,SME,united-heat-transfer-ipo,1893,2024-10-22,2024-10-29,28.49,59.0,58.92,63.95,8.39,102.0,INE0SMR01011,UHTL,,26.56,124.72,,98.93,"83,698",8.46,22.0,2024-11-23,2025-01-22,NSE,UHTL,60.95,63.95,57.95,63.95,418,102.0,131.55,44.0,2026-06-23,2026-03-30,401,0.7823325,3.31,8.39,72.88,122.97,-25.42,59.5,False,69800.0,14,115.0,2025-04-21,2026-06-03,False,25.8,33.0,-22.46,-62.39,0.08,101.17,1.0,2026-05-29,2024-10-30,8.12,45.31,8.49,0.22
OBSC Perfection Ltd.,SME,obsc-perfection-ipo,1894,2024-10-22,2024-10-29,62.69,100.0,11.97,115.5,15.5,585.05,INE0YHV01011,OBSCP,,10.2,25.87,,16.2,"29,617",18.79,22.16,2024-11-24,2025-01-23,NSE,OBSCP,110.0,115.5,110.0,115.5,426,585.05,687.0,110.0,2026-07-13,2024-10-29,416,4.1374465,10.0,15.5,485.05,587.0,10.0,406.54,False,69160.0,7,61.0,2025-01-29,2026-05-21,False,-20.7,424.0,-14.84,-44.73,3.9,66.67,1.0,2024-10-30,2024-10-30,11.42,45.53,65.07,0.07
Godavari Biorefineries Ltd.,Mainboard,godavari-biorefineries-ipo,1895,2024-10-23,2024-10-30,554.75,352.0,1.61,343.2,-2.5,278.9,INE497S01012,GODAVARIB,544279,2.76,0.93,0.56,1.76,"2,02,779",166.42,23.08,2024-11-26,2025-01-25,NSE,GODAVARIB,308.0,354.45,308.0,343.2,427,278.9,408.6,145.0,2024-12-09,2025-03-28,26,2.9655107637500007,-12.5,-2.5,-20.77,16.08,-58.81,-18.74,True,109679.65,11,138.0,2025-05-26,2026-06-16,False,17.1,403.0,-31.74,-62.53,-20.13,39.19,2.0,2024-12-04,2024-11-01,-13.65,-1.91,-33.43,0.09
Usha Financial Services Ltd.,SME,usha-financial-services-ipo,1889,2024-10-24,2024-10-31,93.06,168.0,13.74,155.85,-7.23,35.1,INE0LS001014,USHAFIN,,10.04,28.55,,20.76,"54,359",27.9,22.08,2024-11-28,2025-01-27,NSE,USHAFIN,164.0,168.0,155.8,155.85,397,35.1,168.0,26.75,2024-10-31,2026-01-22,0,0.090526,-2.38,-7.23,-79.11,0.0,-84.08,-77.48,True,26880.0,16,60.0,2025-01-28,2026-07-07,False,-29.5,,-79.11,-82.68,-27.05,22.04,,,,,,,
Afcons Infrastructure Ltd.,Mainboard,afcons-infrastructure-ipo,1881,2024-10-25,2024-11-04,5430.0,463.0,2.2,474.2,2.42,285.95,INE101I01011,AFCONS,544280,,,,,,1621.5,22.99,2024-11-29,2025-01-28,NSE,AFCONS,426.0,479.45,420.25,474.2,424,285.95,570.0,265.8,2025-01-03,2026-03-23,41,52.50403930775,-7.99,2.42,-38.24,23.11,-42.59,-39.7,False,1744440.3,6,126.0,2025-05-13,2026-07-17,True,-10.9,324.0,-49.83,-50.29,-4.68,24.42,1.0,2025-03-28,2024-11-05,-1.2,6.57,-4.31,0.28
Sagility India Ltd.,Mainboard,sagility-india-ipo,1898,2024-11-05,2024-11-12,2106.4,30.0,2.2,29.32,-2.27,40.42,INE0W2G01015,SAGILITY,544282,3.52,1.93,1.69,4.16,"5,73,307",945.4,30.98,2024-12-08,2025-02-06,NSE,SAGILITY,31.06,32.87,28.95,29.32,418,40.42,57.89,27.02,2025-10-30,2024-11-13,238,98.65662308609998,3.53,-2.27,34.73,92.97,-9.93,37.86,False,23881320.45,9,131.0,2025-05-28,2026-03-04,False,14.0,408.0,-30.18,-33.4,-7.84,91.54,9.0,2024-11-27,2024-11-27,24.3,48.74,34.1,2.1
Swiggy Ltd.,Mainboard,swiggy-ipo,1896,2024-11-06,2024-11-13,11327.43,390.0,2.42,456.0,16.92,251.42,INE00H001014,SWIGGY,544285,6.02,0.41,0.37,1.14,"7,15,124",5085.02,30.98,2024-12-10,2025-02-08,NSE,SWIGGY,420.0,465.8,391.0,456.0,417,251.42,617.3,235.75,2024-12-23,2026-06-30,26,502.5750385855999,7.69,16.92,-35.53,58.28,-39.55,-44.86,False,18996379.85,5,113.0,2025-05-05,2025-12-18,False,18.4,374.0,-59.27,-60.04,-11.84,47.21,8.0,2025-01-15,2024-11-27,4.71,12.02,-25.14,1.27
ACME Solar Holdings Ltd.,Mainboard,acme-solar-holdings-ipo,1897,2024-11-06,2024-11-13,2900.0,289.0,2.04,253.15,-12.4,365.85,INE622W01025,ACMESOLAR,544283,3.72,1.02,0.91,3.25,"6,00,124",1300.5,30.95,2024-12-11,2025-02-09,NSE,ACMESOLAR,251.0,276.1,248.5,253.15,417,365.85,398.65,167.75,2026-07-14,2025-01-28,408,71.7163179825,-13.15,-12.4,26.59,37.94,-41.96,44.52,False,1889642.2,8,158.0,2025-07-07,2026-06-02,False,13.2,46.0,-8.23,-38.11,-11.5,27.0,9.0,2026-05-19,2024-11-28,-2.69,-14.21,-29.99,0.76
Niva Bupa Health Insurance Co.Ltd.,Mainboard,niva-bupa-health-insurance-ipo,1899,2024-11-07,2024-11-14,2200.0,74.0,1.5,74.0,0.0,86.64,INE995S01015,NIVABUPA,544286,2.17,0.71,0.7,2.88,"3,91,443",990.0,31.03,2024-12-12,2025-02-10,NSE,NIVABUPA,78.14,81.0,73.51,74.02,416,86.64,109.34,67.5,2024-12-05,2026-03-24,13,13.973145403399998,5.59,0.03,17.08,47.76,-8.78,17.05,True,1613112.05,13,105.0,2025-04-23,2026-05-11,False,8.3,46.0,-20.76,-31.6,-6.5,54.22,11.0,2026-05-19,2024-12-03,2.33,2.23,-10.02,6.93
Neelam Linens & Garments (India) Ltd.,SME,neelam-linens-and-garments-ipo,1900,2024-11-08,2024-11-18,12.34,24.0,63.46,38.05,58.54,9.7,INE0N1401016,NEELAM,,15.4,273.47,,57.82,"18,698",3.69,22.09,2024-12-13,2025-02-11,NSE,NEELAM,40.05,40.05,38.05,38.05,301,9.7,74.4,9.65,2024-12-04,2026-07-09,11,0.0394995,66.88,58.54,-59.58,210.0,-59.79,-74.51,False,36000.0,13,71.0,2025-03-10,2026-06-16,False,-6.5,245.0,-86.96,-85.77,-4.99,100.53,2.0,2025-02-06,2024-11-21,62.65,33.53,-23.51,0.14
Mangal Compusolution Ltd.,SME,mangal-compusolution-ipo,1905,2024-11-12,2024-11-21,15.39,45.0,33.87,42.75,-5.0,45.03,INE0RU901015,,544287,,22.28,,46.91,"29,461",,,,,BSE,MANGALCOMP,45.0,45.0,42.75,42.75,256,45.03,63.95,34.05,2025-07-22,2024-12-31,140,0.18122625,0.0,-5.0,0.07,42.11,-24.33,5.33,False,34800.0,8,68.0,2025-03-07,2026-04-28,False,11.9,127.0,-29.59,-26.85,-20.35,25.03,104.0,2025-07-04,2025-06-02,-3.23,-1.08,25.81,4.49
Zinka Logistics Solutions Ltd.,Mainboard,blackbuck-ipo,1904,2024-11-13,2024-11-22,1114.72,273.0,1.34,260.2,-4.69,539.35,INE0UIZ01018,BLACKBUCK,544288,2.72,0.24,0.18,1.7,"1,29,071",501.33,31.02,2024-12-19,2025-02-17,NSE,BLACKBUCK,280.9,285.9,255.35,260.05,412,539.35,748.0,248.35,2025-10-21,2024-11-26,226,19.749887517749997,2.89,-4.74,97.56,173.99,-9.03,107.4,False,350536.25,8,101.0,2025-04-23,2026-03-20,False,1.7,405.0,-27.89,-37.72,-4.5,116.27,6.0,2024-12-02,2024-12-02,23.93,48.14,30.3,3.13
Onyx Biotec Ltd.,SME,onyx-biotec-ipo,1906,2024-11-13,2024-11-22,27.85,61.0,138.06,56.75,-6.97,37.05,INE0WVU01018,ONYX,,32.49,602.86,,118.26,"1,03,947",8.33,22.12,2024-12-19,2025-02-17,NSE,ONYX,54.05,56.75,51.45,56.75,367,37.05,97.45,24.2,2025-01-02,2026-05-22,28,0.1303755,-11.39,-6.97,-39.26,59.75,-60.33,-34.71,False,32300.0,18,23.0,2024-12-26,2026-06-19,False,-10.3,267.0,-61.98,-69.79,-10.13,81.85,1.0,2025-04-30,2024-11-25,-3.53,-10.24,-3.61,0.06
NTPC Green Energy Ltd.,Mainboard,ntpc-green-energy-ipo,1902,2024-11-19,2024-11-27,10000.0,108.0,1.91,121.65,12.64,96.32,INE0ONG01011,NTPCGREEN,544289,3.51,0.85,0.6,3.59,"22,26,023",3960.0,28.35,2024-12-25,2025-02-23,NSE,NTPCGREEN,111.5,122.65,111.5,121.65,409,96.32,155.35,84.0,2024-12-04,2026-03-02,5,84.50626802869999,3.24,12.64,-10.81,43.84,-22.22,-20.82,True,8775216.25,7,62.0,2025-02-24,2026-07-23,True,18.5,373.0,-38.0,-42.68,-4.46,32.16,1.0,2025-01-16,2024-11-28,12.24,1.64,-17.38,0.56
Enviro Infra Engineers Ltd.,Mainboard,enviro-infra-engineers-ipo,1911,2024-11-22,2024-11-29,650.3,148.0,62.85,207.07,39.91,220.16,INE0LLY01014,EIEL,544290,157.05,153.8,177.97,24.48,"30,15,823",194.69,23.04,2024-12-27,2025-02-25,NSE,EIEL,220.0,233.7,205.05,207.07,407,220.16,391.6,134.71,2024-12-17,2026-03-09,12,72.99591889154999,48.65,39.91,48.76,164.59,-8.98,6.32,False,3132484.3,11,117.0,2025-05-23,2026-06-22,False,12.6,10.0,-43.78,-63.97,0.5,88.62,2.0,2026-07-10,2024-12-03,47.69,22.24,-21.67,1.33
Lamosaic India Ltd.,SME,lamosaic-india-ipo,1908,2024-11-21,2024-11-29,58.14,200.0,1.8,172.2,-13.9,48.3,INE0R0201012,LAMOSAIC,,,0.88,,2.66,"6,704",,,,,NSE,LAMOSAIC,164.0,172.2,164.0,172.2,402,48.3,172.2,20.45,2024-11-29,2026-03-30,0,1.0892148,-18.0,-13.9,-75.85,-13.9,-89.78,-71.95,True,265200.0,13,9.0,2024-12-12,2026-06-22,False,-59.5,,-71.95,-87.98,-51.16,46.17,,,,,,,
Rajesh Power Services Ltd.,SME,rajesh-power-services-ipo,1910,2024-11-25,2024-12-02,152.29,335.0,41.94,668.3,99.49,839.3,INE0VN801010,,544291,46.39,138.46,,31.96,"1,55,371",44.77,21.81,2024-12-28,2025-02-26,BSE,RAJESH,636.5,668.3,636.5,668.3,406,839.3,1639.0,636.5,2025-08-22,2024-12-02,180,3.067907375,90.0,99.49,150.54,389.25,90.0,25.59,False,36160.0,4,95.0,2025-04-23,2026-04-23,False,9.0,404.0,-48.79,-52.48,5.0,81.74,1.0,2024-12-03,2024-12-03,61.51,58.76,18.23,0.03
Rajputana Biodiesel Ltd.,SME,rajputana-biodiesel-ipo,1912,2024-11-26,2024-12-03,22.87,130.0,506.87,259.35,99.5,199.45,INE0VHU01019,RAJPUTANA,,177.38,1345.96,,746.57,"5,12,724",6.7,21.33,2025-01-01,2025-03-02,NSE,RAJPUTANA,247.0,259.35,247.0,259.35,384,199.45,383.85,169.0,2025-01-03,2026-07-22,22,0.17478725,90.0,99.5,53.42,195.27,30.0,-23.1,True,9225.0,11,117.0,2025-05-27,2026-07-22,True,18.0,135.0,-48.04,-50.97,-0.87,48.87,1.0,2025-12-09,2024-12-04,-1.58,31.97,-12.65,0.36
C2C Advanced Systems Ltd.,SME,c2c-advanced-systems-ipo,1909,2024-11-22,2024-12-03,94.11,226.0,63.86,450.85,99.49,284.35,INE0U7V01015,C2C,,31.61,233.13,,132.73,"3,59,723",28.23,22.18,2024-12-31,2025-03-01,NSE,C2C,429.4,450.85,429.4,450.85,405,284.35,954.0,246.6,2025-01-13,2026-07-22,28,6.8339383125,90.0,99.49,25.82,322.12,9.12,-36.93,False,209407.5,13,6.0,2024-12-11,2026-07-22,True,-51.7,64.0,-70.19,-71.92,4.99,106.61,1.0,2026-04-22,2024-12-04,78.72,89.75,-20.37,0.13
Apex Ecotech Ltd.,SME,apex-ecotech-ipo,1913,2024-11-27,2024-12-04,24.08,73.0,317.77,145.6,99.45,252.0,INE0T4V01015,APEXECO,,136.69,1179.62,,329.65,"2,61,139",7.22,22.03,2024-12-31,2025-03-01,NSE,APEXECO,138.7,145.6,138.7,145.6,395,252.0,285.95,73.0,2026-07-01,2025-03-17,377,0.3183082,90.0,99.45,245.21,291.71,0.0,73.08,True,12400.0,8,63.0,2025-03-05,2026-05-08,False,20.5,54.0,-11.87,-53.63,-18.85,34.92,20.0,2026-05-07,2025-01-02,6.1,-7.74,-44.64,3.5
Abha Power & Steel Ltd.,SME,abha-power-and-steel-ipo,1916,2024-11-27,2024-12-04,36.58,75.0,17.38,77.8,3.73,25.4,INE0UYG01015,ABHAPOWER,,,10.07,,24.93,"41,831",,,,,NSE,ABHAPOWER,81.9,81.9,77.8,77.8,380,25.4,81.9,23.55,2024-12-04,2026-03-30,0,0.0155648,9.2,3.73,-66.13,9.2,-68.6,-67.35,False,5840.0,6,147.0,2025-07-14,2026-05-25,False,12.6,,-68.99,-69.41,-49.61,44.67,,,,,,,
Agarwal Toughened Glass India Ltd.,SME,agarwal-toughened-glass-india-ipo,1914,2024-11-28,2024-12-05,59.42,108.0,7.16,141.75,31.25,134.45,INE0P8X01016,AGARWALTUF,,4.49,15.17,,10.71,"18,395",17.82,22.15,2025-01-01,2025-03-02,NSE,AGARWALTUF,135.0,141.75,130.0,141.75,401,134.45,174.05,81.0,2025-09-24,2025-03-04,198,1.0686291,25.0,31.25,24.49,61.16,-25.0,-5.15,False,77160.0,9,57.0,2025-02-25,2026-07-06,False,31.0,4.0,-22.75,-50.25,-18.52,22.72,1.0,2026-07-20,2024-12-06,-7.6,-14.29,-39.95,0.33
Suraksha Diagnostic Ltd.,Mainboard,suraksha-diagnostic-ipo,1918,2024-11-29,2024-12-06,846.25,441.0,1.17,441.0,0.0,252.95,INE877V01027,SURAKSHA,544293,1.74,1.4,1.53,0.94,"1,47,938",253.87,23.08,2025-01-03,2025-03-04,NSE,SURAKSHA,438.0,449.0,414.95,417.25,402,252.95,449.0,224.1,2024-12-06,2026-03-30,0,1.4187420247499998,-0.68,-5.39,-42.64,1.81,-49.18,-39.38,False,54083.95,6,60.0,2025-03-04,2026-07-23,True,22.8,,-43.66,-45.55,-21.25,28.14,,,,,,,
Ganesh Infraworld Ltd.,SME,ganesh-infraworld-ipo,1915,2024-11-29,2024-12-06,88.72,83.0,263.61,165.55,99.46,97.5,INE0TVT01024,GANESHIN,,163.52,865.82,,274.48,"7,05,492",26.59,21.24,2025-01-03,2025-03-04,NSE,GANESHIN,157.7,165.55,157.7,165.55,402,97.5,279.8,66.4,2025-08-21,2026-03-30,175,0.4283704,90.0,99.46,17.47,237.11,-20.0,-41.11,True,44560.0,8,92.0,2025-04-24,2025-12-30,False,-1.2,259.0,-65.15,-75.3,-22.08,28.69,13.0,2025-07-04,2024-12-26,-8.62,-10.41,-12.13,1.83
Nisus Finance Services Co.Ltd.,SME,nisus-finance-services-ipo,1907,2024-12-04,2024-12-11,107.91,180.0,134.05,236.25,31.25,193.0,INE0DQN01013,,544296,93.84,451.21,,139.78,"4,58,967",32.21,22.0,2025-01-08,2025-03-09,BSE,NISUS,225.0,236.25,225.0,236.25,398,193.0,571.4,142.65,2025-01-14,2026-03-23,23,0.5095335,25.0,31.25,7.22,217.44,-20.75,-18.31,False,25420.0,8,69.0,2025-03-24,2026-05-27,False,-25.2,67.0,-66.22,-72.87,-4.99,146.86,1.0,2026-04-17,2024-12-12,72.06,111.25,46.53,0.63
Emerald Tyre Manufacturers Ltd.,SME,emerald-tyre-manufacturers-ipo,1919,2024-12-05,2024-12-12,46.41,95.0,368.05,189.5,99.47,84.9,INE0RHD01013,ETML,,195.95,912.18,,558.11,"8,56,448",13.91,22.02,2025-01-09,2025-03-10,NSE,ETML,180.5,189.5,180.5,189.5,385,84.9,198.95,72.5,2024-12-13,2026-03-30,1,0.198252,90.0,99.47,-10.63,109.42,-23.68,-55.2,True,23340.0,12,64.0,2025-03-17,2026-06-09,False,18.8,383.0,-57.33,-62.73,-31.4,36.39,1.0,2024-12-13,2024-12-13,-15.66,-25.99,-36.39,1.34
Dhanlaxmi Crop Science Ltd.,SME,dhanlaxmi-crop-science-ipo,1922,2024-12-09,2024-12-16,22.61,55.0,407.36,109.7,99.45,24.25,INE0V9V01010,DHANLAXMI,,197.65,1241.27,,441.18,"3,63,308",6.37,21.11,2025-01-11,2025-03-12,NSE,DHANLAXMI,104.5,109.7,104.5,109.7,361,24.25,110.0,20.05,2024-12-17,2026-03-30,1,0.1025595,90.0,99.45,-55.91,100.0,-63.55,-77.89,False,38200.0,8,51.0,2025-02-28,2026-07-02,False,-15.7,,-77.95,-79.67,-47.72,47.99,,,,,,,
Jungle Camps India Ltd.,SME,jungle-camps-india-ipo,1921,2024-12-10,2024-12-17,27.95,72.0,343.08,129.96,80.5,46.95,INE0WCH01015,,544304,196.52,760.48,,551.2,"5,34,050",8.38,22.16,2025-01-13,2025-03-15,BSE,JUNGLECAMP,136.8,143.5,129.96,129.96,369,46.95,143.5,39.4,2024-12-17,2026-03-04,0,0.03806536,90.0,80.5,-34.79,99.31,-45.28,-63.87,False,7760.0,7,59.0,2025-03-12,2026-03-11,False,11.7,,-67.28,-69.56,-53.7,48.71,,,,,,,
Toss The Coin Ltd.,SME,toss-the-coin-ipo,1923,2024-12-10,2024-12-17,8.7,182.0,710.15,363.05,99.48,197.7,INE0XAY01012,,544303,147.69,964.18,,1550.76,"4,98,397",2.6,22.08,2025-01-11,2025-03-12,BSE,TTC,345.8,363.05,345.8,363.05,309,197.7,927.5,185.0,2025-01-13,2026-07-17,18,0.05977425,90.0,99.48,8.63,409.62,1.65,-45.54,False,2700.0,11,69.0,2025-04-17,2026-06-04,False,-17.1,113.0,-78.68,-78.45,5.0,150.48,1.0,2025-11-26,2024-12-18,70.59,103.57,-16.8,0.16
Vishal Mega Mart Ltd.,Mainboard,vishal-mega-mart-ipo,1924,2024-12-11,2024-12-18,8000.0,78.0,20.42,111.93,43.5,108.04,INE01EA01019,VMM,544307,85.11,15.01,17.34,2.43,"42,09,552",2400.0,23.08,2025-01-14,2025-03-15,NSE,VMM,104.0,114.4,104.0,111.93,394,108.04,157.6,95.99,2025-08-26,2025-02-28,170,128.34906818014997,33.33,43.5,38.51,102.05,23.06,-3.48,False,11197225.3,6,88.0,2025-04-30,2026-02-27,False,18.2,71.0,-31.45,-34.93,-13.61,18.44,32.0,2026-04-10,2025-02-03,-10.94,-11.47,2.82,4.23
Sai Life Sciences Ltd.,Mainboard,sai-life-sciences-ipo,1925,2024-12-11,2024-12-18,3042.62,549.0,7.5,764.65,39.28,1232.9,INE570L01029,SAILIFE,544306,29.78,4.99,6.1,1.39,"6,46,482",912.79,23.08,2025-01-14,2025-03-15,NSE,SAILIFE,650.0,780.0,650.0,764.65,394,1232.9,1300.0,636.1,2026-07-16,2025-04-09,387,51.125815132,18.4,39.28,124.57,136.79,15.87,61.24,False,407132.1,10,78.0,2025-04-15,2026-05-15,False,1.6,261.0,-5.16,-18.55,-15.39,21.17,132.0,2025-07-02,2025-07-02,2.91,7.25,8.78,9.75
One Mobikwik Systems Ltd.,Mainboard,mobikwik-ipo,1928,2024-12-11,2024-12-18,572.0,279.0,69.61,528.0,89.25,201.02,INE0HLU01028,MOBIKWIK,544305,125.82,114.7,109.7,141.78,"46,88,210",257.4,31.03,2025-01-14,2025-03-15,NSE,MOBIKWIK,440.0,528.0,440.0,528.0,394,201.02,698.3,151.46,2024-12-26,2026-03-30,5,47.02965892144999,57.71,89.25,-27.95,150.29,-45.71,-61.93,False,2157931.0,14,61.0,2025-03-18,2026-07-10,False,-9.6,375.0,-71.21,-75.72,-30.57,62.82,1.0,2025-01-14,2024-12-19,10.83,-13.0,-45.0,1.47
Purple United Sales Ltd.,SME,purple-united-sales-ipo,1920,2024-12-11,2024-12-18,31.16,126.0,111.98,208.95,65.83,341.35,INE0P5R01014,PURPLEUTED,,86.3,269.7,,155.29,"1,42,578",9.34,22.15,2025-01-14,2025-03-15,NSE,PURPLEUTED,199.0,208.95,189.05,208.95,392,341.35,587.95,119.55,2025-10-29,2025-03-18,212,0.868237125,57.94,65.83,170.91,366.63,-5.12,63.36,False,21225.0,7,61.0,2025-03-18,2026-05-11,False,153.2,297.0,-41.94,-58.39,-29.65,42.12,1.0,2025-05-09,2024-12-19,-15.14,-16.57,-43.08,0.28
Supreme Facility Management Ltd.,SME,supreme-facility-management-ipo,1927,2024-12-11,2024-12-18,47.5,76.0,26.94,71.25,-6.25,23.5,INE0U6N01014,SFML,,8.24,15.7,,42.5,"81,914",,,,,NSE,SFML,75.0,75.0,71.25,71.25,374,23.5,75.0,16.5,2024-12-18,2026-03-30,0,0.0160964,-1.32,-6.25,-69.08,-1.32,-78.29,-67.02,False,6800.0,6,104.0,2025-05-23,2026-03-30,False,20.3,,-68.67,-75.16,-36.84,31.86,,,,,,,
Inventurus Knowledge Solutions Ltd.,Mainboard,inventurus-knowledge-solutions-ipo,1926,2024-12-12,2024-12-19,2497.92,1329.0,29.46,1960.85,47.54,1759.8,INE115Q01022,IKS,544309,80.64,23.25,24.99,14.55,"30,45,325",1120.18,30.96,2025-01-16,2025-03-17,NSE,IKS,1900.0,2031.0,1852.1,1960.85,393,1759.8,2189.0,1236.8,2024-12-26,2025-04-07,4,55.773994488000014,42.96,47.54,32.42,64.71,-6.94,-10.25,False,303920.1,10,59.0,2025-03-17,2026-07-02,False,19.6,388.0,-19.61,-40.58,-24.73,36.36,4.0,2024-12-26,2024-12-26,-8.93,-15.12,-30.69,0.7
Yash Highvoltage Ltd.,SME,yash-highvoltage-ipo,1929,2024-12-12,2024-12-19,104.51,146.0,127.34,291.25,99.49,931.3,INE00GK01023,,544310,123.7,330.03,,151.52,"4,01,296",31.33,22.17,2025-01-16,2025-03-17,BSE,YASHHV,277.4,291.25,277.4,291.25,393,931.3,1008.75,145.0,2026-07-13,2025-03-18,383,11.020663155,90.0,99.49,537.88,590.92,-0.68,219.76,True,121612.5,6,103.0,2025-05-23,2025-12-29,False,98.8,283.0,-7.68,-54.16,-34.08,50.71,1.0,2025-06-02,2024-12-20,-1.7,-12.25,-48.95,0.24
International Gemmological Institute (India) Ltd.,Mainboard,international-gemmological-institute-ipo,1930,2024-12-13,2024-12-20,4225.0,417.0,19.89,471.15,12.99,338.15,INE0Q9301021,IGIL,544311,48.11,26.09,29.78,11.77,"41,83,197",1900.35,31.02,2025-01-16,2025-03-17,NSE,IGIL,510.0,525.0,459.0,471.15,392,338.15,642.3,282.0,2025-01-09,2025-03-12,13,21.538745003749998,22.3,12.99,-18.91,54.03,-32.37,-28.23,False,619977.8,8,50.0,2025-03-04,2026-07-24,True,23.2,360.0,-47.35,-53.09,-0.24,36.57,2.0,2025-02-04,2024-12-24,17.61,-1.35,-31.5,0.4
Hamps Bio Ltd.,SME,hamps-bio-ipo,1931,2024-12-13,2024-12-20,5.91,51.0,1047.96,101.74,99.49,24.3,INE0QBD01018,,544312,,758.27,,1342.04,"6,65,592",,,,,BSE,HAMPS,96.9,101.74,96.9,101.74,249,24.3,107.2,13.36,2024-12-24,2026-03-24,2,0.0214296,90.0,99.49,-52.35,110.2,-73.8,-76.12,False,8400.0,4,107.0,2025-07-23,2026-04-09,False,-59.4,247.0,-77.33,-85.96,-47.71,53.08,1.0,2024-12-23,2024-12-23,-30.95,-41.09,-59.75,1.79
NACDAC Infrastructure Ltd.,SME,nacdac-infrastructure-ipo,1932,2024-12-17,2024-12-24,9.24,35.0,1544.73,69.82,99.49,24.89,INE0LB101011,,544313,236.39,4084.46,,2503.66,"7,56,681",2.73,21.43,2025-01-19,2025-03-20,BSE,NACDAC,66.5,69.82,66.5,69.82,321,24.89,106.4,21.12,2025-01-08,2026-06-25,10,0.0453946,90.0,99.49,-28.89,204.0,-39.66,-64.35,False,19000.0,7,68.0,2025-04-21,2026-06-17,False,-19.7,305.0,-76.61,-77.32,-22.66,75.05,1.0,2025-01-15,2024-12-26,20.02,1.98,-44.11,0.15
Identical Brains Studios Ltd.,SME,identical-brains-studios-ipo,1935,2024-12-18,2024-12-26,18.94,54.0,380.24,99.75,84.72,20.0,INE0TD101011,IDENTICAL,,187.36,1020.2,,544.28,"3,55,416",5.66,22.1,2025-01-22,2025-03-23,NSE,IDENTICAL,95.0,99.75,90.25,99.75,361,20.0,99.75,14.1,2024-12-26,2026-03-27,0,0.0272425,75.93,84.72,-62.96,84.72,-73.89,-79.95,True,14600.0,9,134.0,2025-07-18,2026-07-24,True,-11.4,,-79.95,-84.61,-52.58,51.83,,,,,,,
Transrail Lighting Ltd.,Mainboard,transrail-lighting-ipo,1933,2024-12-19,2024-12-27,838.91,432.0,58.2,553.55,28.14,482.7,INE454P01035,TRANSRAILL,544317,197.41,78.31,79.8,22.62,"40,10,736",245.97,22.67,2025-01-23,2025-03-24,NSE,TRANSRAILL,590.0,605.0,544.5,553.55,388,482.7,855.8,394.55,2025-08-13,2025-04-07,156,19.2346126255,36.57,28.14,11.74,98.1,-8.67,-12.8,False,377710.25,5,99.0,2025-05-26,2025-11-11,False,31.5,60.0,-43.6,-43.86,-14.25,44.12,4.0,2026-04-28,2025-01-02,-6.32,-16.1,-24.12,2.94
DAM Capital Advisors Ltd.,Mainboard,dam-capital-advisors-ipo,1936,2024-12-19,2024-12-27,840.25,283.0,57.65,415.1,46.68,157.88,INE284H01025,DAMCAPITAL,544316,166.33,98.47,102.21,26.8,"47,35,871",251.48,23.04,2025-01-22,2025-03-23,NSE,DAMCAPITAL,393.0,456.9,392.95,415.1,388,157.88,456.9,119.22,2024-12-27,2026-03-16,0,10.738125043599998,38.87,46.68,-44.21,61.45,-57.87,-61.97,True,659346.7,9,59.0,2025-03-24,2026-07-15,False,2.8,,-65.45,-70.73,-33.87,36.74,,,,,,,
Mamata Machinery Ltd.,Mainboard,mamata-machinery-ipo,1937,2024-12-19,2024-12-27,179.35,243.0,136.48,630.0,159.26,395.45,INE0TO701015,MAMATA,544318,235.88,274.38,222.71,138.08,"49,18,086",53.56,22.99,2025-01-22,2025-03-23,NSE,MAMATA,600.0,630.0,600.0,630.0,388,395.45,630.0,297.0,2024-12-27,2026-03-30,0,1.913170893,146.91,159.26,62.74,159.26,22.22,-37.23,True,48371.25,7,13.0,2025-01-15,2025-09-10,False,-26.3,,-37.23,-52.5,-40.71,40.71,,,,,,,
Sanathan Textiles Ltd.,Mainboard,sanathan-textiles-ipo,1940,2024-12-19,2024-12-27,550.0,321.0,26.15,388.35,20.98,483.0,INE0JPD01013,SANATHAN,544314,79.59,44.39,48.47,9.31,"11,69,757",165.0,23.08,2025-01-23,2025-03-24,NSE,SANATHAN,422.3,423.0,382.0,388.35,388,483.0,560.2,286.95,2025-07-21,2025-03-03,139,1.8066126567499998,31.56,20.98,50.47,74.52,-10.61,24.37,True,39056.3,5,124.0,2025-06-30,2026-07-21,True,7.5,25.0,-13.78,-33.96,-19.66,20.54,73.0,2026-06-18,2025-04-16,-5.1,-3.62,20.73,3.48
Concord Enviro Systems Ltd.,Mainboard,concord-enviro-ipo,1941,2024-12-19,2024-12-27,500.33,701.0,7.84,827.1,17.99,298.35,INE037Z01029,CEWATER,544315,17.32,14.2,14.09,5.56,"6,04,657",150.1,23.08,2025-01-22,2025-03-23,NSE,CEWATER,826.0,860.0,801.0,827.1,388,298.35,860.0,235.0,2024-12-27,2026-03-16,0,7.615650317,17.83,17.99,-57.44,22.68,-66.48,-63.93,False,225859.8,10,99.0,2025-05-26,2026-07-10,False,-9.2,,-65.31,-70.83,-32.32,31.97,,,,,,,
Newmalayalam Steel Ltd.,SME,newmalayalam-steel-ipo,1938,2024-12-19,2024-12-27,39.66,90.0,50.42,85.5,-5.0,22.25,INE0TP801012,NMSTEEL,,1.26,24.63,,87.7,"1,17,354",,,,,NSE,NMSTEEL,90.0,90.0,85.5,85.5,330,22.25,90.0,17.4,2024-12-27,2026-03-30,0,0.0164588,0.0,-5.0,-75.28,0.0,-80.67,-73.98,False,6720.0,8,54.0,2025-03-17,2026-06-04,False,1.3,,-75.28,-78.19,-47.95,42.98,,,,,,,
Ventive Hospitality Ltd.,Mainboard,ventive-hospitality-ipo,1939,2024-12-20,2024-12-30,1600.0,643.0,6.12,704.35,9.54,617.75,INE781S01027,VENTIVE,544321,9.58,14.6,15.86,6.19,"7,27,669",719.55,31.02,2025-01-24,2025-03-25,NSE,VENTIVE,716.0,749.0,702.0,704.35,387,617.75,840.0,523.4,2025-05-13,2025-03-03,89,1.0378636074999998,11.35,9.54,-3.93,30.64,-18.6,-12.3,False,16647.9,9,124.0,2025-07-01,2026-06-16,False,13.3,116.0,-26.46,-33.52,-13.07,25.09,27.0,2026-02-02,2025-02-05,-16.37,-11.5,-4.35,1.07
Senores Pharmaceuticals Ltd.,Mainboard,senores-pharmaceuticals-ipo,1943,2024-12-20,2024-12-30,582.11,391.0,54.02,557.8,42.66,1387.5,INE0RB801010,SENORES,544319,97.84,100.35,95.25,93.16,"37,01,011",260.63,30.93,2025-01-24,2025-03-25,NSE,SENORES,600.0,609.65,538.85,557.05,387,1387.5,1509.8,435.25,2026-07-16,2025-01-13,380,38.7597509175,53.45,42.47,254.86,286.14,11.32,149.08,True,277788.05,6,28.0,2025-02-06,2026-05-18,False,-15.9,245.0,-8.1,-22.99,-21.87,37.62,54.0,2025-07-24,2025-03-18,-9.73,-13.0,-14.01,1.83
Carraro India Ltd.,Mainboard,carraro-india-ipo,1945,2024-12-20,2024-12-30,1250.0,704.0,1.12,636.2,-9.63,534.0,INE0V7W01012,CARRARO,544320,2.33,0.63,0.45,0.75,"1,93,137",375.0,23.08,2025-01-24,2025-03-25,NSE,CARRARO,651.0,682.0,631.0,636.2,387,534.0,692.4,253.15,2025-01-03,2025-04-09,4,10.07884660475,-7.53,-9.63,-24.15,-1.65,-64.04,-16.06,False,181565.7,11,30.0,2025-02-10,2026-07-09,False,22.4,,-22.88,-61.61,-44.75,53.58,,,,,,,
Unimech Aerospace & Manufacturing Ltd.,Mainboard,unimech-aerospace-ipo,1942,2024-12-23,2024-12-31,500.0,785.0,128.02,1376.25,75.32,1237.4,INE0U3I01011,UNIMECH,544322,334.68,277.55,302.3,59.19,"76,17,211",149.55,23.02,2025-01-25,2025-03-26,NSE,UNIMECH,1460.0,1485.0,1327.75,1376.25,386,1237.4,1523.75,695.0,2025-01-02,2026-03-30,2,19.61592210175,85.99,75.32,57.63,94.11,-11.46,-10.09,True,161249.05,7,99.0,2025-05-28,2026-07-16,False,-7.4,,-18.79,-51.53,-18.23,28.95,,,,,,,
Anya Polytech & Fertilizers Ltd.,SME,anya-polytech-ipo,1946,2024-12-26,2025-01-02,42.56,14.0,307.39,17.95,28.21,15.5,INE0SI601032,ANYA,,150.8,1100.39,,321.53,"3,80,007",12.75,22.15,2025-01-30,2025-03-31,NSE,ANYA,17.1,17.95,17.0,17.95,359,15.5,29.05,14.6,2025-05-22,2026-06-19,93,0.05151875,22.14,28.21,10.71,107.5,4.29,-13.65,False,32500.0,8,57.0,2025-03-26,2026-02-23,False,21.9,67.0,-46.64,-45.86,-9.75,64.62,1.0,2026-04-02,2025-01-03,19.15,18.09,15.96,0.33
Citichem India Ltd.,SME,citichem-india-ipo,1947,2024-12-27,2025-01-03,11.96,70.0,415.75,68.28,-2.46,16.0,INE0A8401016,,544324,,277.88,,543.18,"3,06,306",,,,,BSE,CITICHEM,70.0,70.0,66.5,68.28,269,16.0,70.0,12.0,2025-01-03,2026-03-30,0,0.0119047,0.0,-2.46,-77.14,0.0,-82.86,-76.57,False,7100.0,4,81.0,2025-05-20,2026-01-22,False,-6.0,,-77.14,-82.43,-51.67,51.67,,,,,,,
Indo Farm Equipment Ltd.,Mainboard,indo-farm-equipment-ipo,1934,2024-12-31,2025-01-07,260.15,215.0,159.23,273.69,27.3,152.25,INE622H01018,INDOFARM,544328,242.4,501.75,548.13,101.79,"54,16,440",78.05,23.08,2025-02-02,2025-04-02,NSE,INDOFARM,256.0,287.0,256.0,273.69,381,152.25,293.2,110.7,2025-01-08,2026-03-30,1,15.16716372285,19.07,27.3,-29.19,36.37,-48.51,-44.37,False,930864.9,11,130.0,2025-07-17,2026-07-03,False,13.6,,-48.07,-59.99,-37.64,44.77,,,,,,,
Technichem Organics Ltd.,SME,technichem-organics-ipo,1948,2024-12-31,2025-01-07,23.86,55.0,297.53,60.11,9.29,44.61,INE0ZHT01012,,544327,101.49,1078.9,,329.43,"3,08,773",7.14,22.04,2025-02-02,2025-04-03,BSE,TECHNICHEM,57.25,60.11,57.25,60.11,296,44.61,82.5,32.95,2025-01-22,2025-08-04,11,0.0618706,4.09,9.29,-18.89,50.0,-40.09,-25.79,False,13700.0,8,97.0,2025-06-04,2026-06-09,False,19.6,96.0,-45.93,-49.39,-18.48,55.73,1.0,2025-12-03,2025-01-08,11.25,-9.29,-27.75,0.44
Leo Dryfruits & Spices Trading Ltd.,SME,leo-dryfruits-ipo,1949,2025-01-01,2025-01-08,23.84,52.0,144.49,71.36,37.23,51.0,INE0RH001011,,544329,68.06,394.59,,154.5,"1,96,592",6.88,21.51,2025-02-05,2025-04-06,BSE,VANDU,68.0,71.4,64.6,71.36,371,51.0,91.0,40.0,2025-06-05,2026-03-30,98,0.0542551,30.77,37.23,-1.92,75.0,-23.08,-28.53,False,10400.0,12,83.0,2025-05-14,2026-06-16,False,30.4,162.0,-43.96,-54.41,-27.13,31.81,92.0,2025-11-13,2025-05-28,5.95,3.78,4.44,1.58
Davin Sons Retail Ltd.,SME,davin-sons-ipo,1952,2025-01-02,2025-01-09,8.34,55.0,119.19,46.2,-16.0,30.0,INE0Q2L01013,,544331,,66.1,,164.78,"1,00,365",,,,,BSE,DAVIN,44.0,46.2,41.9,46.2,264,30.0,61.09,18.05,2025-08-26,2025-06-17,138,0.0313318,-20.0,-16.0,-45.45,11.07,-67.18,-35.06,False,9200.0,7,103.0,2025-06-25,2026-05-29,False,75.1,75.0,-50.89,-59.96,-49.13,47.29,135.0,2025-11-25,2025-08-21,-12.17,7.86,-10.7,6.33
Parmeshwar Metal Ltd.,SME,parmeshwar-metal-ipo,1953,2025-01-02,2025-01-09,23.49,61.0,425.12,88.72,45.44,189.0,INE0QQJ01021,,544330,177.32,1202.83,,597.09,"6,58,634",7.04,22.15,2025-02-05,2025-04-06,BSE,PARMESHWAR,84.5,88.72,81.05,88.72,355,189.0,241.5,47.84,2026-05-14,2025-02-17,306,0.1306125,38.52,45.44,209.84,295.9,-21.57,113.03,False,6800.0,7,45.0,2025-03-17,2026-05-04,False,34.9,152.0,-21.74,-42.8,-46.08,43.07,202.0,2025-12-01,2025-12-01,18.08,66.53,28.22,2.12
Fabtech Technologies Cleanrooms Ltd.,SME,fabtech-technologies-ipo,1950,2025-01-03,2025-01-10,26.34,85.0,476.37,169.57,99.49,376.0,INE0HSD01011,,544332,224.5,1485.52,,715.05,"7,56,010",7.89,22.14,2025-02-08,2025-04-08,BSE,FABCLEAN,161.5,169.57,161.5,169.57,373,376.0,470.0,161.5,2025-07-21,2025-01-10,127,0.2000483,90.0,99.49,342.35,452.94,90.0,121.74,False,5100.0,9,9.0,2025-01-23,2026-05-07,False,20.2,371.0,-20.0,-54.79,4.99,96.57,1.0,2025-01-13,2025-01-13,49.82,77.12,77.49,0.22
Standard Glass Lining Technology Ltd.,Mainboard,standard-glass-lining-ipo,1951,2025-01-06,2025-01-13,410.05,140.0,129.83,163.35,16.68,135.98,INE0M4D01010,SGLTL,544333,327.76,275.21,302.21,65.71,"52,39,243",123.0,23.08,2025-02-07,2025-04-08,NSE,SGLTL,172.0,182.0,161.0,163.28,377,272.7,305.3,104.56,2026-07-03,2026-03-30,361,40.08494690665,22.86,16.63,94.79,118.07,-25.31,67.01,True,1471020.05,5,167.0,2025-09-16,2026-06-25,False,-19.8,24.0,-10.68,-47.03,-20.62,51.56,2.0,2026-06-19,2025-01-15,-13.26,-21.12,-28.61,1.35
Indobell Insulations Ltd.,SME,indobell-insulations-ipo,1956,2025-01-06,2025-01-13,9.63,46.0,55.38,91.77,99.5,67.01,INE0FK501019,,544334,,51.31,,52.37,"24,268",,,,,BSE,INDOBELL,87.4,91.77,83.03,91.77,335,67.01,166.75,44.75,2025-02-11,2026-06-11,21,0.1196276,90.0,99.5,45.67,262.5,-2.72,-26.98,True,15862.5,6,154.0,2025-10-10,2026-07-17,True,-25.0,174.0,-59.81,-71.59,-3.02,84.72,1.0,2025-10-20,2025-01-14,24.11,55.84,13.23,0.21
Quadrant Future Tek Ltd.,Mainboard,quadrant-future-tek-ipo,1954,2025-01-07,2025-01-14,290.0,290.0,108.05,444.0,53.1,361.05,INE0LRY01011,QUADFUTURE,544336,139.77,268.03,274.25,256.46,"44,19,572",130.5,31.03,2025-02-08,2025-04-09,NSE,QUADFUTURE,370.0,444.0,362.1,444.0,376,361.05,744.0,248.55,2025-02-06,2025-12-18,17,18.2241037635,27.59,53.1,24.5,156.55,-14.29,-18.68,False,430355.4,16,53.0,2025-04-02,2026-06-01,False,-17.3,16.0,-51.47,-64.7,-7.16,74.73,1.0,2026-07-02,2025-01-15,-1.89,6.63,-2.32,1.07
Avax Apparels & Ornaments Ltd.,SME,avax-apparels-and-ornaments-ipo,1862,2025-01-07,2025-01-14,1.82,70.0,266.41,139.65,99.5,52.4,INE0NQ401024,,544337,,140.46,,372.35,"28,111",,,,,BSE,AVAX,165.0,165.0,165.0,165.0,60,52.4,168.0,37.75,2026-04-01,2026-04-10,1,0.0519395,135.71,135.71,-25.14,140.0,-46.07,-68.24,True,10400.0,0,,,,False,,58.0,-68.81,-76.37,-77.12,78.94,1.0,2026-04-01,2026-04-01,-69.64,-71.8,,1.0
Delta Autocorp Ltd.,SME,delta-autocorp-ipo,1955,2025-01-07,2025-01-14,50.78,130.0,238.75,167.25,28.65,36.8,INE0XRN01019,DELTIC,,178.64,624.28,,314.33,"4,58,617",15.21,21.79,2025-02-08,2025-04-09,NSE,DELTIC,175.0,183.75,166.25,167.25,375,36.8,183.75,28.05,2025-01-14,2026-03-30,0,0.0607725,34.62,28.65,-71.69,41.35,-78.42,-78.0,True,18100.0,8,44.0,2025-03-19,2026-05-29,False,6.8,,-79.97,-82.99,-57.55,61.29,,,,,,,
B.R.Goyal Infrastructure Ltd.,SME,brgoyal-ipo,1958,2025-01-07,2025-01-14,80.95,135.0,82.87,142.5,5.56,130.45,INE00ST01011,,544335,69.88,256.9,,88.27,"2,18,744",24.11,22.05,2025-02-08,2025-04-09,BSE,BRGIL,135.75,142.5,135.0,142.5,363,130.45,177.0,89.06,2025-08-20,2026-03-04,148,0.252028,0.56,5.56,-3.37,31.11,-34.03,-8.46,True,19800.0,11,61.0,2025-04-16,2026-05-26,False,23.4,242.0,-26.3,-48.0,-33.33,40.39,1.0,2025-07-10,2025-01-15,-15.23,-23.52,-15.96,0.21
Sat Kartar Shopping Ltd.,SME,sat-kartar-shopping-ipo,1959,2025-01-10,2025-01-17,31.91,81.0,239.46,161.55,99.44,136.6,INE0NB801022,SATKARTAR,,124.75,808.3,,250.35,"2,32,486",9.55,22.03,2025-02-16,2025-04-18,NSE,SATKARTAR,153.9,161.55,146.2,161.55,369,136.6,241.95,124.0,2025-02-05,2026-01-27,13,0.4660288,90.0,99.44,68.64,198.7,53.09,-15.44,False,34400.0,11,59.0,2025-04-21,2026-07-14,False,26.1,31.0,-43.54,-44.4,-13.96,63.73,1.0,2026-06-10,2025-01-20,5.16,0.83,-14.5,0.11
Laxmi Dental Ltd.,Mainboard,laxmi-dental-ipo,1961,2025-01-13,2025-01-20,698.06,428.0,63.1,550.55,28.63,216.44,INE0WO601020,LAXMIDENTL,544339,110.38,147.69,167.68,75.1,"43,13,159",314.13,31.03,2025-02-14,2025-04-15,NSE,LAXMIDENTL,542.0,584.0,525.0,550.55,372,216.44,584.0,155.88,2025-01-20,2026-03-30,0,2.3823766599,26.64,28.63,-49.43,36.45,-63.58,-60.69,False,106844.25,14,33.0,2025-03-07,2026-05-25,False,-7.0,,-62.94,-71.26,-43.11,48.63,,,,,,,
Barflex Polyfilms Ltd.,SME,barflex-polyfilms-ipo,1960,2025-01-10,2025-01-20,37.4,60.0,106.0,63.0,5.0,54.6,INE0QX401014,BARFLEX,,78.22,373.12,,98.48,"1,16,416",11.21,22.14,2025-02-15,2025-04-16,NSE,BARFLEX,60.0,63.0,60.0,63.0,372,54.6,82.4,41.15,2025-09-10,2025-03-27,158,0.056986,0.0,5.0,-9.0,37.33,-31.42,-13.33,True,10400.0,4,47.0,2025-03-28,2026-05-22,False,41.9,55.0,-33.74,-42.73,-26.83,42.54,1.0,2026-05-06,2025-01-21,-11.04,-28.65,-8.62,0.05
Kabra Jewels Ltd.,SME,kabra-jewels-ipo,1962,2025-01-15,2025-01-22,36.29,128.0,251.82,255.35,99.49,104.05,INE0XOW01017,KKJEWELS,,154.53,556.9,,384.9,"4,13,315",10.87,21.36,2025-02-19,2025-04-20,NSE,KKJEWELS,243.2,255.35,243.2,255.35,363,104.05,265.0,72.1,2025-01-23,2026-03-04,1,0.1410785,90.0,99.49,-18.71,107.03,-43.67,-59.25,False,13150.0,9,56.0,2025-04-17,2026-07-24,True,-18.0,,-60.74,-68.22,-57.69,61.46,,,,,,,
Rikhav Securities Ltd.,SME,rikhav-securities-ipo,1964,2025-01-15,2025-01-22,84.31,86.0,196.18,171.55,99.48,46.56,INE0CFH01028,,544340,170.92,616.42,,251.36,"8,69,941",25.11,22.04,2025-02-19,2025-04-20,BSE,RIKHAV,163.4,171.57,163.4,171.55,369,46.56,171.57,34.0,2025-01-22,2026-03-09,0,0.22889896,90.0,99.48,-45.86,99.5,-60.47,-72.86,False,48000.0,8,57.0,2025-04-21,2026-06-30,False,-10.5,,-72.86,-78.02,-61.64,61.56,,,,,,,
Stallion India Fluorochemicals Ltd.,Mainboard,stallion-india-ipo,1967,2025-01-16,2025-01-23,199.45,90.0,131.49,126.0,40.0,241.9,INE0RYC01010,STALLION,544342,172.93,422.35,472.89,96.81,"50,83,342",59.84,23.08,2025-02-20,2025-04-21,NSE,STALLION,120.0,126.0,120.0,126.0,369,241.9,423.8,60.0,2025-10-17,2025-03-03,181,97.52900244054999,33.33,40.0,168.78,370.89,-33.33,91.98,True,4365967.5,10,107.0,2025-07-02,2026-07-21,True,131.9,73.0,-42.92,-75.42,-52.38,51.59,128.0,2026-04-08,2025-07-31,-3.57,18.61,120.22,4.97
Landmark Immigration Consultants Ltd.,SME,landmark-immigration-ipo,1965,2025-01-16,2025-01-23,38.27,72.0,61.05,75.07,4.26,11.41,INE12QA01010,,544341,,,,,,6.11,13.15,2025-02-18,2025-04-19,BSE,LICL,75.0,78.75,75.0,75.07,348,11.41,78.75,11.41,2025-01-23,2026-07-24,0,0.0231252,4.17,4.26,-84.15,9.38,-84.15,-84.8,False,15680.0,14,84.0,2025-05-30,2026-05-27,False,5.3,,-85.51,-84.8,-41.39,42.63,,,,,,,
EMA Partners India Ltd.,SME,ema-partners-ipo,1963,2025-01-17,2025-01-24,72.21,124.0,154.8,148.7,19.92,80.55,INE0ZOL01023,EMAPARTNER,,147.69,444.08,,167.35,"3,70,394",21.65,22.17,2025-02-21,2025-04-22,NSE,EMAIN,156.5,158.8,148.7,148.7,348,80.55,158.8,65.25,2025-01-24,2026-03-27,0,0.36798025,26.21,19.92,-35.04,28.06,-47.38,-45.83,False,42900.0,9,57.0,2025-04-23,2026-07-01,False,-7.6,,-49.28,-53.77,-33.42,32.28,,,,,,,
CapitalNumbers Infotech Ltd.,SME,capitalnumbers-infotech-ipo,1966,2025-01-20,2025-01-27,160.69,263.0,95.54,261.35,-0.63,91.9,INE0WXM01011,,544343,122.19,297.32,,71.99,"4,93,394",48.19,22.15,2025-02-22,2025-04-23,BSE,CNINFOTECH,274.0,274.0,260.3,261.35,367,91.9,274.0,70.0,2025-01-27,2026-06-01,0,0.13552374,4.18,-0.63,-65.06,4.18,-73.38,-64.84,False,14220.0,6,56.0,2025-04-23,2026-06-15,False,-18.6,,-66.46,-70.75,-44.1,43.2,,,,,,,
Denta Water & Infra Solutions Ltd.,Mainboard,denta-water-ipo,1970,2025-01-22,2025-01-29,220.5,294.0,154.4,341.25,16.07,336.65,INE0R4L01018,DENTA,544345,236.94,507.07,556.49,90.38,"41,10,651",66.15,23.08,2025-02-26,2025-04-27,NSE,DENTA,325.0,341.25,325.0,341.25,365,336.65,479.6,222.0,2025-10-07,2026-03-09,169,17.339280885500003,10.54,16.07,14.51,63.13,-24.49,-1.35,True,505690.65,17,16.0,2025-02-20,2026-06-23,False,-9.0,3.0,-29.81,-52.0,-20.81,31.49,2.0,2026-07-21,2025-01-31,-15.34,-15.45,-17.27,0.43
Rexpro Enterprises Ltd.,SME,rexpro-enterprises-ipo,1969,2025-01-22,2025-01-29,50.95,145.0,17.63,111.15,-23.34,39.9,INE113601012,REXPRO,,,8.22,,27.12,"51,406",,,,,NSE,REXPRO,117.0,120.0,111.15,111.15,330,39.9,120.0,38.0,2025-01-29,2026-06-04,0,0.032211,-19.31,-23.34,-72.48,-17.24,-73.79,-64.1,False,7800.0,10,76.0,2025-05-27,2026-07-17,True,-12.5,,-66.75,-65.59,-34.01,35.94,,,,,,,
CLN Energy Ltd.,SME,cln-energy-ipo,1972,2025-01-23,2025-01-30,68.4,250.0,3.99,254.15,1.66,515.0,INE0WDX01010,,544347,1.07,8.6,,6.55,"13,907",20.52,22.11,2025-02-27,2025-04-28,BSE,CLN,256.0,268.8,252.0,254.15,357,515.0,659.05,230.0,2025-07-11,2025-04-07,109,0.2428859,2.4,1.66,106.0,163.62,-8.0,102.64,True,4790.0,12,52.0,2025-04-22,2026-07-03,False,114.1,77.0,-21.86,-57.85,-1.24,41.06,2.0,2026-04-01,2025-02-03,2.69,1.62,42.21,0.15
GB Logistics Commerce Ltd.,SME,gb-logistics-ipo,1968,2025-01-24,2025-01-31,23.81,102.0,129.1,81.75,-19.85,27.0,INE0RWU01016,,544348,25.1,543.55,,121.88,"1,04,260",7.14,22.16,2025-03-02,2025-05-02,BSE,GBLOGISTIC,81.6,85.65,77.55,81.75,343,27.0,85.65,24.07,2025-01-31,2026-07-22,0,0.05886276,-20.0,-19.85,-73.53,-16.03,-76.4,-66.97,False,21600.0,7,137.0,2025-09-01,2026-05-21,False,10.9,,-68.48,-69.41,-54.15,44.42,,,,,,,
H.M.Electro Mech Ltd.,SME,hm-electro-mech-ipo,1973,2025-01-24,2025-01-31,26.35,75.0,66.03,77.04,2.72,49.61,INE0DZD01015,,544349,16.01,183.65,,95.55,"85,615",7.9,22.15,2025-02-28,2025-04-29,BSE,HMEML,81.0,81.0,76.95,77.04,350,49.61,100.99,36.47,2025-04-17,2026-03-30,49,0.063486,8.0,2.72,-33.85,34.65,-51.37,-35.6,False,12000.0,8,24.0,2025-03-07,2026-06-04,False,1.0,297.0,-50.88,-59.73,-28.61,33.29,48.0,2025-04-23,2025-04-16,-12.92,-15.91,-22.9,6.47
Dr.Agarwal's Health Care Ltd.,Mainboard,dr-agarwals-healthcare-ipo,1975,2025-01-29,2025-02-04,3027.26,402.0,1.39,401.65,-0.09,478.9,INE943P01029,AGARWALEYE,544350,4.41,0.39,0.29,0.42,"2,53,169",875.51,22.43,2025-03-02,2025-05-01,NSE,AGARWALEYE,402.0,412.9,370.2,401.65,361,478.9,568.0,327.0,2025-10-16,2025-05-30,172,3.92685398075,0.0,-0.09,19.13,41.29,-18.66,19.23,False,81200.95,9,76.0,2025-05-30,2026-05-21,False,36.1,77.0,-15.69,-26.31,-8.95,24.47,6.0,2026-04-01,2025-02-12,-4.34,-0.62,-6.54,0.68
Malpani Pipes & Fittings Ltd.,SME,malpani-pipes-ipo,1974,2025-01-29,2025-02-04,24.61,90.0,103.35,84.04,-6.62,66.35,INE0YON01014,,544351,58.49,343.13,,113.35,"83,780",7.2,21.74,2025-03-04,2025-05-04,BSE,MALPANI,85.9,90.0,81.61,84.04,326,66.35,90.0,54.9,2025-02-04,2025-03-18,0,0.07301248,-4.56,-6.62,-26.28,0.0,-39.0,-21.05,False,10960.0,3,70.0,2025-05-27,2025-09-01,False,4.2,,-26.28,-33.78,-34.67,34.42,,,,,,,
Chamunda Electrical Ltd.,SME,chamunda-electrical-ipo,1976,2025-02-04,2025-02-11,13.77,50.0,512.83,66.5,33.0,44.95,INE11HG01018,CHAMUNDA,,155.85,1943.09,,554.13,"1,96,917",4.11,21.97,2025-03-08,2025-05-07,NSE,CHAMUNDA,70.0,71.0,66.5,66.5,342,44.95,71.0,36.1,2025-02-11,2025-03-04,0,0.05146275,40.0,33.0,-10.1,42.0,-27.8,-32.41,True,11700.0,4,60.0,2025-05-15,2026-06-01,False,12.0,,-36.69,-42.71,-45.71,45.49,,,,,,,
Ken Enterprises Ltd.,SME,ken-enterprises-ipo,1977,2025-02-05,2025-02-12,79.47,94.0,4.27,80.75,-14.1,35.0,INE15DO01012,KEN,,,1.75,,6.86,"25,847",,,,,NSE,KEN,85.0,85.0,80.75,80.75,347,35.0,85.0,29.0,2025-02-12,2026-06-10,0,0.0414036,-9.57,-14.1,-62.77,-9.57,-69.15,-56.66,False,11340.0,12,7.0,2025-02-21,2026-06-17,False,-39.4,,-58.82,-61.18,-54.18,49.23,,,,,,,
Amwill Health Care Ltd.,SME,amwill-healthcare-ipo,1979,2025-02-05,2025-02-12,56.97,111.0,5.67,93.25,-15.99,41.58,INE0U2L01017,,544353,7.8,5.66,,4.77,"9,413",,,,,BSE,AMWILL,88.85,93.25,84.45,93.25,339,41.58,104.9,28.91,2025-04-29,2026-04-01,48,0.03136356,-19.95,-15.99,-62.54,-5.5,-73.95,-55.41,False,7320.0,6,40.0,2025-04-16,2026-06-03,False,-17.9,291.0,-60.36,-70.76,-26.54,35.39,1.0,2025-04-28,2025-02-13,-8.68,-24.73,-9.7,0.12
Readymix Construction Machinery Ltd.,SME,readymix-construction-ipo,1980,2025-02-06,2025-02-13,35.77,123.0,3.22,116.85,-5.0,104.95,INE10QL01011,READYMIX,,5.1,4.76,,4.26,"4,626",10.71,22.15,2025-03-13,2025-05-12,NSE,READYMIX,123.0,123.0,116.85,116.85,332,104.95,175.0,55.2,2025-09-08,2025-03-04,133,0.2319815,0.0,-5.0,-14.67,42.28,-55.12,-10.18,True,23650.0,12,78.0,2025-06-18,2026-07-16,False,58.1,132.0,-40.03,-57.94,-52.76,47.75,94.0,2025-12-15,2025-07-10,-6.28,-9.86,14.24,2.29
Solarium Green Energy Ltd.,SME,solarium-green-ipo,1981,2025-02-06,2025-02-13,99.56,191.0,6.62,211.9,10.94,174.05,INE0W0H01017,,544354,8.51,18.04,,5.07,"23,471",29.85,22.13,2025-03-13,2025-05-12,BSE,SOLARIUM,202.0,212.1,202.0,211.9,354,174.05,484.0,129.15,2025-06-27,2026-03-16,89,0.2959659,5.76,10.94,-8.87,153.4,-32.38,-17.86,False,16560.0,4,160.0,2025-10-09,2026-02-16,False,-30.5,65.0,-64.04,-71.26,2.41,32.33,1.0,2026-04-21,2025-02-14,15.15,9.69,41.0,0.12
Eleganz Interiors Ltd.,SME,eleganz-interiors-ipo,1978,2025-02-07,2025-02-14,74.15,130.0,21.69,116.05,-10.73,104.75,INE0R9101015,ELGNZ,,24.45,60.42,,21.44,"46,329",22.23,22.16,2025-03-14,2025-05-13,NSE,ELGNZ,122.0,122.0,115.9,116.05,352,104.75,163.5,52.0,2025-05-19,2026-03-30,59,0.81034,-6.15,-10.73,-19.42,25.77,-60.0,-9.74,True,89050.0,15,105.0,2025-07-22,2026-07-06,False,-18.7,185.0,-35.93,-66.13,-18.14,29.17,27.0,2025-10-20,2025-03-27,-7.69,9.81,3.43,2.54
Ajax Engineering Ltd.,Mainboard,ajax-engineering-ipo,1983,2025-02-10,2025-02-17,1268.93,629.0,4.84,595.4,-5.34,567.6,INE274Y01021,AJAXENGG,544356,13.04,6.46,7.67,1.94,"3,10,879",379.32,23.01,2025-03-14,2025-05-13,NSE,AJAXENGG,576.0,609.0,566.0,595.4,352,567.6,756.2,394.8,2025-05-14,2026-03-30,55,3.8918202442499994,-8.43,-5.34,-9.76,20.22,-37.23,-4.67,False,66957.85,4,175.0,2025-11-04,2026-07-13,False,-15.3,7.0,-24.94,-45.56,-4.93,15.49,14.0,2026-07-15,2025-03-10,-0.79,-1.67,1.09,1.31
Chandan Healthcare Ltd.,SME,chandan-healthcare-ipo,1982,2025-02-10,2025-02-17,101.88,159.0,5.48,173.35,9.03,230.0,INE0B2N01016,CHANDAN,,7.58,18.85,,2.44,"7,099",29.4,21.5,2025-03-14,2025-05-13,NSE,CHANDAN,165.1,173.35,165.1,173.35,352,230.0,358.0,140.0,2025-11-18,2025-03-04,184,1.439798,3.84,9.03,44.65,125.16,-11.95,32.68,False,56560.0,8,55.0,2025-05-14,2026-06-19,False,35.8,298.0,-35.75,-40.5,-19.24,41.77,12.0,2025-05-12,2025-03-06,4.6,11.55,3.14,2.28
Hexaware Technologies Ltd.,Mainboard,hexaware-technologies-ipo,1985,2025-02-12,2025-02-19,8750.0,708.0,2.25,762.55,7.7,551.85,INE093A01041,HEXT,544362,,,,,,2598.0,22.87,2025-03-18,2025-05-17,NSE,HEXT,745.5,788.0,708.0,762.55,350,551.85,900.0,400.2,2025-07-09,2026-03-12,93,83.16584356725001,5.3,7.7,-22.06,27.12,-43.47,-27.63,True,1539306.3,9,39.0,2025-04-23,2026-07-07,False,29.0,144.0,-38.68,-54.32,-22.59,33.66,1.0,2025-12-19,2025-02-20,-2.05,-8.13,0.14,0.32
P S Raj Steels Ltd.,SME,ps-raj-steels-ipo,1984,2025-02-12,2025-02-19,26.87,140.0,7.17,150.6,7.57,86.3,INE0XUS01012,PSRAJ,,1.21,21.39,,10.04,"7,013",7.97,21.98,2025-03-19,2025-05-18,NSE,PSRAJ,145.0,152.25,145.0,150.6,289,411.0,439.95,122.85,2026-06-18,2025-03-28,270,0.368136875,3.57,7.57,193.57,214.25,-12.25,172.91,True,8950.0,10,52.0,2025-05-23,2026-06-29,False,34.7,177.0,-6.58,-23.92,-18.43,21.35,69.0,2025-09-15,2025-06-18,-0.82,3.75,76.84,0.71
Voler Car Ltd.,SME,voler-car-ipo,1986,2025-02-12,2025-02-19,25.08,90.0,8.24,91.45,1.61,235.0,INE241X01014,VOLERCAR,,9.34,18.56,,13.94,"9,052",7.5,21.74,2025-03-18,2025-05-17,NSE,VOLERCAR,90.0,93.9,85.5,91.45,331,235.0,292.9,77.4,2026-05-29,2025-03-04,292,0.288005,0.0,1.61,161.11,225.44,-14.0,156.97,True,12480.0,16,36.0,2025-04-22,2026-06-08,False,30.9,236.0,-19.77,-26.32,-15.36,17.06,36.0,2025-07-17,2025-04-22,-4.58,-10.42,30.92,16.39
Maxvolt Energy Industries Ltd.,SME,maxvolt-energy-ipo,1987,2025-02-12,2025-02-19,51.26,180.0,2.55,180.9,0.5,344.25,INE10A501018,MAXVOLT,,6.76,1.45,,1.97,"2,649",15.32,22.1,2025-03-19,2025-05-18,NSE,MAXVOLT,180.0,182.05,171.0,180.9,349,344.25,509.0,145.05,2025-12-26,2025-03-12,208,1.5715357,0.0,0.5,91.25,182.78,-19.42,90.3,False,42560.0,5,35.0,2025-04-17,2026-03-04,False,37.0,312.0,-32.37,-49.37,-19.82,20.98,30.0,2025-04-21,2025-04-08,7.4,6.27,33.34,0.87
L.K.Mehta Polymers Ltd.,SME,lk-mehta-polymers-ipo,1989,2025-02-13,2025-02-21,7.0,71.0,44.14,68.29,-3.82,41.0,INE0FFF01017,,544366,,42.88,,46.25,"25,077",,,,,BSE,LKMEHTA,71.1,71.1,67.54,68.29,130,41.0,71.1,40.06,2025-02-21,2026-05-06,0,0.01017296,0.14,-3.82,-42.25,0.14,-43.58,-39.96,False,2400.0,1,58.0,2025-06-24,2025-06-24,False,-25.8,,-42.33,-41.34,-29.86,29.37,,,,,,,
Shanmuga Hospital Ltd.,SME,shanmuga-hospital-ipo,1990,2025-02-13,2025-02-21,19.58,54.0,2.43,51.3,-5.0,42.2,INE0TD301017,,544365,,0.6,,4.41,"6,563",,,,,BSE,SHANMUGA,54.0,54.0,51.3,51.3,301,42.2,56.76,31.0,2025-12-09,2025-04-07,181,0.0713977,0.0,-5.0,-21.85,5.11,-42.59,-17.74,True,16300.0,6,8.0,2025-03-06,2026-07-10,False,-0.6,,-25.65,-38.4,-39.57,34.58,,,,,,,
Quality Power Electrical Equipments Ltd.,Mainboard,quality-power-ipo,1988,2025-02-14,2025-02-24,858.7,425.0,1.05,387.9,-8.73,1105.4,INE0SII01026,QPOWER,544367,1.03,1.45,1.78,1.82,"1,20,178",386.41,31.03,2025-03-21,2025-05-20,NSE,QPOWER,430.0,430.75,382.5,387.9,347,1105.4,1441.0,267.8,2026-04-28,2025-04-07,286,12.6974312705,1.18,-8.73,160.09,239.06,-36.99,184.97,False,108999.1,4,55.0,2025-05-21,2026-02-05,False,93.2,285.0,-23.29,-44.35,-30.96,38.59,58.0,2025-05-29,2025-05-26,11.75,40.96,82.16,1.29
Royal Arc Electrodes Ltd.,SME,royalarc-electrodes-ipo,1991,2025-02-14,2025-02-24,34.16,120.0,1.4,121.3,1.08,148.0,INE0EO401019,ROYALARC,,1.04,0.92,,2.2,"1,906",10.08,21.88,2025-03-21,2025-05-20,NSE,ROYALARC,120.0,122.5,120.0,121.3,232,148.0,187.8,114.25,2025-04-04,2025-02-27,26,0.0272922,0.0,1.08,23.33,56.5,-4.79,22.01,False,1800.0,4,109.0,2025-08-28,2025-12-30,False,11.1,216.0,-21.19,-28.01,-5.81,60.63,15.0,2025-03-19,2025-03-19,36.45,47.58,21.77,1.11
Tejas Cargo India Ltd.,SME,tejas-cargo-ipo,1992,2025-02-14,2025-02-24,100.54,168.0,1.17,168.0,0.0,347.5,INE17WC01013,TEJASCARGO,,1.33,1.07,,1.09,"2,906",29.82,21.98,2025-03-21,2025-05-20,NSE,TEJASCARGO,175.0,175.0,168.0,168.0,245,347.5,435.85,141.05,2026-05-19,2025-03-18,220,0.0777175,4.17,0.0,106.85,159.43,-16.04,106.85,False,2000.0,9,49.0,2025-05-22,2026-03-30,False,91.7,171.0,-20.27,-30.28,-16.04,20.21,73.0,2025-06-26,2025-06-26,22.63,47.95,43.95,4.59
HP Telecom India Ltd.,SME,hp-telecom-india-ipo,1994,2025-02-20,2025-02-28,32.5,108.0,1.91,115.05,6.53,271.85,INE0VA601019,HPTL,,,1.97,,1.85,"2,501",,,,,NSE,HPTL,115.05,118.0,111.05,115.05,254,271.85,327.4,101.05,2025-10-07,2025-04-03,124,0.1327989,6.53,6.53,151.71,203.15,-6.44,136.29,False,4710.0,8,49.0,2025-05-23,2026-03-27,False,-7.8,217.0,-16.97,-22.47,-12.17,21.69,18.0,2025-05-06,2025-03-27,-1.67,0.04,62.75,2.54
Swasth Foodtech India Ltd.,SME,swasth-foodtech-ipo,1996,2025-02-20,2025-02-28,14.17,94.0,7.4,89.3,-5.0,16.0,INE0TIR01017,,544368,,2.53,,13.12,"14,662",,,,,BSE,SWASTH,94.0,94.0,89.3,89.3,290,16.0,94.0,12.5,2025-02-28,2026-04-06,0,0.00827148,0.0,-5.0,-82.98,0.0,-86.7,-82.08,False,4680.0,7,6.0,2025-03-19,2025-11-17,False,-28.4,,-82.98,-83.85,-66.98,61.98,,,,,,,
Beezaasan Explotech Ltd.,SME,beezaasan-explotech-ipo,1993,2025-02-21,2025-03-03,56.85,175.0,4.09,153.3,-12.4,370.0,INE13VU01016,,544369,11.52,4.65,,2.26,"4,645",16.94,22.04,2025-03-28,2025-05-27,BSE,BEEZAASAN,146.0,153.3,146.0,153.3,341,370.0,405.0,145.65,2026-07-17,2025-03-04,335,0.581852,-16.57,-12.4,111.43,131.43,-16.77,141.36,True,15920.0,5,127.0,2025-09-08,2026-04-27,False,6.7,339.0,-8.64,-31.35,-4.99,80.46,1.0,2025-03-04,2025-03-04,5.78,39.76,49.77,0.2
Nukleus Office Solutions Ltd.,SME,nukleus-office-solutions-ipo,2021,2025-02-24,2025-03-04,23.67,234.0,1.28,196.55,-16.0,210.0,INE0VYX01018,,544370,,0.87,,1.7,"1,602",,,,,BSE,NUKLEUS,187.2,196.55,177.9,196.55,211,210.0,239.9,143.1,2026-06-05,2025-09-15,193,0.11877105,-20.0,-16.0,-10.26,2.52,-38.85,6.84,False,5400.0,6,33.0,2025-05-06,2026-03-05,False,-30.8,49.0,-12.46,-32.11,-19.1,29.61,1.0,2026-03-23,2025-03-05,-5.92,-10.31,-15.26,0.12
Shreenath Paper Products Ltd.,SME,shreenath-paper-ipo,2022,2025-02-25,2025-03-05,22.12,44.0,1.8,33.44,-24.0,13.0,INE0RXS01018,,544372,,0.52,,3.18,"3,936",,,,,BSE,SHREENATH,35.2,35.2,33.44,33.44,263,13.0,35.2,9.15,2025-03-05,2026-03-30,0,0.0105093,-20.0,-24.0,-70.45,-20.0,-79.2,-61.12,False,8250.0,7,8.0,2025-03-20,2026-04-24,False,11.0,,-63.07,-72.19,-54.55,49.55,,,,,,,
Balaji Phosphates Ltd.,SME,balaji-phosphates-ipo,2037,2025-02-28,2025-03-07,47.6,70.0,1.16,74.35,6.21,90.75,INE0PQ601019,BALAJIPHOS,,1.26,1.34,,1.09,"1,610",4.0,7.4,2025-04-04,2025-06-03,NSE,BALAJIPHOS,75.0,78.0,73.5,74.35,313,90.75,184.7,72.6,2025-09-03,2025-03-10,115,0.7909145,7.14,6.21,29.64,163.86,3.71,22.06,False,88550.0,13,79.0,2025-07-10,2026-07-03,False,7.6,305.0,-50.87,-52.58,-2.35,92.0,7.0,2025-03-19,2025-03-19,47.78,60.76,83.48,0.02
NAPS Global India Ltd.,SME,naps-global-india-ipo,2052,2025-03-04,2025-03-11,11.23,90.0,1.16,102.6,14.0,37.33,INE0VNH01014,,544373,,0.78,,1.6,810,,,,,BSE,NAPSGLOBAL,108.0,108.0,102.6,102.6,181,37.33,108.0,34.6,2025-03-11,2026-06-24,0,0.0314828,20.0,14.0,-58.52,20.0,-61.56,-63.62,False,8560.0,5,8.0,2025-03-28,2026-06-24,True,-10.6,,-65.44,-66.28,-58.09,53.09,,,,,,,
PDP Shipping & Projects Ltd.,SME,pdp-shipping-projects-ipo,2115,2025-03-10,2025-03-18,12.02,135.0,1.0,102.85,-23.81,48.43,INE0ABU01016,,544378,,0.14,,1.88,"1,497",,,,,BSE,PSPL,108.25,108.25,102.85,102.85,193,48.43,108.25,46.7,2025-03-18,2026-01-21,0,0.0091478,-19.81,-23.81,-64.13,-19.81,-65.41,-52.91,False,1700.0,4,77.0,2025-08-20,2026-03-30,False,-20.2,,-55.26,-53.82,-41.18,36.22,,,,,,,
Super Iron Foundry Ltd.,SME,super-iron-foundry-ipo,2132,2025-03-11,2025-03-19,64.64,108.0,5.86,102.6,-5.0,42.99,INE16IQ01014,,544381,,1.34,,1.79,"6,315",,,,,BSE,SUPERIRON,107.95,107.95,102.6,102.6,318,42.99,107.95,24.0,2025-03-19,2026-04-01,0,0.03945738,-0.05,-5.0,-60.19,-0.05,-77.78,-58.1,True,9060.0,6,130.0,2025-10-01,2026-06-02,False,-24.1,,-60.18,-74.82,-69.91,64.94,,,,,,,
Paradeep Parivahan Ltd.,SME,paradeep-parivahan-ipo,2147,2025-03-17,2025-03-24,39.01,98.0,1.51,82.32,-16.0,227.05,INE0SMW01011,,544383,1.33,2.65,,1.66,"2,754",11.69,20.67,2025-04-19,2025-06-18,BSE,PPARIVAH,78.4,82.32,74.48,82.32,326,227.05,233.5,74.48,2026-07-03,2025-03-24,310,0.5767479,-20.0,-16.0,131.68,138.27,-24.0,175.81,True,25860.0,9,16.0,2025-04-21,2026-06-16,False,34.3,315.0,-2.76,-25.81,-5.24,38.86,1.0,2025-04-08,2025-03-25,-3.17,10.99,31.9,0.08
Divine Hira Jewellers Ltd.,SME,divine-hira-jewellers-ipo,2155,2025-03-17,2025-03-24,30.24,90.0,3.88,85.5,-5.0,107.45,INE0NA501011,DIVINEHIRA,,,1.2,,6.62,"7,446",,,,,NSE,DIVINEHIRA,90.0,90.0,85.5,85.5,326,107.45,355.25,43.0,2026-07-01,2025-05-19,308,0.2588992,0.0,-5.0,19.39,294.72,-52.22,25.67,False,16340.0,3,11.0,2025-04-09,2025-10-06,False,23.9,202.0,-69.75,-69.6,-49.42,44.44,102.0,2025-09-24,2025-08-25,-1.28,-2.33,104.55,1.51
Grand Continent Hotels Ltd.,SME,grand-continent-hotels-ipo,2187,2025-03-20,2025-03-27,70.73,113.0,1.59,107.25,-5.09,116.0,INE12E301017,GCHOTELS,,2.93,1.39,,1.32,"2,646",21.17,22.14,2025-04-24,2025-06-23,NSE,GCHOTELS,112.9,112.9,107.25,107.25,323,116.0,255.0,76.5,2025-08-21,2026-03-30,99,0.28833015,-0.09,-5.09,2.65,125.66,-32.3,8.16,False,24840.0,9,98.0,2025-08-20,2026-05-27,False,-25.2,2.0,-54.51,-67.31,-4.99,66.67,2.0,2026-07-22,2025-04-01,13.62,37.74,29.63,0.3
Rapid Fleet Management Services Ltd.,SME,rapid-fleet-ipo,2188,2025-03-21,2025-03-28,35.77,192.0,1.45,200.9,4.64,176.0,INE0QX901013,RAPIDFLEET,,1.07,4.38,,0.81,"1,095",10.73,19.65,2025-04-25,2025-06-24,NSE,RAPIDFLEET,195.0,203.75,195.0,200.9,180,176.0,229.0,158.0,2025-06-20,2026-03-30,46,0.06091485,1.56,4.64,-8.33,19.27,-17.71,-12.39,False,3180.0,9,39.0,2025-06-05,2026-05-21,False,4.0,65.0,-23.14,-24.65,-4.43,13.84,10.0,2025-11-28,2025-04-16,0.32,0.78,-7.37,0.42
Active Infrastructures Ltd.,SME,active-infrastructures-ipo,2194,2025-03-21,2025-03-28,73.92,181.0,1.05,175.6,-2.98,180.0,INE0KLO01025,ACTIVEINFR,,1.0,1.66,,0.57,"2,061",4.43,5.39,2025-04-25,2025-06-24,NSE,ACTIVEINFR,181.0,181.4,171.95,175.6,195,180.0,190.0,147.05,2025-09-30,2025-04-28,92,0.02567925,0.0,-2.98,-0.55,4.97,-18.76,2.51,True,1440.0,9,91.0,2025-09-29,2026-03-25,False,-6.8,16.0,-5.26,-11.42,-16.26,19.56,91.0,2026-06-01,2025-09-29,-7.51,-7.45,-6.77,11.33
Desco Infratech Ltd.,SME,desco-infratech-ipo,2204,2025-03-24,2025-04-01,29.15,150.0,58.99,168.0,12.0,184.55,INE0TGG01014,,544387,28.76,233.26,,50.62,"48,838",8.66,21.96,2025-04-26,2025-06-25,BSE,DESCO,160.0,168.0,160.0,168.0,324,184.55,293.65,122.0,2025-10-28,2026-03-20,142,0.40152875,6.67,12.0,23.03,95.77,-18.67,9.85,False,19825.0,3,146.0,2025-11-03,2026-04-06,False,-36.5,67.0,-37.15,-55.54,-3.1,60.83,1.0,2026-04-17,2025-04-02,21.85,39.35,28.99,0.33
Shri Ahimsa Naturals Ltd.,SME,shri-ahimsa-naturals-ipo,2208,2025-03-25,2025-04-02,70.1,119.0,44.42,147.0,23.53,386.0,INE0DM401012,SHRIAHIMSA,,21.23,182.82,,35.0,"66,223",20.88,22.05,2025-04-28,2025-06-27,NSE,SHRIAHIMSA,140.0,147.0,140.0,147.0,322,386.0,455.0,126.5,2026-07-02,2025-04-09,305,1.1287329,17.65,23.53,224.37,282.35,6.3,162.59,False,27270.0,2,69.0,2025-07-15,2025-08-25,False,31.1,312.0,-15.16,-19.74,-13.95,31.63,1.0,2025-04-17,2025-04-03,-0.16,-3.85,-2.92,0.21
ATC Energies System Ltd.,SME,atc-energies-ipo,2210,2025-03-25,2025-04-02,60.56,118.0,1.27,101.65,-13.86,21.75,INE0V0Q01019,ATCENERGY,,1.38,0.81,,2.49,"4,025",10.89,14.59,2025-04-26,2025-06-25,NSE,ATCENERGY,107.0,107.0,101.65,101.65,319,21.75,115.35,19.35,2025-04-29,2026-03-19,16,0.0111096,-9.32,-13.86,-81.57,-2.25,-83.6,-78.6,False,4680.0,6,69.0,2025-07-14,2026-03-19,False,-44.1,294.0,-81.14,-81.82,-23.71,37.19,13.0,2025-05-12,2025-04-24,-9.16,-13.19,-29.36,1.05
Identixweb Ltd.,SME,identixweb-ipo,2219,2025-03-26,2025-04-03,15.8,54.0,18.6,57.75,6.94,64.5,INE0PA401012,,544388,11.19,73.46,,14.38,"9,863",4.73,22.14,2025-05-01,2025-07-03,BSE,IDENTIXWEB,55.0,57.75,55.0,57.75,240,64.5,101.0,55.0,2026-03-11,2025-04-03,188,0.0521024,1.85,6.94,19.44,87.04,1.85,11.69,False,7400.0,7,107.0,2025-10-08,2026-05-29,False,-3.8,238.0,-36.14,-33.81,-2.15,33.75,1.0,2025-04-04,2025-04-04,8.15,21.28,2.84,0.03
Retaggio Industries Ltd.,SME,retaggio-industries-ipo,2222,2025-03-27,2025-04-07,14.09,25.0,1.83,25.2,0.8,51.0,INE0KWJ01014,,544391,,1.16,,2.57,"1,397",,,,,BSE,RETAGGIO,25.1,25.5,23.85,25.2,204,51.0,72.68,18.0,2026-05-15,2025-06-05,180,0.1461681,0.4,0.8,104.0,190.72,-28.0,102.38,False,25200.0,9,35.0,2025-06-18,2026-06-29,False,15.6,103.0,-29.83,-31.1,-28.57,27.78,100.0,2025-11-10,2025-11-10,60.31,27.27,64.69,2.97
Spinaroo Commercial Ltd.,SME,spinaroo-commercial-ipo,2201,2025-03-28,2025-04-08,9.66,51.0,1.5,54.44,6.75,56.78,INE10XX01012,,544392,,1.84,,1.2,713,,,,,BSE,SPINAROO,52.85,55.0,52.6,54.44,199,56.78,83.77,26.6,2025-09-08,2026-01-16,82,0.0624604,3.63,6.75,11.33,64.25,-47.84,4.3,False,10400.0,2,52.0,2025-07-03,2026-02-23,False,0.9,33.0,-32.22,-66.27,-4.39,56.85,2.0,2026-02-20,2025-04-11,29.33,24.76,-3.0,0.44
Infonative Solutions Ltd.,SME,infonative-solutions-ipo,2223,2025-03-28,2025-04-08,23.47,79.0,3.94,60.04,-24.0,31.5,INE12IB01015,,544393,18.57,2.15,,4.25,"7,078",,,,,BSE,INFONATIVE,63.2,63.2,60.04,60.04,276,31.5,63.2,22.09,2025-04-08,2026-03-30,0,0.0160492,-20.0,-24.0,-60.13,-20.0,-72.04,-47.53,True,5600.0,11,6.0,2025-04-21,2026-07-07,False,-25.1,,-50.16,-59.69,-46.29,41.29,,,,,,,
Tankup Engineers Ltd.,SME,tankup-engineers-ipo,2398,2025-04-23,2025-04-30,18.55,140.0,88.53,183.75,31.25,1144.5,INE0Z7N01017,TANKUP,,43.65,437.62,,46.51,"22,984",5.39,21.63,2025-05-28,2025-07-27,NSE,TANKUP,175.0,183.75,175.0,183.75,276,1144.5,1170.0,152.55,2026-07-20,2025-05-07,272,0.1038238125,25.0,31.25,717.5,735.71,8.96,522.86,True,975.0,0,,,,False,,265.0,-2.18,-50.22,-16.98,98.59,10.0,2025-05-15,2025-05-15,24.16,68.88,54.35,1.11
Ather Energy Ltd.,Mainboard,ather-energy-ipo,2357,2025-04-28,2025-05-06,2980.76,321.0,1.26,302.3,-5.83,1208.7,INE0LEZ01016,ATHERENERG,544397,1.76,0.69,0.74,1.89,"2,73,370",1340.03,31.01,2025-06-02,2025-07-30,NSE,ATHERENERG,328.0,333.0,299.1,302.3,303,1208.7,1345.0,288.15,2026-07-16,2025-05-07,296,670.8753878782501,2.18,-5.83,276.54,319.0,-10.23,299.83,True,5571315.7,5,36.0,2025-06-25,2026-04-13,False,71.5,244.0,-10.13,-21.48,-4.68,18.14,36.0,2025-07-25,2025-06-25,-3.62,-1.6,71.46,5.91
Iware Supplychain Services Ltd.,SME,iware-supplychain-services-ipo,2170,2025-04-28,2025-05-06,25.76,95.0,2.97,80.9,-14.84,493.9,INE1AII01014,IWARE,,,2.65,,3.28,"4,112",,,,,NSE,IWARE,85.05,89.25,80.8,80.9,301,493.9,539.4,70.05,2026-07-17,2025-06-04,295,2.6464149,-10.47,-14.84,419.89,467.79,-26.26,510.51,True,65790.0,8,22.0,2025-06-05,2026-07-08,False,37.8,241.0,-8.44,-21.56,-13.41,33.31,22.0,2025-07-29,2025-06-05,-7.34,-4.31,37.84,11.67
Arunaya Organics Ltd.,SME,arunaya-organics-ipo,2419,2025-04-29,2025-05-07,32.27,58.0,2.37,31.6,-45.52,15.6,INE0TTG01017,ARUNAYA,,1.01,1.49,,4.33,"5,192",,,,,NSE,ARUNAYA,30.1,31.6,29.05,31.6,289,15.6,46.5,13.9,2025-05-19,2026-03-27,8,0.036498,-48.1,-45.52,-73.1,-19.83,-76.03,-50.63,False,22700.0,8,155.0,2025-12-22,2026-05-19,False,-27.1,287.0,-66.45,-69.98,0.63,46.52,1.0,2025-05-08,2025-05-08,21.12,2.56,-27.3,0.22
Kenrik Industries Ltd.,SME,kenrik-industries-ipo,2382,2025-04-29,2025-05-09,8.3,25.0,1.9,26.26,5.04,7.8,INE0AOG01018,,544398,,0.2,,3.79,"1,185",,,,,BSE,KENRIK,25.01,26.26,25.01,26.26,178,7.8,27.57,5.55,2025-05-12,2026-03-27,1,0.0148416,0.04,5.04,-68.8,10.28,-77.8,-70.3,False,17700.0,2,32.0,2025-06-26,2025-09-01,False,-23.9,176.0,-71.71,-78.96,-36.98,41.96,1.0,2025-05-12,2025-05-12,-25.06,-29.27,-51.03,0.39
Manoj Jewellers Ltd.,SME,manoj-jewellers-ipo,2146,2025-05-05,2025-05-12,15.38,54.0,1.12,53.77,-0.43,31.11,INE0MV001018,,544400,,1.27,,1.01,846,,,,,BSE,MANOJJEWEL,53.95,53.95,51.26,53.77,251,31.11,59.52,31.11,2025-11-10,2026-07-17,106,0.0653547,-0.09,-0.43,-42.39,10.22,-42.39,-42.14,False,19000.0,4,31.0,2025-06-24,2025-11-10,False,-12.4,204.0,-47.73,-43.26,-23.75,21.67,31.0,2025-07-15,2025-06-24,-0.79,-4.38,-12.36,4.55
Srigee DLM Ltd.,SME,srigee-dlm-ipo,2374,2025-05-05,2025-05-12,16.12,99.0,343.18,197.5,99.49,79.7,INE0RJ901010,,544399,136.52,1534.66,,243.71,"1,50,783",4.8,22.04,2025-06-07,2025-08-06,BSE,SRIGEE,188.1,197.5,188.1,197.5,275,79.7,323.3,56.75,2025-06-06,2026-03-27,19,0.09597282,90.0,99.49,-19.49,226.57,-42.68,-59.65,False,11520.0,6,53.0,2025-08-18,2026-05-12,False,-56.7,273.0,-75.35,-80.52,-2.99,66.68,1.0,2025-05-13,2025-05-13,13.56,32.83,-4.71,0.72
Virtual Galaxy Infotech Ltd.,SME,virtual-galaxy-infotech-ipo,2339,2025-05-09,2025-05-19,88.52,142.0,163.65,189.0,33.1,153.7,INE0VRH01015,VGINFOTECH,,129.72,590.27,,134.03,"3,23,807",26.13,21.88,2025-06-14,2025-08-13,NSE,VGINFOTECH,180.0,189.0,180.0,189.0,294,153.7,208.0,99.5,2025-07-31,2026-03-30,53,0.634206,26.76,33.1,8.24,46.48,-29.93,-18.68,True,43750.0,4,53.0,2025-07-31,2026-05-25,False,-22.3,206.0,-26.11,-48.07,-22.75,27.43,53.0,2025-09-19,2025-07-31,-11.9,-16.05,-22.31,8.12
Integrity Infrabuild Developers Ltd.,SME,integrity-infrabuild-developers-ipo,2348,2025-05-13,2025-05-20,11.33,100.0,2.15,103.5,3.5,160.0,INE0YSH01017,INTEGRITY,,,,,,,,,,,NSE,INTEGRITY,100.8,104.85,100.2,103.5,174,160.0,175.35,81.7,2026-05-27,2025-07-10,155,0.1128708,0.8,3.5,60.0,75.35,-18.3,54.59,True,7020.0,13,58.0,2025-08-22,2026-07-20,True,34.1,77.0,-8.75,-26.56,-3.38,9.76,35.0,2025-11-24,2025-07-10,-1.86,-4.62,-3.91,2.4
Accretion Pharmaceuticals Ltd.,SME,accretion-pharmaceuticals-ipo,2159,2025-05-14,2025-05-21,28.26,101.0,6.47,82.95,-17.87,164.2,INE0T8T01010,ACCPL,,12.14,4.28,,10.54,"11,629",2.13,6.69,2025-06-18,2025-08-17,NSE,ACCPL,79.0,82.95,75.05,82.95,287,164.2,171.8,53.8,2026-07-23,2025-10-14,285,0.3121578,-21.78,-17.87,62.57,70.1,-46.73,97.95,True,19440.0,8,66.0,2025-08-22,2026-03-25,False,35.6,66.0,-4.42,-37.61,-24.59,23.27,130.0,2026-04-20,2025-11-27,-0.75,-5.37,-26.87,3.27
Borana Weaves Ltd.,Mainboard,borana-weaves-ipo,2099,2025-05-20,2025-05-27,144.89,216.0,81.31,255.15,18.13,327.45,INE16SF01016,BORANA,544404,85.53,237.41,239.74,200.5,"17,40,844",65.2,31.03,2025-06-22,2025-08-21,NSE,BORANA,243.0,255.15,243.0,255.15,288,327.45,420.0,211.0,2026-02-26,2025-09-04,189,1.34345928625,12.5,18.13,51.6,94.44,-2.31,28.34,True,42383.15,8,115.0,2025-11-11,2026-07-16,False,44.4,172.0,-22.04,-27.99,-15.24,19.89,115.0,2025-11-11,2025-11-11,12.07,8.71,44.44,19.65
Belrise Industries Ltd.,Mainboard,belrise-industries-ipo,2083,2025-05-21,2025-05-28,2150.0,90.0,8.15,97.41,8.23,228.26,INE894V01022,BELRISE,544405,112.63,40.58,48.0,4.52,"25,34,694",645.0,23.08,2025-06-25,2025-08-24,NSE,BELRISE,100.0,102.4,91.55,97.41,287,228.26,252.0,89.15,2026-06-25,2025-06-02,266,122.07697429874999,11.11,8.23,153.62,180.0,-0.94,134.33,False,5253263.1,4,29.0,2025-07-08,2026-06-09,False,45.0,259.0,-9.42,-14.67,-8.48,28.77,8.0,2025-07-04,2025-06-09,-3.92,-1.06,35.8,0.82
Dar Credit & Capital Ltd.,SME,dar-credit-and-capital-ipo,2327,2025-05-21,2025-05-28,24.36,60.0,74.07,63.95,6.58,51.0,INE04Q901010,DCCL,,31.29,208.45,,104.88,"79,873",7.3,22.14,2025-06-25,2025-08-24,NSE,DCCL,65.15,66.0,61.9,63.95,246,51.0,66.0,33.0,2025-05-28,2026-03-23,0,0.0853035,8.58,6.58,-15.0,10.0,-45.0,-20.25,True,19000.0,6,23.0,2025-06-30,2026-07-22,True,-9.6,,-22.73,-47.59,-18.69,20.02,,,,,,,
Unified Data-Tech Solutions Ltd.,SME,unified-data-tech-ipo,2141,2025-05-22,2025-05-29,137.17,273.0,49.24,299.25,9.62,361.1,INE1ABX01018,,544406,,,,,,41.14,22.16,2025-06-26,2025-08-25,BSE,UNIFIED,285.0,299.25,272.5,299.25,286,361.1,495.0,272.5,2025-11-03,2025-05-29,108,0.6176698,4.4,9.62,32.27,81.32,-0.18,20.67,False,16460.0,6,57.0,2025-08-19,2026-05-11,False,24.4,81.0,-27.05,-41.25,-8.0,39.33,1.0,2026-03-24,2025-05-30,8.29,2.88,10.33,0.24
Aegis Vopak Terminals Ltd.,Mainboard,aegis-vopak-terminals-ipo,2080,2025-05-26,2025-06-02,2800.0,235.0,1.66,242.0,2.98,292.64,INE0INX01018,AEGISVOPAK,544407,3.47,0.59,0.6,0.81,"1,35,635",1260.0,31.03,2025-06-27,2025-08-26,NSE,AEGISVOPAK,220.0,242.0,220.0,242.0,284,292.64,311.49,158.0,2026-07-13,2026-03-30,274,96.44212516625001,-6.38,2.98,24.53,32.55,-32.77,20.93,True,3442738.15,8,125.0,2025-12-01,2026-07-07,False,-14.1,15.0,-6.05,-44.9,-5.94,16.89,1.0,2026-07-03,2025-06-03,-6.51,-4.42,-2.91,0.52
Schloss Bangalore Ltd.,Mainboard,leela-hotels-ipo,2182,2025-05-26,2025-06-02,3500.0,435.0,3.05,435.55,0.13,474.7,INE0AQ201015,THELEELA,544408,7.82,1.08,1.21,0.87,"1,73,916",1575.0,31.03,2025-06-27,2025-08-26,NSE,THELEELA,406.0,438.9,405.0,435.55,284,474.7,511.0,382.5,2026-06-22,2025-06-19,260,16.36368632325,-6.67,0.13,9.13,17.47,-12.07,8.99,False,334331.05,8,73.0,2025-09-15,2026-06-19,False,-6.7,28.0,-7.1,-16.28,-12.18,13.96,32.0,2026-06-15,2025-07-16,-6.48,-3.23,2.96,2.52
Prostarm Info Systems Ltd.,Mainboard,prostarm-info-systems-ipo,2016,2025-05-27,2025-06-03,168.0,105.0,67.65,126.0,20.0,123.67,INE0BX301013,PROSTARM,544410,102.67,222.13,249.8,39.48,"17,54,408",50.4,23.08,2025-06-28,2025-08-28,NSE,PROSTARM,120.0,126.0,120.0,126.0,283,123.67,253.49,108.0,2025-07-30,2025-06-13,41,1.7972809470000002,14.29,20.0,17.78,141.42,2.86,-1.85,False,137042.0,7,13.0,2025-06-20,2026-05-22,False,74.7,75.0,-51.21,-51.83,-14.29,91.79,13.0,2026-04-06,2025-06-20,15.88,67.76,74.7,9.51
Blue Water Logistics Ltd.,SME,blue-water-logistics-ipo,2123,2025-05-27,2025-06-03,38.39,135.0,7.0,148.05,9.67,425.0,INE0X3M01010,BLUEWATER,,14.04,9.87,,6.55,"7,046",11.27,21.77,2025-06-29,2025-08-29,NSE,BLUEWATER,141.0,148.05,135.2,148.05,274,425.0,433.95,125.4,2026-07-17,2025-07-03,268,0.74784325,4.44,9.67,214.81,221.44,-7.11,187.07,True,19450.0,6,101.0,2025-11-04,2026-04-28,False,-11.5,76.0,-2.06,-26.86,-15.3,41.74,1.0,2026-04-01,2025-06-04,18.78,-0.91,-3.65,0.23
Astonea Labs Ltd.,SME,astonea-labs-ipo,2379,2025-05-27,2025-06-03,35.72,135.0,2.1,135.65,0.48,266.05,INE0TG901011,,544409,0.7,5.6,,1.69,"2,190",10.67,22.07,2025-06-29,2025-08-28,BSE,ASTONEALAB,137.45,140.0,135.0,135.65,245,266.05,301.3,118.0,2026-06-03,2025-11-24,215,0.07563875,1.81,0.48,97.07,123.19,-12.59,96.13,False,2800.0,6,116.0,2025-11-26,2026-05-07,False,1.9,133.0,-11.7,-24.82,-0.48,36.05,4.0,2025-11-14,2025-06-09,2.39,2.43,22.55,0.27
Nikita Papers Ltd.,SME,nikita-papers-ipo,2449,2025-05-27,2025-06-03,64.15,104.0,1.24,90.45,-13.03,75.05,INE0FLF01015,NIKITA,,0.74,2.11,,1.84,"3,519",9.04,11.8,2025-06-30,2025-08-28,NSE,NIKITA,90.0,92.5,85.5,90.45,275,75.05,156.0,67.15,2025-12-17,2026-05-22,136,0.1270224,-13.46,-13.03,-27.84,50.0,-35.43,-17.03,False,15060.0,8,41.0,2025-07-30,2026-05-04,False,67.8,16.0,-51.89,-51.89,-6.47,24.65,3.0,2026-06-30,2025-06-06,7.8,-5.11,26.92,0.54
Scoda Tubes Ltd.,Mainboard,scoda-tubes-ipo,2172,2025-05-28,2025-06-04,220.0,140.0,40.52,147.0,5.0,146.93,INE090501011,SCODATUBES,544411,72.97,121.72,135.31,20.89,"12,75,179",66.0,23.08,2025-07-01,2025-08-30,NSE,SCODATUBES,140.0,147.0,135.1,147.0,282,146.93,230.85,110.0,2025-07-14,2026-03-16,28,3.0119455071499996,0.0,5.0,4.95,64.89,-21.43,-0.05,True,203978.05,3,28.0,2025-07-14,2026-05-27,False,-18.6,11.0,-36.35,-45.1,-1.36,58.4,1.0,2026-07-09,2025-06-05,23.81,34.21,8.38,0.56
N R Vandana Tex Industries Ltd.,SME,nr-vandana-textile-ipo,2181,2025-05-28,2025-06-04,26.49,45.0,70.81,43.7,-2.89,68.1,INE104101014,NRVANDANA,,36.54,126.7,,,"33,766",7.92,22.13,2025-07-02,2025-08-31,NSE,NRVANDANA,45.0,46.0,42.75,43.7,276,68.1,82.9,37.05,2026-05-26,2025-07-02,235,0.44281875,0.0,-2.89,51.33,84.22,-17.67,55.84,False,63300.0,3,73.0,2025-09-17,2026-05-21,False,16.1,69.0,-17.85,-39.5,-15.22,16.82,58.0,2026-04-07,2025-08-26,-3.35,11.15,48.48,1.79
Neptune Petrochemicals Ltd.,SME,neptune-petrochemicals-ipo,2264,2025-05-28,2025-06-04,69.54,122.0,1.95,139.35,14.22,180.0,INE156901014,NEPTUNE,,7.12,2.91,,,"2,564",20.85,22.17,2025-07-01,2025-08-30,NSE,NEPTUNE,132.75,139.35,132.5,139.35,269,180.0,246.9,126.3,2026-02-05,2025-06-09,168,0.045084125,8.81,14.22,47.54,102.38,3.52,29.17,False,2450.0,9,67.0,2025-09-09,2026-06-22,False,15.8,201.0,-27.1,-26.87,-9.36,18.98,5.0,2025-09-09,2025-06-11,2.65,0.86,0.86,0.25
3B Films Ltd.,SME,3b-films-ipo,2216,2025-05-30,2025-06-06,32.04,50.0,1.58,46.08,-7.84,16.18,INE0TE101010,,544412,,0.85,,2.75,"4,661",,,,,BSE,3BFILMS,48.5,48.5,46.08,46.08,255,16.18,48.5,15.01,2025-06-06,2026-07-07,0,0.05052975,-3.0,-7.84,-67.64,-3.0,-69.98,-64.89,False,30900.0,8,10.0,2025-06-20,2026-06-12,False,10.4,,-66.64,-66.84,-46.83,41.84,,,,,,,
Ganga Bath Fittings Ltd.,SME,ganga-bath-fittings-ipo,2294,2025-06-04,2025-06-11,31.0,49.0,1.59,56.05,14.39,21.55,INE0ZI101018,GANGABATH,,2.22,0.73,,2.55,"2,807",,,,,NSE,GANGABATH,59.0,59.0,56.05,56.05,264,21.55,59.0,15.5,2025-06-11,2026-03-02,0,0.041277,20.41,14.39,-56.02,20.41,-68.37,-61.55,False,18600.0,5,9.0,2025-06-25,2026-06-01,False,-32.1,,-63.47,-71.81,-49.78,44.78,,,,,,,
Sacheerome Ltd.,SME,sacheerome-ipo,2239,2025-06-09,2025-06-16,58.53,102.0,218.15,160.55,57.4,422.95,INE1ARD01016,SACHEEROME,,173.15,808.56,,180.28,"3,36,159",17.54,22.16,2025-07-11,2025-09-09,NSE,SACHEEROME,153.0,160.65,145.35,160.55,273,422.95,480.0,140.5,2026-07-21,2025-06-24,269,1.762083,50.0,57.4,314.66,370.59,37.75,163.44,True,43875.0,5,102.0,2025-11-12,2026-03-25,False,34.5,254.0,-11.89,-38.75,-12.49,46.4,1.0,2025-07-10,2025-06-17,-6.29,15.4,18.45,0.21
Jainik Power Cables Ltd.,SME,jainik-power-and-cables-ipo,2293,2025-06-10,2025-06-17,48.72,110.0,1.19,82.85,-24.68,174.0,INE0XIL01012,JAINIK,,1.01,1.13,,2.08,"3,676",,,,,NSE,JAINIK,82.0,86.1,82.0,82.85,260,174.0,190.1,60.6,2026-07-21,2025-07-03,256,0.497163,-25.45,-24.68,58.18,72.82,-44.91,110.02,True,30120.0,5,129.0,2025-12-26,2026-03-20,False,0.9,240.0,-8.47,-30.77,-26.86,49.37,19.0,2025-07-14,2025-07-14,7.82,16.89,47.47,1.02
Monolithisch India Ltd.,SME,monolithisch-india-ipo,2103,2025-06-12,2025-06-19,77.91,143.0,127.88,243.1,70.0,774.75,INE1DV401010,MONOLITH,,129.2,459.99,,94.71,"1,96,328",23.35,22.16,2025-07-16,2025-09-14,NSE,MONOLITH,231.55,243.1,230.0,243.1,271,774.75,800.0,219.45,2026-06-29,2025-06-23,251,2.38792,61.92,70.0,441.78,459.44,53.46,218.7,True,31400.0,3,61.0,2025-09-16,2026-05-04,False,14.4,267.0,-3.16,-35.46,-9.73,114.97,3.0,2025-06-24,2025-06-24,58.0,64.23,82.74,0.03
Oswal Pumps Ltd.,Mainboard,oswal-pumps-ipo,2202,2025-06-13,2025-06-20,1387.34,614.0,24.93,625.35,1.85,359.15,INE0BYP01024,OSWALPUMPS,544418,,,,,,416.2,23.08,2025-07-17,2025-09-15,NSE,OSWALPUMPS,634.0,652.0,622.25,625.35,270,359.15,888.4,283.1,2025-08-21,2026-03-16,43,27.968256671249996,3.26,1.85,-41.51,44.69,-53.89,-42.57,False,704424.35,0,,,,False,,169.0,-59.57,-66.83,-1.78,26.69,3.0,2025-11-14,2025-06-25,12.25,16.98,20.4,0.83
Aten Papers & Foam Ltd.,SME,aten-papers-foam-ipo,2224,2025-06-13,2025-06-20,30.09,96.0,1.43,85.5,-10.94,20.26,INE0XCV01014,,544417,2.91,0.66,,2.17,"3,092",,,,,BSE,ATENPAPERS,90.0,90.0,85.5,85.5,252,20.26,90.0,14.01,2025-06-20,2026-03-30,0,0.00924282,-6.25,-10.94,-78.9,-6.25,-85.41,-76.3,False,4080.0,4,12.0,2025-07-08,2026-03-30,False,-27.3,,-77.49,-83.12,-63.72,58.73,,,,,,,
Patil Automation Ltd.,SME,patil-automation-ipo,2166,2025-06-16,2025-06-23,66.1,120.0,71.03,162.75,35.62,184.2,INE17GV01016,PATILAUTOM,,82.92,258.18,,44.77,"77,965",19.81,22.16,2025-07-19,2025-09-17,NSE,PATILAUTOM,155.0,162.75,155.0,162.75,269,184.2,268.9,112.05,2025-07-11,2026-03-30,14,0.8047572,29.17,35.62,53.5,124.08,-6.63,13.18,False,40500.0,4,142.0,2026-01-16,2026-07-01,False,1.3,60.0,-31.5,-51.56,0.61,64.61,1.0,2026-04-28,2025-06-24,31.34,31.28,13.96,0.2
Samay Project Services Ltd.,SME,samay-project-services-ipo,2257,2025-06-16,2025-06-23,13.91,34.0,20.91,36.0,5.88,41.55,INE124101010,SAMAY,,22.64,69.19,,15.09,"6,031",4.08,21.74,2025-07-19,2025-09-17,NSE,SAMAY,36.05,37.5,35.9,36.0,205,41.55,52.5,28.5,2026-07-06,2026-03-30,198,0.143003,6.03,5.88,22.21,54.41,-16.18,15.42,False,31200.0,7,61.0,2025-09-23,2026-06-17,False,25.0,36.0,-20.86,-43.51,-15.97,18.19,73.0,2026-04-20,2025-10-13,23.65,7.97,8.95,20.3
Eppeltone Engineers Ltd.,SME,eppeltone-engineers-ipo,2168,2025-06-17,2025-06-24,41.75,128.0,206.4,255.35,99.49,100.6,INE11HF01010,EEPL,,132.23,627.28,,248.04,"3,06,711",12.52,22.17,2025-07-20,2025-09-18,NSE,EEPL,243.2,255.35,243.2,255.35,267,100.6,267.9,91.0,2025-06-25,2026-06-29,1,1.02752625,90.0,99.49,-21.41,109.3,-28.91,-60.6,False,90650.0,6,61.0,2025-09-19,2026-07-02,False,-1.0,,-62.45,-64.32,-26.34,31.25,,,,,,,
Arisinfra Solutions Ltd.,Mainboard,arisinfra-solutions-ipo,1971,2025-06-18,2025-06-25,499.6,222.0,1.96,174.38,-21.45,84.18,INE0H9P01028,ARISINFRA,544419,1.5,3.32,2.98,5.9,"1,78,851",224.82,31.03,2025-07-22,2025-09-20,NSE,ARISINFRA,205.0,208.5,171.49,174.38,267,123.06,208.5,82.18,2025-06-25,2026-02-09,0,9.787314624850001,-7.66,-21.45,-44.57,-6.08,-62.98,-29.43,True,834561.9,5,51.0,2025-09-08,2026-07-23,True,-18.1,,-40.98,-52.48,-22.01,26.37,,,,,,,
Influx Healthtech Ltd.,SME,influx-healthtech-ipo,2092,2025-06-18,2025-06-25,55.63,96.0,141.07,126.2,31.46,290.15,INE0MYZ01012,INFLUX,,137.87,481.1,,117.68,"2,20,296",16.67,22.16,2025-07-23,2025-09-21,NSE,INFLUX,132.5,135.85,125.9,126.2,267,290.15,315.0,120.0,2026-07-06,2025-06-26,252,0.6656163,38.02,31.46,202.24,228.12,25.0,129.91,True,22710.0,2,167.0,2026-02-25,2026-05-21,False,24.0,258.0,-7.89,-21.65,-4.91,50.71,8.0,2025-07-07,2025-07-07,16.17,10.12,22.55,0.16
Aakaar Medical Technologies Ltd.,SME,aakaar-medical-technologies-ipo,2098,2025-06-20,2025-06-27,25.64,72.0,2.04,71.25,-1.04,71.2,INE1GYP01013,AAKAAR,,3.51,1.48,,1.93,"1,637",,,,,NSE,AAKAAR,75.0,75.0,71.25,71.25,244,71.2,105.0,46.0,2025-07-21,2026-03-27,16,0.0548768,4.17,-1.04,-1.11,45.83,-36.11,-0.07,True,7760.0,3,92.0,2025-11-11,2026-05-26,False,-14.2,37.0,-32.19,-52.64,-12.98,60.35,10.0,2026-05-26,2025-07-11,14.7,6.3,8.08,3.15
Safe Enterprises Retail Fixtures Ltd.,SME,safe-enterprises-retail-fixtures-ipo,2213,2025-06-20,2025-06-27,161.13,138.0,3.93,158.55,14.89,252.15,INE17D601016,SAFEENTP,,34.31,12.51,,4.44,"19,818",48.31,22.16,2025-07-26,2025-09-24,NSE,SAFEENTP,151.0,158.55,151.0,158.55,265,252.15,319.0,151.0,2025-11-17,2025-06-27,96,2.248292,9.42,14.89,82.72,131.16,9.42,59.04,False,78775.0,9,89.0,2025-11-06,2026-07-01,False,15.6,263.0,-20.96,-35.42,1.23,55.98,1.0,2025-06-30,2025-06-30,27.7,32.17,22.86,0.03
Mayasheel Ventures Ltd.,SME,mayasheel-ventures-ipo,2335,2025-06-20,2025-06-27,25.92,47.0,162.97,60.9,29.57,38.45,INE0ZTO01018,MAYASHEEL,,98.14,715.75,,102.63,"71,904",7.76,22.13,2025-07-26,2025-09-24,NSE,MAYASHEEL,58.0,60.9,58.0,60.9,223,38.45,85.0,35.5,2025-10-21,2026-07-23,77,0.11256,23.4,29.57,-18.19,80.85,-24.47,-36.86,False,28050.0,7,68.0,2025-10-08,2026-07-02,False,-2.6,36.0,-54.76,-53.09,-24.47,29.39,1.0,2026-05-15,2025-06-30,-8.39,-14.11,-8.93,0.28
Globe Civil Projects Ltd.,Mainboard,globe-civil-projects-ipo,2149,2025-06-24,2025-07-01,119.0,71.0,60.06,94.46,33.04,39.25,INE0V3U01015,GLOBECIVIL,544424,82.13,143.14,136.8,53.67,"15,75,415",,,,,NSE,GLOBECIVIL,90.0,94.5,87.0,94.46,263,39.25,95.0,33.5,2025-07-23,2026-03-30,16,0.07321962975,26.76,33.04,-44.72,33.8,-52.82,-58.45,False,17705.25,3,130.0,2026-01-07,2026-06-08,False,-23.4,,-58.68,-64.15,-22.25,22.82,,,,,,,
Ellenbarrie Industrial Gases Ltd.,Mainboard,ellenbarrie-industrial-gases-ipo,2189,2025-06-24,2025-07-01,852.53,400.0,16.04,534.6,33.65,281.2,INE236E01022,ELLEN,544421,,,,,,255.76,23.08,2025-07-26,2025-09-24,NSE,ELLEN,486.0,534.6,486.0,534.6,263,281.2,637.7,175.0,2025-07-14,2026-03-17,9,11.173966598500002,21.5,33.65,-29.7,59.43,-56.25,-47.4,True,397504.1,7,92.0,2025-11-13,2026-07-10,False,-37.4,215.0,-55.9,-70.57,-7.29,26.57,2.0,2025-09-08,2025-07-03,-1.73,0.23,-16.84,0.55
Kalpataru Ltd.,Mainboard,kalpataru-ipo,2229,2025-06-24,2025-07-01,1590.0,414.0,1.78,432.95,4.58,266.35,INE227J01012,KALPATARU,544423,3.12,1.4,1.48,1.43,"1,19,751",708.35,30.8,2025-07-26,2025-09-24,NSE,KALPATARU,414.0,452.8,414.0,432.95,263,266.35,457.4,258.0,2025-07-09,2026-03-30,6,3.4395408102500005,0.0,4.58,-35.66,10.48,-37.68,-38.48,False,119396.25,13,50.0,2025-09-11,2026-07-21,True,-16.6,,-41.77,-40.2,-20.13,25.78,,,,,,,
Abram Food Ltd.,SME,abram-food-ipo,2112,2025-06-24,2025-07-01,13.29,98.0,28.68,94.92,-3.14,41.9,INE0ZDY01011,,544422,,40.92,,16.05,"13,030",,,,,BSE,ABRFL,90.4,94.92,86.01,94.92,218,41.9,150.0,40.0,2025-09-22,2026-07-24,56,0.02380416,-7.76,-3.14,-57.24,53.06,-59.18,-55.86,False,4380.0,1,49.0,2025-09-11,2025-09-11,False,-3.5,82.0,-72.07,-73.01,-17.83,36.35,9.0,2026-02-03,2025-07-14,-7.05,12.71,36.9,0.45
Icon Facilitators Ltd.,SME,icon-facilitators-ipo,2312,2025-06-24,2025-07-01,18.15,91.0,2.24,85.5,-6.04,75.57,INE0Y0E01012,,544426,2.18,0.92,,4.1,"4,589",,,,,BSE,ICON,90.0,90.0,85.5,85.5,227,75.57,90.0,38.05,2025-07-01,2026-02-11,0,0.08164932,-1.1,-6.04,-16.96,-1.1,-58.19,-11.61,True,10860.0,12,7.0,2025-07-10,2026-06-18,False,-27.8,,-16.03,-53.12,-45.25,40.26,,,,,,,
Shri Hare-Krishna Sponge Iron Ltd.,SME,shri-hare-krishna-sponge-iron-ipo,2369,2025-06-24,2025-07-01,28.39,59.0,5.08,64.55,9.41,40.0,INE0NON01025,SHKSIL,,10.97,10.09,,3.1,"2,861",8.5,22.12,2025-07-26,2025-09-24,NSE,SHKSIL,64.8,65.75,61.6,64.55,212,40.0,84.0,34.0,2025-07-14,2026-07-06,9,0.0333435,9.83,9.41,-32.2,42.37,-42.37,-38.03,True,8900.0,3,127.0,2026-02-04,2026-03-18,False,-12.7,150.0,-52.38,-58.54,-16.27,46.4,2.0,2025-10-01,2025-07-03,10.11,-4.83,-3.02,0.17
AJC Jewel Manufacturers Ltd.,SME,ajc-jewel-ipo,2330,2025-06-23,2025-07-01,14.59,95.0,2.26,95.39,0.41,116.98,INE0XRR01010,,544425,3.57,1.79,,2.86,828,4.3,21.83,2025-07-27,2025-09-25,BSE,AJCJEWEL,99.0,99.0,94.05,95.39,219,116.98,141.75,71.15,2026-03-02,2026-01-21,142,0.19175364,4.21,0.41,23.14,49.21,-25.11,22.63,True,17700.0,6,61.0,2025-10-06,2026-05-21,False,-11.1,7.0,-17.47,-41.82,-16.54,31.69,19.0,2026-07-15,2025-07-28,-11.19,-6.32,1.95,3.98
Sambhv Steel Tubes Ltd.,Mainboard,sambhv-steel-tubes-ipo,2073,2025-06-25,2025-07-02,540.0,82.0,21.49,97.59,19.01,115.92,INE12NJ01018,SAMBHV,544430,,,,,,161.25,22.99,2025-07-29,2025-09-27,NSE,SAMBHV,110.0,111.0,96.25,97.59,262,115.92,149.4,81.42,2025-07-22,2026-01-27,14,15.5489445793,34.15,19.01,41.37,82.2,-0.71,18.78,False,1325139.15,2,126.0,2026-01-02,2026-05-11,False,10.1,16.0,-22.41,-41.09,0.93,52.16,4.0,2026-07-02,2025-07-08,24.99,11.05,5.42,0.97
HDB Financial Services Ltd.,Mainboard,hdb-financial-ipo,2110,2025-06-25,2025-07-02,12500.0,740.0,13.07,840.95,13.64,691.5,INE756I01012,HDBFS,544429,58.64,10.55,12.44,1.51,"42,69,594",3369.0,21.23,2025-07-29,2025-09-27,NSE,HDBFS,835.0,851.4,827.15,840.95,262,691.5,891.9,555.3,2025-07-03,2026-03-30,1,47.381542750499996,12.84,13.64,-6.55,20.53,-24.96,-17.77,False,637931.75,4,117.0,2025-12-19,2026-06-19,False,-17.9,260.0,-22.47,-35.19,-12.87,18.93,1.0,2025-07-03,2025-07-03,-6.85,-12.2,-13.41,0.38
Rama Telecom Ltd.,SME,rama-telecom-ipo,2144,2025-06-25,2025-07-02,23.87,68.0,1.59,68.4,0.59,78.0,INE14W901010,RTL,,1.0,1.66,,1.82,"1,879",,,,,NSE,RTL,72.0,75.0,68.4,68.4,214,78.0,100.9,54.0,2026-03-12,2026-01-13,141,0.2773795,5.88,0.59,14.71,48.38,-20.59,14.04,False,34100.0,7,52.0,2025-09-18,2026-06-05,False,-3.7,6.0,-22.7,-22.88,-14.4,19.52,131.0,2026-07-13,2026-02-25,18.48,5.59,4.54,6.9
Suntech Infra Solutions Ltd.,SME,suntech-infra-solutions-ipo,2372,2025-06-25,2025-07-02,42.16,86.0,157.08,103.8,20.7,31.6,INE0SGZ01016,SUNTECH,,122.82,529.51,,150.1,"1,72,250",12.63,22.15,2025-07-30,2025-09-28,NSE,SUNTECH,109.1,110.0,103.65,103.8,256,31.6,110.0,28.7,2025-07-02,2026-07-22,0,0.1039996,26.86,20.7,-63.26,27.91,-66.63,-69.56,False,33280.0,2,55.0,2025-09-19,2026-05-08,False,-31.0,,-71.27,-72.35,-35.84,36.9,,,,,,,
Supertech EV Ltd.,SME,supertech-ev-ipo,2388,2025-06-25,2025-07-02,28.39,92.0,4.09,69.92,-24.0,38.2,INE0SC101013,,544428,1.01,2.09,,7.06,"13,500",,,,,BSE,SEVL,73.6,73.6,69.92,69.92,254,38.2,82.12,32.7,2025-12-18,2026-07-22,116,0.06908448,-20.0,-24.0,-58.48,-10.74,-64.46,-45.37,False,18360.0,8,89.0,2025-11-11,2026-07-20,True,17.1,127.0,-53.48,-55.28,-32.64,27.65,114.0,2026-01-02,2025-12-16,-2.54,-6.93,-35.87,1.76
Indogulf Cropsciences Ltd.,Mainboard,indogulf-cropsciences-ipo,2074,2025-06-26,2025-07-03,200.0,111.0,13.5,110.35,-0.59,74.55,INE05J901018,IGCL,544432,31.73,49.06,52.13,14.97,"6,48,156",58.2,22.48,2025-07-31,2025-09-29,NSE,IGCL,111.0,113.0,106.0,110.35,261,74.55,122.0,49.46,2025-07-22,2026-03-27,13,1.3936099412000005,0.0,-0.59,-32.84,9.91,-55.44,-32.44,True,197505.65,1,221.0,2026-05-29,2026-05-29,False,,215.0,-38.89,-54.44,-11.2,21.76,9.0,2025-09-08,2025-07-16,-1.56,-6.43,-5.59,1.25
Moving Media Entertainment Ltd.,SME,moving-media-entertainment-ipo,2164,2025-06-26,2025-07-03,32.91,70.0,51.43,74.55,6.5,30.75,INE0XM301010,MMEL,,55.23,126.07,,61.18,"54,364",9.87,18.53,2025-07-31,2025-09-29,NSE,MMEL,71.0,74.55,71.0,74.55,222,30.75,84.45,20.0,2025-07-30,2026-03-30,19,0.050003,1.43,6.5,-56.07,20.64,-71.43,-58.75,False,15600.0,5,55.0,2025-09-23,2026-02-25,False,-30.2,186.0,-63.59,-73.04,-11.54,24.82,1.0,2025-08-22,2025-07-04,-9.92,-0.38,-14.78,0.65
Valencia India Ltd.,SME,valencia-india-ipo,2167,2025-06-26,2025-07-03,46.49,110.0,1.05,83.6,-24.0,17.8,INE130701019,,544433,1.28,1.22,,1.31,"3,048",,,,,BSE,VALINDIA,88.0,88.0,83.6,83.6,255,17.8,88.0,11.5,2025-07-03,2026-03-30,0,0.01435854,-20.0,-24.0,-83.82,-20.0,-89.55,-78.71,False,7620.0,6,10.0,2025-07-17,2026-07-13,False,-47.7,,-79.77,-85.98,-64.5,59.53,,,,,,,
Ace Alpha Tech Ltd.,SME,ace-alpha-tech-ipo,2314,2025-06-26,2025-07-03,30.4,69.0,71.23,85.05,23.26,136.25,INE0S9X01011,,544431,67.06,170.79,,91.92,"75,768",9.11,22.04,2025-07-31,2025-09-29,BSE,ACEALPHA,81.0,85.05,77.1,85.05,223,136.25,141.05,77.1,2026-07-24,2025-07-03,222,0.24929275,17.39,23.26,97.46,104.42,11.74,60.2,True,20250.0,6,70.0,2025-10-24,2026-07-24,True,-17.5,101.0,-3.4,-36.11,2.88,59.38,1.0,2026-02-02,2025-07-04,14.48,32.08,25.42,0.25
PRO FX Tech Ltd.,SME,pro-fx-tech-ipo,2386,2025-06-26,2025-07-03,38.21,87.0,18.08,99.75,14.66,72.0,INE0VJT01017,PROFX,,22.03,56.36,,14.09,"14,505",11.46,22.14,2025-07-31,2025-09-29,NSE,PROFX,95.0,99.75,95.0,99.75,237,72.0,136.9,56.0,2025-07-15,2026-03-30,8,0.0534272,9.2,14.66,-17.24,57.36,-35.63,-27.82,False,7360.0,4,111.0,2025-12-15,2026-06-15,False,2.6,235.0,-47.41,-55.78,-0.25,37.49,1.0,2025-07-04,2025-07-04,10.7,5.06,-19.77,0.36
Neetu Yoshi Ltd.,SME,neetu-yoshi-ipo,2338,2025-06-27,2025-07-04,73.14,75.0,89.71,110.25,47.0,169.35,INE0UZO01024,,544434,96.36,256.69,,91.21,"2,13,557",21.9,22.13,2025-08-03,2025-10-05,BSE,NEETUYOSHI,105.0,110.25,100.2,110.25,260,169.35,175.85,71.3,2026-07-21,2026-03-30,256,1.8920362,40.0,47.0,125.8,134.47,-4.93,53.61,True,121440.0,1,224.0,2026-06-04,2026-06-04,False,,48.0,-3.7,-50.94,-5.22,40.09,1.0,2026-05-15,2025-07-07,14.2,-8.3,10.01,0.16
Adcounty Media India Ltd.,SME,adcounty-media-india-ipo,2365,2025-06-27,2025-07-04,47.83,85.0,190.36,136.5,60.59,93.0,INE0W1601012,,544435,137.33,555.79,,229.37,"3,07,915",14.33,22.05,2025-08-03,2025-10-05,BSE,ADCOUNTY,130.0,136.5,123.5,136.5,259,93.0,282.0,80.0,2025-09-23,2026-07-22,55,0.43165048,52.94,60.59,9.41,231.76,-5.88,-31.87,False,46480.0,4,25.0,2025-08-08,2026-01-14,False,36.8,61.0,-67.02,-69.78,-17.22,84.98,1.0,2026-04-27,2025-07-07,-13.55,-17.57,85.5,0.28
Vandan Foods Ltd.,SME,vandan-foods-ipo,2169,2025-06-30,2025-07-07,28.84,115.0,1.53,118.75,3.26,24.0,INE0RDJ01019,,544436,,0.41,,3.09,"3,434",,,,,BSE,VANDAN,125.0,125.0,118.75,118.75,240,24.0,125.0,20.5,2025-07-07,2026-07-03,0,0.04614156,8.7,3.26,-79.13,8.7,-82.17,-79.79,False,18900.0,8,82.0,2025-11-14,2026-06-25,False,-10.9,,-80.8,-80.62,-72.95,67.98,,,,,,,
Marc Loire Fashions Ltd.,SME,marc-loire-ipo,2191,2025-06-30,2025-07-07,19.94,100.0,2.52,76.0,-24.0,37.25,INE0TBQ01014,,544437,,1.6,,3.61,"3,251",,,,,BSE,MARCLOIRE,80.0,80.0,76.0,76.0,221,37.25,83.0,34.0,2025-10-23,2026-01-12,71,0.00968298,-20.0,-24.0,-62.75,-17.0,-66.0,-50.99,False,2460.0,4,63.0,2025-10-09,2025-11-17,False,-36.3,,-55.12,-53.1,-30.91,29.0,,,,,,,
Cedaar Textile Ltd.,SME,cedaar-textile-ipo,2211,2025-06-30,2025-07-07,57.85,140.0,10.06,113.05,-19.25,18.1,INE11J101017,CEDAAR,,37.88,5.04,,9.73,"16,258",9.52,13.52,2025-08-04,2025-10-03,NSE,CEDAAR,119.0,119.0,113.05,113.05,251,18.1,136.3,17.0,2025-07-11,2026-07-24,4,0.0420775,-15.0,-19.25,-87.07,-2.64,-87.86,-83.99,False,21400.0,11,45.0,2025-09-10,2026-07-07,False,-34.3,219.0,-86.72,-86.47,-5.0,25.56,2.0,2025-08-20,2025-07-09,-1.12,-4.57,-31.78,0.48
Pushpa Jewellers Ltd.,SME,pushpa-jewellers-ipo,2346,2025-06-30,2025-07-07,93.71,147.0,2.2,117.6,-20.0,111.0,INE154801018,PUSHPA,,1.18,2.51,,3.71,"8,923",14.05,12.47,2025-08-03,2025-10-02,NSE,PUSHPA,112.0,117.6,106.4,117.6,257,111.0,148.75,81.15,2025-11-04,2026-03-09,82,0.45703925,-23.81,-20.0,-24.49,1.19,-44.8,-5.61,True,41300.0,8,63.0,2025-10-07,2026-07-13,False,-24.6,7.0,-25.38,-41.84,-3.49,29.34,1.0,2026-07-15,2025-07-08,12.03,4.36,15.13,0.19
Silky Overseas Ltd.,SME,silky-overseas-ipo,2392,2025-06-30,2025-07-07,25.63,161.0,118.63,162.45,0.9,68.15,INE0SN801015,SILKY,,62.99,430.21,,119.34,"91,423",7.68,20.01,2025-08-04,2025-10-06,NSE,SILKY,171.0,171.0,162.45,162.45,190,68.15,171.0,66.6,2025-07-07,2026-07-24,0,0.1682058,6.21,0.9,-57.67,6.21,-58.63,-58.05,False,19560.0,5,55.0,2025-10-06,2026-07-20,True,24.6,,-60.15,-58.05,-36.6,31.61,,,,,,,
Crizac Ltd.,Mainboard,crizac-ipo,2096,2025-07-02,2025-07-09,860.0,245.0,44.19,307.63,25.56,184.44,INE0S4R01014,CRIZAC,544439,141.27,80.07,92.95,10.74,"19,21,366",258.0,23.08,2025-08-05,2025-10-04,NSE,CRIZAC,281.05,309.15,275.0,307.63,257,184.44,387.95,173.35,2025-09-08,2026-03-30,41,5.9511279345000005,14.71,25.56,-24.72,58.35,-29.24,-40.04,False,304495.1,6,69.0,2025-10-17,2026-05-26,False,-20.8,176.0,-52.46,-52.73,-4.11,23.31,1.0,2025-11-04,2025-07-10,-1.68,-11.11,-14.39,0.54
Happy Square Outsourcing Services Ltd.,SME,white-force-ipo,2106,2025-07-03,2025-07-10,22.06,76.0,2.79,80.85,6.38,41.9,INE0TLP01015,WHITEFORCE,,7.16,2.24,,2.12,743,6.6,21.4,2025-08-07,2025-10-06,NSE,WHITEFORCE,77.0,80.85,77.0,80.85,194,41.9,94.8,28.25,2025-08-13,2026-03-16,24,0.0215484,1.32,6.38,-44.87,24.74,-62.83,-48.18,False,5360.0,4,61.0,2025-10-15,2026-03-16,False,-57.7,149.0,-55.8,-64.13,-32.16,49.41,1.0,2025-09-12,2025-07-11,-17.27,-11.96,-7.96,1.35
Cryogenic OGS Ltd.,SME,cryogenic-ogs-ipo,2360,2025-07-03,2025-07-10,16.88,47.0,486.12,93.76,99.49,296.55,INE0TL001013,,544440,209.59,1155.38,,773.7,"1,91,388",5.05,22.13,2025-08-06,2025-10-05,BSE,CRYOGENIC,89.3,93.76,89.3,93.76,256,296.55,310.0,89.3,2026-07-08,2025-07-10,243,0.52370229,90.0,99.49,530.96,559.57,90.0,216.29,True,18112.5,6,38.0,2025-09-04,2026-04-30,False,28.1,254.0,-4.34,-30.51,4.99,54.99,1.0,2025-07-11,2025-07-11,41.71,22.87,67.36,0.13
Meta Infotech Ltd.,SME,meta-infotech-ipo,2175,2025-07-04,2025-07-11,76.09,161.0,117.0,236.25,46.74,75.0,INE162901016,,544441,147.76,309.16,,122.01,"1,61,468",22.58,21.97,2025-08-07,2025-10-06,BSE,METAINFO,225.0,236.25,225.0,236.25,255,75.0,250.0,53.17,2025-07-15,2026-03-30,2,0.21963264,39.75,46.74,-53.42,55.28,-66.98,-68.25,False,27120.0,3,51.0,2025-09-24,2026-03-02,False,-29.6,253.0,-70.0,-78.34,-36.55,42.37,1.0,2025-07-14,2025-07-14,-26.43,-36.02,-43.0,0.42
Travel Food Services Ltd.,Mainboard,travel-food-services-ipo,2054,2025-07-07,2025-07-14,2000.0,1100.0,2.4,1074.8,-2.29,1286.3,INE103V01028,TRAVELFOOD,544443,8.1,1.67,1.83,0.73,"2,19,091",598.8,23.04,2025-08-08,2025-10-07,NSE,TRAVELFOOD,1125.0,1130.0,1066.0,1074.8,254,1286.3,1445.0,1008.5,2025-11-27,2025-08-04,93,2.6242697365,2.27,-2.29,16.94,31.36,-8.32,19.68,False,19993.75,2,168.0,2026-03-18,2026-05-22,False,17.7,43.0,-10.98,-24.85,-6.17,23.77,4.0,2026-05-22,2025-07-18,-10.05,-3.41,20.99,1.27
Smarten Power Systems Ltd.,SME,smarten-power-systems-ipo,2177,2025-07-07,2025-07-14,47.5,100.0,5.45,151.2,51.2,57.2,INE14GK01016,SMARTEN,,,6.31,,4.66,"5,771",,,,,NSE,SMARTEN,144.0,151.2,143.0,151.2,253,57.2,157.95,42.0,2025-07-25,2026-03-30,9,0.0882504,44.0,51.2,-42.8,57.95,-58.0,-62.17,False,14580.0,5,45.0,2025-09-17,2026-06-18,False,-31.7,243.0,-63.79,-71.64,-37.76,42.23,9.0,2025-07-25,2025-07-25,-27.57,-31.66,-39.94,0.5
Chemkart India Ltd.,SME,chemkart-india-ipo,2241,2025-07-07,2025-07-14,75.96,248.0,4.44,259.45,4.62,184.0,INE0VWL01017,,544442,13.69,5.64,,1.63,"1,975",22.6,22.01,2025-08-09,2025-10-08,BSE,CHEMKART,250.0,262.0,250.0,259.45,254,184.0,262.0,87.0,2025-07-14,2026-03-30,0,0.23466105,0.81,4.62,-25.81,5.65,-64.92,-29.08,True,12990.0,7,101.0,2025-12-09,2026-06-17,False,-48.6,,-29.77,-66.22,-26.77,26.21,,,,,,,
GLEN Industries Ltd.,SME,glen-industries-ipo,2139,2025-07-08,2025-07-15,59.79,97.0,183.13,152.37,57.08,74.0,INE0UMC01019,,544444,,,,,,17.46,21.7,2025-08-10,2025-10-09,BSE,GLEN,157.0,164.85,149.5,152.37,253,74.0,164.85,58.0,2025-07-15,2026-03-30,0,0.19586304,61.86,57.08,-23.71,69.95,-40.21,-51.43,True,28140.0,3,114.0,2025-12-30,2026-03-06,False,-35.1,,-55.11,-60.93,-35.16,30.16,,,,,,,
Asston Pharmaceuticals Ltd.,SME,asston-pharmaceuticals-ipo,2120,2025-07-09,2025-07-16,26.17,123.0,130.28,124.95,1.59,64.24,INE0SJX01015,,544445,85.76,353.14,424.47,172.06,"79,695",7.81,22.08,2025-08-13,2025-10-12,BSE,APL,119.0,124.95,113.05,124.95,221,64.24,126.0,60.0,2025-07-18,2026-07-21,2,0.1428084,-3.25,1.59,-47.77,2.44,-51.22,-48.59,False,21100.0,4,63.0,2025-10-17,2026-07-17,True,-3.0,,-49.02,-50.21,-22.85,23.69,,,,,,,
Smartworks Coworking Spaces Ltd.,Mainboard,smartworks-coworking-ipo,2034,2025-07-10,2025-07-17,582.56,407.0,10.03,445.05,9.35,482.55,INE0NAZ01010,SMARTWORKS,544447,24.92,23.68,28.21,3.69,"4,52,618",173.64,22.95,2025-08-13,2025-10-12,NSE,SMARTWORKS,435.0,469.25,435.0,445.05,251,482.55,619.0,361.5,2025-11-04,2026-03-30,74,8.6477102855,6.88,9.35,18.56,52.09,-11.18,8.43,True,175121.05,3,138.0,2026-02-06,2026-07-22,True,-0.8,4.0,-22.04,-38.61,-11.76,25.26,22.0,2026-07-20,2025-08-19,12.13,7.16,20.47,2.04
Anthem Biosciences Ltd.,Mainboard,anthem-biosciences-ipo,2029,2025-07-14,2025-07-21,3395.0,570.0,47.37,730.35,28.13,769.9,INE0CZ201020,ANTHEM,544449,192.8,44.7,51.66,5.98,"37,94,038",1016.02,23.03,2025-08-15,2025-10-14,NSE,ANTHEM,723.05,747.0,723.05,730.35,249,769.9,873.5,579.15,2025-09-18,2026-02-02,41,66.25252038250001,26.85,28.13,35.07,53.25,1.61,5.42,False,861768.1,4,156.0,2026-03-09,2026-07-22,True,17.9,34.0,-11.86,-31.47,-3.9,22.32,2.0,2026-06-05,2025-07-23,-4.19,11.92,-3.85,0.44
Spunweb Nonwoven Ltd.,SME,spunweb-nonwoven-ipo,2111,2025-07-14,2025-07-21,57.89,96.0,174.81,158.55,65.16,102.0,INE19QH01010,SPUNWEB,,165.43,364.58,,251.84,"2,57,561",17.31,22.12,2025-08-16,2025-10-15,NSE,SPUNWEB,151.0,158.55,151.0,158.55,243,102.0,173.55,80.0,2025-09-16,2026-03-19,39,0.0723225,57.29,65.16,6.25,80.78,-16.67,-35.67,False,6840.0,5,131.0,2026-01-30,2026-03-05,False,12.8,158.0,-41.23,-51.61,-17.69,22.67,1.0,2025-11-21,2025-07-22,-11.65,-11.31,-13.68,0.7
Monika Alcobev Ltd.,SME,monika-alcobev-ipo,2371,2025-07-16,2025-07-23,153.68,286.0,3.16,288.0,0.7,212.0,INE0LCG01010,,544451,2.54,8.86,12.38,2.92,"8,459",46.06,21.76,2025-08-20,2025-10-19,BSE,MONIKA,288.0,289.95,274.1,288.0,246,212.0,345.2,205.0,2025-08-04,2026-07-17,8,0.1555466,0.7,0.7,-25.87,20.7,-28.32,-26.39,False,7060.0,9,68.0,2025-10-31,2026-07-23,True,-7.5,136.0,-38.59,-36.89,-7.29,27.15,5.0,2025-12-31,2025-07-30,-1.36,-3.6,-2.55,0.51
Swastika Castal Ltd.,SME,swastika-castal-ipo,2279,2025-07-21,2025-07-28,13.35,65.0,5.16,66.82,2.8,91.0,INE0PTF01017,,544452,,2.42,,7.75,"2,242",,,,,BSE,SWASTIKAAL,67.0,68.0,63.65,66.82,191,91.0,96.9,39.0,2025-08-11,2026-06-09,10,0.1939163,3.08,2.8,40.0,49.08,-40.0,36.19,True,25300.0,3,120.0,2026-03-17,2026-06-29,False,58.5,15.0,-6.09,-56.18,-3.85,48.86,1.0,2026-07-02,2025-07-29,19.18,14.82,14.03,0.64
Savy Infra & Logistics Ltd.,SME,savy-infra-and-logistics-ipo,2305,2025-07-21,2025-07-28,66.47,120.0,80.17,143.3,19.42,126.1,INE0UCN01017,SAVY,,93.02,196.44,,91.62,"97,355",19.93,22.17,2025-08-23,2025-10-22,NSE,SAVY,136.5,143.3,136.5,143.3,232,126.1,191.0,108.0,2025-11-27,2026-07-21,83,0.2302611,13.75,19.42,5.08,59.17,-10.0,-12.0,True,18960.0,11,54.0,2025-10-15,2026-07-21,True,9.0,32.0,-33.98,-37.77,-7.71,13.78,4.0,2026-06-03,2025-08-01,-8.12,-5.59,7.79,0.2
Monarch Surveyors & Engineering Consultants Ltd.,SME,monarch-surveyors-ipo,2238,2025-07-22,2025-07-29,88.58,250.0,177.37,400.2,60.08,218.6,INE0V0L01028,,544453,179.01,317.05,364.02,263.01,"3,21,096",26.54,22.06,2025-08-24,2025-10-23,BSE,MSECL,421.25,435.0,400.2,400.2,243,218.6,435.0,165.0,2025-07-29,2026-03-30,0,0.22349475,68.5,60.08,-12.56,74.0,-34.0,-45.38,False,9840.0,4,53.0,2025-10-15,2026-04-15,False,-23.7,,-49.75,-58.05,-38.72,33.72,,,,,,,
Indiqube Spaces Ltd.,Mainboard,indiqube-spaces-ipo,2038,2025-07-23,2025-07-30,700.0,237.0,7.63,217.97,-8.03,181.31,INE06ST01018,INDIQUBE,544454,15.12,8.68,8.35,13.28,"5,66,311",314.32,30.98,2025-08-26,2025-10-25,NSE,INDIQUBE,216.0,222.97,201.6,217.97,242,181.31,243.8,131.15,2025-09-22,2026-03-27,36,2.6508098482999993,-8.86,-8.03,-23.5,2.87,-44.66,-16.82,True,153852.15,7,68.0,2025-11-10,2026-07-10,False,-21.0,165.0,-25.63,-43.87,-10.35,20.34,16.0,2025-11-20,2025-08-22,3.78,2.61,-0.98,0.64
GNG Electronics Ltd.,Mainboard,gng-electronics-ipo,2046,2025-07-23,2025-07-30,460.43,237.0,107.66,333.39,40.67,572.35,INE18JU01028,EBGNG,544455,266.21,226.44,264.14,47.36,"42,13,842",138.13,23.08,2025-08-26,2025-10-25,NSE,EBGNG,355.0,359.4,325.55,333.39,242,572.35,689.5,239.0,2026-07-02,2026-01-27,225,41.6835753805,49.79,40.67,141.5,190.93,0.84,71.68,True,669569.35,4,129.0,2026-02-06,2026-06-22,False,33.9,77.0,-16.99,-37.93,-10.02,23.79,17.0,2026-04-01,2025-08-25,-6.34,-0.99,-13.66,2.72
TSC India Ltd.,SME,tsc-india-ipo,2206,2025-07-23,2025-07-30,24.58,70.0,67.32,71.4,2.0,30.5,INE16VK01010,TSC,,40.03,133.17,,66.47,"26,060",7.35,22.11,2025-08-27,2025-10-26,NSE,TSC,68.0,71.4,64.6,71.4,210,30.5,79.3,25.25,2025-08-19,2026-06-15,13,0.0335875,-2.86,2.0,-56.43,13.29,-63.93,-57.28,True,11500.0,2,61.0,2025-11-03,2026-07-23,True,-41.7,196.0,-61.54,-65.55,-15.83,26.89,13.0,2025-08-19,2025-08-19,-6.13,-14.16,-19.4,7.07
Brigade Hotel Ventures Ltd.,Mainboard,brigade-hotel-ventures-ipo,2094,2025-07-24,2025-07-31,759.6,90.0,4.26,85.32,-5.2,60.16,INE03NU01014,BRIGHOTEL,544457,5.74,2.03,1.67,6.83,"2,93,639",324.73,29.94,2025-08-28,2025-10-27,NSE,BRIGHOTEL,81.1,87.84,81.1,85.32,241,60.16,91.77,54.36,2025-08-19,2026-03-30,12,0.6499948091500001,-9.89,-5.2,-33.16,1.97,-39.6,-29.49,False,102764.05,3,58.0,2025-10-27,2025-12-31,False,-26.5,228.0,-34.44,-38.73,-9.25,16.81,12.0,2025-08-19,2025-08-19,-5.86,-6.17,-12.85,4.13
Shanti Gold International Ltd.,Mainboard,shanti-gold-ipo,2008,2025-07-25,2025-08-01,360.11,199.0,57.04,229.38,15.27,211.29,INE06ZD01017,SHANTIGOLD,544459,117.33,151.17,173.08,29.73,"23,14,714",108.03,23.08,2025-08-29,2025-10-28,NSE,SHANTIGOLD,227.55,238.36,227.1,229.38,240,211.29,274.1,155.0,2025-08-21,2026-03-30,13,18.027686196450006,14.35,15.27,6.18,37.74,-22.11,-7.89,False,825281.35,6,47.0,2025-10-10,2026-05-07,False,2.8,177.0,-22.91,-38.09,-5.97,25.46,5.0,2025-11-03,2025-08-08,-4.35,-6.01,-2.95,1.26
Sellowrap Industries Ltd.,SME,sellowrap-industries-ipo,2040,2025-07-25,2025-08-01,28.76,83.0,46.58,94.5,13.86,64.0,INE0IJF01013,SELLOWRAP,,18.76,117.81,,68.74,"32,372",,,,,NSE,SELLOWRAP,90.0,94.5,85.5,94.5,197,64.0,139.65,62.1,2025-08-29,2026-04-02,18,0.1128376,8.43,13.86,-22.89,68.25,-25.18,-32.28,False,15440.0,6,56.0,2025-10-29,2026-07-16,True,-30.6,133.0,-54.17,-52.15,-10.0,57.78,1.0,2025-11-10,2025-08-04,-1.37,11.23,2.16,0.12
Shree Refrigerations Ltd.,SME,shree-refrigerations-ipo,2145,2025-07-25,2025-08-01,111.44,125.0,134.24,175.4,40.32,339.15,INE0FMZ01045,,544458,167.32,197.01,214.75,195.05,"3,10,087",33.41,22.17,2025-08-29,2025-10-28,BSE,SHREEREF,169.85,177.7,161.5,175.4,240,339.15,406.2,153.0,2026-06-30,2025-08-07,221,5.9402055,35.88,40.32,171.32,224.96,22.4,93.36,False,166125.0,2,70.0,2025-11-14,2026-05-26,False,-10.2,77.0,-16.51,-42.45,-12.77,43.9,7.0,2026-04-01,2025-08-12,12.24,13.83,19.17,0.3
Patel Chem Specialities Ltd.,SME,patel-chem-ipo,2153,2025-07-25,2025-08-01,55.83,84.0,118.4,104.5,24.4,91.05,INE161701011,,544460,,,,,,16.69,22.11,2025-08-28,2025-10-27,BSE,PATELCHEM,110.0,114.0,104.5,104.5,238,91.05,120.89,56.1,2025-09-17,2026-03-27,31,0.19518576,30.95,24.4,8.39,43.92,-33.21,-12.87,False,20240.0,4,29.0,2025-09-15,2026-05-22,False,-27.4,206.0,-24.68,-50.21,-18.66,31.29,29.0,2025-09-17,2025-09-15,-16.12,-11.35,-27.35,16.99
Repono Ltd.,SME,repono-limited-ipo,2232,2025-07-28,2025-08-04,25.34,96.0,45.84,87.09,-9.28,75.1,INE15WN01014,,544463,29.03,107.34,126.27,67.31,"31,424",7.6,22.18,2025-08-31,2025-10-30,BSE,REPONO,89.99,89.99,85.5,87.09,227,75.1,107.0,43.06,2026-06-22,2026-03-30,203,0.27569508,-6.26,-9.28,-21.77,11.46,-55.15,-13.77,False,31740.0,9,33.0,2025-09-22,2026-06-18,False,-18.7,15.0,-29.81,-52.58,-16.06,26.31,1.0,2026-07-03,2025-08-05,-5.07,-12.51,-14.65,0.34
Umiya Mobile Ltd.,SME,umiya-mobile-ipo,2273,2025-07-28,2025-08-04,23.63,66.0,2.56,68.78,4.21,50.0,INE1P1A01018,,544464,,2.44,,2.61,"1,319",,,,,BSE,UML,69.0,70.0,66.0,68.78,213,50.0,124.89,41.75,2025-10-21,2026-04-01,52,0.130207,4.55,4.21,-24.24,89.23,-36.74,-27.3,False,25100.0,6,32.0,2025-09-22,2026-07-02,False,-17.9,87.0,-59.96,-66.56,-15.64,39.59,10.0,2026-02-10,2025-08-19,-6.0,-1.11,32.31,0.22
Laxmi India Finance Ltd.,Mainboard,laxmi-india-finance-ipo,2030,2025-07-29,2025-08-05,254.26,158.0,1.76,134.11,-15.12,129.12,INE06WU01026,LAXMIINDIA,544465,1.3,1.83,1.82,2.2,"1,15,061",75.51,22.9,2025-08-30,2025-10-29,NSE,LAXMIINDIA,137.52,146.68,132.98,134.11,238,129.12,180.9,71.06,2025-09-18,2026-03-30,30,1.18332679065,-12.96,-15.12,-18.28,14.49,-55.03,-3.72,True,100146.5,3,71.0,2025-11-19,2026-02-18,False,-28.9,171.0,-28.62,-59.26,-13.47,48.36,2.0,2025-11-12,2025-08-07,-5.04,12.74,-3.4,2.35
Aditya Infotech Ltd.,Mainboard,aditya-infotech-ipo,2036,2025-07-29,2025-08-05,1300.0,675.0,58.82,1082.65,60.39,3543.4,INE819V01029,CPPLUS,544466,140.5,75.93,78.86,53.81,"40,16,488",582.3,30.93,2025-08-30,2025-10-29,NSE,CPPLUS,1015.0,1104.0,1015.0,1082.65,238,3543.4,3866.0,1015.0,2026-07-16,2025-08-05,231,75.73891414500001,50.37,60.39,424.95,472.74,50.37,227.29,False,209488.0,5,63.0,2025-11-07,2026-06-01,False,1.4,228.0,-8.34,-20.37,-5.23,41.56,2.0,2025-08-19,2025-08-07,19.94,19.62,23.77,0.15
Kaytex Fabrics Ltd.,SME,kaytex-fabrics-ipo,2050,2025-07-29,2025-08-05,66.31,180.0,31.99,150.6,-16.33,59.0,INE13ZD01013,KAYTEX,,,,,,,16.79,19.39,2025-08-31,2025-10-30,NSE,KAYTEX,144.0,151.2,136.8,150.6,234,59.0,156.9,50.35,2025-08-06,2026-03-30,1,0.064739,-20.0,-16.33,-67.22,-12.83,-72.03,-60.82,False,10760.0,6,84.0,2025-12-11,2026-07-24,True,-2.8,232.0,-62.4,-65.29,-31.11,35.29,1.0,2025-08-06,2025-08-06,-20.15,-25.78,-42.02,0.22
Sri Lotus Developers & Realty Ltd.,Mainboard,sri-lotus-developers-and-realty-ipo,2027,2025-07-30,2025-08-06,792.0,150.0,51.87,195.67,30.45,180.39,INE0V9Q01010,LOTUSDEV,544469,175.61,61.82,59.13,21.77,"34,79,062",,,,,NSE,LOTUSDEV,178.0,195.8,176.7,195.67,237,180.39,218.49,102.2,2025-08-11,2026-03-30,3,50.93446939139999,18.67,30.45,20.26,45.66,-31.87,-7.81,True,3111339.15,8,33.0,2025-09-24,2026-07-24,True,-20.5,202.0,-17.44,-50.97,-11.33,22.99,1.0,2025-09-25,2025-08-07,-3.03,-7.52,-12.34,0.39
M&B Engineering Ltd.,Mainboard,mb-engineering-ipo,2049,2025-07-30,2025-08-06,650.0,385.0,21.3,408.65,6.14,296.3,INE08N601015,MBEL,544470,38.63,40.22,39.68,34.36,"14,22,694",291.6,30.96,2025-09-02,2025-11-01,NSE,MBEL,385.0,418.8,373.5,408.65,237,296.3,535.9,223.05,2025-11-10,2026-03-30,63,5.6149504939999995,0.0,6.14,-23.04,39.19,-42.06,-27.49,False,174811.6,7,46.0,2025-10-14,2026-06-15,False,-13.8,189.0,-44.71,-55.96,-2.79,23.68,2.0,2025-10-15,2025-08-08,8.29,-0.76,16.44,2.37
National Securities Depository Ltd.,Mainboard,national-securities-depository-limited-nsdl-ipo,2448,2025-07-30,2025-08-06,4010.95,800.0,28.84,936.0,17.0,810.05,INE301O01023,,544467,103.97,34.98,37.73,7.76,"51,99,261",1201.44,23.05,2025-09-02,2025-11-01,BSE,NSDL,880.0,943.85,880.0,936.0,237,810.05,1425.0,788.0,2025-08-11,2026-03-30,3,42.91749248,10.0,17.0,1.26,78.12,-1.5,-13.46,False,509718.6,0,,,,False,,235.0,-43.15,-41.06,-0.64,52.88,1.0,2025-08-07,2025-08-07,13.55,18.1,-5.82,1.38
B.D.Industries (Pune) Ltd.,SME,b-d-industries-ipo,2162,2025-07-30,2025-08-06,43.03,108.0,1.55,108.15,0.14,109.35,INE1LJ801017,,544468,1.27,3.66,5.59,1.32,888,,,,,BSE,BDI,108.9,109.0,108.0,108.15,155,109.35,128.5,98.0,2025-08-25,2026-03-19,12,0.0630198,0.83,0.14,1.25,18.98,-9.26,1.11,False,5760.0,5,33.0,2025-09-24,2026-04-02,False,-1.6,1.0,-14.9,-22.71,-0.14,18.96,8.0,2026-07-21,2025-08-19,0.27,-1.48,-2.7,0.17
Mehul Colours Ltd.,SME,mehul-colours-ipo,2302,2025-07-30,2025-08-06,20.56,72.0,6.1,86.03,19.49,58.0,INE1KH601014,,544472,13.54,10.91,14.27,3.56,"1,508",6.15,22.12,2025-09-02,2025-11-01,BSE,MEHUL,85.0,89.25,85.0,86.03,150,58.0,92.5,48.0,2025-10-07,2026-03-30,40,0.027193520000000002,18.06,19.49,-19.44,28.47,-33.33,-32.58,False,4240.0,2,39.0,2025-10-06,2026-03-16,False,-16.6,110.0,-37.3,-41.62,-19.8,20.17,39.0,2025-10-06,2025-10-06,-1.39,-16.57,-16.6,4.9
Takyon Networks Ltd.,SME,takyon-networks-ipo,2361,2025-07-30,2025-08-06,19.44,54.0,15.58,55.72,3.19,19.48,INE14OX01013,,544471,13.29,37.0,45.19,19.99,"7,865",5.77,21.98,2025-09-04,2025-11-03,BSE,TAKYON,55.85,58.0,53.06,55.72,210,19.48,58.0,18.62,2025-08-06,2026-07-17,0,0.0315158,3.43,3.19,-63.93,7.41,-65.52,-65.04,False,15000.0,4,67.0,2025-12-02,2026-05-06,False,-32.8,,-66.41,-65.04,-14.38,13.89,,,,,,,
Cash Ur Drive Marketing Ltd.,SME,cash-ur-drive-marketing-ipo,2136,2025-07-31,2025-08-07,57.42,130.0,57.72,157.45,21.12,135.4,INE0WL201014,CUDML,,,,,,,17.19,22.04,2025-09-04,2025-11-03,NSE,CUDML,155.0,160.0,147.25,157.45,221,135.4,191.0,84.95,2026-06-11,2026-03-30,193,0.174036,19.23,21.12,4.15,46.92,-34.65,-14.0,False,9750.0,4,128.0,2026-03-04,2026-06-03,False,64.6,30.0,-29.11,-48.45,-17.43,22.23,30.0,2026-06-08,2025-09-22,-11.61,-15.39,-13.31,0.84
Renol Polychem Ltd.,SME,renol-polychem-ipo,2200,2025-07-31,2025-08-07,24.2,105.0,5.82,99.75,-5.0,78.0,INE0VZX01015,RNPL,,,,,,,4.03,13.53,2025-09-04,2025-11-03,NSE,RNPL,105.0,105.0,99.75,99.75,225,78.0,158.0,69.0,2026-01-23,2025-08-29,109,0.0399528,0.0,-5.0,-25.71,50.48,-34.29,-21.8,False,4860.0,7,51.0,2025-10-30,2026-04-08,False,63.3,172.0,-50.63,-52.89,-30.83,25.86,52.0,2025-10-31,2025-10-31,25.97,35.19,35.97,19.39
Flysbs Aviation Ltd.,SME,flysbs-aviation-ipo,2418,2025-08-01,2025-08-08,97.36,225.0,222.62,448.85,99.49,466.65,INE0VCK01011,FLYSBS,,,,,,,29.16,22.14,2025-09-04,2025-11-03,NSE,FLYSBS,427.5,448.85,427.5,448.85,235,466.65,790.0,355.25,2025-08-26,2026-03-30,11,1.58939455,90.0,99.49,107.4,251.11,57.89,3.97,False,34180.0,3,106.0,2026-01-13,2026-06-17,False,0.2,11.0,-40.93,-48.89,4.99,71.01,1.0,2026-07-09,2025-08-11,47.44,25.89,13.19,0.09
Bhadora Industries Ltd.,SME,bhadora-industries-ipo,2055,2025-08-04,2025-08-11,52.8,103.0,1.18,105.95,2.86,86.5,INE0ZRC01017,BHADORA,,0.68,1.28,1.18,0.98,825,15.77,22.09,2025-09-06,2025-11-05,NSE,BHADORA,101.0,106.05,101.0,105.95,229,86.5,128.85,49.5,2025-09-15,2026-03-30,23,0.2716491,-1.94,2.86,-16.02,25.1,-51.94,-18.36,False,29220.0,4,84.0,2025-12-15,2026-03-27,False,-23.1,206.0,-32.87,-57.82,-19.21,40.82,2.0,2025-09-12,2025-08-13,-11.38,8.73,-21.93,0.4
Parth Electricals & Engineering Ltd.,SME,parth-electricals-engineering-ipo,2255,2025-08-04,2025-08-11,47.18,170.0,17.08,182.7,7.47,470.7,INE1H7V01011,PARTH,,17.65,43.93,52.99,20.28,"15,549",13.8,21.73,2025-09-06,2025-11-05,NSE,PARTH,174.0,182.7,169.0,182.7,234,470.7,484.0,169.0,2026-05-27,2025-08-11,193,0.4792874,2.35,7.47,176.88,184.71,-0.59,157.64,True,11040.0,0,,,,False,,232.0,-2.75,-30.78,4.98,62.73,1.0,2025-08-12,2025-08-12,39.86,46.12,34.23,0.05
Jyoti Global Plast Ltd.,SME,jyoti-global-plast-ipo,2292,2025-08-04,2025-08-11,33.66,66.0,6.07,65.8,-0.3,36.0,INE1M3T01017,JYOTIGLOBL,,1.86,14.7,17.76,9.54,"4,946",10.06,22.11,2025-09-06,2025-11-05,NSE,JYOTIGLOBL,65.9,67.0,62.6,65.8,219,36.0,77.75,27.05,2025-10-10,2026-03-30,41,0.032815,-0.15,-0.3,-45.45,17.8,-59.02,-45.29,False,8500.0,9,31.0,2025-09-25,2026-07-23,True,-17.1,177.0,-53.7,-59.34,-20.06,17.33,41.0,2025-10-10,2025-10-10,-16.65,-13.63,-33.02,7.66
Aaradhya Disposal Industries Ltd.,SME,aaradhya-disposal-industries-ipo,2311,2025-08-04,2025-08-11,42.85,116.0,1.4,116.55,0.47,72.0,INE124401014,AARADHYA,,2.51,1.25,1.65,1.46,"1,174",,,,,NSE,AARADHYA,111.0,116.55,110.45,116.55,176,72.0,182.0,67.15,2025-10-13,2026-07-02,42,0.0692709,-4.31,0.47,-37.93,56.9,-42.11,-38.22,False,8820.0,10,25.0,2025-09-17,2026-07-07,False,16.3,76.0,-60.44,-60.21,-16.34,49.34,1.0,2026-02-04,2025-08-12,-1.49,-8.09,15.74,0.12
BLT Logistics Ltd.,SME,blt-logistics-ipo,2325,2025-08-04,2025-08-11,9.01,75.0,390.27,95.49,27.32,29.0,INE0W4K01013,,544474,81.8,1017.63,1186.6,637.2,"1,01,962",2.69,21.66,2025-09-10,2025-11-09,BSE,BLT,90.95,95.49,90.95,95.49,168,29.0,100.26,20.6,2025-08-12,2026-03-30,1,0.01274664,21.27,27.32,-61.33,33.68,-72.53,-69.63,False,4320.0,1,102.0,2026-02-20,2026-02-20,False,-9.3,,-71.08,-78.42,-46.49,51.48,,,,,,,
Essex Marine Ltd.,SME,essex-marine-ipo,2333,2025-08-04,2025-08-11,21.86,54.0,2.89,41.04,-24.0,40.89,INE1IBY01019,,544475,,0.87,,4.95,"2,711",,,,,BSE,ESSEX,43.2,43.2,41.04,41.04,229,40.89,49.3,18.25,2026-05-08,2026-01-23,175,0.0706135,-20.0,-24.0,-24.28,-8.7,-66.2,-0.37,False,17000.0,4,8.0,2025-08-22,2026-01-12,False,-14.0,23.0,-17.06,-54.82,-41.4,36.4,168.0,2026-06-22,2026-04-28,4.52,3.75,-7.07,1.83
Highway Infrastructure Ltd.,Mainboard,highway-infrastructure-ipo,2180,2025-08-05,2025-08-12,130.0,70.0,256.33,120.75,72.5,43.87,INE00RL01028,HILINFRA,544477,,,,,,23.4,15.25,2025-09-07,2025-11-06,NSE,HILINFRA,115.0,120.75,115.0,120.75,233,43.87,131.4,40.6,2025-08-14,2026-03-30,2,0.12497446265,64.29,72.5,-37.33,87.71,-42.0,-63.67,False,27660.45,2,81.0,2025-12-10,2026-02-17,False,-21.1,231.0,-66.61,-67.64,-31.68,40.5,1.0,2025-08-13,2025-08-13,-25.0,-31.39,-44.74,0.6
All Time Plastics Ltd.,Mainboard,all-time-plastics-ipo,2125,2025-08-07,2025-08-14,400.6,275.0,6.28,283.3,3.02,220.87,INE0GV601021,ALLTIME,544479,,,,,,119.91,23.03,2025-09-10,2025-11-09,NSE,ALLTIME,311.3,325.0,280.65,283.3,231,220.87,334.9,186.0,2025-08-25,2026-03-30,6,1.4857821743500004,13.2,3.02,-19.68,21.78,-32.36,-22.04,False,61414.65,5,46.0,2025-10-23,2026-06-15,False,-14.1,224.0,-34.05,-42.87,-8.98,27.2,6.0,2025-08-25,2025-08-25,-13.22,-14.24,-16.19,0.76
JSW Cement Ltd.,Mainboard,jsw-cement-ipo,2230,2025-08-07,2025-08-14,3600.0,147.0,6.03,146.07,-0.63,132.12,INE718I01012,JSWCEMENT,544480,16.71,11.6,13.29,1.91,"12,75,003",1080.0,23.08,2025-09-10,2025-11-09,NSE,JSWCEMENT,153.5,154.77,145.05,146.07,231,132.12,162.15,106.65,2025-09-04,2025-12-04,13,31.25045881855001,4.42,-0.63,-10.12,10.31,-27.45,-9.55,False,2265532.8,4,117.0,2026-02-05,2026-05-22,False,0.8,218.0,-18.52,-32.14,-4.3,15.31,2.0,2025-09-03,2025-08-19,1.67,-5.61,-18.29,0.66
Connplex Cinemas Ltd.,SME,connplex-cinemas-ipo,2160,2025-08-07,2025-08-14,85.74,177.0,25.23,186.9,5.59,203.55,INE0EAS01014,CONNPLEX,,44.21,49.75,58.98,24.75,"33,640",25.7,22.16,2025-09-11,2025-11-10,NSE,CONNPLEX,195.0,198.0,185.25,186.9,231,203.55,311.9,177.0,2026-05-11,2025-08-19,178,1.6583856,10.17,5.59,15.0,76.21,0.0,8.91,False,82640.0,6,49.0,2025-10-28,2026-06-30,False,10.5,2.0,-34.74,-33.88,-5.3,27.82,10.0,2026-07-22,2025-09-01,2.44,-0.29,23.0,1.21
Sawaliya Foods Products Ltd.,SME,sawaliya-foods-products-ipo,2344,2025-08-07,2025-08-14,33.08,120.0,9.6,239.4,99.5,295.05,INE10VS01016,SAWALIYA,,15.83,20.11,23.9,8.92,"4,624",9.84,22.02,2025-09-11,2025-11-10,NSE,SAWALIYA,228.0,239.4,216.6,239.4,231,295.05,351.0,208.0,2026-03-12,2025-10-07,141,1.1455647,90.0,99.5,145.88,192.5,73.33,23.25,False,37980.0,3,59.0,2025-11-12,2026-03-10,False,34.5,166.0,-15.94,-20.33,-8.08,33.81,1.0,2025-11-19,2025-08-18,-4.06,-4.52,-10.24,0.05
ANB Metal Cast Ltd.,SME,anb-metal-cast-ipo,2129,2025-08-08,2025-08-18,46.8,156.0,1.7,172.2,10.38,409.5,INE0VG001016,AMCL,,1.04,4.29,6.29,2.39,"1,774",14.02,21.92,2025-09-12,2025-11-11,NSE,AMCL,164.0,172.2,164.0,172.2,216,409.5,554.0,161.7,2026-05-19,2025-08-25,174,0.7124168,5.13,10.38,162.5,255.13,3.65,137.8,False,17120.0,8,28.0,2025-09-26,2026-07-02,False,43.1,208.0,-26.08,-31.96,-6.1,77.58,1.0,2025-08-28,2025-08-19,29.58,10.15,75.09,0.21
Medistep Healthcare Ltd.,SME,medistep-healthcare-ipo,2178,2025-08-08,2025-08-18,15.29,43.0,374.09,50.35,17.09,19.75,INE0UOY01019,MEDISTEP,,,289.15,,461.11,"1,66,129",,,,,NSE,MEDISTEP,53.0,53.0,50.35,50.35,184,19.75,53.0,16.5,2025-08-18,2026-03-30,0,0.0138345,23.26,17.09,-54.07,23.26,-61.63,-60.77,True,7050.0,1,151.0,2026-05-22,2026-05-22,False,,,-62.74,-67.23,-41.41,36.44,,,,,,,
Star Imaging & Path Lab Ltd.,SME,star-imaging-ipo,2249,2025-08-08,2025-08-18,62.65,142.0,4.41,135.95,-4.26,87.3,INE0YG001013,,544482,12.85,4.38,5.12,2.32,"2,243",18.52,21.05,2025-09-12,2025-11-11,BSE,STARIMAGIN,142.0,143.0,134.9,135.95,229,87.3,152.0,46.0,2025-11-14,2026-03-30,59,0.15919605,0.0,-4.26,-38.52,7.04,-67.61,-35.79,False,16500.0,3,49.0,2025-10-30,2026-06-25,False,-43.1,170.0,-42.57,-68.7,-9.53,20.6,9.0,2025-11-13,2025-09-01,-4.64,-6.63,-5.76,1.6
BlueStone Jewellery & Lifestyle Ltd.,Mainboard,bluestone-jewellery-ipo,2059,2025-08-11,2025-08-19,1540.65,517.0,1.94,546.0,5.61,772.4,INE304W01038,BLUESTONE,544484,4.25,0.57,0.68,1.38,"1,08,600",693.29,31.03,2025-09-12,2025-11-11,NSE,BLUESTONE,510.0,564.0,508.1,546.0,229,772.4,869.5,399.8,2026-07-22,2026-02-17,226,414.237808461,-1.35,5.61,49.4,68.18,-22.67,41.47,True,5553644.3,13,34.0,2025-10-08,2026-07-24,True,-30.3,17.0,-11.17,-47.0,-5.64,35.27,1.0,2026-07-01,2025-08-20,-0.63,5.35,-0.81,0.97
Icodex Publishing Solutions Ltd.,SME,icodex-publishing-ipo,2079,2025-08-11,2025-08-19,39.93,102.0,3.72,77.55,-23.97,37.98,INE111601014,,544483,33.08,1.58,1.84,4.67,"4,105",,,,,BSE,ICODEX,81.6,81.6,77.55,77.55,205,37.98,81.6,29.01,2025-08-19,2026-03-30,0,0.05229342,-20.0,-23.97,-62.76,-20.0,-71.56,-51.03,False,12960.0,5,85.0,2025-12-23,2026-07-07,False,-35.7,,-53.46,-60.4,-45.78,50.23,,,,,,,
Regaal Resources Ltd.,Mainboard,regaal-resources-ipo,2035,2025-08-12,2025-08-20,306.0,102.0,93.42,131.58,29.0,75.65,INE0MHO01029,REGAAL,544485,190.96,356.72,387.71,57.75,"35,65,292",91.8,23.08,2025-09-16,2025-11-15,NSE,REGAAL,141.0,145.7,130.25,131.58,228,75.65,145.7,57.27,2025-08-20,2026-02-02,0,0.6624721562999999,38.24,29.0,-25.83,42.84,-43.85,-42.51,False,82325.6,5,43.0,2025-10-23,2026-05-08,False,-29.6,,-48.08,-55.4,-33.48,37.9,,,,,,,
Mahendra Realtors & Infrastructure Ltd.,SME,mahendra-realtors-ipo,2043,2025-08-12,2025-08-20,46.97,85.0,26.35,64.6,-24.0,69.6,INE632Q01018,MRIL,,43.57,27.02,30.46,25.59,"29,971",,,,,NSE,MRIL,68.0,68.0,64.6,64.6,207,69.6,82.0,29.05,2025-11-04,2026-03-30,51,0.2099132,-20.0,-24.0,-18.12,-3.53,-65.82,7.74,True,29760.0,8,40.0,2025-10-17,2026-07-09,False,-11.4,18.0,-15.12,-63.51,-22.6,30.5,41.0,2026-06-25,2025-10-20,11.07,-6.55,-20.47,11.8
Studio LSD Ltd.,SME,studio-lsd-ipo,2113,2025-08-18,2025-08-25,70.53,54.0,2.87,41.05,-23.98,9.9,INE17VO01028,STUDIOLSD,,1.0,1.25,0.96,4.58,"9,407",,,,,NSE,STUDIOLSD,43.2,43.2,41.05,41.05,225,9.9,43.2,7.15,2025-08-25,2026-03-30,0,0.0173835,-20.0,-23.98,-81.67,-20.0,-86.76,-75.88,True,19000.0,3,9.0,2025-09-08,2026-04-13,False,-44.8,,-77.08,-81.97,-54.57,49.7,,,,,,,
Shreeji Shipping Global Ltd.,Mainboard,shreeji-shipping-global-ipo,2018,2025-08-19,2025-08-26,410.71,252.0,40.85,255.1,1.23,625.8,INE1B6101010,SHREEJISPG,544490,110.41,72.7,72.86,21.92,"19,98,034",123.21,23.08,2025-09-20,2025-11-19,NSE,SHREEJISPG,270.0,275.0,252.2,255.1,224,625.8,629.0,222.0,2026-07-23,2025-10-09,222,59.22220558275001,7.14,1.23,148.33,149.6,-11.9,145.32,True,1078610.9,3,44.0,2025-10-30,2025-12-24,False,17.2,171.0,-0.51,-22.43,-12.98,16.07,52.0,2025-11-12,2025-11-12,6.15,16.06,29.77,2.8
Gem Aromatics Ltd.,Mainboard,gem-aromatics-ipo,2032,2025-08-19,2025-08-26,451.25,325.0,21.55,319.05,-1.83,178.1,INE06XZ01023,GEMAROMA,544491,53.76,45.96,48.48,10.49,"10,59,134",135.37,23.08,2025-09-20,2025-11-19,NSE,GEMAROMA,333.1,349.6,314.65,319.05,224,178.1,349.6,133.0,2025-08-26,2025-12-09,0,25.117295661,2.49,-1.83,-45.2,7.57,-59.08,-44.18,False,1172582.5,7,39.0,2025-10-23,2026-07-08,False,-36.0,,-49.06,-57.8,-27.88,29.98,,,,,,,
Vikram Solar Ltd.,Mainboard,vikram-solar-ipo,2152,2025-08-19,2025-08-26,2079.37,332.0,39.73,356.4,7.35,182.8,INE078V01014,VIKRAMSOLR,544488,145.1,52.87,59.58,7.98,"35,06,503",620.81,22.99,2025-09-20,2025-11-19,NSE,VIKRAMSOLR,338.0,381.65,333.65,356.4,224,182.8,407.95,162.1,2025-09-10,2026-02-27,10,47.99381247074999,1.81,7.35,-44.94,22.88,-51.17,-48.71,False,2504385.45,5,100.0,2026-01-21,2026-06-19,False,15.9,,-55.19,-56.25,-12.32,26.78,,,,,,,
Patel Retail Ltd.,Mainboard,patel-retail-ipo,2318,2025-08-19,2025-08-26,242.66,255.0,78.04,287.7,12.82,223.44,INE0R8B01010,PATELRMART,544487,272.14,108.11,102.09,42.55,"28,00,640",,,,,NSE,PATELRMART,300.0,305.0,285.55,287.7,224,223.44,305.0,150.25,2025-08-26,2026-03-30,0,7.561668407799998,17.65,12.82,-12.38,19.61,-41.08,-22.34,True,326585.95,6,54.0,2025-11-14,2026-07-03,False,-7.0,,-26.74,-47.44,-23.44,22.16,,,,,,,
LGT Business Connextions Ltd.,SME,lgt-business-ipo,2091,2025-08-19,2025-08-26,26.68,107.0,1.58,81.35,-23.97,47.0,INE191201016,,544489,,0.75,,1.75,"1,054",,,,,BSE,LGT,85.6,85.6,81.35,81.35,212,47.0,85.6,37.76,2025-08-26,2025-09-26,0,0.06106128,-20.0,-23.97,-56.07,-20.0,-64.71,-42.22,True,13680.0,7,10.0,2025-09-11,2026-07-20,True,62.8,,-45.09,-52.95,-53.58,48.6,,,,,,,
Mangal Electrical Industries Ltd.,Mainboard,mangal-electrical-ipo,2069,2025-08-20,2025-08-28,400.0,561.0,7.27,535.35,-4.57,284.65,INE0PKD01011,MEIL,544492,11.09,19.78,20.05,5.09,"4,47,732",120.0,23.08,2025-09-23,2025-11-22,NSE,MEIL,556.0,566.0,527.35,535.35,223,284.65,573.7,206.26,2025-09-04,2026-03-30,5,0.37702894825000005,-0.89,-4.57,-49.26,2.26,-63.23,-46.83,False,12637.6,3,100.0,2026-01-22,2026-04-15,False,-5.0,,-50.38,-62.5,-17.82,24.98,,,,,,,
ARC Insulation & Insulators Ltd.,SME,arc-insulations-ipo,2122,2025-08-21,2025-08-29,39.13,125.0,13.42,137.75,10.2,37.8,INE0YDV01010,ARCIIL,,15.12,26.84,29.26,17.27,"11,373",11.71,22.14,2025-09-28,2025-11-28,NSE,ARCIIL,145.0,145.0,137.75,137.75,209,37.8,145.0,35.15,2025-08-29,2026-07-24,0,0.03952325,16.0,10.2,-69.76,16.0,-71.88,-72.56,False,9850.0,6,50.0,2025-11-18,2026-04-28,False,-45.8,,-73.93,-73.14,-34.66,33.76,,,,,,,
Anondita Medicare Ltd.,SME,anondita-medicare-ipo,2243,2025-08-22,2025-09-01,65.58,145.0,210.36,289.25,99.48,1128.7,INE0VTV01012,ANONDITA,,153.03,531.82,641.02,286.2,"2,88,034",,,,,NSE,ANONDITA,275.5,289.25,261.75,289.25,199,1128.7,1316.0,261.75,2026-06-05,2025-09-01,164,4.65229805,90.0,99.48,678.41,807.59,80.52,290.22,False,40290.0,4,79.0,2025-12-29,2026-06-04,False,8.3,197.0,-14.23,-36.39,5.0,59.29,1.0,2025-09-02,2025-09-02,22.23,16.78,116.96,0.03
Shivashrit Foods Ltd.,SME,shivashrit-foods-ipo,2303,2025-08-22,2025-09-01,66.51,142.0,2.05,141.45,-0.39,123.0,INE1DLF01018,SHIVASHRIT,,1.59,5.16,6.38,2.65,"2,577",19.92,22.15,2025-09-27,2025-11-26,NSE,SHIVASHRIT,148.5,148.5,141.1,141.45,213,123.0,148.5,96.0,2025-09-01,2026-03-27,0,0.30702475,4.58,-0.39,-13.38,4.58,-32.39,-13.04,True,25000.0,6,57.0,2025-11-28,2026-05-14,False,-1.5,,-17.17,-25.93,-16.58,17.96,,,,,,,
Classic Electrodes (India) Ltd.,SME,classic-electrodes-ipo,2395,2025-08-22,2025-09-01,39.09,87.0,126.22,95.0,9.2,60.0,INE0UQ601012,CLASSICEIL,,84.88,356.75,421.54,158.44,"1,01,973",11.69,21.98,2025-09-26,2025-11-25,NSE,CLASSICEIL,100.0,101.0,95.0,95.0,211,60.0,113.9,34.75,2025-09-25,2026-03-30,18,0.2128344,14.94,9.2,-31.03,30.92,-60.06,-36.84,True,40320.0,4,67.0,2025-12-10,2026-03-30,False,-34.9,192.0,-47.32,-66.65,-15.26,35.16,10.0,2025-09-25,2025-09-15,-10.52,-16.98,-31.06,1.85
Globtier Infotech Ltd.,SME,globtier-infotech-ipo,2135,2025-08-25,2025-09-02,29.43,72.0,1.33,54.72,-24.0,16.26,INE12P601017,,544494,,0.63,,2.04,"1,479",,,,,BSE,GLOBTIER,57.6,57.6,54.72,54.72,201,16.26,57.6,13.3,2025-09-02,2026-03-30,0,0.01110848,-20.0,-24.0,-77.42,-20.0,-81.53,-70.29,False,5520.0,2,122.0,2026-03-13,2026-03-25,False,6.6,,-71.77,-74.21,-48.83,43.84,,,,,,,
NIS Management Ltd.,SME,nis-management-ipo,2332,2025-08-25,2025-09-02,56.34,111.0,2.47,102.6,-7.57,47.0,INE0M3X01010,,544495,2.12,9.15,12.89,1.1,"1,528",16.72,21.79,2025-09-28,2025-11-27,BSE,NISMGMT,108.0,108.0,102.6,102.6,183,47.0,108.0,36.2,2025-09-02,2026-03-27,0,0.047109059999999994,-2.7,-7.57,-57.66,-2.7,-67.39,-54.19,False,10260.0,6,28.0,2025-10-13,2026-06-22,False,-33.7,,-56.48,-60.18,-36.65,35.58,,,,,,,
Anlon Healthcare Ltd.,Mainboard,anlon-healthcare-ipo,2053,2025-08-26,2025-09-03,121.03,91.0,6.95,91.73,0.8,15.01,INE0Y8W01025,AHCL,544497,1.07,10.61,7.56,47.26,"3,34,669",,,,,NSE,AHCL,146.95,151.24,142.1,143.79,64,15.01,151.24,12.91,2026-04-23,2026-04-28,0,6.1763550634,61.48,58.01,-83.51,66.2,-85.81,-89.56,False,3962661.35,2,28.0,2026-06-04,2026-06-09,False,,,-90.08,-90.88,-91.02,2.98,,,,,,,
Vikran Engineering Ltd.,Mainboard,vikran-engineering-ipo,2126,2025-08-26,2025-09-03,772.0,97.0,17.53,95.71,-1.33,71.43,INE01R501028,VIKRAN,544496,20.51,61.77,70.34,11.56,"19,62,621",231.6,23.08,2025-09-30,2025-11-29,NSE,VIKRAN,99.0,101.77,93.26,95.71,219,71.43,118.4,51.1,2025-11-20,2026-03-30,53,42.87533086055,2.06,-1.33,-26.36,22.06,-47.32,-25.37,False,5662349.1,8,46.0,2025-11-11,2026-06-29,False,-17.5,139.0,-39.67,-54.82,-4.19,26.06,4.0,2025-12-29,2025-09-09,1.2,-3.95,-8.01,1.2
Current Infraprojects Ltd.,SME,current-infraprojects-ipo,2282,2025-08-26,2025-09-03,39.65,80.0,213.37,152.75,90.94,104.0,INE1CRQ01014,CURRENT,,191.77,640.48,756.64,396.5,"2,57,369",11.62,21.75,2025-09-30,2025-11-29,NSE,CURRENT,152.0,159.6,144.4,152.75,178,104.0,163.0,85.0,2025-09-18,2026-07-16,11,0.1038796,90.0,90.94,30.0,103.75,6.25,-31.91,False,9840.0,2,82.0,2026-01-21,2026-03-24,False,-17.9,,-36.2,-38.1,-19.44,26.15,,,,,,,
Sattva Engineering Construction Ltd.,SME,sattva-engineering-construction-ipo,2355,2025-08-26,2025-09-03,33.58,75.0,139.16,99.85,33.13,77.75,INE14DW01018,SATTVAENGG,,123.39,351.59,407.42,172.89,"1,07,769",9.97,21.99,2025-09-30,2025-11-29,NSE,SATTVAENGG,95.1,99.85,95.1,99.85,214,77.75,118.9,43.5,2025-09-17,2026-03-09,10,0.384112,26.8,33.13,3.67,58.53,-42.0,-22.13,True,49200.0,5,61.0,2025-12-03,2026-06-29,False,-31.5,207.0,-34.61,-62.06,-19.58,38.66,1.0,2025-09-11,2025-09-04,13.97,-2.34,-33.25,0.47
Oval Projects Engineering Ltd.,SME,oval-projects-ipo,2131,2025-08-28,2025-09-04,44.16,85.0,1.57,85.05,0.06,53.0,INE0RTI01017,,544498,6.21,0.82,1.46,0.83,679,7.96,14.55,2025-10-03,2025-12-01,BSE,OVAL,85.25,86.0,85.0,85.05,180,53.0,86.0,42.5,2025-09-04,2026-03-30,0,0.0224112,0.29,0.06,-37.65,1.18,-50.0,-37.68,False,3920.0,6,37.0,2025-10-30,2026-03-25,False,-9.5,,-38.37,-49.92,-25.81,23.4,,,,,,,
Sugs Lloyd Ltd.,SME,sugs-lloyd-ipo,2217,2025-08-29,2025-09-05,81.35,123.0,3.07,125.85,2.32,132.0,INE0XX801016,,544501,2.03,5.3,8.71,2.12,"5,615",4.99,5.51,2025-10-03,2025-12-02,BSE,SUGSLLOYD,119.9,125.85,116.5,125.85,217,132.0,154.95,82.5,2026-07-13,2025-10-08,207,0.82737875,-2.52,2.32,7.32,25.98,-32.93,4.89,False,60050.0,2,49.0,2025-11-18,2026-03-18,False,-13.5,14.0,-14.81,-38.97,-34.45,39.41,57.0,2026-07-06,2025-11-28,-14.48,-21.91,-31.97,2.18
Snehaa Organics Ltd.,SME,snehaa-organics-ipo,2275,2025-08-29,2025-09-05,31.05,122.0,27.48,115.9,-5.0,47.3,INE1OIC01018,SNEHAA,,42.19,16.23,16.8,37.75,"26,086",,,,,NSE,SNEHAA,122.0,122.0,115.9,115.9,207,47.3,122.0,35.5,2025-09-05,2026-03-30,0,0.032262,0.0,-5.0,-61.23,0.0,-70.9,-59.19,False,6800.0,4,43.0,2025-11-10,2026-03-27,False,-49.7,,-61.23,-66.82,-33.48,35.29,,,,,,,
Abril Paper Tech Ltd.,SME,abril-paper-tech-ipo,2506,2025-08-29,2025-09-05,12.74,61.0,11.13,49.38,-19.05,34.4,INE15MX01014,,544500,,5.51,,16.79,"5,117",,,,,BSE,ABRIL,48.8,51.24,46.37,49.38,199,34.4,56.9,25.5,2025-09-23,2026-03-27,12,0.0343998,-20.0,-19.05,-43.61,-6.72,-58.2,-30.34,False,9400.0,4,129.0,2026-03-20,2026-06-19,False,17.4,188.0,-39.54,-46.14,-18.89,34.12,10.0,2025-09-19,2025-09-19,-16.27,-12.92,-13.29,0.95
Rachit Prints Ltd.,SME,rachit-prints-ipo,2198,2025-09-01,2025-09-08,18.52,149.0,1.59,113.25,-23.99,204.0,INE0ZN101029,,544503,1.0,1.25,1.88,2.74,917,,,,,BSE,RACHIT,119.2,119.2,113.25,113.25,193,204.0,225.25,83.35,2026-07-20,2025-09-16,188,0.10440025,-20.0,-23.99,36.91,51.17,-44.06,80.13,False,5150.0,5,6.0,2025-09-16,2026-04-16,False,45.6,68.0,-9.43,-33.23,-26.4,53.55,25.0,2026-04-07,2025-10-16,7.76,1.64,-6.34,4.45
Amanta Healthcare Ltd.,Mainboard,amanta-healthcare-ipo,2001,2025-09-01,2025-09-09,126.0,126.0,57.53,141.75,12.5,163.0,INE084K01015,AMANTA,544502,35.86,209.4,226.13,54.96,"13,90,775",37.8,23.08,2025-10-03,2025-12-02,NSE,AMANTA,135.0,141.75,132.0,141.75,215,163.0,189.0,92.0,2026-07-09,2026-03-16,203,1.5250451342500002,7.14,12.5,29.37,50.0,-26.98,14.99,False,88798.9,6,124.0,2026-03-11,2026-06-11,False,49.1,30.0,-13.76,-36.1,-15.49,24.42,1.0,2026-06-11,2025-09-10,-3.27,-10.6,-32.24,0.37
Goel Construction Co.Ltd.,SME,goel-construction-ipo,2284,2025-09-02,2025-09-09,95.1,263.0,87.92,317.6,20.76,440.0,INE0ZOM01013,,544504,,,,,,27.93,21.81,2025-10-04,2025-12-03,BSE,GOELCONS,302.5,317.6,302.05,317.6,215,440.0,505.5,249.25,2026-07-10,2026-03-24,204,0.5455559,15.02,20.76,67.3,92.21,-5.23,38.54,False,11920.0,5,133.0,2026-03-24,2026-05-19,False,58.1,70.0,-12.96,-29.1,-6.8,27.08,1.0,2026-04-13,2025-09-10,6.95,3.97,-5.88,0.44
Optivalue Tek Consulting Ltd.,SME,optivalue-tek-consulting-ipo,2252,2025-09-02,2025-09-10,49.19,84.0,45.68,102.6,22.14,99.15,INE15B101011,OPTIVALUE,,49.27,118.82,142.84,49.64,"42,719",14.58,21.96,2025-10-08,2025-12-07,NSE,OPTIVALUE,103.6,107.55,101.7,102.6,212,99.15,107.55,56.05,2025-09-10,2026-03-30,0,0.7970712,23.33,22.14,18.04,28.04,-33.27,-3.36,True,85200.0,8,72.0,2025-12-24,2026-07-24,True,-3.6,,-7.81,-40.17,-19.1,22.81,,,,,,,
Sharvaya Metals Ltd.,SME,sharvaya-metals-ipo,2165,2025-09-04,2025-09-12,55.86,196.0,3.74,208.05,6.15,115.1,INE0UJF01018,,544506,1.28,6.09,7.0,6.31,"5,876",,,,,BSE,SHARVAYA,219.0,219.0,208.05,208.05,201,115.1,219.0,78.0,2025-09-12,2026-06-02,0,0.1445325,11.73,6.15,-41.28,11.73,-60.2,-44.68,True,13770.0,7,27.0,2025-10-29,2026-06-19,False,-17.6,,-47.44,-61.96,-17.33,12.33,,,,,,,
Vigor Plast India Ltd.,SME,vigor-plast-ipo,2400,2025-09-04,2025-09-12,23.85,81.0,3.17,85.7,5.8,98.0,INE1DM601016,VIGOR,,3.94,7.03,9.0,2.49,"1,051",7.08,21.99,2025-10-09,2025-12-08,NSE,VIGOR,85.0,89.25,85.0,85.7,191,98.0,114.4,44.75,2026-07-16,2026-03-23,184,0.413592,4.94,5.8,20.99,41.23,-44.75,14.35,False,40000.0,6,65.0,2025-12-31,2026-06-04,False,-17.6,26.0,-14.34,-52.19,-4.73,19.08,1.0,2026-06-17,2025-09-15,-3.56,-2.22,-10.01,0.47
Austere Systems Ltd.,SME,austere-systems-ipo,2337,2025-09-03,2025-09-12,14.78,55.0,749.69,79.32,44.22,41.2,INE104201012,,544505,236.5,2149.19,2525.6,1090.81,"3,17,155",4.4,22.04,2025-10-09,2025-12-09,BSE,AUSTERE,75.55,79.32,71.78,79.32,182,41.2,79.32,41.0,2025-09-12,2026-03-30,0,0.0301535,37.36,44.22,-25.09,44.22,-25.45,-48.06,False,6900.0,2,66.0,2025-12-23,2026-01-07,False,-15.0,,-48.06,-48.31,-33.18,31.52,,,,,,,
Vashishtha Luxury Fashion Ltd.,SME,vashishtha-luxury-ipo,2359,2025-09-05,2025-09-15,8.42,111.0,2.17,121.75,9.68,56.16,INE0WRP01016,,544508,1.27,2.47,2.63,2.16,479,,,,,BSE,VASHISHTHA,118.0,123.0,112.1,121.75,174,56.16,227.0,52.11,2025-10-01,2026-04-20,12,0.0783642,6.31,9.68,-49.41,104.5,-53.05,-53.87,False,13260.0,5,76.0,2026-01-12,2026-07-03,False,-26.6,172.0,-75.26,-74.98,-4.97,91.42,1.0,2025-09-16,2025-09-16,67.29,44.52,9.39,0.11
Taurian MPS Ltd.,SME,taurian-mps-ipo,2100,2025-09-09,2025-09-16,37.41,171.0,8.48,220.5,28.95,376.0,INE0XWS01018,TAURIAN,,15.89,17.37,21.39,6.86,"4,378",11.2,20.85,2025-10-11,2025-12-10,NSE,TAURIAN,210.0,220.5,210.0,220.5,210,376.0,425.0,192.0,2025-10-06,2026-03-17,13,1.7002718,22.81,28.95,119.88,148.54,12.28,70.52,True,48480.0,3,42.0,2025-11-18,2026-04-20,False,-28.8,75.0,-11.53,-52.05,4.99,87.76,1.0,2026-04-06,2025-09-17,33.02,40.0,-10.56,0.01
Karbonsteel Engineering Ltd.,SME,karbonsteel-engineering-ipo,2253,2025-09-09,2025-09-16,56.31,159.0,54.06,194.35,22.23,106.0,INE0V8A01016,,544511,121.61,85.99,102.58,46.84,"45,691",16.87,22.14,2025-10-15,2025-12-15,BSE,KARBON,185.1,194.35,185.1,194.35,191,106.0,208.1,93.05,2025-09-18,2026-06-11,2,0.256385,16.42,22.23,-33.33,30.88,-41.48,-45.46,False,20480.0,7,52.0,2025-12-02,2026-06-01,False,-24.5,151.0,-49.06,-53.17,-14.25,21.33,1.0,2025-11-13,2025-09-17,-11.66,-9.09,-15.71,0.59
Nilachal Carbo Metalicks Ltd.,SME,nilachal-carbo-ipo,2215,2025-09-08,2025-09-16,53.28,85.0,2.84,71.4,-16.0,80.5,INE346R01013,,544510,,4.56,,5.55,"7,230",,,,,BSE,NCML,68.0,71.4,64.6,71.4,191,80.5,129.8,64.6,2025-12-26,2025-09-16,69,0.09174208,-20.0,-16.0,-5.29,52.71,-24.0,12.75,False,10080.0,2,161.0,2026-05-22,2026-05-29,False,,64.0,-37.98,-44.34,-4.06,85.5,1.0,2026-03-25,2025-09-17,8.46,33.5,40.07,0.15
Krupalu Metals Ltd.,SME,krupalu-metals-ipo,2431,2025-09-08,2025-09-16,12.8,72.0,1.19,60.48,-16.0,28.0,INE0XZB01017,,544509,,,,,,,,,,BSE,KRUPALU,57.6,60.48,54.72,60.48,156,28.0,63.4,25.52,2025-11-07,2026-04-06,34,0.0148516,-20.0,-16.0,-61.11,-11.94,-64.56,-53.7,False,4480.0,6,30.0,2025-10-31,2026-03-13,False,-29.5,118.0,-55.84,-58.46,-41.3,43.04,33.0,2025-11-12,2025-11-06,-18.61,-5.57,-37.41,1.95
Shringar House of Mangalsutra Ltd.,Mainboard,shringar-house-of-mangalsutra-ipo,2003,2025-09-10,2025-09-17,400.92,165.0,42.24,184.88,12.05,219.66,INE1B3L01017,SHRINGARMS,544512,101.41,82.58,83.95,27.26,"23,85,416",120.19,23.06,2025-10-15,2025-12-13,NSE,SHRINGARMS,188.5,191.0,182.6,184.88,209,219.66,266.5,166.0,2026-02-19,2026-03-30,105,19.49417055145,14.24,12.05,33.13,61.52,0.61,18.81,False,860199.1,0,,,,False,,69.0,-17.58,-36.27,-3.99,26.77,3.0,2026-04-15,2025-09-22,7.83,7.13,13.03,0.44
Dev Accelerator Ltd.,Mainboard,dev-accelerator-ipo,2117,2025-09-10,2025-09-17,143.35,61.0,35.82,64.05,5.0,33.9,INE0VOV01021,DEVX,544513,20.3,87.97,78.94,164.89,"14,87,302",,,,,NSE,DEVX,61.0,64.05,59.0,64.05,209,33.9,64.05,29.95,2025-09-17,2026-03-30,0,0.2579910057,0.0,5.0,-44.43,5.0,-50.9,-47.07,False,73931.85,2,44.0,2025-11-21,2025-12-30,False,-10.2,,-47.07,-51.88,-36.8,35.55,,,,,,,
Urban Co.Ltd.,Mainboard,urban-company-ipo,2425,2025-09-10,2025-09-17,1900.0,103.0,60.14,166.83,61.97,129.76,INE0CAZ01013,URBANCO,544515,147.35,77.82,86.75,41.49,"44,92,426",853.87,31.0,2025-10-16,2025-12-14,NSE,URBANCO,162.25,179.0,161.37,166.83,209,129.76,201.18,100.7,2025-09-22,2026-03-04,3,31.287069032149994,57.52,61.97,25.98,95.32,-2.23,-22.22,False,2356530.05,4,110.0,2026-02-26,2026-06-22,False,11.0,206.0,-35.5,-44.82,-12.98,33.57,2.0,2025-09-19,2025-09-19,-9.36,-16.55,-33.72,1.0
Galaxy Medicare Ltd.,SME,galaxy-medicare-ipo,2190,2025-09-10,2025-09-17,21.19,54.0,1.3,51.3,-5.0,17.6,INE09A801015,GML,,1.0,1.48,1.88,2.1,"1,285",,,,,NSE,GML,54.0,54.0,51.3,51.3,186,17.6,54.0,15.15,2025-09-17,2026-03-05,0,0.0145855,0.0,-5.0,-67.41,0.0,-71.94,-65.69,False,7800.0,1,11.0,2025-10-03,2025-10-03,False,-17.9,,-67.41,-70.27,-63.45,58.48,,,,,,,
Jay Ambe Supermarkets Ltd.,SME,jay-ambe-ipo,2286,2025-09-10,2025-09-17,17.52,78.0,45.15,82.95,6.35,122.0,INE1DRH01011,,544514,16.79,110.24,124.58,71.39,"21,336",5.24,22.13,2025-10-14,2025-12-13,BSE,CITYSQUARE,79.0,82.95,79.0,82.95,114,122.0,222.2,78.81,2026-02-13,2025-09-18,72,0.032551,1.28,6.35,56.41,184.87,1.04,47.08,False,2760.0,2,46.0,2025-12-19,2026-07-01,False,8.2,112.0,-45.09,-53.08,-4.99,131.63,1.0,2025-09-18,2025-09-18,111.26,20.11,98.46,0.53
Airfloa Rail Technology Ltd.,SME,airfloa-rail-technology-ipo,2508,2025-09-11,2025-09-18,86.53,140.0,210.19,279.3,99.5,330.15,INE0XBS01012,,544516,214.65,349.88,375.79,330.31,"4,14,241",25.93,22.16,2025-10-15,2025-12-15,BSE,AIRFLOA,266.0,279.3,266.0,279.3,208,330.15,431.95,246.0,2025-10-20,2026-01-21,21,3.55326075,90.0,99.5,135.82,208.54,75.71,18.21,True,106275.0,1,200.0,2026-07-15,2026-07-15,False,,75.0,-23.57,-41.16,4.99,49.66,1.0,2026-04-06,2025-09-19,15.33,43.8,12.24,0.21
L.T.Elevator Ltd.,SME,l-t-elevator-ipo,2447,2025-09-12,2025-09-19,37.4,78.0,128.39,142.9,83.21,250.0,INE0TJ801010,,544518,95.1,356.16,428.35,158.9,"1,07,380",11.21,22.16,2025-10-17,2025-12-16,BSE,LTELEVATOR,136.1,142.9,131.15,142.9,207,250.0,275.0,125.33,2026-06-25,2025-09-30,186,0.9345138,74.49,83.21,220.51,252.56,60.68,74.95,True,37320.0,1,35.0,2025-11-12,2025-11-12,False,15.7,179.0,-9.09,-36.34,-12.3,27.06,1.0,2025-10-30,2025-09-22,-9.18,-9.05,19.74,0.32
TechD Cybersecurity Ltd.,SME,techdefence-labs-ipo,2280,2025-09-15,2025-09-22,37.03,193.0,498.91,385.0,99.48,598.45,INE0Y5H01014,TECHD,,284.17,1279.03,1517.95,726.06,"4,92,682",11.09,22.15,2025-10-18,2025-12-17,NSE,TECHD,366.7,385.0,366.7,385.0,206,598.45,843.6,360.0,2025-11-04,2026-03-02,29,0.9280002,90.0,99.48,210.08,337.1,86.53,55.44,False,15555.0,4,63.0,2025-12-23,2026-05-21,False,-22.4,96.0,-29.06,-55.14,5.0,114.12,1.0,2026-03-02,2025-09-23,88.57,54.04,53.25,0.21
Euro Pratik Sales Ltd.,Mainboard,euro-pratik-ipo,2015,2025-09-16,2025-09-23,451.31,247.0,1.29,248.38,0.56,301.65,INE198501012,EUROPRATIK,544519,1.1,2.02,2.35,1.31,"1,16,880",134.97,23.02,2025-10-18,2025-12-17,NSE,EUROPRATIK,272.1,278.0,247.06,248.38,205,301.65,390.0,205.1,2025-11-17,2026-01-30,36,6.38178631275,10.16,0.56,22.13,57.89,-16.96,21.45,True,208153.55,2,87.0,2026-01-30,2026-05-19,False,24.5,19.0,-22.65,-44.96,-9.41,43.36,21.0,2026-06-29,2025-10-24,13.74,23.27,-14.89,3.79
VMS TMT Ltd.,Mainboard,vms-tmt-ipo,2161,2025-09-17,2025-09-24,148.5,99.0,82.91,99.65,0.66,44.05,INE0SJA01013,VMSTMT,544521,120.8,227.08,243.91,47.85,"21,37,414",26.73,15.25,2025-10-21,2025-12-20,NSE,VMSTMT,104.9,105.0,99.65,99.65,204,44.05,105.0,33.5,2025-09-24,2026-03-30,0,0.1272038745,5.96,0.66,-55.51,6.06,-66.16,-55.8,False,27308.25,4,80.0,2026-01-21,2026-07-06,False,-10.1,,-58.05,-65.37,-35.59,30.63,,,,,,,
Sampat Aluminium Ltd.,SME,sampat-aluminium-ipo,2304,2025-09-17,2025-09-24,28.51,120.0,118.93,115.15,-4.04,35.35,INE10XS01012,,544520,87.02,295.88,352.43,161.68,"71,925",8.51,21.8,2025-10-22,2025-12-21,BSE,SAMPAT,120.0,120.0,114.0,115.15,186,35.35,120.0,32.11,2025-09-24,2026-03-30,0,0.055131240000000005,0.0,-4.04,-70.54,0.0,-73.24,-69.3,False,15360.0,5,59.0,2025-12-31,2026-05-29,False,-31.2,,-70.54,-70.33,-49.01,44.19,,,,,,,
Ivalue Infosolutions Ltd.,Mainboard,ivalue-infosolutions-ipo,2227,2025-09-18,2025-09-25,560.29,299.0,1.59,281.85,-5.74,287.7,INE056801025,IVALUE,544523,3.18,1.26,1.04,1.28,"1,39,447",168.09,23.08,2025-10-22,2025-12-21,NSE,IVALUE,284.95,298.35,274.05,281.85,203,287.7,340.0,207.35,2025-11-20,2026-03-23,37,30.36514677955001,-4.7,-5.74,-3.78,13.71,-30.65,2.08,True,1102268.55,3,31.0,2025-11-12,2026-06-30,False,-25.8,10.0,-15.38,-34.94,-11.05,19.43,11.0,2026-07-10,2025-10-13,-13.57,6.51,-13.14,0.53
JD Cables Ltd.,SME,jd-cables-ipo,2507,2025-09-18,2025-09-25,91.19,152.0,89.83,157.9,3.88,211.1,INE14VP01014,,544524,125.44,179.28,214.18,106.89,"1,71,755",27.06,21.99,2025-10-22,2025-12-22,BSE,JDCABLES,160.0,160.0,152.0,157.9,203,211.1,254.35,130.0,2026-07-10,2025-11-07,192,1.9943556,5.26,3.88,38.88,67.34,-14.47,33.69,False,83800.0,4,32.0,2025-11-13,2026-04-27,False,13.1,144.0,-17.0,-32.38,-17.67,20.17,13.0,2025-12-19,2025-10-15,-10.68,9.25,27.83,1.9
GK Energy Ltd.,Mainboard,gk-energy-ipo,2042,2025-09-19,2025-09-26,464.26,153.0,65.56,167.74,9.63,136.14,INE1AG301022,GKENERGY,544525,193.01,128.56,144.08,21.78,"22,02,364",139.28,23.08,2025-10-23,2025-12-22,NSE,GKENERGY,171.0,174.7,165.0,167.74,202,136.14,239.6,87.2,2025-10-23,2026-04-02,17,10.80214975655,11.76,9.63,-11.02,56.6,-43.01,-18.84,False,754426.4,0,,,,False,,195.0,-43.18,-61.34,-7.5,50.34,4.0,2025-10-07,2025-10-03,23.89,22.1,-16.7,0.78
Saatvik Green Energy Ltd.,Mainboard,saatvik-green-energy-ipo,2082,2025-09-19,2025-09-26,900.0,465.0,5.09,440.7,-5.23,440.55,INE13B501022,SAATVIKGL,544526,11.41,10.57,11.28,2.81,"5,26,484",269.4,23.03,2025-10-23,2025-12-22,NSE,SAATVIKGL,465.0,465.0,427.3,440.7,202,440.55,567.0,328.0,2025-10-10,2026-03-09,9,7.758873532749998,0.0,-5.23,-5.26,21.94,-29.46,-0.03,False,169174.1,3,59.0,2025-12-23,2026-07-14,False,-5.7,8.0,-22.3,-39.52,-4.67,33.33,7.0,2026-07-14,2025-10-08,5.45,-2.25,-22.93,4.75
Siddhi Cotspin Ltd.,SME,siddhi-cotspin-ipo,2615,2025-09-19,2025-09-26,66.36,108.0,2.62,82.1,-23.98,28.55,INE0SVO01019,SIDDHICOTS,,17.53,5.94,9.47,1.5,"2,581",,,,,NSE,SIDDHICOTS,86.4,86.4,82.1,82.1,198,28.55,86.4,26.5,2025-09-26,2026-06-08,0,0.0267354,-20.0,-23.98,-73.56,-20.0,-75.46,-65.23,False,9180.0,2,10.0,2025-10-13,2026-03-30,False,-35.4,,-66.96,-67.6,-62.85,57.86,,,,,,,
Atlanta Electricals Ltd.,Mainboard,atlanta-electricals-ipo,2011,2025-09-22,2025-09-29,687.34,754.0,50.62,823.35,9.2,1589.8,INE0Z4F01028,ATLANTAELE,544527,194.77,55.82,58.25,10.76,"17,07,998",204.7,22.93,2025-10-24,2025-12-23,NSE,ATLANTAELE,857.0,865.0,806.25,823.35,201,1589.8,2152.6,707.6,2026-06-04,2026-01-27,165,22.3554401725,13.66,9.2,110.85,185.49,-6.15,93.09,False,132895.3,4,75.0,2026-01-19,2026-07-21,True,64.5,105.0,-26.15,-32.74,-5.01,38.35,2.0,2026-02-17,2025-10-01,19.6,13.03,1.88,0.4
Ganesh Consumer Products Ltd.,Mainboard,ganesh-consumer-ipo,2045,2025-09-22,2025-09-29,408.8,322.0,2.23,294.3,-8.6,171.84,INE652V01016,GANESHCP,544528,4.03,4.41,5.73,1.17,"79,615",122.34,23.03,2025-10-24,2025-12-23,NSE,GANESHCP,296.05,308.7,291.65,294.3,201,171.84,309.95,152.0,2025-10-06,2026-03-16,4,1.43268153285,-8.06,-8.6,-46.63,-3.74,-52.8,-41.61,False,79045.25,4,63.0,2025-12-31,2026-07-20,True,-23.2,,-44.56,-49.11,-15.02,20.34,,,,,,,
Prime Cable Industries Ltd.,SME,prime-cable-industries-ipo,2472,2025-09-22,2025-09-29,38.03,83.0,6.19,78.3,-5.66,175.0,INE0CQA01020,PRIMECAB,,9.91,9.38,10.49,6.89,"4,165",11.39,22.15,2025-10-25,2025-12-24,NSE,PRIMECAB,81.0,81.0,76.95,78.3,201,175.0,193.5,70.4,2026-07-23,2026-03-30,199,1.0715056,-2.41,-5.66,110.84,133.13,-15.18,123.5,True,65040.0,5,76.0,2026-01-20,2026-07-16,False,33.4,74.0,-9.56,-37.58,-9.71,67.62,3.0,2026-04-07,2025-10-03,7.07,35.85,3.41,0.59
Anand Rathi Share & Stock Brokers Ltd.,Mainboard,anand-rathi-stock-brokers-ipo,2028,2025-09-23,2025-09-30,745.0,414.0,15.55,445.55,7.62,508.2,INE549H01021,ARSSBL,544530,46.25,30.16,32.01,5.11,"7,95,213",220.5,22.82,2025-10-25,2025-12-24,NSE,ARSSBL,432.0,458.7,431.0,445.55,200,508.2,794.85,416.0,2025-11-18,2026-03-30,32,18.802501421000002,4.35,7.62,22.75,91.99,0.48,14.06,False,334527.3,2,73.0,2026-01-16,2026-04-15,False,-11.7,75.0,-36.06,-45.98,-1.02,66.66,2.0,2026-04-06,2025-10-03,13.15,11.53,36.98,0.21
Seshaasai Technologies Ltd.,Mainboard,seshaasai-technologies-ipo,2048,2025-09-23,2025-09-30,813.07,423.0,48.93,411.45,-2.73,384.45,INE04VU01023,STYL,544533,189.49,51.43,54.4,9.46,"17,53,049",243.32,23.03,2025-10-25,2025-12-24,NSE,STYL,432.0,437.45,406.0,411.45,200,384.45,437.45,209.11,2025-09-30,2026-03-30,0,11.91767851875,2.13,-2.73,-9.11,3.42,-50.57,-6.56,True,323359.65,2,152.0,2026-05-18,2026-05-20,False,,,-12.12,-50.35,-19.8,25.45,,,,,,,
Jaro Institute of Technology Management & Research Ltd.,Mainboard,jaro-education-ipo,2075,2025-09-23,2025-09-30,450.0,890.0,16.53,744.25,-16.38,475.7,INE00YJ01010,JARO,544534,37.19,37.32,35.59,9.15,"9,75,126",,,,,NSE,JARO,890.0,890.0,717.55,744.25,200,475.7,890.0,383.5,2025-09-30,2026-03-30,0,5.683525835000001,0.0,-16.38,-46.55,0.0,-56.91,-36.08,False,112201.2,7,31.0,2025-11-17,2026-05-14,False,-32.6,,-46.55,-50.8,-19.97,26.79,,,,,,,
Solarworld Energy Solutions Ltd.,Mainboard,solarworld-energy-ipo,2174,2025-09-23,2025-09-30,490.0,351.0,37.97,323.5,-7.83,201.93,INE0TY101024,SOLARWORLD,544532,74.24,68.21,66.45,51.69,"16,32,063",220.5,31.03,2025-10-25,2025-12-24,NSE,SOLARWORLD,388.5,388.5,320.5,323.5,200,201.93,388.5,139.19,2025-09-30,2026-03-30,0,26.7620913568,10.68,-7.83,-42.47,10.68,-60.34,-37.58,True,1265814.35,8,19.0,2025-10-29,2026-07-06,False,-26.1,,-48.02,-57.88,-14.51,22.7,,,,,,,
Ecoline Exim Ltd.,SME,ecoline-exim-ipo,2143,2025-09-23,2025-09-30,72.59,141.0,4.69,140.5,-0.35,195.0,INE0VBS01016,ECOLINE,,9.51,5.41,5.62,4.37,"4,706",21.76,22.16,2025-10-25,2025-12-24,NSE,ECOLINE,140.85,141.0,133.8,140.5,182,195.0,216.0,111.0,2026-06-23,2026-05-05,159,0.37583825,-0.11,-0.35,38.3,53.19,-21.28,38.79,False,18950.0,8,42.0,2025-12-10,2026-05-20,False,-2.3,45.0,-9.72,-21.98,-7.12,9.54,21.0,2026-05-20,2025-10-31,-2.75,-7.61,-6.27,4.97
Matrix Geo Solutions Ltd.,SME,matrix-geo-solutions-ipo,2268,2025-09-23,2025-09-30,37.98,104.0,5.8,99.15,-4.66,66.85,INE132901013,MGSL,,12.5,8.87,10.27,4.43,"2,999",11.34,22.01,2025-10-26,2025-12-25,NSE,MGSL,103.9,103.9,98.7,99.15,184,66.85,120.0,57.2,2025-10-09,2026-07-06,6,0.2698407,-0.1,-4.66,-35.72,15.38,-45.0,-32.58,True,42960.0,4,56.0,2025-12-26,2026-06-29,False,-24.0,125.0,-44.29,-50.26,-11.25,32.27,3.0,2025-12-30,2025-10-06,-3.77,-9.22,-9.26,0.36
True Colors Ltd.,SME,true-colors-ipo,2423,2025-09-23,2025-09-30,121.54,191.0,32.23,183.05,-4.16,155.25,INE1LDV01015,,544531,43.41,50.58,55.05,44.42,"96,125",36.4,22.14,2025-10-25,2025-12-24,BSE,TRUECOLORS,191.0,191.0,181.45,183.05,200,155.25,271.95,125.0,2025-11-21,2026-03-16,35,0.8355057,0.0,-4.16,-18.72,42.38,-34.55,-15.19,False,50370.0,3,28.0,2025-11-12,2026-03-10,False,-13.0,61.0,-42.91,-52.63,-5.0,35.84,8.0,2026-04-27,2025-10-13,-1.5,10.25,1.21,0.97
Aptus Pharma Ltd.,SME,aptus-pharma-ipo,2478,2025-09-23,2025-09-30,12.36,70.0,16.28,84.84,21.2,254.5,INE15XJ01010,,544529,1.24,28.75,30.64,31.43,"5,590",3.7,22.11,2025-10-26,2025-12-25,BSE,APPL,80.8,84.84,80.8,84.84,185,254.5,446.8,80.8,2026-05-07,2025-09-30,131,0.3661166,15.43,21.2,263.57,538.29,15.43,199.98,True,15200.0,3,56.0,2025-12-26,2026-05-15,False,126.3,180.0,-43.04,-60.34,-4.64,103.08,4.0,2025-10-07,2025-10-07,44.89,61.35,132.83,0.12
BharatRohan Airborne Innovations Ltd.,SME,bharatrohan-airborne-innovations-ipo,2546,2025-09-23,2025-09-30,42.76,85.0,7.46,91.99,8.22,132.15,INE0QMV01017,,544535,8.33,16.0,18.4,8.5,"5,947",12.54,21.78,2025-10-25,2025-12-24,BSE,BHARATROHAN,90.0,94.5,90.0,91.99,194,132.15,164.0,86.05,2025-12-10,2025-10-28,48,0.6130464,5.88,8.22,55.47,92.94,1.24,43.66,True,47560.0,11,35.0,2025-11-21,2026-07-22,True,40.5,158.0,-19.42,-36.78,-6.46,22.84,7.0,2025-11-21,2025-10-10,-0.84,-8.36,22.84,0.34
Epack Prefab Technologies Ltd.,Mainboard,epack-prefab-technologies-ipo,2023,2025-09-24,2025-10-01,504.0,204.0,2.53,190.66,-6.54,251.92,INE0MLS01022,EPACKPEB,544540,5.09,3.79,3.72,1.74,"1,83,439",151.2,23.08,2025-10-28,2025-12-27,NSE,EPACKPEB,183.85,197.7,183.85,190.66,199,251.92,344.0,132.17,2025-11-07,2026-03-30,24,22.3050316369,-9.88,-6.54,23.49,68.63,-35.21,32.13,True,877012.25,4,14.0,2025-10-23,2026-06-11,False,0.8,36.0,-26.77,-59.95,-5.95,86.37,7.0,2026-06-03,2025-10-13,27.28,56.88,32.86,0.38
BMW Ventures Ltd.,Mainboard,bmw-ventures-ipo,2212,2025-09-24,2025-10-01,231.66,99.0,1.0,74.1,-25.15,56.52,INE965W01036,BMWVENTLTD,544543,3.09,3.03,3.41,0.99,"1,01,984",,,,,NSE,BMWVENTLTD,78.0,78.0,74.1,74.1,199,56.52,78.0,48.0,2025-10-01,2026-03-30,0,0.34435488295,-21.21,-25.15,-42.91,-21.21,-51.52,-23.72,False,59345.8,4,17.0,2025-10-28,2026-04-22,False,-15.7,,-27.54,-34.32,-24.83,22.78,,,,,,,
Jain Resource Recycling Ltd.,Mainboard,jain-resource-recycling-ipo,2345,2025-09-24,2025-10-01,1250.0,232.0,9.69,318.06,37.09,341.0,INE0YD401026,JAINREC,544537,26.67,5.59,5.5,3.81,"3,01,605",562.5,31.03,2025-10-28,2025-12-27,NSE,JAINREC,265.05,318.06,247.57,318.06,199,341.0,593.95,247.57,2026-05-08,2025-10-01,145,46.698638385749994,14.25,37.09,46.98,156.01,6.71,7.21,False,1370244.15,4,138.0,2026-04-28,2026-06-09,False,-23.8,29.0,-42.59,-46.59,-6.97,50.95,3.0,2026-06-12,2025-10-07,9.65,16.98,30.31,0.89
Praruh Technologies Ltd.,SME,praruh-technologies-ipo,2221,2025-09-24,2025-10-01,22.31,63.0,1.18,64.25,1.98,63.5,INE0TI501017,,544538,1.01,2.14,3.04,0.93,343,6.69,22.16,2025-10-30,2025-12-30,BSE,PRARUH,63.0,64.9,63.0,64.25,112,63.5,70.0,45.0,2026-06-01,2026-03-23,82,0.1712811,0.0,1.98,0.79,11.11,-28.57,-1.17,True,28100.0,5,24.0,2025-11-14,2026-07-17,True,18.4,5.0,-9.29,-28.4,-26.85,27.78,106.0,2026-07-17,2026-07-17,,,,31.67
Gurunanak Agriculture India Ltd.,SME,gurunanak-agriculture-ipo,2246,2025-09-24,2025-10-01,27.36,75.0,1.71,57.0,-24.0,38.95,INE1CCX01012,GURUNANAK,,,0.29,,3.15,"1,878",,,,,NSE,GURUNANAK,60.0,60.0,57.0,57.0,183,38.95,60.0,22.45,2025-10-01,2026-03-30,0,0.051976,-20.0,-24.0,-48.07,-20.0,-70.07,-31.67,False,12560.0,3,10.0,2025-10-16,2026-05-08,False,-7.3,,-35.08,-59.91,-48.77,43.77,,,,,,,
Justo Realfintech Ltd.,SME,justo-realfintech-ipo,2430,2025-09-24,2025-10-01,59.82,127.0,3.61,126.75,-0.2,88.0,INE0W5Q01017,,544542,7.21,6.81,8.54,2.1,"2,390",17.91,22.13,2025-10-28,2025-12-27,BSE,JUSTO,126.9,127.0,121.1,126.75,187,88.0,136.8,72.0,2025-10-06,2026-03-30,2,0.103776,-0.08,-0.2,-30.71,7.72,-43.31,-30.57,True,12650.0,8,39.0,2025-12-02,2026-07-21,True,-5.1,172.0,-35.67,-44.05,-11.64,19.57,1.0,2025-10-23,2025-10-03,-1.42,-10.15,-25.03,0.14
Systematic Industries Ltd.,SME,systematic-industries-ipo,2439,2025-09-24,2025-10-01,109.75,195.0,4.66,196.45,0.74,187.0,INE1KLZ01011,,544541,9.85,7.94,9.7,3.36,"7,017",32.91,22.16,2025-10-29,2025-12-28,BSE,SYSTEMATIC,193.8,199.0,186.0,196.45,197,187.0,249.0,125.0,2026-04-30,2026-03-23,138,0.5961228,-0.62,0.74,-4.1,27.69,-35.9,-4.81,True,32820.0,4,83.0,2026-02-04,2026-07-13,False,39.6,61.0,-24.9,-44.39,-2.27,28.38,1.0,2026-04-27,2025-10-03,-0.8,9.36,-11.29,0.15
Solvex Edibles Ltd.,SME,solvex-edibles-ipo,2093,2025-09-22,2025-10-01,17.93,72.0,1.02,64.6,-10.28,22.86,INE1IIQ01028,,544539,,,,,,,,,,BSE,SOLVEX,68.0,68.0,64.6,64.6,158,22.86,68.0,16.99,2025-10-01,2026-03-30,0,0.01087552,-5.56,-10.28,-68.25,-5.56,-76.4,-64.61,False,4560.0,5,65.0,2026-01-20,2026-05-13,False,40.7,,-66.38,-73.7,-55.73,50.73,,,,,,,
Trualt Bioenergy Ltd.,Mainboard,trualt-bioenergy-ipo,2231,2025-09-25,2025-10-03,839.28,496.0,52.69,530.95,7.05,428.95,INE0MWH01014,TRUALT,544545,165.16,103.04,118.62,11.5,"21,98,443",251.78,23.08,2025-10-29,2025-12-28,NSE,TRUALT,545.4,549.0,512.8,530.95,198,428.95,549.0,310.2,2025-10-03,2026-01-27,0,11.16703252075,9.96,7.05,-13.52,10.69,-37.46,-19.21,False,254627.15,4,24.0,2025-11-10,2026-07-23,True,-14.8,,-21.87,-39.8,-24.31,24.98,,,,,,,
Jinkushal Industries Ltd.,Mainboard,jinkushal-industries-ipo,2432,2025-09-25,2025-10-03,116.15,121.0,45.54,121.66,0.55,96.69,INE1FF001016,JKIPL,544547,35.7,146.39,141.05,47.04,"12,23,980",34.83,23.07,2025-10-29,2025-12-28,NSE,JKIPL,125.0,126.95,118.75,121.66,198,96.69,126.95,45.4,2025-10-03,2026-03-30,0,0.32574325275,3.31,0.55,-20.09,4.92,-62.48,-20.52,False,32357.65,5,79.0,2026-01-29,2026-06-16,False,15.3,,-23.84,-61.29,-12.86,15.61,,,,,,,
Chatterbox Technologies Ltd.,SME,chatterbox-technologies-ipo,2072,2025-09-25,2025-10-03,40.71,115.0,37.04,129.0,12.17,43.08,INE1B4801017,,544546,38.2,82.3,97.66,46.85,"30,235",12.19,22.14,2025-10-29,2025-12-28,BSE,CHTR,135.0,136.0,128.25,129.0,191,43.08,156.75,42.6,2025-10-14,2026-07-24,7,0.09910524,17.39,12.17,-62.54,36.3,-62.96,-66.6,False,19500.0,4,58.0,2025-12-29,2026-06-16,False,-36.3,173.0,-72.52,-72.41,-16.24,37.75,5.0,2025-10-29,2025-10-10,-8.93,-10.27,-48.66,0.38
Gujarat Peanut & Agri Products Ltd.,SME,gujarat-peanut-and-agri-products-ipo,2336,2025-09-25,2025-10-03,22.62,80.0,8.0,67.2,-16.0,75.0,INE0SIK01014,,544548,,7.87,,7.53,"4,865",,,,,BSE,GPAPL,64.0,67.2,61.1,67.2,178,75.0,99.54,61.1,2025-11-18,2025-10-03,30,0.11231096000000002,-20.0,-16.0,-6.25,24.43,-23.62,11.61,False,14800.0,3,113.0,2026-03-25,2026-05-14,False,-0.4,176.0,-24.65,-26.26,-5.0,53.12,1.0,2025-10-06,2025-10-06,17.17,29.74,33.03,0.42
Earkart Ltd.,SME,earkart-ipo,2473,2025-09-25,2025-10-03,46.76,135.0,1.28,142.25,5.37,159.0,INE1A8F01035,,544549,,,,,,,,,,BSE,EARKART,135.5,142.25,135.5,142.25,140,159.0,265.95,104.35,2025-10-20,2026-06-02,11,0.0851635,0.37,5.37,17.78,97.0,-22.7,11.78,True,6650.0,1,89.0,2026-03-04,2026-03-04,False,,5.0,-40.21,-54.0,4.99,81.97,1.0,2026-06-29,2025-10-06,55.24,51.99,10.34,0.05
Telge Projects Ltd.,SME,telge-projects-ipo,2534,2025-09-25,2025-10-03,25.87,105.0,2.61,110.45,5.19,164.75,INE0SRP01014,,544544,5.41,2.75,3.0,1.72,764,7.7,22.03,2025-10-29,2025-12-28,BSE,TELGE,108.1,112.0,108.1,110.45,176,164.75,187.95,77.05,2026-07-21,2026-03-17,172,0.3870297,2.95,5.19,56.9,79.0,-26.62,49.16,True,25080.0,7,31.0,2025-11-19,2026-06-24,False,-14.4,22.0,-12.34,-26.2,-6.38,22.63,5.0,2026-06-23,2025-10-10,2.53,-3.9,-9.91,0.21
Pace Digitek Ltd.,Mainboard,pace-digitek-ipo,2306,2025-09-26,2025-10-06,819.15,219.0,1.45,217.99,-0.46,195.25,INE0S3G01027,PACEDIGITK,544550,1.69,3.06,3.25,1.09,"1,84,979",245.14,23.03,2025-10-30,2025-12-29,NSE,PACEDIGITK,225.0,231.0,207.0,217.99,197,195.25,231.95,139.81,2025-10-10,2026-03-30,4,47.26887790040001,2.74,-0.46,-10.84,5.91,-36.16,-10.43,False,2257387.65,3,119.0,2026-04-01,2026-06-23,False,35.8,,-15.82,-37.82,-7.24,13.65,,,,,,,
KVS Castings Ltd.,SME,kvs-castings-ipo,2196,2025-09-26,2025-10-06,26.41,56.0,3.34,69.61,24.3,62.69,INE163701019,,544554,6.03,5.02,6.03,2.6,"1,352",7.9,22.1,2025-11-05,2026-01-04,BSE,KVSCASTING,66.3,69.61,66.3,69.61,175,62.69,86.0,48.01,2025-10-20,2026-02-11,10,0.1354438,18.39,24.3,11.95,53.57,-14.27,-9.94,False,21400.0,4,61.0,2026-01-05,2026-06-04,False,-9.9,32.0,-27.1,-35.0,-12.66,36.2,1.0,2026-06-04,2025-10-07,1.18,-13.16,-16.51,0.02
Rukmani Devi Garg Agro Impex Ltd.,SME,rukmani-devi-garg-ipo,2209,2025-09-26,2025-10-06,22.33,99.0,29.6,77.13,-22.09,106.45,INE0S5T01017,,544552,8.24,77.12,93.02,39.73,"16,135",,,,,BSE,RDGAIL,79.2,79.2,75.24,77.13,144,106.45,117.4,54.5,2026-03-19,2025-12-02,97,0.0760458,-20.0,-22.09,7.53,18.59,-44.95,38.01,False,7020.0,7,43.0,2025-12-12,2026-07-06,False,50.9,84.0,-9.33,-27.03,-28.51,27.69,59.0,2026-01-07,2026-01-07,35.78,38.63,40.7,0.95
M P K Steels (I) Ltd.,SME,m-p-k-steels-ipo,2272,2025-09-26,2025-10-06,24.45,79.0,1.53,83.5,5.7,114.65,INE1PJP01015,,544553,19.95,0.65,0.92,0.58,407,,,,,BSE,MPKSTEELS,80.0,84.0,80.0,83.5,177,114.65,152.8,72.65,2025-12-16,2025-11-11,38,0.166078,1.27,5.7,45.13,93.42,-8.04,37.31,False,14320.0,6,71.0,2026-02-09,2026-07-13,False,5.5,154.0,-24.97,-36.33,-12.99,92.63,3.0,2025-11-24,2025-10-09,-11.09,24.56,19.02,0.31
Ameenji Rubber Ltd.,SME,ameenji-rubber-ipo,2291,2025-09-26,2025-10-06,28.46,100.0,1.94,106.05,6.05,145.0,INE14QA01016,,544555,3.79,2.74,3.58,1.08,547,8.52,22.12,2025-10-30,2025-12-29,BSE,AMEENJI,101.0,106.05,96.05,106.05,186,145.0,175.0,96.05,2026-05-08,2025-10-06,133,0.1674504,1.0,6.05,45.0,75.0,-3.95,36.73,True,12180.0,1,97.0,2026-03-05,2026-03-05,False,8.2,184.0,-17.14,-32.1,0.42,53.14,1.0,2025-10-07,2025-10-07,21.13,26.67,14.32,0.05
Manas Polymers & Energies Ltd.,SME,manas-polymers-and-energies-ipo,2341,2025-09-26,2025-10-06,22.33,81.0,1.23,146.2,80.49,35.7,INE0U4H01011,MPEL,,6.66,1.78,2.4,0.19,140,,,,,NSE,MPEL,153.9,153.9,146.2,146.2,173,35.7,153.9,35.7,2025-10-06,2026-07-24,0,0.1074104,90.0,80.49,-55.93,90.0,-55.93,-75.58,False,26160.0,3,78.0,2026-02-04,2026-06-15,False,-23.3,,-76.8,-75.58,-32.28,36.9,,,,,,,
Bhavik Enterprises Ltd.,SME,bhavik-enterprises-ipo,2422,2025-09-25,2025-10-06,73.08,140.0,1.07,145.3,3.79,145.5,INE18PB01017,,544551,,,,,,,,,,BSE,BHAVIK,143.0,150.15,143.0,145.3,123,145.5,175.05,121.1,2026-04-20,2025-12-01,87,0.03773475,2.14,3.79,3.93,25.04,-13.5,0.14,False,2400.0,4,46.0,2026-01-05,2026-05-12,False,14.2,2.0,-16.88,-16.38,-7.09,8.43,67.0,2026-07-02,2026-03-09,-2.63,8.55,,0.38
Glottis Ltd.,Mainboard,glottis-ipo,1998,2025-09-29,2025-10-07,307.0,129.0,1.95,83.7,-35.12,66.73,INE0TQE01026,GLOTTIS,544557,1.84,3.08,3.77,1.47,"1,06,634",55.26,15.25,2025-11-01,2025-12-31,NSE,GLOTTIS,84.0,93.0,81.17,83.7,196,66.73,93.0,37.0,2025-10-07,2026-03-30,0,0.3021683783,-34.88,-35.12,-48.27,-27.91,-71.32,-20.27,False,45309.95,3,124.0,2026-04-10,2026-05-20,False,16.2,,-28.25,-54.44,-19.35,24.67,,,,,,,
Fabtech Technologies Ltd.,Mainboard,fabtech-technologies-ipo,2624,2025-09-29,2025-10-07,230.3,191.0,2.01,182.4,-4.5,149.73,INE0HF201011,FABTECH,544558,2.02,1.97,1.65,2.09,"97,790",7.89,22.14,2025-02-08,2025-04-08,NSE,FABTECH,192.0,192.5,182.4,182.4,196,149.73,262.8,132.7,2025-10-28,2026-03-23,14,3.9052106138499996,0.52,-4.5,-21.61,37.59,-30.52,-17.91,False,239640.95,7,14.0,2025-10-28,2026-07-03,False,-37.1,185.0,-43.03,-47.57,-5.0,49.08,3.0,2025-10-21,2025-10-10,17.28,21.97,0.39,0.29
Sodhani Capital Ltd.,SME,sodhani-capital-ipo,2270,2025-09-29,2025-10-07,10.17,51.0,4.74,84.0,64.71,58.0,INE0QU501030,,544560,,5.99,,4.85,"1,605",,,,,BSE,SODHACAP,80.0,84.0,76.0,84.0,165,58.0,148.97,48.1,2025-10-23,2026-07-09,11,0.0574816,56.86,64.71,13.73,192.1,-5.69,-30.95,False,9500.0,3,105.0,2026-03-24,2026-07-14,True,,102.0,-61.07,-64.82,3.57,73.77,1.0,2026-01-07,2025-10-08,43.63,33.73,-4.76,0.11
Vijaypd Ceutical Ltd.,SME,vijaypd-ceutical-ipo,2313,2025-09-29,2025-10-07,18.26,35.0,1.37,35.9,2.57,63.95,INE0WL901019,VIJAYPD,,,1.86,,0.89,401,,,,,NSE,VIJAYPD,35.0,36.75,35.0,35.9,181,63.95,114.5,35.0,2026-05-04,2025-10-07,125,0.1486925,0.0,2.57,82.71,227.14,0.0,78.13,False,20300.0,6,69.0,2026-02-02,2026-05-12,False,78.6,179.0,-44.15,-42.33,-1.11,55.71,1.0,2025-10-08,2025-10-08,17.26,23.64,5.05,0.06
Om Metallogic Ltd.,SME,om-metallogic-ipo,2326,2025-09-29,2025-10-07,21.22,86.0,1.5,85.0,-1.16,30.18,INE0R8Q01018,,544559,,0.41,,2.53,"1,033",,,,,BSE,OML,85.0,85.0,85.0,85.0,170,30.18,85.0,13.75,2025-10-07,2026-03-12,0,0.09305608,-1.16,-1.16,-64.91,-1.16,-84.01,-64.49,False,29040.0,5,7.0,2025-10-27,2026-06-30,False,-50.6,,-64.49,-83.32,-68.24,63.24,,,,,,,
Suba Hotels Ltd.,SME,suba-hotels-ipo,2389,2025-09-29,2025-10-07,71.69,111.0,11.2,161.9,45.86,107.05,INE0RYR01018,SUBAHOTELS,,20.98,22.41,27.28,9.07,"11,281",21.29,22.0,2025-11-01,2025-12-31,NSE,SUBAHOTELS,154.2,161.9,154.2,161.9,196,107.05,200.0,97.65,2025-10-23,2026-03-30,11,0.4234626,38.92,45.86,-3.56,80.18,-12.03,-33.88,False,36540.0,3,66.0,2026-01-12,2026-05-29,False,11.0,159.0,-46.48,-48.67,-7.97,31.5,1.0,2025-11-28,2025-10-08,6.71,4.71,-19.36,0.02
Dhillon Freight Carrier Ltd.,SME,dhillon-freight-carrier-ipo,2446,2025-09-29,2025-10-07,9.57,72.0,2.9,54.72,-24.0,34.64,INE0SPJ01011,,544556,,0.96,,4.87,"1,099",,,,,BSE,DHILLON,57.6,57.6,54.72,54.72,116,34.64,57.6,27.0,2025-10-07,2026-03-30,0,0.02148528,-20.0,-24.0,-51.89,-20.0,-62.5,-36.7,False,6160.0,5,9.0,2025-10-20,2026-07-24,True,-4.5,,-39.86,-49.93,-44.26,39.27,,,,,,,
Advance Agrolife Ltd.,Mainboard,advance-agrolife-ipo,2290,2025-09-30,2025-10-08,192.85,100.0,39.68,108.3,8.3,109.89,INE1B0W01010,ADVANCE,544562,27.31,175.3,202.06,23.14,"9,99,832",57.77,23.05,2025-11-04,2026-01-03,NSE,ADVANCE,114.0,114.5,108.3,108.3,195,109.89,154.0,84.1,2025-10-27,2026-03-30,12,3.1080987391500003,14.0,8.3,9.89,54.0,-15.9,1.47,False,277697.15,3,11.0,2025-10-24,2026-04-23,False,-14.3,6.0,-28.64,-42.43,-5.82,48.01,9.0,2026-07-16,2025-10-21,15.62,12.27,4.02,0.24
Om Freight Forwarders Ltd.,Mainboard,om-freight-forwarders-ipo,2407,2025-09-29,2025-10-08,122.31,135.0,3.58,85.57,-36.61,92.98,INE1BZC01019,OMFREIGHT,544564,3.97,7.39,7.19,2.77,"97,950",15.9,11.5,2025-11-04,2026-01-03,NSE,OMFREIGHT,81.5,85.57,81.1,85.57,195,92.98,114.33,58.95,2026-07-01,2026-03-30,177,1.4245730465000004,-39.63,-36.61,-31.13,-15.31,-56.33,8.66,False,138392.35,11,26.0,2025-11-17,2026-07-01,False,-3.8,21.0,-18.67,-41.47,1.67,23.84,1.0,2026-06-24,2025-10-09,3.92,-0.14,2.27,0.02
Valplast Technologies Ltd.,SME,valplast-technologies-ipo,2220,2025-09-30,2025-10-08,26.58,54.0,1.29,58.63,8.57,39.55,INE0QP701017,,544565,1.05,0.74,0.74,1.46,674,7.94,22.03,2025-11-04,2026-01-03,BSE,VALPLAST,57.0,59.85,57.0,58.63,147,39.55,67.99,30.8,2025-11-21,2026-03-30,30,0.079839,5.56,8.57,-26.76,25.91,-42.96,-32.54,False,19900.0,3,76.0,2026-02-24,2026-03-24,False,-19.6,98.0,-41.83,-48.08,-10.23,26.2,14.0,2025-12-18,2025-10-29,-2.44,-0.38,-16.09,13.52
B.A.G.Convergence Ltd.,SME,bag-convergence-ipo,2245,2025-09-30,2025-10-08,46.28,87.0,1.27,106.05,21.9,109.85,INE17CQ01015,BAGDIGITAL,,1.38,2.63,3.63,0.83,588,13.57,21.79,2025-11-05,2026-01-04,NSE,BAGDIGITAL,101.0,106.05,101.0,106.05,176,109.85,139.0,95.75,2025-12-23,2025-10-10,52,0.2955772,16.09,21.9,26.26,59.77,10.06,3.58,True,26320.0,4,64.0,2026-01-12,2026-07-17,True,-5.9,5.0,-20.97,-19.98,-9.71,38.9,8.0,2026-07-15,2025-10-20,16.16,17.6,10.17,0.15
Zelio E-Mobility Ltd.,SME,zelio-e-mobility-ipo,2265,2025-09-30,2025-10-08,74.34,136.0,1.37,162.6,19.56,795.45,INE1B3501014,,544563,1.61,1.76,2.31,1.32,"1,352",22.29,22.15,2025-11-05,2026-01-04,BSE,ZELIO,154.9,162.6,154.9,162.6,195,795.45,840.0,154.9,2026-07-23,2025-10-08,193,1.892835,13.9,19.56,484.89,517.65,13.9,389.21,True,26775.0,4,65.0,2026-01-12,2026-07-17,True,17.4,193.0,-5.3,-60.4,4.98,169.83,1.0,2025-10-09,2025-10-09,50.62,86.58,132.19,0.01
Sheel Biotech Ltd.,SME,sheel-biotech-ipo,2324,2025-09-30,2025-10-08,32.31,63.0,11.59,95.55,51.67,68.0,INE0YJV01017,SHEEL,,19.73,25.92,31.64,9.56,"5,688",9.6,22.01,2025-11-05,2026-01-04,NSE,SHEEL,91.0,95.55,91.0,95.55,181,68.0,95.55,37.8,2025-10-08,2026-04-01,0,0.1351815,44.44,51.67,7.94,51.67,-40.0,-28.83,True,19000.0,6,62.0,2026-01-09,2026-06-18,False,-32.4,,-28.83,-59.18,-23.29,20.41,,,,,,,
Infinity Infoway Ltd.,SME,infinity-infoway-ipo,2351,2025-09-30,2025-10-08,23.19,155.0,201.16,309.2,99.48,390.0,INE16XA01017,,544567,157.14,548.99,649.06,303.35,"1,12,258",6.32,20.57,2025-11-04,2026-01-03,BSE,INFINITY,294.5,309.2,294.5,309.2,145,390.0,483.85,294.0,2025-10-23,2025-10-09,10,0.1566612,90.0,99.48,151.61,212.16,89.68,26.13,True,4220.0,3,58.0,2026-01-07,2026-06-11,False,-9.7,143.0,-19.4,-31.11,-4.92,61.4,1.0,2025-10-09,2025-10-09,26.27,18.34,25.12,0.3
Munish Forge Ltd.,SME,munish-forge-ipo,2434,2025-09-30,2025-10-08,70.23,96.0,2.77,110.25,14.84,74.0,INE1K8Y01018,MUNISH,,4.05,4.88,5.93,2.66,"3,517",,,,,NSE,MUNISH,105.0,110.25,102.0,110.25,189,74.0,143.0,50.2,2025-10-23,2026-03-19,10,0.422628,9.38,14.84,-22.92,48.96,-47.71,-32.88,True,60540.0,8,77.0,2026-02-03,2026-07-14,False,-7.0,142.0,-48.25,-60.74,-8.39,38.1,1.0,2025-12-15,2025-10-09,12.53,0.78,-17.28,0.11
Sunsky Logistics Ltd.,SME,sunsky-logistics-ipo,2460,2025-09-30,2025-10-08,15.98,46.0,1.46,53.55,16.41,39.93,INE10CM01027,,544566,,2.01,,0.93,538,,,,,BSE,SUNSKY,51.0,53.55,50.0,53.55,139,39.93,96.0,36.63,2025-11-17,2026-07-20,26,0.08917365,10.87,16.41,-13.2,108.7,-20.37,-25.43,False,20925.0,3,53.0,2026-01-08,2026-06-03,False,-14.3,131.0,-58.41,-59.92,-9.97,89.24,1.0,2025-10-17,2025-10-09,2.42,46.73,23.8,0.03
Chiraharit Ltd.,SME,chiraharit-ipo,2262,2025-09-29,2025-10-08,29.51,21.0,1.88,15.96,-24.0,8.02,INE12P101018,,544561,,0.73,,3.03,"1,919",,,,,BSE,CHIRAHARIT,16.8,16.8,15.96,15.96,177,8.02,16.8,5.01,2025-10-08,2026-03-30,0,0.049266,-20.0,-24.0,-61.81,-20.0,-76.14,-49.75,False,60600.0,2,8.0,2025-10-20,2026-07-03,False,-30.5,,-52.26,-68.05,-33.4,30.51,,,,,,,
Greenleaf Envirotech Ltd.,SME,greenleaf-envirotech-ipo,2515,2025-09-30,2025-10-09,20.75,136.0,3.82,132.9,-2.28,105.0,INE0PLX01017,GREENLEAF,,,4.16,,3.52,"1,996",,,,,NSE,GREENLEAF,134.9,134.9,128.15,132.9,192,105.0,185.9,52.5,2025-12-26,2026-03-30,52,0.296432,-0.81,-2.28,-22.79,36.69,-61.4,-20.99,True,29350.0,2,28.0,2025-11-21,2025-11-24,False,-11.7,112.0,-43.52,-69.92,-16.48,47.18,1.0,2026-02-05,2025-10-10,-3.58,-8.96,17.53,0.48
DSM Fresh Foods Ltd.,SME,dsm-fresh-foods-ipo,2441,2025-09-26,2025-10-09,55.75,100.0,1.29,126.0,26.0,84.66,INE0SUM01015,,544568,1.53,2.06,2.71,0.96,874,16.67,22.01,2025-11-11,2026-01-11,BSE,DSM,120.0,126.0,120.0,126.0,194,84.66,208.0,65.5,2025-11-20,2026-07-21,28,0.66419916,20.0,26.0,-15.34,108.0,-34.5,-32.81,True,81480.0,4,154.0,2026-05-29,2026-07-24,True,,112.0,-59.3,-65.39,4.96,60.12,1.0,2026-02-06,2025-10-10,30.02,29.74,0.53,0.1
WeWork India Management Ltd.,Mainboard,wework-india-management-ipo,2014,2025-10-03,2025-10-10,2999.64,648.0,1.09,628.65,-2.99,711.95,INE085001019,WEWORK,544570,1.79,0.23,0.23,0.62,"86,212",1348.26,31.01,2025-11-06,2026-01-05,NSE,WEWORK,650.0,650.15,614.25,628.65,193,711.95,767.0,420.0,2026-07-07,2026-03-30,179,47.29291854350001,0.31,-2.99,9.87,18.36,-35.19,13.25,True,672600.4,6,72.0,2026-01-27,2026-07-17,True,-6.7,18.0,-7.18,-34.15,-6.07,11.69,166.0,2026-06-30,2026-06-17,14.03,11.86,,1.56
NSB BPO Solutions Ltd.,SME,nsb-bpo-ipo,2195,2025-09-23,2025-10-10,60.92,121.0,1.0,121.3,0.25,65.7,INE0SLP01017,,544571,25.49,0.79,1.15,0.21,297,,,,,BSE,NSBBPO,121.45,127.5,121.15,121.3,91,65.7,127.5,61.0,2025-10-10,2026-03-13,0,0.0213015,0.37,0.25,-45.7,5.37,-49.59,-45.84,False,2950.0,1,70.0,2026-03-25,2026-03-25,False,,,-48.47,-47.4,-20.82,21.39,,,,,,,
Tata Capital Ltd.,Mainboard,tata-capital-ipo,2317,2025-10-06,2025-10-13,15511.87,326.0,1.65,330.5,1.38,341.9,INE976I01016,TATACAP,544574,3.42,1.98,1.9,1.1,"23,61,452",4641.83,23.03,2025-11-07,2026-01-06,NSE,TATACAP,330.0,333.0,326.25,330.5,192,341.9,379.95,296.0,2026-06-19,2026-06-02,167,49.65318586924998,1.23,1.38,4.88,16.55,-9.2,3.45,False,1394812.9,3,49.0,2025-12-23,2026-06-19,False,-9.3,28.0,-10.01,-17.63,-4.66,6.52,3.0,2026-06-15,2025-10-16,-2.33,-3.01,4.04,0.37
LG Electronics India Ltd.,Mainboard,lg-electronics-india-ipo,2064,2025-10-07,2025-10-14,11604.73,1140.0,38.03,1689.9,48.24,1527.2,INE324D01010,LGEINDIA,544576,166.51,22.44,24.68,3.55,"65,06,683",3474.9,23.04,2025-11-10,2026-01-07,NSE,LGEINDIA,1710.1,1749.0,1650.0,1689.9,191,1527.2,1749.0,1304.1,2025-10-14,2026-04-02,0,56.6991655945,50.01,48.24,33.96,53.42,14.39,-9.63,False,364207.05,3,59.0,2026-01-08,2026-06-19,False,3.3,,-12.68,-21.96,-6.44,8.75,,,,,,,
Mittal Sections Ltd.,SME,mittal-sections-ipo,2269,2025-10-07,2025-10-14,50.26,143.0,2.21,108.7,-23.99,28.0,INE833Q01012,,544575,1.13,0.55,0.41,4.08,"3,633",,,,,BSE,MITTALSTL,114.4,114.4,108.7,108.7,177,28.0,114.4,22.63,2025-10-14,2026-03-30,0,0.0161275,-20.0,-23.99,-80.42,-20.0,-84.17,-74.24,False,5500.0,3,11.0,2025-10-30,2026-03-11,False,-45.9,,-75.52,-79.18,-56.76,51.79,,,,,,,
Rubicon Research Ltd.,Mainboard,rubicon-research-ipo,2254,2025-10-09,2025-10-16,1377.5,485.0,60.38,628.2,29.53,1520.2,INE506V01022,RUBICON,544578,137.09,102.7,117.77,37.4,"31,42,211",619.09,31.0,2025-11-12,2026-01-11,NSE,RUBICON,620.0,639.0,587.35,628.2,189,1520.2,1560.0,570.75,2026-07-24,2025-10-24,188,41.875036127499996,27.84,29.53,213.44,221.65,17.68,141.99,True,291709.75,4,74.0,2026-02-04,2026-06-02,False,22.9,145.0,-2.55,-17.1,-9.15,29.3,11.0,2025-12-18,2025-11-03,10.83,-2.47,4.69,1.49
Canara Robeco Asset Management Co.Ltd.,Mainboard,canara-robeco-ipo,2428,2025-10-09,2025-10-16,1326.13,266.0,7.09,300.45,12.95,259.95,INE218I01013,CRAMC,544580,,,,,,397.84,23.08,2025-11-12,2026-01-11,NSE,CRAMC,280.25,318.0,280.25,300.45,189,259.95,353.4,214.2,2025-10-27,2026-03-09,6,55.821879561399996,5.36,12.95,-2.27,32.86,-19.47,-13.48,True,2023049.0,2,43.0,2025-12-18,2026-07-22,True,-21.4,174.0,-26.44,-38.03,-5.56,23.18,4.0,2025-11-07,2025-10-23,-1.27,-5.48,-12.33,0.61
Canara HSBC Life Insurance Co.Ltd.,Mainboard,canara-hsbc-life-insurance-ipo,2429,2025-10-10,2025-10-17,2515.95,106.0,1.9,111.42,5.11,147.31,INE01TY01017,CANHLIFE,544583,7.05,0.33,0.28,0.42,"1,75,204",750.32,22.96,2025-11-13,2026-01-12,NSE,CANHLIFE,106.0,112.8,106.0,111.42,188,147.31,166.69,106.0,2026-07-21,2025-10-17,184,69.1552080339,0.0,5.11,38.97,57.25,0.0,32.21,True,4480756.55,9,45.0,2025-12-23,2026-07-21,True,-0.0,184.0,-11.63,-12.53,-4.32,19.38,3.0,2025-10-23,2025-10-23,8.68,8.46,23.14,0.31
SK Minerals & Additives Ltd.,SME,sk-minerals-and-additives-ipo,2426,2025-10-10,2025-10-17,39.09,127.0,2.76,152.25,19.88,473.75,INE13YH01017,,544584,1.01,7.15,8.84,3.39,"2,261",11.72,22.17,2025-11-14,2026-01-13,BSE,SKM,145.0,152.25,145.0,152.25,182,473.75,495.0,102.05,2026-07-16,2026-03-09,175,0.814489,14.17,19.88,273.03,289.76,-19.65,211.17,True,18700.0,5,63.0,2026-01-27,2026-05-25,False,100.4,75.0,-4.29,-42.48,-17.93,51.82,1.0,2026-04-06,2025-10-20,6.85,-9.29,-11.35,0.37
Sihora Industries Ltd.,SME,sihora-industries-ipo,2566,2025-10-10,2025-10-17,10.03,66.0,1.29,66.5,0.76,59.0,INE0SFA01011,,544585,,1.18,,1.37,301,,,,,BSE,SIHORA,70.0,70.0,66.5,66.5,95,59.0,70.0,50.1,2025-10-17,2026-01-21,0,0.0282345,6.06,0.76,-10.61,6.06,-24.09,-11.28,True,4800.0,2,55.0,2026-02-11,2026-03-04,False,,,-15.71,-23.31,-22.59,24.84,,,,,,,
Shlokka Dyes Ltd.,SME,shlokka-dyes-ipo,2118,2025-09-30,2025-10-17,54.84,91.0,1.09,85.5,-6.04,22.39,INE1EUB01016,,544582,1.02,2.24,3.09,0.65,"1,159",,,,,BSE,SHLOKKA,90.0,90.0,85.5,85.5,174,22.39,90.0,21.67,2025-10-17,2026-03-30,0,0.029642759999999997,-1.1,-6.04,-75.4,-1.1,-76.19,-73.81,False,12480.0,4,8.0,2025-10-30,2026-07-21,True,-57.7,,-75.12,-74.58,-39.6,34.61,,,,,,,
Midwest Ltd.,Mainboard,midwest-ipo,2150,2025-10-15,2025-10-24,451.0,1065.0,64.34,1140.5,7.09,1234.2,INE0XAD01024,MIDWESTLTD,544587,146.99,176.57,201.77,25.52,"23,08,152",135.0,23.03,2025-11-18,2026-01-17,NSE,MIDWESTLTD,1165.0,1190.0,1129.1,1140.5,184,1234.2,1859.9,1048.5,2026-01-08,2025-10-28,52,2.5115531575000003,9.39,7.09,15.89,74.64,-1.55,8.22,False,19102.05,2,24.0,2025-11-28,2025-12-04,False,-7.8,77.0,-33.64,-39.88,-8.07,46.58,15.0,2026-04-01,2025-11-17,8.24,22.58,15.77,6.1
Jayesh Logistics Ltd.,SME,jayesh-logistics-ipo,2301,2025-10-27,2025-11-03,27.17,122.0,49.32,117.8,-3.44,129.0,INE1AE401014,JAYESH,,40.86,138.75,171.43,51.79,"26,766",6.78,19.15,2025-11-29,2026-01-28,NSE,JAYESH,120.0,121.95,114.0,117.8,154,129.0,200.0,106.35,2026-05-05,2025-11-06,115,0.365761,-1.64,-3.44,5.74,63.93,-12.83,9.51,False,24250.0,1,138.0,2026-06-24,2026-06-24,False,,141.0,-35.5,-30.57,-9.72,65.07,12.0,2025-11-20,2025-11-20,32.1,24.36,15.24,1.75
Game Changers Texfab Ltd.,SME,game-changers-ipo,2105,2025-10-28,2025-11-04,52.08,102.0,1.14,109.35,7.21,95.75,INE1GUJ01014,,544594,1.01,1.48,1.46,1.18,"1,050",9.13,14.27,2025-11-30,2026-01-29,BSE,TRADEUNO,104.15,109.35,104.15,109.35,169,95.75,161.95,87.0,2025-12-26,2026-07-07,36,0.06848232,2.11,7.21,-6.13,58.77,-14.71,-12.44,False,7140.0,1,119.0,2026-05-04,2026-05-04,False,,33.0,-40.88,-43.7,-5.72,49.75,1.0,2026-05-26,2025-11-06,4.18,19.08,15.85,0.27
Orkla India Ltd.,Mainboard,orkla-india-ipo,2470,2025-10-29,2025-11-06,1667.33,730.0,34.25,713.65,-2.24,556.75,INE16NZ01023,ORKLAINDIA,544595,117.63,54.42,65.41,7.06,"25,48,211",499.6,23.05,2025-12-02,2026-01-31,NSE,ORKLAINDIA,750.1,760.0,692.55,713.65,176,556.75,760.0,533.25,2025-11-06,2026-02-17,0,3.1649813635,2.75,-2.24,-23.73,4.11,-26.95,-21.99,False,53368.7,2,82.0,2026-03-06,2026-05-20,False,10.5,,-26.74,-24.69,-17.17,19.04,,,,,,,
Safecure Services Ltd.,SME,safecure-services-ipo,2154,2025-10-29,2025-11-06,29.07,102.0,1.81,77.55,-23.97,23.97,INE0SVZ01015,,544596,,0.32,,3.31,"2,064",,,,,BSE,SAFECURE,81.6,81.6,77.55,77.55,162,23.97,81.6,21.0,2025-11-06,2026-07-24,0,0.01096392,-20.0,-23.97,-76.5,-20.0,-79.41,-69.09,False,4620.0,2,12.0,2025-11-24,2026-06-12,False,-24.7,,-70.62,-70.34,-56.58,51.62,,,,,,,
Studds Accessories Ltd.,Mainboard,studds-accessories-ipo,2259,2025-10-30,2025-11-07,455.49,585.0,51.31,560.3,-4.22,450.6,INE00Q601028,STUDDS,544599,159.99,76.99,83.08,22.08,"20,70,889",136.65,23.08,2025-12-04,2026-02-02,NSE,STUDDS,565.0,585.0,557.0,560.3,175,450.6,600.0,427.55,2025-11-18,2026-05-18,7,2.3180196615,-3.42,-4.22,-22.97,2.56,-26.91,-19.58,False,50542.3,4,89.0,2026-03-18,2026-06-10,False,-1.6,,-24.9,-23.89,-10.23,17.31,,,,,,,
Lenskart Solutions Ltd.,Mainboard,lenskart-solutions-ipo,2551,2025-10-31,2025-11-10,7278.02,402.0,16.01,403.1,0.27,555.9,INE956O01016,LENSKART,544600,40.36,18.23,21.81,7.56,"32,56,297",3268.36,30.99,2025-12-05,2026-02-03,NSE,LENSKART,395.0,413.75,356.1,403.1,174,555.9,563.0,356.1,2026-07-09,2025-11-10,162,299.0728674375,-1.74,0.27,38.28,40.05,-11.42,37.91,True,5541996.5,5,29.0,2025-12-19,2026-06-19,False,7.2,144.0,-1.26,-14.56,-3.57,26.37,1.0,2025-12-19,2025-11-11,-0.1,-1.66,10.1,0.18
Billionbrains Garage Ventures Ltd.,Mainboard,groww-ipo,2453,2025-11-04,2025-11-12,6632.3,100.0,10.09,131.33,31.33,202.15,INE0HOQ01053,GROWW,544603,22.02,14.2,16.28,9.43,"31,40,951",2984.54,31.03,2025-12-09,2026-02-07,NSE,GROWW,112.0,134.4,112.0,131.33,172,202.15,227.2,112.0,2026-04-29,2025-11-12,112,724.9160904299001,12.0,31.33,102.15,127.2,12.0,53.93,False,35120759.7,2,106.0,2026-04-21,2026-05-12,False,-2.7,170.0,-11.03,-24.29,-1.36,48.92,1.0,2025-11-13,2025-11-13,16.38,5.64,22.46,1.02
Shreeji Global FMCG Ltd.,SME,shreeji-global-fmcg-ipo,2513,2025-11-04,2025-11-12,80.75,125.0,2.85,101.7,-18.64,150.0,INE1FL101016,SHETHJI,,1.64,5.06,6.16,2.91,"5,532",14.53,14.59,2025-12-09,2026-02-07,NSE,SHETHJI,100.0,105.0,98.0,101.7,172,150.0,185.0,95.5,2026-05-21,2025-11-14,127,0.228764,-20.0,-18.64,20.0,48.0,-23.6,47.49,False,14950.0,0,,,,False,,138.0,-18.92,-16.28,-6.1,27.68,4.0,2025-12-30,2025-11-18,4.76,0.37,6.67,0.11
Finbud Financial Services Ltd.,SME,finbud-financial-services-ipo,2104,2025-11-06,2025-11-13,68.09,142.0,3.6,164.85,16.09,125.6,INE0EDU01014,FINBUD,,4.33,8.38,10.63,2.8,"3,224",20.41,22.16,2025-12-11,2026-02-09,NSE,FINBUD,157.0,164.85,157.0,164.85,171,125.6,164.85,76.0,2025-11-13,2026-03-30,0,0.461843,10.56,16.09,-11.55,16.09,-46.48,-23.81,True,36650.0,4,78.0,2026-03-09,2026-07-01,False,34.4,,-23.81,-51.74,-33.27,33.27,,,,,,,
Pine Labs Ltd.,Mainboard,pine-labs-ipo,2487,2025-11-07,2025-11-14,3899.91,221.0,1.81,250.89,13.52,145.67,INE15B701018,PINELABS,544606,3.97,0.3,0.25,1.27,"2,30,539",1753.83,31.02,2025-12-11,2026-02-09,NSE,PINELABS,242.0,284.0,234.17,250.89,170,145.67,284.0,134.73,2025-11-14,2026-05-27,0,196.68563373269996,9.5,13.52,-34.09,28.51,-39.04,-41.94,False,12815036.15,7,96.0,2026-04-08,2026-05-27,False,-15.4,,-48.71,-45.02,-12.51,16.94,,,,,,,
Shining Tools Ltd.,SME,shining-tools-ipo,2076,2025-11-07,2025-11-14,16.24,114.0,1.13,98.8,-13.33,74.0,INE0D8001018,,544607,,0.43,,1.87,621,,,,,BSE,SHTL,104.0,104.0,98.8,98.8,143,74.0,104.0,38.43,2025-11-14,2026-03-30,0,0.0410799,-8.77,-13.33,-35.09,-8.77,-66.29,-25.1,False,4800.0,1,10.0,2025-11-28,2025-11-28,False,-26.5,,-28.85,-61.01,-42.11,37.15,,,,,,,
Curis Lifesciences Ltd.,SME,curis-lifesciences-ipo,2401,2025-11-07,2025-11-14,26.14,128.0,52.57,141.0,10.16,112.0,INE1BZN01016,CURIS,,96.17,115.46,142.74,44.28,"21,473",7.8,22.07,2025-12-11,2026-02-09,NSE,CURIS,146.1,147.9,138.8,141.0,155,112.0,147.9,83.6,2025-11-14,2026-03-23,0,0.058882,14.14,10.16,-12.5,15.55,-34.69,-20.57,True,5650.0,4,72.0,2026-03-05,2026-07-16,False,13.5,,-24.27,-37.02,-24.11,27.62,,,,,,,
PhysicsWallah Ltd.,Mainboard,physicswallah-ipo,2266,2025-11-11,2025-11-18,3480.0,109.0,1.49,155.24,42.42,128.05,INE0LP301011,PWL,544609,2.86,0.51,0.58,1.14,"2,03,927",1562.85,30.99,2025-12-13,2026-02-11,NSE,PWL,145.0,161.99,137.35,155.24,168,128.05,161.99,77.72,2025-11-18,2026-03-04,0,205.0309175526,33.03,42.42,17.48,48.61,-28.7,-17.51,False,14341884.05,6,45.0,2026-01-22,2026-07-08,False,-17.6,,-20.95,-48.75,-21.91,25.62,,,,,,,
Emmvee Photovoltaic Power Ltd.,Mainboard,emmvee-photovoltaic-ipo,2518,2025-11-11,2025-11-18,2900.0,217.0,1.02,219.4,1.11,331.0,INE1C6T01020,EMMVEE,544608,,,,,,1305.0,31.03,2025-12-13,2026-02-11,NSE,EMMVEE,217.0,227.71,207.0,219.4,168,331.0,371.55,171.51,2026-07-16,2025-12-18,161,134.768293908,0.0,1.11,52.53,71.22,-20.96,50.87,False,3881736.25,3,34.0,2026-01-06,2026-07-16,False,11.7,71.0,-10.91,-28.66,-21.83,35.05,1.0,2026-04-10,2025-11-19,2.59,-24.82,-12.37,0.94
Mahamaya Lifesciences Ltd.,SME,mahamaya-lifesciences-ipo,2090,2025-11-11,2025-11-18,66.91,114.0,1.48,116.0,1.75,166.0,INE0U9D01019,,544611,1.19,3.63,5.0,1.02,"1,037",19.97,22.09,2025-12-13,2026-02-11,BSE,MAHALIFE,116.0,121.8,115.0,116.0,165,166.0,205.05,111.0,2025-12-19,2025-11-19,23,0.2066781,1.75,1.75,45.61,79.87,-2.63,43.1,False,12120.0,3,20.0,2025-12-16,2026-03-25,False,-11.7,153.0,-19.04,-31.85,-4.31,81.08,11.0,2025-12-03,2025-12-03,23.86,33.5,13.09,1.82
Workmates Core2Cloud Solution Ltd.,SME,workmates-core2cloud-ipo,2459,2025-11-11,2025-11-18,66.34,204.0,99.91,368.25,80.51,340.0,INE1I1301016,,544610,147.03,202.96,244.88,111.64,"1,30,049",19.58,21.9,2025-12-13,2026-02-11,BSE,WORKMATES,387.6,405.0,368.25,368.25,168,340.0,514.0,264.0,2025-12-10,2026-05-18,16,0.6649962,90.0,80.51,66.67,151.96,29.41,-7.67,True,20970.0,3,89.0,2026-03-30,2026-05-18,False,8.5,160.0,-33.85,-43.24,-9.74,49.31,7.0,2025-11-27,2025-11-27,2.29,-11.2,-18.42,0.03
Tenneco Clean Air India Ltd.,Mainboard,tenneco-clean-ipo,2509,2025-11-12,2025-11-19,3600.0,397.0,43.47,490.8,23.63,539.95,INE19RI01016,TENNIND,544612,174.78,42.79,49.38,5.37,"40,52,440",1080.0,23.08,2025-12-16,2026-02-14,NSE,TENNIND,505.0,517.0,480.1,490.8,167,539.95,657.0,438.05,2026-05-06,2025-12-18,111,33.85761927274999,27.2,23.63,36.01,65.49,10.34,10.01,False,581560.2,2,107.0,2026-04-29,2026-06-19,False,,77.0,-17.82,-17.1,-10.75,17.5,31.0,2026-04-01,2026-01-02,-5.5,-1.79,-2.81,3.58
Fujiyama Power Systems Ltd.,Mainboard,fujiyama-power-systems-ipo,2025,2025-11-13,2025-11-20,828.0,228.0,1.84,208.44,-8.58,383.8,INE12UR01024,UTLSOLAR,544613,5.24,0.92,0.56,1.05,"1,44,965",246.9,22.97,2025-12-17,2026-02-15,NSE,UTLSOLAR,220.0,230.99,205.25,208.44,166,383.8,402.45,172.0,2026-07-15,2026-03-05,158,21.55190465,-3.51,-8.58,68.33,76.51,-24.56,84.13,True,588208.15,3,96.0,2026-04-15,2026-04-24,False,67.5,69.0,-4.63,-22.3,-7.89,17.65,96.0,2026-04-15,2026-04-15,25.34,14.04,67.49,5.12
Capillary Technologies India Ltd.,Mainboard,capillary-technologies-ipo,2476,2025-11-14,2025-11-21,877.5,577.0,29.48,606.5,5.11,476.25,INE0ILV01024,CAPILLARY,544614,57.3,69.85,85.42,15.85,"9,92,263",393.98,30.98,2025-12-18,2026-02-16,NSE,CAPILLARY,571.9,633.9,570.05,606.5,165,476.25,798.95,464.25,2025-11-26,2026-03-27,3,6.197136787000001,-0.88,5.11,-17.46,38.47,-19.54,-21.48,False,121660.9,4,85.0,2026-03-27,2026-06-12,False,-0.7,118.0,-40.39,-35.67,-4.08,35.81,2.0,2026-01-29,2025-11-25,-3.63,-6.23,-25.75,1.52
Excelsoft Technologies Ltd.,Mainboard,excelsoft-technologies-ipo,2148,2025-11-19,2025-11-26,500.0,120.0,31.87,125.97,4.97,74.38,INE606N01019,EXCELSOFT,544617,50.06,107.04,122.93,16.44,"17,48,690",150.0,23.08,2025-12-23,2026-02-21,NSE,EXCELSOFT,135.0,142.59,125.13,125.97,162,74.38,142.59,66.4,2025-11-26,2026-03-30,0,9.67408884635,12.5,4.97,-38.02,18.83,-44.67,-40.95,False,1184621.6,2,118.0,2026-05-22,2026-07-02,False,,,-47.84,-47.04,-34.98,38.57,,,,,,,
Gallard Steel Ltd.,SME,gallard-steel-ipo,2242,2025-11-19,2025-11-26,35.63,150.0,263.01,234.25,56.17,157.0,INE0BUQ01012,,544616,228.48,624.56,745.96,351.58,"1,85,338",10.64,22.09,2025-12-25,2026-02-23,BSE,GALLARD,223.1,234.25,223.0,234.25,145,157.0,245.95,110.0,2025-11-27,2026-03-24,1,0.19459125,48.73,56.17,4.67,63.97,-26.67,-32.98,False,12500.0,2,64.0,2026-03-04,2026-03-27,False,4.5,143.0,-36.17,-50.7,-25.72,30.72,1.0,2025-11-27,2025-11-27,-18.22,-17.26,-37.79,0.06
Sudeep Pharma Ltd.,Mainboard,sudeep-pharma-ipo,2484,2025-11-21,2025-11-28,895.0,593.0,65.56,774.15,30.55,825.15,INE0QPI01025,SUDEEPPHRM,544619,213.08,116.72,134.91,15.65,"29,86,250",268.5,23.08,2025-12-26,2026-02-24,NSE,SUDEEPPHRM,730.0,795.0,725.0,774.15,160,825.15,894.95,524.05,2026-07-17,2026-01-21,154,13.968415435500003,23.1,30.55,39.15,50.92,-11.63,6.59,False,165672.45,4,31.0,2026-01-13,2026-06-01,False,1.6,28.0,-7.8,-31.54,-29.74,31.39,131.0,2026-06-15,2026-06-15,3.15,1.81,,3.72
SSMD Agrotech India Ltd.,SME,ssmd-agrotech-india-ipo,2523,2025-11-25,2025-12-02,32.2,121.0,1.46,76.65,-36.65,59.82,INE1U2R01013,,544621,5.33,0.62,0.21,2.54,"1,899",,,,,BSE,SSMD,73.0,76.65,73.0,76.65,150,59.82,80.45,30.1,2025-12-03,2026-03-12,1,0.0377347,-39.67,-36.65,-50.56,-33.51,-75.12,-21.96,False,6100.0,0,,,,False,,148.0,-25.64,-56.88,-32.16,37.12,1.0,2025-12-03,2025-12-03,-28.6,-26.52,-53.71,0.72
K K Silk Mills Ltd.,SME,k-k-silk-mills-ipo,2489,2025-11-26,2025-12-03,27.08,38.0,5.53,30.4,-20.0,10.01,INE0EOJ01014,,544624,5.71,1.6,0.75,9.72,"6,344",,,,,BSE,KKSILK,32.0,32.0,30.4,30.4,143,10.01,32.0,8.75,2025-12-03,2026-04-01,0,0.02442,-15.79,-20.0,-73.66,-15.79,-76.97,-67.07,False,22500.0,1,11.0,2025-12-18,2025-12-18,False,-38.7,,-68.72,-69.74,-48.82,43.82,,,,,,,
Mother Nutri Foods Ltd.,SME,mother-nutri-foods-ipo,2595,2025-11-26,2025-12-03,36.74,117.0,11.4,124.3,6.24,161.5,INE0UH001016,,544623,10.1,34.41,43.34,11.31,"7,073",10.99,21.73,2025-12-31,2026-03-01,BSE,MNFL,118.4,124.3,118.4,124.3,85,161.5,186.0,118.4,2025-12-18,2025-12-03,11,0.2280126,1.2,6.24,38.03,58.97,1.2,29.93,True,14460.0,4,48.0,2026-03-06,2026-06-11,False,,83.0,-13.17,-22.08,-1.85,51.49,1.0,2025-12-04,2025-12-04,31.38,40.23,25.67,0.26
Purple Wave Infocom Ltd.,SME,purple-wave-ipo,2451,2025-11-28,2025-12-05,29.84,126.0,5.29,130.5,3.57,129.8,INE0VDK01019,,544627,11.85,7.69,8.87,3.8,"2,079",7.99,20.26,2026-01-03,2026-03-04,BSE,PURPLEWAVE,132.0,138.0,130.15,130.5,145,129.8,147.0,95.1,2026-04-29,2026-07-06,89,0.35901,4.76,3.57,3.02,16.67,-24.52,-0.54,True,30750.0,7,41.0,2026-02-09,2026-07-15,False,-5.6,,-11.7,-22.31,-16.51,13.07,,,,,,,
Logiciel Solutions Ltd.,SME,logiciel-solutions-ipo,2561,2025-11-28,2025-12-05,37.9,193.0,2.0,146.7,-23.99,30.75,INE1BA901016,,544625,1.32,0.73,0.43,3.43,"2,938",,,,,BSE,LOGICIEL,154.4,154.4,146.7,146.7,148,30.75,154.4,30.0,2025-12-05,2026-03-12,0,0.01231557,-20.0,-23.99,-84.07,-20.0,-84.46,-79.04,False,3570.0,5,9.0,2025-12-19,2026-06-10,False,-57.1,,-80.08,-79.28,-64.89,59.92,,,,,,,
Exato Technologies Ltd.,SME,exato-technologies-ipo,2708,2025-11-28,2025-12-05,35.57,140.0,656.94,279.3,99.5,568.25,INE1E4401010,,544626,327.08,1488.72,1716.64,1068.74,"5,68,769",10.65,22.15,2026-01-02,2026-03-03,BSE,EXATO,266.0,279.3,266.0,279.3,154,568.25,643.0,266.0,2026-07-14,2025-12-05,145,4.975019875,90.0,99.5,305.89,359.29,90.0,103.46,True,97025.0,5,44.0,2026-02-10,2026-07-13,False,13.1,152.0,-11.63,-31.65,4.99,65.07,1.0,2025-12-08,2025-12-08,27.21,14.83,5.44,0.25
Ravelcare Ltd.,SME,ravelcare-ipo,2443,2025-12-01,2025-12-08,22.88,130.0,305.19,190.95,46.88,120.3,INE0W4D01018,,544629,155.91,752.16,879.74,463.13,"1,77,452",6.83,22.07,2026-01-03,2026-03-04,BSE,RAVEL,201.0,208.95,190.95,190.95,146,120.3,215.0,104.0,2026-02-03,2026-06-11,38,0.05417375,54.62,46.88,-7.46,65.38,-20.0,-37.0,True,4650.0,3,89.0,2026-04-23,2026-06-01,False,,,-44.05,-48.55,-38.73,40.85,,,,,,,
Clear Secured Services Ltd.,SME,clear-secured-services-ipo,2480,2025-12-01,2025-12-08,81.31,132.0,6.47,113.05,-14.36,95.0,INE1EF801010,CSSL,,9.98,12.51,14.66,6.6,"9,023",24.39,22.18,2026-01-02,2026-03-03,NSE,CSSL,119.0,119.0,113.05,113.05,152,95.0,163.0,89.5,2026-01-30,2026-05-13,36,0.158211,-9.85,-14.36,-28.03,23.48,-32.2,-15.97,False,15700.0,5,73.0,2026-03-25,2026-07-09,False,-9.3,141.0,-41.72,-40.76,-14.42,48.78,10.0,2025-12-22,2025-12-22,9.6,11.71,-6.85,0.51
Speb Adhesives Ltd.,SME,speb-adhesives-ipo,2481,2025-12-01,2025-12-08,30.72,56.0,2.06,57.0,1.79,87.0,INE1CW901027,SPEB,,2.06,4.09,4.88,1.75,"1,008",8.98,21.03,2026-01-02,2026-03-03,NSE,SPEB,60.0,60.0,57.0,57.0,114,87.0,98.25,46.55,2026-06-01,2026-01-01,84,0.0578535,7.14,1.79,55.36,75.45,-16.88,52.63,False,6600.0,3,39.0,2026-02-26,2026-03-25,False,64.7,45.0,-11.45,-13.53,-18.33,22.37,68.0,2026-05-07,2026-05-07,23.09,45.27,,2.1
Invicta Diagnostic Ltd.,SME,invicta-diagnostic-ipo,2521,2025-12-01,2025-12-08,26.71,85.0,3.41,96.7,13.76,63.75,INE0XJ501010,INVICTA,,3.51,6.96,7.3,3.44,"1,772",,,,,NSE,INVICTA,100.0,105.0,95.0,96.7,146,63.75,105.0,58.1,2025-12-08,2026-03-05,0,0.0645044,17.65,13.76,-25.0,23.53,-31.65,-34.07,False,9440.0,4,44.0,2026-02-12,2026-04-28,False,11.3,,-39.29,-41.65,-33.82,32.32,,,,,,,
Astron Multigrain Ltd.,SME,astron-multigrain-ipo,2636,2025-12-01,2025-12-08,17.46,63.0,1.22,47.88,-24.0,18.5,INE0RUY01012,,544628,,0.5,,1.94,773,,,,,BSE,ASTRONMULT,50.4,50.4,47.88,47.88,143,18.5,50.4,14.1,2025-12-08,2026-05-05,0,0.0139152,-20.0,-24.0,-70.63,-20.0,-77.62,-61.36,True,8000.0,1,12.0,2025-12-24,2025-12-24,False,-24.5,,-63.29,-68.67,-62.01,57.02,,,,,,,
Neochem Bio Solutions Ltd.,SME,neochem-bio-ipo,2557,2025-12-02,2025-12-09,42.69,98.0,11.2,111.8,14.08,85.2,INE21UM01018,NEOCHEM,,21.97,21.15,25.78,9.42,"7,646",12.77,22.12,2026-01-04,2026-03-05,NSE,NEOCHEM,108.0,113.4,102.6,111.8,147,85.2,121.0,63.0,2026-05-25,2026-03-30,104,0.1453536,10.2,14.08,-13.06,23.47,-35.71,-23.79,False,15660.0,5,57.0,2026-03-12,2026-05-19,False,29.5,42.0,-29.59,-43.43,-36.49,37.57,104.0,2026-05-25,2026-05-25,-15.93,-8.03,,1.03
Helloji Holidays Ltd.,SME,helloji-holidays-ipo,2609,2025-12-02,2025-12-09,10.41,118.0,21.27,123.9,5.0,111.0,INE1FJE01010,,544630,34.4,41.6,50.86,22.8,"3,690",3.12,22.13,2026-01-06,2026-03-07,BSE,HELLOJI,118.0,123.9,115.0,123.9,62,111.0,151.5,101.5,2026-01-19,2026-03-20,23,0.0780588,0.0,5.0,-5.93,28.39,-13.98,-10.41,False,6480.0,1,58.0,2026-07-14,2026-07-14,True,,6.0,-26.73,-26.67,-15.25,37.53,1.0,2026-06-30,2025-12-10,-1.54,13.61,-14.65,0.1
Vidya Wires Ltd.,Mainboard,vidya-wires-ipo,2005,2025-12-03,2025-12-10,300.01,52.0,19.99,53.17,2.25,88.54,INE14UN01029,VIDYAWIRES,544633,5.45,55.94,51.16,29.98,"18,35,845",90.0,23.08,2026-01-06,2026-03-07,NSE,VIDYAWIRES,52.0,58.45,50.0,53.17,152,88.54,117.35,44.06,2026-05-29,2026-01-27,112,9.2911553583,0.0,2.25,70.27,125.67,-15.27,66.52,False,964302.8,3,62.0,2026-03-12,2026-04-24,False,59.4,72.0,-24.55,-25.58,-16.55,20.73,79.0,2026-04-09,2026-04-09,34.11,52.85,52.77,7.5
Aequs Ltd.,Mainboard,aequs-ipo,2465,2025-12-03,2025-12-10,921.81,124.0,57.41,151.29,22.01,229.23,INE947N01017,AEQUS,544634,122.93,83.61,79.86,81.03,"44,15,043",413.92,30.98,2026-01-06,2026-03-07,NSE,AEQUS,140.0,157.0,135.4,151.29,152,229.23,274.39,113.3,2026-07-09,2026-03-16,140,225.5880923642,12.9,22.01,84.86,121.28,-8.63,51.52,False,9100986.35,4,80.0,2026-04-10,2026-07-08,False,79.3,68.0,-16.46,-27.51,-12.66,21.98,5.0,2026-04-16,2025-12-17,-12.98,-15.01,-23.27,2.76
Meesho Ltd.,Mainboard,meesho-ipo,2516,2025-12-03,2025-12-10,5421.2,111.0,45.28,170.09,53.23,185.24,INE0VDM01015,MEESHO,544632,123.34,39.85,43.64,19.89,"62,75,385",2439.54,31.03,2026-01-06,2026-03-07,NSE,MEESHO,162.5,177.49,162.0,170.09,152,185.24,254.4,125.56,2025-12-18,2026-03-16,6,290.7882717453,46.4,53.23,66.88,129.19,13.12,8.91,False,15315362.05,6,59.0,2026-03-09,2026-06-10,False,16.3,22.0,-27.19,-42.79,-9.52,59.09,4.0,2026-06-23,2025-12-16,-0.04,-8.87,-25.25,1.1
Shri Kanha Stainless Ltd.,SME,shri-kanha-stainless-ipo,2530,2025-12-03,2025-12-10,43.95,90.0,2.75,83.6,-7.11,23.0,INE1V4601019,SHRIKANHA,,,0.61,,4.91,"3,919",,,,,NSE,SHRIKANHA,88.0,88.0,83.6,83.6,140,23.0,88.0,15.1,2025-12-10,2026-04-01,0,0.0198612,-2.22,-7.11,-74.44,-2.22,-83.22,-72.49,False,7840.0,2,10.0,2025-12-26,2025-12-31,False,-48.4,,-73.86,-81.04,-71.29,66.33,,,,,,,
Western Overseas Study Abroad Ltd.,SME,western-overseas-ipo,2089,2025-12-04,2025-12-11,9.56,56.0,1.39,52.16,-6.86,19.8,INE1MF401019,,544636,,0.39,,2.43,551,,,,,BSE,WOSAL,54.9,54.9,52.16,52.16,105,19.8,54.9,15.44,2025-12-11,2026-03-27,0,0.0091377,-1.96,-6.86,-64.64,-1.96,-72.43,-62.04,True,4800.0,1,6.0,2026-01-01,2026-01-01,False,-4.9,,-63.93,-69.77,-65.64,60.66,,,,,,,
Luxury Time Ltd.,SME,luxury-time-ipo,2712,2025-12-04,2025-12-11,16.98,82.0,443.97,163.59,99.5,72.98,INE1CJB01013,,544635,205.58,676.95,701.97,860.53,"2,20,119",5.06,21.27,2026-01-08,2026-03-08,BSE,LUXURY,155.8,163.59,155.8,163.59,137,72.98,168.0,56.2,2025-12-12,2026-03-19,1,0.03910864,90.0,99.5,-11.0,104.88,-31.46,-55.39,True,5600.0,5,10.0,2025-12-26,2026-03-24,False,-40.4,,-56.56,-64.91,-57.91,60.61,,,,,,,
Flywings Simulator Training Centre Ltd.,SME,flywings-simulator-ipo,2396,2025-12-05,2025-12-12,54.19,191.0,1.47,204.75,7.2,200.0,INE0SQZ01015,FWSTC,,1.56,3.47,4.66,0.97,929,16.24,22.16,2026-01-09,2026-03-10,NSE,FWSTC,195.0,204.75,186.0,204.75,119,200.0,248.0,145.0,2025-12-18,2026-03-23,4,0.3571347,2.09,7.2,4.71,29.84,-24.08,-2.32,True,18120.0,10,54.0,2026-03-17,2026-07-24,True,9.4,117.0,-19.35,-36.88,-14.04,35.16,1.0,2025-12-15,2025-12-15,2.63,-8.51,-12.03,0.14
Encompass Design India Ltd.,SME,scalesauce-ipo,2547,2025-12-05,2025-12-12,38.2,107.0,1.86,193.15,80.51,217.1,INE433T01015,ENCOMPAS,,1.25,4.6,5.73,1.69,"1,164",11.44,22.15,2026-01-09,2026-03-10,NSE,ENCOMPAS,203.3,203.3,193.15,193.15,149,217.1,302.9,167.35,2026-04-13,2025-12-17,78,0.3644057,90.0,80.51,102.9,183.08,56.4,12.4,False,15420.0,3,63.0,2026-03-18,2026-07-24,True,-2.7,142.0,-28.33,-26.73,-13.36,50.56,6.0,2025-12-22,2025-12-22,19.95,3.04,26.62,0.44
Methodhub Software Ltd.,SME,methodhub-software-ipo,2614,2025-12-05,2025-12-12,97.35,194.0,21.11,162.9,-16.03,76.0,INE0QZR01017,,544637,27.55,47.97,58.22,21.54,"41,076",,,,,BSE,METHODHUB,155.2,162.9,147.45,162.9,150,76.0,171.95,63.0,2025-12-22,2026-03-30,6,0.14886372,-20.0,-16.03,-60.82,-11.37,-67.53,-53.35,False,18060.0,1,109.0,2026-05-27,2026-05-27,False,,144.0,-55.8,-60.53,-30.63,36.19,5.0,2025-12-19,2025-12-19,-17.16,-24.98,-38.89,0.39
Corona Remedies Ltd.,Mainboard,corona-remedies-ipo,2433,2025-12-08,2025-12-15,655.37,1062.0,101.01,1438.4,35.44,2113.0,INE02ZQ01018,CORONA,544644,293.8,220.18,246.67,30.39,"41,87,186",194.86,22.91,2026-01-09,2026-03-10,NSE,CORONA,1470.0,1497.8,1413.0,1438.4,149,2113.0,2128.4,1336.6,2026-07-21,2025-12-23,145,6.1967898635,38.42,35.44,98.96,100.41,25.86,46.9,True,30460.45,2,97.0,2026-05-12,2026-06-17,False,,74.0,-0.72,-10.03,-7.08,14.21,22.0,2026-04-07,2026-01-16,-2.73,2.85,13.18,0.66
Wakefit Innovations Ltd.,Mainboard,wakefit-innovations-ipo,2488,2025-12-08,2025-12-15,1288.89,195.0,1.82,192.29,-1.39,129.7,INE0E7301029,WAKEFIT,544642,3.04,1.05,0.88,3.17,"2,33,012",580.0,31.03,2026-01-09,2026-03-10,NSE,WAKEFIT,195.0,203.5,177.0,192.29,149,129.7,224.0,111.4,2026-02-12,2026-06-08,40,110.50307543384997,0.0,-1.39,-33.49,14.87,-42.87,-32.55,True,7753825.2,8,38.0,2026-02-10,2026-07-23,True,-38.3,109.0,-42.1,-47.62,-14.68,19.19,39.0,2026-02-11,2026-02-11,-10.08,-21.85,-44.56,7.13
Riddhi Display Equipments Ltd.,SME,riddhi-display-ipo,2260,2025-12-08,2025-12-15,23.45,100.0,4.89,76.0,-24.0,32.14,INE1DKT01011,,544640,2.19,1.92,1.59,7.95,"4,262",,,,,BSE,RDEL,80.0,80.0,76.0,76.0,124,32.14,80.0,23.5,2025-12-15,2026-03-30,0,0.01184076,-20.0,-24.0,-67.86,-20.0,-76.5,-57.71,False,3540.0,3,11.0,2025-12-31,2026-03-30,False,-25.5,,-59.82,-68.71,-53.95,48.95,,,,,,,
Prodocs Solutions Ltd.,SME,prodocs-solutions-ipo,2494,2025-12-08,2025-12-15,26.22,138.0,2.17,151.2,9.57,166.05,INE10XK01019,,544643,1.59,4.61,5.51,2.38,921,7.7,21.81,2026-01-09,2026-03-10,BSE,PRODOCS,144.0,151.2,141.0,151.2,109,166.05,254.3,141.0,2025-12-30,2025-12-15,10,0.03955475,4.35,9.57,20.33,84.28,2.17,9.82,False,2350.0,3,55.0,2026-03-11,2026-03-23,False,,107.0,-34.7,-33.08,4.99,63.19,1.0,2025-12-16,2025-12-16,41.45,26.71,19.69,0.0
K.V.Toys India Ltd.,SME,k-v-toys-india-ipo,2778,2025-12-08,2025-12-15,37.74,239.0,247.16,336.0,40.59,280.0,INE1IE301018,,544641,193.25,505.19,577.76,376.41,"2,12,515",11.19,21.79,2026-01-12,2026-03-13,BSE,KVTOYS,320.0,336.0,304.0,336.0,146,280.0,363.9,180.0,2025-12-29,2026-03-30,9,0.68265735,33.89,40.59,17.15,52.26,-24.69,-16.67,False,22230.0,3,80.0,2026-04-20,2026-07-07,False,11.5,126.0,-23.06,-47.06,-23.07,31.37,5.0,2026-01-12,2025-12-22,-0.99,-9.78,-40.82,0.92
Park Medi World Ltd.,Mainboard,park-medi-world-ipo,2297,2025-12-10,2025-12-17,920.0,162.0,6.25,147.95,-8.67,280.25,INE119201023,PARKHOSPS,544645,12.07,15.93,18.34,3.32,"6,44,724",276.0,23.08,2026-01-13,2026-03-14,NSE,PARKHOSPS,158.8,165.87,146.93,147.95,147,280.25,305.0,138.1,2026-07-01,2025-12-18,129,30.389104427750002,-1.98,-8.67,72.99,88.27,-14.75,89.42,False,1054575.5,2,36.0,2026-02-10,2026-07-17,True,48.9,110.0,-8.11,-13.11,-6.66,16.63,36.0,2026-02-10,2026-02-10,15.92,22.19,48.94,6.29
Nephrocare Health Services Ltd.,Mainboard,nephrocare-health-ipo,2548,2025-12-10,2025-12-17,871.05,460.0,10.12,471.25,2.45,673.1,INE428V01029,NEPHROPLUS,544647,26.82,24.77,30.43,2.36,"4,54,416",260.26,23.0,2026-01-13,2026-03-14,NSE,NEPHROPLUS,490.0,499.0,463.8,471.25,147,673.1,769.75,446.0,2026-06-12,2025-12-19,117,12.7779459475,6.52,2.45,46.33,67.34,-3.04,42.83,True,196240.6,4,37.0,2026-02-11,2026-07-09,False,0.2,121.0,-12.56,-17.39,-5.36,18.86,14.0,2026-01-23,2026-01-07,-1.35,5.42,9.78,0.65
Shipwaves Online Ltd.,SME,shipwaves-online-ipo,2296,2025-12-10,2025-12-17,53.53,12.0,1.65,11.4,-5.0,3.28,INE0O9L01010,,544646,,0.36,,2.92,"3,479",,,,,BSE,SHIPWAVES,12.0,12.0,11.4,11.4,147,3.28,12.0,3.02,2025-12-17,2026-07-23,0,0.033918,0.0,-5.0,-72.67,0.0,-74.83,-71.23,False,100000.0,3,11.0,2026-01-02,2026-01-12,False,-38.8,,-72.67,-72.28,-64.04,59.04,,,,,,,
Unisem Agritech Ltd.,SME,unisem-agritech-ipo,2621,2025-12-10,2025-12-17,20.36,65.0,1.84,61.75,-5.0,54.99,INE1FHV01026,,544648,1.79,1.78,1.42,2.28,723,6.08,22.1,2026-01-14,2026-03-15,BSE,UNISEM,65.0,66.0,61.75,61.75,113,54.99,67.91,45.83,2025-12-23,2026-07-03,4,0.0559904,0.0,-5.0,-15.4,4.48,-29.49,-10.95,True,10800.0,1,38.0,2026-02-19,2026-02-19,False,-27.7,,-19.03,-27.68,-15.47,25.44,,,,,,,
HRS Aluglaze Ltd.,SME,hrs-aluglaze-ipo,2612,2025-12-11,2025-12-18,48.28,96.0,35.49,132.3,37.81,248.9,INE1E1V01017,,544656,19.48,82.13,98.16,49.54,"44,760",10.02,16.45,2026-01-13,2026-03-14,BSE,HRS,126.0,132.3,126.0,132.3,145,248.9,292.6,126.0,2026-03-27,2025-12-18,66,0.6802731,31.25,37.81,159.27,204.79,31.25,88.13,True,27200.0,2,123.0,2026-06-24,2026-06-30,False,,143.0,-14.94,-28.82,3.97,65.31,1.0,2025-12-19,2025-12-19,12.34,20.47,90.05,0.36
Pajson Agro India Ltd.,SME,pajson-agro-india-ipo,2648,2025-12-11,2025-12-18,70.23,118.0,4.95,130.2,10.34,180.0,INE14LM01012,,544657,10.92,6.86,7.73,3.85,"4,238",20.91,21.93,2026-01-14,2026-03-15,BSE,PAJSON,124.0,130.2,120.05,130.2,144,180.0,255.0,120.05,2026-02-09,2025-12-18,34,0.0675777,5.08,10.34,52.54,116.1,1.74,38.25,False,3750.0,3,65.0,2026-03-27,2026-06-25,False,14.4,142.0,-29.41,-37.07,4.99,35.6,1.0,2025-12-19,2025-12-19,11.41,8.63,31.6,0.02
ICICI Prudential Asset Management Co.Ltd.,Mainboard,icici-prudential-amc-ipo,2525,2025-12-12,2025-12-19,10602.65,2165.0,28.19,2585.9,19.44,3125.6,INE346A01027,ICICIAMC,544658,123.87,22.04,25.42,2.53,"55,07,138",3021.76,22.18,2026-01-15,2026-03-16,NSE,ICICIAMC,2600.0,2663.4,2575.0,2585.9,145,3125.6,3611.0,2530.0,2026-05-29,2025-12-22,105,144.229922085,20.09,19.44,44.37,66.79,16.86,20.87,False,453373.55,2,118.0,2026-06-17,2026-06-19,False,,128.0,-13.44,-14.59,-2.16,23.24,10.0,2026-01-13,2026-01-05,5.61,14.11,12.42,0.12
Ashwini Container Movers Ltd.,SME,ashwini-container-movers-ipo,2121,2025-12-12,2025-12-19,67.45,142.0,1.54,140.1,-1.34,197.2,INE1A6Q01010,ASHWINI,,1.31,3.5,4.51,1.15,"1,209",20.11,22.07,2026-01-15,2026-03-16,NSE,ASHWINI,147.0,147.0,139.65,140.1,140,197.2,219.9,120.0,2026-07-22,2026-02-20,137,0.5697025,3.52,-1.34,38.87,54.86,-15.49,40.76,True,29300.0,5,47.0,2026-03-02,2026-06-22,False,-0.7,23.0,-10.32,-21.77,-8.71,28.48,10.0,2026-06-22,2026-01-05,-2.44,-8.44,-6.24,0.84
Exim Routes Ltd.,SME,exim-routes-ipo,2539,2025-12-12,2025-12-19,41.54,88.0,10.83,115.5,31.25,112.0,INE19I001020,EXIMROUTES,,19.11,22.43,27.73,9.94,"6,701",12.42,22.12,2026-01-16,2026-03-17,NSE,EXIMROUTES,110.0,115.5,104.5,115.5,142,112.0,281.9,90.0,2026-01-09,2026-06-12,14,0.3054272,25.0,31.25,27.27,220.34,2.27,-3.03,True,27560.0,5,38.0,2026-02-18,2026-07-14,False,-32.2,34.0,-60.27,-62.8,-4.98,149.05,1.0,2026-06-04,2025-12-22,78.37,64.94,12.34,0.15
Stanbik Agro Ltd.,SME,stanbik-agro-ipo,2602,2025-12-12,2025-12-19,11.65,30.0,1.48,33.33,11.1,32.79,INE16QA01011,,544659,,1.27,,1.7,460,,,,,BSE,STANBIK,31.75,33.33,31.75,33.33,69,32.79,39.4,27.2,2026-06-22,2026-07-07,61,0.0421412,5.83,11.1,9.3,31.33,-9.33,-1.62,True,12800.0,2,23.0,2026-01-29,2026-06-23,False,,4.0,-16.78,-25.46,-17.49,22.5,1.0,2026-06-25,2025-12-22,0.0,-1.4,15.73,0.3
Neptune Logitek Ltd.,SME,neptune-logitek-ipo,2461,2025-12-15,2025-12-22,44.29,126.0,1.59,95.8,-23.97,36.5,INE1NQ501012,,544663,,0.32,,2.9,"2,692",,,,,BSE,NEPLOG,100.8,100.8,95.8,95.8,131,36.5,100.8,33.3,2025-12-22,2026-06-09,0,0.02790635,-20.0,-23.97,-71.03,-20.0,-73.57,-61.9,True,7750.0,5,6.0,2025-12-31,2026-06-09,False,-31.9,,-63.79,-65.13,-52.18,47.22,,,,,,,
KSH International Ltd.,Mainboard,ksh-international-ipo,2454,2025-12-16,2025-12-23,626.35,384.0,0.98,355.0,-7.55,888.45,INE987S01020,KSHINTL,544664,1.12,0.44,0.26,0.91,"1,15,497",213.0,24.84,2026-01-17,2026-03-18,NSE,KSHINTL,370.0,370.25,350.0,355.0,143,888.45,930.0,330.4,2026-07-16,2026-01-13,136,28.478222728249996,-3.65,-7.55,131.37,142.19,-13.96,150.27,True,330964.65,2,51.0,2026-03-10,2026-05-27,False,108.8,93.0,-4.47,-14.61,-6.93,20.65,7.0,2026-03-06,2026-01-02,-3.98,-2.73,31.12,0.68
MARC Technocrats Ltd.,SME,marc-technocrats-ipo,2084,2025-12-17,2025-12-24,40.37,93.0,9.69,70.7,-23.98,120.85,INE0TD401015,MARC,,9.51,8.99,10.18,10.75,"12,195",,,,,NSE,MARC,74.4,74.4,70.7,70.7,136,120.85,121.2,40.75,2026-07-24,2026-01-12,135,0.3319602,-20.0,-23.98,29.95,30.32,-56.18,70.93,True,33540.0,2,78.0,2026-04-24,2026-06-24,False,,24.0,-0.29,-41.23,-42.36,37.41,73.0,2026-06-18,2026-04-17,17.69,20.13,46.6,1.94
Global Ocean Logistics India Ltd.,SME,global-ocean-logistics-ipo,2522,2025-12-17,2025-12-24,28.89,78.0,9.89,79.29,1.65,132.1,INE1ITY01011,,544665,4.77,29.47,36.63,11.9,"6,210",8.65,22.14,2026-01-21,2026-03-22,BSE,GLOBALLOG,79.2,82.4,79.2,79.29,101,132.1,172.91,79.2,2026-01-29,2025-12-24,23,0.375936,1.54,1.65,69.36,121.68,1.54,66.6,False,26000.0,6,53.0,2026-03-24,2026-05-21,False,,99.0,-23.6,-38.21,-0.11,118.19,1.0,2025-12-26,2025-12-26,54.11,88.4,37.12,0.29
Gujarat Kidney & Super Speciality Ltd.,Mainboard,gujarat-kidney-and-super-speciality-ipo,2289,2025-12-22,2025-12-30,250.8,114.0,3.42,104.54,-8.3,128.2,INE0V0W01025,GKSL,544666,1.06,5.73,5.25,19.04,"2,59,831",100.01,28.51,2026-01-24,2026-03-25,NSE,GKSL,120.0,123.0,102.9,104.54,139,128.2,148.34,98.36,2026-05-25,2026-01-23,96,3.948027337550001,5.26,-8.3,12.46,30.12,-13.72,22.63,False,297815.8,2,79.0,2026-04-29,2026-07-14,False,,55.0,-13.58,-13.3,-5.91,16.29,80.0,2026-05-06,2026-04-30,9.58,8.18,,1.98
Sundrex Oil Co.Ltd.,SME,sundrex-oil-company-ipo,2186,2025-12-22,2025-12-30,30.62,86.0,1.38,65.4,-23.95,28.4,INE0CTB01014,SOCL,,1.0,1.01,0.97,1.9,"1,376",,,,,NSE,SOCL,68.8,68.8,65.4,65.4,127,28.4,68.8,23.65,2025-12-30,2026-04-01,0,0.0161244,-20.0,-23.95,-66.98,-20.0,-72.5,-56.57,True,6000.0,2,11.0,2026-01-14,2026-01-16,False,-4.9,,-58.72,-63.07,-58.33,53.36,,,,,,,
Shyam Dhani Industries Ltd.,SME,shyam-dhani-industries-ipo,2261,2025-12-22,2025-12-30,36.53,70.0,690.06,139.65,99.5,58.25,INE1CRP01016,SHYAMDHANI,,256.24,1612.65,1849.56,1137.92,"6,22,075",10.92,22.1,2026-01-24,2026-03-25,NSE,SHYAMDHANI,133.0,139.65,133.0,139.65,130,58.25,139.65,47.0,2025-12-30,2026-03-30,0,0.0496215,90.0,99.5,-16.79,99.5,-32.86,-58.29,False,8100.0,2,58.0,2026-03-25,2026-04-07,False,12.2,,-58.29,-65.63,-46.12,41.14,,,,,,,
Dachepalli Publishers Ltd.,SME,dachepalli-publishers-ipo,2486,2025-12-22,2025-12-30,38.36,102.0,1.7,79.15,-22.4,81.6,INE1F9M01018,,544667,1.29,3.04,3.5,1.9,"1,240",11.48,22.13,2026-01-24,2026-03-25,BSE,DACHEPALLI,81.6,85.65,77.55,79.15,127,81.6,96.77,48.1,2026-05-06,2026-03-30,78,0.13073178,-20.0,-22.4,-20.0,-5.13,-52.84,3.1,True,16320.0,5,45.0,2026-03-12,2026-07-17,True,49.6,19.0,-15.68,-46.15,-20.24,33.95,2.0,2026-06-25,2026-01-01,-17.13,-21.84,-26.44,0.08
EPW India Ltd.,SME,epw-india-ipo,2607,2025-12-22,2025-12-30,30.22,97.0,1.21,116.55,20.15,260.0,INE1KEC01023,EPWINDIA,,1.17,1.53,0.98,1.31,716,9.04,22.14,2026-01-24,2026-03-25,NSE,EPWINDIA,111.0,116.55,111.0,116.55,119,260.0,282.05,98.0,2026-07-14,2026-01-23,110,0.4750497,14.43,20.15,168.04,190.77,1.03,123.08,True,19200.0,4,67.0,2026-04-28,2026-06-29,False,,51.0,-7.82,-16.91,-15.92,21.88,1.0,2026-04-28,2025-12-31,-10.18,-16.49,-4.03,0.8
Apollo Techno Industries Ltd.,SME,apollo-techno-ipo,2258,2025-12-23,2025-12-31,45.55,130.0,37.2,151.95,16.88,83.7,INE0X4A01013,,544671,25.26,98.0,114.82,44.81,"36,289",13.65,22.16,2026-01-27,2026-03-28,BSE,ATIL,145.0,152.25,140.0,151.95,134,83.7,156.0,77.0,2026-01-01,2026-03-27,1,0.27561425,11.54,16.88,-35.62,20.0,-40.77,-44.92,True,33700.0,4,43.0,2026-03-05,2026-07-02,False,-14.6,,-46.35,-47.29,-37.55,40.21,,,,,,,
Bai Kakaji Polymers Ltd.,SME,bai-kakaji-polymers-ipo,2504,2025-12-23,2025-12-31,99.9,186.0,4.46,188.2,1.18,189.05,INE1IJQ01026,,544670,7.88,7.84,9.27,3.56,"7,209",29.91,22.14,2026-01-29,2026-03-30,BSE,BAIKAKAJI,190.0,192.0,180.5,188.2,137,189.05,220.0,143.1,2026-01-14,2026-03-09,10,0.5088522,2.15,1.18,1.64,18.28,-23.06,0.45,False,26490.0,2,57.0,2026-03-27,2026-06-15,False,15.0,9.0,-14.07,-25.27,-6.99,23.88,9.0,2026-07-13,2026-01-13,3.11,-0.94,-10.92,0.6
Admach Systems Ltd.,SME,admach-systems-ipo,2578,2025-12-23,2025-12-31,40.47,239.0,3.84,200.75,-16.0,386.65,INE0XLO01010,,544669,1.55,7.4,9.21,3.77,"3,038",,,,,BSE,ADMACH,191.2,200.75,191.2,200.75,136,386.65,413.95,179.0,2026-07-20,2026-04-01,131,0.4812165,-20.0,-16.0,61.78,73.2,-25.1,92.6,True,13950.0,1,128.0,2026-07-15,2026-07-15,False,,58.0,-6.59,-24.02,-7.85,29.89,1.0,2026-04-30,2026-01-01,8.54,-0.17,-11.74,0.07
Nanta Tech Ltd.,SME,nanta-tech-ipo,2631,2025-12-23,2025-12-31,29.91,220.0,5.08,245.7,11.68,489.8,INE0YJA01011,,544668,12.98,7.03,8.49,2.91,"1,633",7.92,19.93,2026-01-28,2026-03-29,BSE,NANTA,234.0,245.7,234.0,245.7,133,489.8,651.4,234.0,2026-06-29,2025-12-31,114,0.4730673,6.36,11.68,122.64,196.09,6.36,99.35,False,9330.0,2,58.0,2026-03-30,2026-06-03,False,106.8,131.0,-24.81,-29.75,1.75,46.81,1.0,2026-01-01,2026-01-01,11.77,14.56,18.63,0.0
Dhara Rail Projects Ltd.,SME,dhara-rail-projects-ipo,2765,2025-12-23,2025-12-31,47.63,126.0,78.53,157.5,25.0,130.0,INE2HJL01019,DHARARAIL,,71.3,199.41,237.67,97.61,"83,088",14.28,22.14,2026-01-28,2026-03-29,NSE,DHARARAIL,150.0,157.5,142.6,157.5,137,130.0,172.5,90.05,2026-06-10,2026-03-30,106,0.12982525,19.05,25.0,3.17,36.9,-28.53,-17.46,False,8900.0,2,74.0,2026-04-23,2026-05-04,False,14.6,19.0,-24.64,-42.83,-34.48,32.13,104.0,2026-06-25,2026-06-08,0.88,-10.78,,2.11
E to E Transportation Infrastructure Ltd.,SME,e-to-e-transportation-infrastructure-ipo,2720,2025-12-26,2026-01-02,79.97,174.0,368.17,327.8,88.39,262.05,INE1CEJ01017,E2ERAIL,,236.3,872.09,1026.44,544.28,"6,65,431",23.97,22.16,2026-01-30,2026-03-31,NSE,E2ERAIL,330.6,347.1,314.2,327.8,136,262.05,347.1,171.0,2026-01-02,2026-03-23,0,0.7551082,90.0,88.39,50.6,99.48,-1.72,-20.06,False,28200.0,5,61.0,2026-04-07,2026-07-13,False,33.3,,-24.5,-46.81,-38.62,33.63,,,,,,,
Modern Diagnostic & Research Centre Ltd.,SME,modern-diagnostic-ipo,2276,2025-12-31,2026-01-07,35.04,90.0,263.37,94.99,5.54,52.0,INE1HK501016,,544673,193.51,702.08,855.83,342.46,"1,90,121",10.45,22.08,2026-02-03,2026-04-04,BSE,MDRC,99.5,100.0,94.53,94.99,108,52.0,100.0,49.0,2026-01-07,2026-07-16,0,0.04273648,10.56,5.54,-42.22,11.11,-45.56,-45.26,False,8240.0,1,75.0,2026-06-01,2026-06-01,False,,,-48.0,-48.42,-21.89,23.21,,,,,,,
Gabion Technologies India Ltd.,SME,gabion-technologies-india-ipo,2277,2026-01-06,2026-01-13,27.7,81.0,573.45,93.41,15.32,83.5,INE1H1501013,,544675,271.13,1467.78,1780.71,867.23,"4,00,344",8.28,22.12,2026-02-07,2026-04-08,BSE,GTIL,89.0,93.45,84.55,93.41,127,83.5,98.0,43.52,2026-07-15,2026-03-27,119,0.64242888,9.88,15.32,3.09,20.99,-46.27,-10.61,True,75440.0,4,49.0,2026-03-30,2026-07-15,False,18.0,124.0,-14.8,-51.05,-32.02,36.4,2.0,2026-01-16,2026-01-16,-25.98,-22.64,-33.69,0.45
Yajur Fibres Ltd.,SME,yajur-fibres-ipo,2128,2026-01-07,2026-01-14,114.38,174.0,1.24,132.25,-23.99,37.39,INE0CNJ01010,,544676,1.03,0.91,0.87,1.51,"4,711",,,,,BSE,YAJUR,139.2,139.2,132.25,132.25,126,37.39,139.2,35.0,2026-01-14,2026-03-30,0,0.04939992,-20.0,-23.99,-78.51,-20.0,-79.89,-71.73,False,12840.0,2,9.0,2026-01-30,2026-02-02,False,-25.0,,-73.14,-72.86,-65.22,60.23,,,,,,,
Victory Electric Vehicles International Ltd.,SME,victory-electric-vehicles-ipo,2315,2026-01-07,2026-01-14,32.83,41.0,1.0,32.75,-20.12,16.95,INE0F8901022,VICTORYEV,,,,,,,,,,,NSE,VICTORYEV,34.45,34.45,32.75,32.75,127,16.95,34.45,13.7,2026-01-14,2026-04-01,0,0.04132125,-15.98,-20.12,-58.66,-15.98,-66.59,-48.24,True,24600.0,5,6.0,2026-01-23,2026-05-26,False,-28.3,,-50.8,-57.25,-52.21,47.33,,,,,,,
Bharat Coking Coal Ltd.,Mainboard,bharat-coking-coal-ipo,2462,2026-01-09,2026-01-19,1068.78,23.0,107.48,40.58,76.43,34.99,INE05XR01022,BHARATCOAL,544678,310.81,240.49,275.64,49.37,"90,31,776",273.13,20.32,2026-02-12,2026-04-13,NSE,BHARATCOAL,45.0,45.09,40.12,40.58,126,34.99,45.09,29.74,2026-01-19,2026-03-30,0,53.2361672904,95.65,76.43,52.13,96.04,29.3,-13.78,False,14042430.6,3,36.0,2026-03-12,2026-05-15,False,4.9,,-22.4,-26.43,-23.21,30.29,,,,,,,
Defrail Technologies Ltd.,SME,defrail-technologies-ipo,2693,2026-01-09,2026-01-19,13.07,74.0,73.74,90.25,21.96,71.0,INE0ZE201010,,544677,,,,,,3.84,21.79,2026-02-15,2026-04-16,BSE,DEFRAIL,95.0,99.75,90.25,90.25,112,71.0,122.0,64.55,2026-02-12,2026-06-25,17,0.08237104,28.38,21.96,-4.05,64.86,-12.77,-21.33,False,11280.0,0,,,,False,,84.0,-41.8,-42.74,-9.74,44.92,6.0,2026-02-26,2026-01-28,7.04,-2.38,-18.35,0.18
Avana Electrosystems Ltd.,SME,avana-electrosystems-ipo,2635,2026-01-12,2026-01-20,33.45,59.0,92.76,80.3,36.1,159.0,INE1KU201016,AVANA,,54.97,219.02,258.08,137.52,"82,699",9.97,22.06,2026-02-14,2026-04-15,NSE,AVANA,77.5,81.35,73.65,80.3,121,159.0,168.05,60.1,2026-07-21,2026-03-17,117,0.418962,31.36,36.1,169.49,184.83,1.86,98.01,True,29500.0,1,52.0,2026-04-10,2026-04-10,False,39.2,69.0,-5.39,-24.84,-20.36,24.47,51.0,2026-04-09,2026-04-09,37.77,68.23,51.59,3.63
Amagi Media Labs Ltd.,Mainboard,amagi-media-labs-ipo,2549,2026-01-13,2026-01-21,1788.62,361.0,17.08,348.25,-3.53,609.05,INE121R01077,AMAGI,544679,33.13,38.26,44.24,9.54,"11,64,157",804.88,31.03,2026-02-17,2026-04-18,NSE,AMAGI,318.0,356.95,318.0,348.25,124,609.05,677.8,310.2,2026-07-23,2026-04-07,122,37.5322368225,-11.91,-3.53,68.71,87.76,-14.07,74.89,True,647627.1,3,63.0,2026-04-28,2026-06-29,False,52.0,68.0,-10.14,-24.02,-0.47,26.36,1.0,2026-04-16,2026-01-22,3.0,12.35,3.2,0.24
GRE Renew Enertech Ltd.,SME,gre-renew-enertech-ipo,2353,2026-01-13,2026-01-21,37.55,105.0,11.93,91.2,-13.14,184.3,INE0U8P01015,,544682,,,,,,11.15,21.99,2026-02-18,2026-04-19,BSE,GRERENEW,96.0,99.0,91.2,91.2,116,184.3,194.15,77.5,2026-07-23,2026-03-04,114,0.9511272,-8.57,-13.14,75.52,84.9,-26.19,102.08,True,61500.0,4,44.0,2026-04-01,2026-07-16,False,63.5,68.0,-5.07,-19.49,-15.02,30.7,2.0,2026-04-08,2026-01-23,-0.5,-9.45,9.75,0.06
INDO SMC Ltd.,SME,indo-smc-ipo,2694,2026-01-13,2026-01-21,87.34,149.0,77.38,154.8,3.89,448.6,INE0WKY01013,,544681,94.94,164.59,193.37,96.13,"1,24,793",26.16,22.15,2026-02-15,2026-04-16,BSE,INDOSMC,149.0,156.45,141.55,154.8,124,448.6,448.6,134.0,2026-07-24,2026-01-29,123,2.8185075,0.0,3.89,201.07,201.07,-10.07,189.79,True,69200.0,4,43.0,2026-03-25,2026-05-22,False,141.6,76.0,0.0,-23.25,-13.44,37.27,9.0,2026-04-02,2026-02-04,-3.07,-13.69,43.08,1.41
Narmadesh Brass Industries Ltd.,SME,narmadesh-brass-industries-ipo,2580,2026-01-12,2026-01-21,42.52,515.0,1.25,470.25,-8.69,309.75,INE0S1B01014,,544680,,1.92,,0.44,658,,,,,BSE,NARMADESH,495.0,495.0,470.25,470.25,111,309.75,495.0,150.0,2026-01-21,2026-03-24,0,0.27539507999999996,-3.88,-8.69,-39.85,-3.88,-70.87,-34.13,False,8928.0,8,12.0,2026-02-09,2026-07-22,True,43.5,,-37.42,-68.1,-64.75,59.76,,,,,,,
Armour Security India Ltd.,SME,armour-security-india-ipo,2138,2026-01-14,2026-01-22,25.17,57.0,1.45,43.35,-23.95,18.7,INE0TZX01019,ARMOUR,,1.0,1.08,1.16,2.58,"1,512",,,,,NSE,ARMOUR,45.6,45.6,43.35,43.35,98,18.7,45.6,18.0,2026-01-22,2026-03-30,0,0.0196055,-20.0,-23.95,-67.19,-20.0,-68.42,-56.86,False,10200.0,2,6.0,2026-02-02,2026-02-03,False,-29.6,,-58.99,-58.36,-48.1,43.14,,,,,,,
Aritas Vinyl Ltd.,SME,aritas-vinyl-ipo,2421,2026-01-16,2026-01-23,35.63,47.0,1.86,44.65,-5.0,12.5,INE1D8001016,,544683,1.0,1.24,1.28,2.88,"2,304",,,,,BSE,ARITAS,47.0,47.0,44.65,44.65,111,12.5,47.0,12.36,2026-01-23,2026-07-22,0,0.0184767,0.0,-5.0,-73.4,0.0,-73.7,-72.0,False,14100.0,1,9.0,2026-02-12,2026-02-12,False,-10.8,,-73.4,-72.21,-70.59,65.6,,,,,,,
Shadowfax Technologies Ltd.,Mainboard,shadowfax-technologies-ipo,2526,2026-01-20,2026-01-28,1907.27,124.0,2.02,109.98,-11.31,214.48,INE12UN01015,SHADOWFAX,544685,4.0,0.88,0.66,2.43,"2,25,616",856.02,30.98,2026-02-21,2026-04-22,NSE,SHADOWFAX,112.6,119.67,109.0,109.98,120,214.48,241.63,98.55,2026-07-07,2026-01-30,106,211.83790624519997,-9.19,-11.31,72.97,94.86,-20.52,95.02,False,10109884.45,3,48.0,2026-04-10,2026-07-24,True,66.2,73.0,-11.24,-13.84,-10.39,26.55,11.0,2026-04-08,2026-02-12,-2.48,-13.53,51.73,2.41
Digilogic Systems Ltd.,SME,digilogic-systems-ipo,2617,2026-01-20,2026-01-28,76.94,104.0,1.23,79.05,-23.99,119.1,INE1OOT01028,,544684,1.6,0.42,0.2,1.08,"1,333",23.08,22.17,2026-02-21,2026-04-22,BSE,DIGILOGIC,83.2,83.2,79.05,79.05,120,119.1,133.9,72.95,2026-06-03,2026-01-30,83,0.5803653,-20.0,-23.99,14.52,28.75,-29.86,50.66,False,47940.0,1,81.0,2026-06-01,2026-06-01,False,,116.0,-11.05,-18.33,-7.72,43.07,3.0,2026-02-02,2026-02-02,8.65,2.71,11.72,0.04
KRM Ayurveda Ltd.,SME,krm-ayurveda-ipo,2620,2026-01-21,2026-01-29,69.74,135.0,52.19,180.7,33.85,255.3,INE1MTV01019,KRMAYURVED,,,,,,,20.82,21.18,2026-02-21,2026-04-22,NSE,KRMAYURVED,172.1,180.7,165.15,180.7,119,255.3,271.0,156.15,2026-05-05,2026-02-04,62,0.740842,27.48,33.85,89.11,100.74,15.67,41.28,True,29450.0,0,,,,False,,77.0,-5.79,-21.81,-13.59,41.7,7.0,2026-04-01,2026-02-09,16.77,7.01,30.0,0.1
Shayona Engineering Ltd.,SME,shayona-engineering-ipo,2173,2026-01-22,2026-01-30,14.11,144.0,5.38,151.0,4.86,135.5,INE0UCL01011,,544686,3.33,9.3,12.17,3.73,"1,718",,,,,BSE,SHAYONAENG,144.0,151.2,137.4,151.0,92,135.5,166.0,119.0,2026-02-12,2026-03-25,9,0.08935275,0.0,4.86,-5.9,15.28,-17.36,-10.26,False,6450.0,1,35.0,2026-03-27,2026-03-27,False,,,-18.37,-15.63,-15.89,25.83,,,,,,,
Hannah Joseph Hospital Ltd.,SME,hannah-joseph-ipo,2251,2026-01-22,2026-02-02,39.9,70.0,1.47,68.25,-2.5,109.95,INE0JVH01012,,544687,1.08,1.98,2.33,1.62,905,11.94,22.14,2026-02-27,2026-04-28,BSE,HANNAH,65.0,68.25,61.75,68.25,114,109.95,128.8,55.99,2026-07-06,2026-03-12,99,0.32068,-7.14,-2.5,57.07,84.0,-20.01,61.1,True,28500.0,5,25.0,2026-03-10,2026-06-03,False,68.0,73.0,-14.64,-18.78,-17.96,22.96,1.0,2026-04-02,2026-02-03,-3.88,-13.91,6.47,0.14
Kasturi Metal Composite Ltd.,SME,kasturi-metal-ipo,2281,2026-01-27,2026-02-03,16.73,64.0,12.92,63.16,-1.31,53.85,INE0T1301023,,544688,4.0,38.88,46.95,16.49,"5,034",5.0,22.13,2026-02-28,2026-04-29,BSE,KASTURI,64.0,64.5,60.8,63.16,88,53.85,73.8,44.2,2026-02-23,2026-03-27,14,0.0771823,0.0,-1.31,-15.86,15.31,-30.94,-14.74,True,14900.0,3,34.0,2026-04-09,2026-07-03,False,,64.0,-27.03,-33.58,-30.02,46.87,1.0,2026-03-11,2026-02-04,-7.43,-3.9,-21.45,0.23
Kanishk Aluminium India Ltd.,SME,kanishk-aluminium-india-ipo,2555,2026-01-28,2026-02-04,27.74,73.0,1.04,55.48,-24.0,28.25,INE163401016,,544693,,0.23,,1.86,"1,178",,,,,BSE,KANISHK,58.4,58.4,55.48,55.48,98,28.25,58.4,22.96,2026-02-04,2026-04-02,0,0.0135968,-20.0,-24.0,-61.3,-20.0,-68.55,-49.08,False,4720.0,3,9.0,2026-02-17,2026-04-21,False,-5.0,,-51.63,-58.58,-48.63,48.67,,,,,,,
Msafe Equipments Ltd.,SME,msafe-equipments-ipo,2600,2026-01-28,2026-02-04,62.75,123.0,116.77,150.3,22.2,181.95,INE2B5L01011,,544695,117.97,308.23,380.85,133.16,"1,53,156",18.76,22.02,2026-03-06,2026-05-05,BSE,MSAFE,144.0,151.2,136.8,150.3,115,181.95,218.85,102.0,2026-06-23,2026-03-30,92,0.58817,17.07,22.2,47.93,77.93,-17.07,21.06,False,30850.0,3,49.0,2026-04-21,2026-06-22,False,30.7,35.0,-16.86,-28.91,-30.07,30.54,61.0,2026-06-04,2026-05-08,-0.92,1.9,,3.24
Accretion Nutraveda Ltd.,SME,accretion-nutraveda-ipo,2699,2026-01-28,2026-02-04,23.53,129.0,1.62,191.2,48.22,273.75,INE1KVQ01019,,544694,1.01,2.08,1.95,2.19,818,7.02,22.08,2026-03-03,2026-05-02,BSE,ANL,191.0,200.55,190.5,191.2,90,273.75,300.0,150.1,2026-05-08,2026-02-12,52,0.25335125,48.06,48.22,112.21,132.56,16.36,43.17,True,9650.0,3,46.0,2026-04-28,2026-06-24,False,,48.0,-8.75,-18.46,-21.5,30.28,31.0,2026-04-21,2026-03-30,-2.86,30.66,,2.05
CKK Retail Mart Ltd.,SME,c-k-k-retail-mart-ipo,2409,2026-01-30,2026-02-06,83.56,163.0,1.55,171.15,5.0,130.0,INE0SMX01019,CKKRETAIL,,1.12,1.52,1.28,2.12,"2,794",9.78,10.0,2026-03-05,2026-05-04,NSE,CKKRETAIL,163.0,171.15,163.0,171.15,111,130.0,265.25,112.2,2026-02-19,2026-05-14,9,0.3339282,0.0,5.0,-20.25,62.73,-31.17,-24.04,False,24480.0,2,37.0,2026-04-06,2026-07-08,False,12.8,109.0,-50.99,-56.32,-27.87,82.85,1.0,2026-02-09,2026-02-09,19.59,-3.26,-35.31,0.21
Brandman Retail Ltd.,SME,brandman-retail-ipo,2274,2026-02-04,2026-02-11,81.78,176.0,80.1,192.15,9.18,182.75,INE0XUD01014,BRANDMAN,,85.24,202.98,248.47,93.12,"1,22,589",24.5,22.15,2026-03-10,2026-05-09,NSE,BRANDMAN,183.0,192.15,183.0,192.15,109,182.75,243.8,109.35,2026-02-23,2026-03-30,8,0.3325256,3.98,9.18,3.84,38.52,-37.87,-4.89,False,18000.0,0,,,,False,,14.0,-25.04,-52.48,-37.55,64.43,1.0,2026-07-03,2026-02-12,-8.3,-30.61,-11.85,0.27
Grover Jewells Ltd.,SME,grover-jewells-ipo,2731,2026-02-04,2026-02-11,32.13,88.0,13.73,100.8,14.55,160.0,INE1TY801010,GJL,,11.32,37.57,44.63,15.74,"8,434",9.62,22.13,2026-03-13,2026-05-12,NSE,GJL,96.0,100.8,91.4,100.8,99,160.0,276.45,91.4,2026-03-19,2026-02-11,25,0.2878372,9.09,14.55,81.82,214.15,3.86,58.73,False,16600.0,2,65.0,2026-06-02,2026-06-08,False,,97.0,-42.12,-59.52,4.07,170.19,1.0,2026-02-12,2026-02-12,47.12,115.08,20.09,0.01
Biopol Chemicals Ltd.,SME,biopol-chemicals-ipo,2721,2026-02-06,2026-02-13,29.63,108.0,22.26,105.5,-2.31,97.45,INE0XW001014,BIOPOL,,21.05,24.49,27.49,20.8,"12,276",,,,,NSE,BIOPOL,111.0,111.0,105.45,105.5,106,97.45,133.75,84.0,2026-05-15,2026-07-08,58,0.2890272,2.78,-2.31,-9.77,23.84,-22.22,-7.63,True,30540.0,2,38.0,2026-04-16,2026-04-28,False,-15.9,50.0,-27.14,-33.55,-19.67,23.84,38.0,2026-05-12,2026-04-16,3.5,13.27,-15.93,9.06
PAN HR Solutions Ltd.,SME,pan-hr-solutions-ipo,2759,2026-02-06,2026-02-13,14.08,78.0,8.88,78.01,0.01,56.65,INE1N9E01015,,544698,6.57,25.41,37.15,8.99,"2,485",4.19,19.75,2026-03-14,2026-05-14,BSE,PANHR,78.35,80.0,78.0,78.01,66,56.65,85.5,43.0,2026-04-22,2026-03-30,34,0.06724536,0.45,0.01,-27.37,9.62,-44.87,-27.38,False,11040.0,1,33.0,2026-04-21,2026-04-21,False,,32.0,-33.74,-42.08,-44.88,42.3,33.0,2026-04-21,2026-04-21,-23.79,-27.86,,13.85
Aye Finance Ltd.,Mainboard,aye-finance-ipo,2026,2026-02-09,2026-02-16,1010.0,129.0,1.02,128.91,-0.07,172.03,INE501X01029,AYE,544699,,,,,,454.5,31.03,2026-03-13,2026-05-12,NSE,AYE,129.0,133.8,120.55,128.91,107,172.03,197.29,88.22,2026-07-21,2026-04-02,103,44.149405154549996,0.0,-0.07,33.36,52.94,-31.61,33.45,True,2422635.0,2,45.0,2026-04-27,2026-07-21,True,15.1,46.0,-12.8,-33.25,-31.56,47.68,1.0,2026-05-19,2026-02-17,-12.66,-18.82,4.66,1.46
Fractal Analytics Ltd.,Mainboard,fractal-analytics-ipo,2569,2026-02-09,2026-02-16,2833.9,900.0,2.01,847.15,-5.87,786.75,INE212S01015,FRACTAL,544700,,,,,,1248.25,30.53,2026-03-13,2026-05-12,NSE,FRACTAL,876.0,897.3,831.3,847.15,107,786.75,1118.0,733.7,2026-05-12,2026-03-02,55,35.95997581575,-2.67,-5.87,-12.58,24.22,-18.48,-7.13,False,417963.35,2,41.0,2026-04-21,2026-04-23,False,-2.9,64.0,-29.63,-28.58,-13.39,22.11,42.0,2026-04-22,2026-04-22,21.68,1.32,-6.99,1.87
Marushika Technology Ltd.,SME,marushika-technology-ipo,2606,2026-02-12,2026-02-19,25.61,117.0,12.89,114.0,-2.56,94.5,INE0X7G01013,MARUSHIKA,,2.92,41.0,50.69,16.51,"7,152",7.62,22.04,2026-03-19,2026-05-18,NSE,MARUSHIKA,120.0,123.0,114.0,114.0,75,94.5,123.0,78.1,2026-02-19,2026-05-27,0,0.0669504,2.56,-2.56,-19.23,5.13,-33.25,-17.11,True,7260.0,1,25.0,2026-04-08,2026-04-08,False,,,-23.17,-28.99,-23.68,26.23,,,,,,,
Fractal Industries Ltd.,SME,fractal-industries-ipo,2780,2026-02-16,2026-02-24,46.54,216.0,4.08,217.55,0.72,213.85,INE1W3Q01011,,544707,5.95,7.91,9.45,4.09,"3,280",13.93,22.14,2026-03-22,2026-05-21,BSE,FIL,229.0,229.0,217.55,217.55,85,213.85,230.0,184.0,2026-03-20,2026-03-19,17,0.4903749,6.02,0.72,-1.0,6.48,-14.81,-1.7,True,23010.0,3,38.0,2026-04-27,2026-07-09,False,,,-7.02,-14.37,-15.42,21.14,,,,,,,
Yashhtej Industries (India) Ltd.,SME,yashhtej-industries-india-ipo,2700,2026-02-18,2026-02-25,84.43,110.0,1.35,83.6,-24.0,52.99,INE1O6P01016,,544708,,0.39,,2.35,"4,089",,,,,BSE,YASHHTEJ,88.0,88.0,83.6,83.6,100,52.99,97.1,34.74,2026-04-21,2026-03-18,34,0.09134376,-20.0,-24.0,-51.83,-11.73,-68.42,-36.61,True,18540.0,3,11.0,2026-03-13,2026-03-27,False,20.7,67.0,-45.43,-56.27,-58.44,54.22,32.0,2026-04-17,2026-04-17,-19.71,-24.11,-44.53,0.26
Gaudium IVF & Women Health Ltd.,Mainboard,gaudium-ivf-ipo,2019,2026-02-20,2026-02-27,165.0,79.0,5.23,80.26,1.59,151.9,INE0P8B01020,GAUDIUMIVF,544709,1.62,14.05,12.71,7.6,"2,49,109",49.5,23.08,2026-03-26,2026-05-25,NSE,GAUDIUMIVF,83.0,87.15,79.5,80.26,98,151.9,163.18,69.18,2026-07-22,2026-03-23,95,3.56786331535,5.06,1.59,92.28,106.56,-12.43,89.26,True,267859.0,1,25.0,2026-04-09,2026-04-09,False,27.3,72.0,-6.91,-25.44,-13.81,48.37,12.0,2026-04-09,2026-03-18,-16.33,8.93,12.46,4.67
Manilam Industries India Ltd.,SME,manilam-industries-ipo,2727,2026-02-20,2026-02-27,37.94,69.0,4.68,52.45,-23.99,55.3,INE1ERK01013,MANILAM,,2.24,12.49,14.16,5.88,"3,739",11.3,22.05,2026-03-27,2026-05-26,NSE,MANILAM,55.2,55.2,52.45,52.45,79,55.3,67.0,49.85,2026-05-08,2026-03-02,42,0.054951,-20.0,-23.99,-19.86,-2.9,-27.75,5.43,False,9600.0,3,35.0,2026-04-28,2026-07-16,True,,0.0,-17.46,-19.44,-4.96,22.88,6.0,2026-07-16,2026-03-10,1.44,0.27,2.78,0.17
Shree Ram Twistex Ltd.,Mainboard,shree-ram-twistex-ipo,2502,2026-02-23,2026-03-02,110.24,104.0,41.29,71.4,-31.35,40.28,INE19GK01015,SRTL,544716,3.94,220.3,240.94,76.63,"5,63,223",,,,,NSE,SRTL,68.0,71.4,66.0,71.4,97,40.28,73.36,38.7,2026-03-04,2026-07-13,1,0.220684482,-34.62,-31.35,-61.27,-29.46,-62.79,-43.59,False,54305.8,0,,,,False,,,-45.09,-45.13,-43.98,46.72,,,,,,,
Clean Max Enviro Energy Solutions Ltd.,Mainboard,clean-max-enviro-energy-solutions-ipo,2573,2026-02-23,2026-03-02,3079.88,1053.0,1.0,867.5,-17.62,1456.9,INE647U01026,CLEANMAX,544717,2.99,0.57,0.82,0.07,"37,210",921.0,22.98,2026-03-27,2026-05-26,NSE,CLEANMAX,960.0,960.0,768.0,867.5,97,1456.9,1536.0,727.1,2026-06-24,2026-03-30,75,23.5093015495,-8.83,-17.62,38.36,45.87,-30.95,67.94,True,177845.1,1,65.0,2026-06-10,2026-06-10,False,,68.0,-5.15,-20.11,-16.18,34.92,28.0,2026-04-16,2026-04-16,17.75,33.0,31.29,3.66
Kiaasa Retail Ltd.,SME,kiaasa-retail-ipo,2417,2026-02-23,2026-03-02,66.24,127.0,1.76,116.85,-7.99,34.5,INE1C3F01018,,544711,14.98,1.16,1.29,2.43,"4,016",,,,,BSE,KIAASA,123.0,123.0,116.85,116.85,97,34.5,123.0,30.55,2026-03-02,2026-07-02,0,0.13851785,-3.15,-7.99,-72.83,-3.15,-75.94,-70.47,False,39650.0,2,12.0,2026-03-19,2026-03-24,False,-27.6,,-71.95,-72.97,-67.78,62.82,,,,,,,
Mobilise App Lab Ltd.,SME,mobilise-app-ipo,2584,2026-02-23,2026-03-02,19.08,80.0,70.29,67.3,-15.88,114.0,INE1YNB01019,MOBILISE,,49.16,175.72,195.13,96.52,"32,137",5.71,22.12,2026-03-28,2026-05-27,NSE,MOBILISE,64.1,67.3,61.25,67.3,87,114.0,125.9,45.0,2026-06-01,2026-03-19,58,0.2200184,-19.88,-15.88,42.5,57.38,-43.75,69.39,True,21440.0,1,28.0,2026-04-16,2026-04-16,False,,62.0,-9.45,-33.14,-33.14,54.68,24.0,2026-04-09,2026-04-09,27.87,61.93,62.0,1.94
Accord Transformer & Switchgear Ltd.,SME,accord-transformer-switchgear-ipo,2763,2026-02-23,2026-03-02,24.29,46.0,248.47,52.5,14.13,52.21,INE132201018,,544710,153.01,606.02,709.68,367.59,"1,39,976",7.29,22.17,2026-03-27,2026-05-26,BSE,ACCORDTS,50.0,52.5,47.5,52.5,97,52.21,80.01,45.0,2026-05-06,2026-03-17,41,0.50823945,8.7,14.13,13.5,73.93,-2.17,-0.55,False,90600.0,1,39.0,2026-05-04,2026-05-04,False,,11.0,-34.75,-31.36,-14.29,38.1,1.0,2026-07-09,2026-03-04,-12.66,8.77,13.39,0.26
PNGS Reva Diamond Jewellery Ltd.,Mainboard,pngs-reva-ipo,2475,2026-02-24,2026-03-04,379.52,386.0,1.29,411.7,6.66,405.95,INE1RDG01013,PNGSREVA,544718,1.1,1.62,1.71,1.37,"33,973",170.58,31.01,2026-03-28,2026-05-27,NSE,PNGSREVA,375.0,433.0,360.0,411.7,96,405.95,476.75,324.25,2026-04-29,2026-03-30,36,3.7399872509999996,-2.85,6.66,5.17,23.51,-16.0,-1.4,True,90386.6,1,21.0,2026-04-07,2026-04-07,False,12.8,55.0,-14.85,-20.39,-21.24,22.41,40.0,2026-05-06,2026-05-06,-7.38,-13.61,,0.94
Omnitech Engineering Ltd.,Mainboard,omnitech-engineering-ipo,2479,2026-02-25,2026-03-05,583.0,227.0,1.18,204.93,-9.72,612.0,INE0UH301010,OMNI,544720,3.0,0.77,0.74,0.35,"37,794",174.6,23.04,2026-03-31,2026-05-30,NSE,OMNI,202.0,224.7,202.0,204.93,95,612.0,627.65,176.25,2026-07-24,2026-03-09,94,27.142165573999996,-11.01,-9.72,169.6,176.5,-22.36,198.64,True,497612.45,1,55.0,2026-05-29,2026-05-29,False,,81.0,-2.49,-13.97,-14.0,100.35,9.0,2026-03-24,2026-03-18,20.29,42.54,104.24,2.02
Yaap Digital Ltd.,SME,yaap-digital-ipo,2582,2026-02-25,2026-03-05,76.05,145.0,3.29,133.35,-8.03,156.0,INE0U0J01015,YAAP,,8.29,5.05,6.56,1.61,"2,012",22.81,22.16,2026-03-31,2026-05-30,NSE,YAAP,127.0,133.35,127.0,133.35,94,156.0,214.4,127.0,2026-05-07,2026-03-05,40,0.446361,-12.41,-8.03,7.59,47.86,-12.41,16.99,False,28000.0,3,30.0,2026-04-22,2026-07-13,False,-11.0,92.0,-27.24,-33.11,-2.51,40.46,1.0,2026-03-06,2026-03-06,4.64,14.11,38.43,0.01
Striders Impex Ltd.,SME,striders-impex-ipo,2714,2026-02-26,2026-03-06,34.47,72.0,1.25,66.5,-7.64,63.25,INE1XWN01017,STRIDERS,,2.03,1.7,1.99,0.78,450,10.32,22.15,2026-04-02,2026-06-01,NSE,STRIDERS,70.0,70.0,66.5,66.5,84,63.25,82.0,49.0,2026-04-30,2026-06-18,35,0.1123432,-2.78,-7.64,-12.15,13.89,-31.94,-4.89,True,19920.0,1,72.0,2026-07-09,2026-07-09,False,,50.0,-22.87,-32.08,-18.5,22.18,33.0,2026-04-28,2026-04-28,-9.46,-14.05,,2.29
Acetech E-Commerce Ltd.,SME,acetech-e-commerce-ipo,2616,2026-02-27,2026-03-09,46.49,112.0,1.14,117.6,5.0,134.0,INE1J6M01010,ACETEC,,1.0,1.57,2.19,1.16,814,,,,,NSE,ACETEC,112.0,117.6,111.8,117.6,70,134.0,164.0,111.8,2026-03-23,2026-03-09,10,0.2918076,0.0,5.0,19.64,46.43,-0.18,13.95,True,23580.0,1,44.0,2026-05-25,2026-05-25,False,,30.0,-18.29,-20.45,-3.06,42.52,1.0,2026-05-13,2026-03-10,18.63,8.42,-2.79,0.23
SEDEMAC Mechatronics Ltd.,Mainboard,sedemac-mechatronics-ipo,2794,2026-03-04,2026-03-11,1087.35,1352.0,2.19,1451.1,7.33,2689.2,INE00XB01019,SEDEMAC,544723,8.46,0.77,0.89,0.2,"34,413",325.89,23.06,2026-04-07,2026-06-06,NSE,SEDEMAC,1535.0,1613.5,1420.0,1451.1,91,2689.2,2977.7,1413.1,2026-06-24,2026-03-12,69,25.117748796000004,13.54,7.33,98.91,120.24,4.52,85.32,False,90595.15,1,29.0,2026-04-27,2026-04-27,False,45.4,75.0,-9.69,-9.42,-2.62,42.99,15.0,2026-04-06,2026-04-06,-2.43,12.52,70.53,5.57
Elfin Agro India Ltd.,SME,elfin-agro-india-ipo,2696,2026-03-05,2026-03-12,23.77,47.0,1.35,47.6,1.28,79.5,INE1FEW01013,,544724,,2.12,,0.59,351,,,,,BSE,ELFIN,47.3,48.05,47.3,47.6,89,79.5,87.0,47.3,2026-07-21,2026-03-12,85,0.09006735,0.64,1.28,69.15,85.11,0.64,67.02,True,11700.0,2,35.0,2026-05-07,2026-07-16,False,,84.0,-8.62,-8.61,-0.61,9.62,4.0,2026-03-18,2026-03-18,2.18,5.81,54.05,0.1
Srinibas Pradhan Constructions Ltd.,SME,srinibas-pradhan-ipo,2402,2026-03-06,2026-03-13,19.3,98.0,1.13,104.4,6.53,126.0,INE0TPJ01019,SPCON,,1.13,1.57,2.22,0.69,309,,,,,NSE,SPCON,100.05,105.05,100.05,104.4,64,126.0,169.0,99.0,2026-04-21,2026-03-18,21,0.0670284,2.09,6.53,28.57,72.45,1.02,20.69,False,5040.0,0,,,,False,,55.0,-25.44,-21.09,-5.17,67.05,1.0,2026-03-30,2026-03-16,19.33,47.45,22.87,0.11
Apsis Aerocom Ltd.,SME,apsis-aerocom-ipo,2752,2026-03-11,2026-03-18,33.95,110.0,91.24,160.65,46.05,425.95,INE1OOJ01011,APSISAERO,,99.96,236.61,294.17,100.24,"59,345",10.07,21.97,2026-04-15,2026-06-14,NSE,APSISAERO,153.0,160.65,147.2,160.65,86,425.95,425.95,147.2,2026-07-24,2026-03-18,85,0.6993552,39.09,46.05,287.23,287.23,33.82,165.14,True,19260.0,2,59.0,2026-06-17,2026-06-18,False,,77.0,0.0,-17.09,-3.11,68.32,1.0,2026-04-01,2026-03-19,7.23,23.51,88.29,0.05
Rajputana Stainless Ltd.,Mainboard,rajputana-stainless-ipo,2067,2026-03-09,2026-03-19,254.98,122.0,1.06,113.03,-7.35,132.72,INE313L01016,RSL,544731,2.51,2.59,3.74,0.27,"22,676",,,,,NSE,RSL,122.0,122.1,111.16,113.03,85,132.72,144.9,101.7,2026-05-11,2026-03-30,32,2.6198290135,0.0,-7.35,8.79,18.77,-16.64,17.42,True,199057.25,0,,,,False,,74.0,-8.41,-11.88,-10.02,36.89,10.0,2026-04-07,2026-04-07,4.62,11.93,6.32,0.61
Innovision Ltd.,Mainboard,innovision-limited-ipo,2039,2026-03-10,2026-03-23,319.25,519.0,3.35,374.2,-27.9,285.3,INE0ADB01012,INNOVISION,544732,14.3,8.6,10.29,0.6,"82,951",,,,,NSE,INNOVISION,467.7,470.0,374.2,374.2,83,285.3,470.0,280.0,2026-03-23,2026-06-30,0,1.0260252462500001,-9.88,-27.9,-45.03,-9.44,-46.05,-23.76,False,35004.65,2,48.0,2026-06-05,2026-07-13,False,,,-39.3,-25.23,-18.89,22.33,,,,,,,
GSP Crop Science Ltd.,Mainboard,gsp-crop-ipo,2031,2026-03-16,2026-03-24,400.0,320.0,1.44,356.25,11.33,530.5,INE713R01022,GSPCROP,544733,2.66,3.14,4.11,0.42,"34,978",120.0,23.08,2026-04-19,2026-06-18,NSE,GSPCROP,328.0,364.0,328.0,356.25,82,530.5,557.95,328.0,2026-07-24,2026-03-24,81,21.7151855265,2.5,11.33,65.78,74.36,2.5,48.91,True,480251.05,0,,,,False,,77.0,-4.92,-15.88,-5.94,32.25,4.0,2026-04-01,2026-04-01,7.89,9.2,0.81,0.34
Novus Loyalty Ltd.,SME,novus-loyalty-ipo,2747,2026-03-17,2026-03-25,56.79,146.0,1.46,146.65,0.45,127.0,INE1TFS01019,,544735,1.38,1.17,1.31,1.82,"1,341",16.5,21.52,2026-04-22,2026-06-21,BSE,NOVUS,146.0,149.95,138.7,146.65,81,127.0,195.0,126.95,2026-04-17,2026-07-23,13,0.6255835,0.0,0.45,-13.01,33.56,-13.05,-13.4,False,45350.0,1,63.0,2026-07-01,2026-07-01,False,,72.0,-34.87,-32.37,-5.22,38.19,8.0,2026-04-09,2026-04-09,16.67,-0.91,-12.07,1.58
Central Mine Planning & Design Institute Ltd.,Mainboard,central-mine-planning-design-institute-ipo,2456,2026-03-20,2026-03-30,1841.45,172.0,1.03,154.06,-10.43,248.43,INE05HV01027,CMPDI,544739,3.48,0.35,0.27,0.35,"1,09,262",469.74,20.32,2026-04-23,2026-06-22,NSE,CMPDI,160.0,168.7,152.22,154.06,79,248.43,283.69,150.16,2026-07-03,2026-04-07,63,112.62595961864999,-6.98,-10.43,44.44,64.94,-12.7,61.26,False,4254123.45,1,11.0,2026-04-17,2026-04-17,False,46.3,70.0,-12.43,-10.48,-2.53,73.67,8.0,2026-04-13,2026-04-13,11.96,42.65,56.98,1.42
Speciality Medicines Ltd.,SME,speciality-medicines-ipo,2381,2026-03-20,2026-03-30,27.28,124.0,1.35,125.9,1.53,185.0,INE0R0M01014,,544738,96.24,1.88,2.5,0.85,688,,,,,BSE,SPML,124.0,129.5,124.0,125.9,77,185.0,381.2,121.1,2026-04-29,2026-04-06,19,0.2099825,0.0,1.53,49.19,207.42,-2.34,46.94,False,10800.0,1,39.0,2026-05-29,2026-05-29,False,,72.0,-51.47,-50.89,-3.81,206.59,4.0,2026-04-07,2026-04-07,122.57,147.3,37.09,0.63
Tipco Engineering India Ltd.,SME,tipco-engineering-ipo,2733,2026-03-23,2026-04-01,51.46,89.0,1.5,84.79,-4.73,180.05,INE1U6D01014,,544740,3.2,2.12,2.81,0.66,474,15.31,20.18,2026-04-26,2026-06-25,BSE,TIPCO,89.25,90.0,84.79,84.79,78,180.05,199.5,76.54,2026-07-06,2026-04-06,63,2.5471652,0.28,-4.73,102.3,124.16,-14.0,112.35,False,138880.0,4,21.0,2026-05-05,2026-07-02,False,,66.0,-9.75,-14.99,-9.73,91.3,5.0,2026-04-20,2026-04-09,35.97,67.38,96.01,0.37
Amir Chand Jagdish Kumar (Exports) Ltd.,Mainboard,amir-chand-jagdish-kumar-ipo,2501,2026-03-24,2026-04-02,440.0,212.0,3.05,180.0,-15.09,185.11,INE05TO01019,AMIRCHAND,544743,1.18,13.4,16.04,1.44,"1,22,714",60.0,12.0,2026-04-28,2026-06-27,NSE,AMIRCHAND,200.0,200.0,180.0,180.0,77,187.84,200.0,117.02,2026-04-02,2026-04-15,0,19.174548042450002,-5.66,-15.09,-11.4,-5.66,-44.8,4.36,True,1163337.45,1,58.0,2026-06-30,2026-06-30,False,,,-6.08,-34.75,-34.99,28.39,,,,,,,
Powerica Ltd.,Mainboard,powerica-ipo,2570,2026-03-24,2026-04-02,1100.0,395.0,1.38,390.0,-1.27,568.25,INE921L01032,POWERICA,544744,4.74,0.47,0.47,0.16,"24,910",329.4,23.04,2026-04-28,2026-06-27,NSE,POWERICA,366.0,397.0,365.1,390.0,77,568.25,676.95,365.1,2026-06-24,2026-04-02,55,19.286242364249997,-7.34,-1.27,43.86,71.38,-7.57,45.71,True,330520.85,0,,,,False,,71.0,-16.06,-23.26,-1.32,44.37,3.0,2026-04-10,2026-04-08,12.14,26.08,39.17,0.52
Sai Parenteral's Ltd.,Mainboard,sai-parenterals-ipo,2681,2026-03-24,2026-04-02,408.79,392.0,1.08,405.7,3.49,535.6,INE0H9F01037,SAIPARENT,544742,1.73,2.45,3.56,0.12,"7,938",122.64,23.08,2026-04-28,2026-06-27,NSE,SAIPARENT,400.0,416.0,400.0,405.7,77,535.6,706.0,400.0,2026-07-02,2026-04-02,60,20.910049271,2.04,3.49,36.63,80.1,2.04,32.02,False,339936.55,3,38.0,2026-06-01,2026-07-02,False,,73.0,-24.14,-14.14,-0.3,30.02,3.0,2026-04-08,2026-04-08,14.07,16.15,41.92,0.5
Highness Microelectronics Ltd.,SME,highness-microelectronics-ipo,2768,2026-03-24,2026-04-02,20.58,120.0,135.39,129.75,8.12,174.5,INE1KI801019,,544741,81.95,362.12,437.22,185.11,"60,390",6.13,22.06,2026-05-01,2026-06-30,BSE,HIGHNESS,125.0,131.15,125.0,129.75,77,174.5,202.45,107.5,2026-07-02,2026-04-24,60,0.7256556,4.17,8.13,45.42,68.71,-10.42,34.49,False,39120.0,0,,,,False,,57.0,-13.81,-23.99,-17.15,59.65,19.0,2026-05-04,2026-05-04,17.17,0.3,,1.91
Vivid Electromech Ltd.,SME,vivid-electromech-ipo,2728,2026-03-25,2026-04-07,123.94,555.0,1.06,563.05,1.45,1315.0,INE24H301028,VIVIDEL,,1.95,1.5,2.1,0.36,668,37.12,22.14,2026-05-02,2026-07-01,NSE,VIVIDEL,565.0,593.25,556.0,563.05,75,1315.0,1429.0,556.0,2026-06-25,2026-04-07,54,2.39077296,1.8,1.45,136.94,157.48,0.18,133.55,True,18996.0,0,,,,False,,72.0,-7.98,-17.02,-0.72,85.61,2.0,2026-04-09,2026-04-09,28.39,30.53,90.99,0.06
Safety Controls & Devices Ltd.,SME,safety-controls-and-devices-ipo,2328,2026-04-06,2026-04-13,45.57,80.0,1.27,78.99,-1.26,69.4,INE0UMH01018,,544746,1.31,2.45,3.37,0.76,636,12.67,20.89,2026-05-08,2026-07-08,BSE,SCDL,83.0,84.4,78.85,78.99,70,69.4,107.98,65.99,2026-05-15,2026-07-24,22,0.79050336,3.75,-1.26,-13.25,34.98,-17.51,-12.14,False,103200.0,3,51.0,2026-06-30,2026-07-15,False,,18.0,-35.73,-32.75,-6.32,43.02,17.0,2026-06-30,2026-05-08,5.03,-7.95,,2.94
Emiac Technologies Ltd.,SME,emiac-technologies-ipo,2766,2026-03-27,2026-04-13,30.11,98.0,2.59,108.79,11.01,94.7,INE1OSW01015,,544747,1.02,4.96,5.67,3.74,"1,940",8.7,21.51,2026-05-08,2026-07-07,BSE,EMIAC,107.8,111.0,107.8,108.79,69,94.7,121.0,90.55,2026-04-24,2026-05-29,8,0.55359444,10.0,11.01,-3.37,23.47,-7.6,-12.95,False,55980.0,2,56.0,2026-07-06,2026-07-20,True,,61.0,-21.74,-20.93,-8.63,19.85,3.0,2026-04-23,2026-04-17,-7.01,-9.34,-16.6,0.29
Om Power Transmission Ltd.,Mainboard,om-power-transmission-ipo,2676,2026-04-09,2026-04-17,150.06,175.0,2.63,193.38,10.5,169.2,INE25E901019,OMPOWER,544750,3.65,7.06,8.08,1.54,"41,455",45.01,23.08,2026-05-14,2026-07-13,NSE,OMPOWER,186.0,195.3,186.0,193.38,68,169.2,206.0,165.05,2026-04-21,2026-07-23,2,2.43250998175,6.29,10.5,-3.31,17.71,-5.69,-12.5,False,138992.2,0,,,,False,,66.0,-17.86,-18.32,-13.57,20.1,1.0,2026-04-20,2026-04-20,-5.11,-6.38,-15.18,0.5
Mehul Telecom Ltd.,SME,mehul-telecom-ipo,2536,2026-04-17,2026-04-24,26.32,98.0,31.82,109.94,12.18,93.99,INE1K0V01011,,544751,32.5,79.38,96.42,37.41,"18,716",7.74,21.82,2026-05-22,2026-07-21,BSE,MTL,108.0,113.4,104.0,109.94,56,93.99,127.26,79.4,2026-04-29,2026-05-25,3,0.14564568,10.2,12.18,-4.09,29.86,-18.98,-14.51,True,15720.0,1,51.0,2026-07-16,2026-07-16,True,,54.0,-26.14,-31.94,-27.78,43.53,1.0,2026-04-27,2026-04-27,-11.72,-14.75,,0.05
Adisoft Technologies Ltd.,SME,adisoft-technologies-ipo,2788,2026-04-23,2026-04-30,70.38,172.0,54.3,215.25,25.15,183.5,INE20PL01012,ADISOFT,,98.23,120.16,149.66,47.27,"56,664",21.08,22.15,2026-05-28,2026-07-27,NSE,ADISOFT,205.0,215.25,205.0,215.25,59,183.5,280.0,178.0,2026-06-02,2026-07-10,21,0.9994784,19.19,25.15,6.69,62.79,3.49,-14.75,False,52480.0,0,,,,False,,32.0,-34.46,-32.18,-12.66,42.74,1.0,2026-06-09,2026-05-04,-8.67,12.39,,0.01
Amba Auto Sales & Services Ltd.,SME,amba-auto-sales-services-ipo,2644,2026-04-27,2026-05-05,61.86,135.0,1.17,135.15,0.11,79.9,INE293601014,AMBAAUTO,,1.75,1.47,1.88,0.7,906,,,,,NSE,AMBAAUTO,134.5,137.5,127.8,135.15,57,79.9,137.5,63.6,2026-05-05,2026-06-03,0,0.34592075,-0.37,0.11,-40.81,1.85,-52.89,-40.88,False,40800.0,0,,,,False,,,-41.89,-47.72,-52.94,53.57,,,,,,,
OnEMI Technology Solutions Ltd.,Mainboard,onemi-technology-ipo,2576,2026-04-30,2026-05-08,925.92,171.0,7.27,208.63,22.01,340.15,INE12F801023,KISSHT,544754,25.97,6.91,8.59,2.13,"1,53,474",277.78,23.08,2026-06-04,2026-08-03,NSE,KISSHT,190.0,227.4,190.0,208.63,54,340.15,350.5,190.0,2026-07-24,2026-05-08,53,86.21004243825,11.11,22.01,98.92,104.97,11.11,63.04,True,2730162.3,1,37.0,2026-07-02,2026-07-02,False,,45.0,-2.95,-8.59,-6.85,51.84,8.0,2026-05-20,2026-05-20,8.77,9.9,,1.06
Value 360 Communications Ltd.,SME,value-360-communications-ipo,2552,2026-05-04,2026-05-11,39.6,98.0,1.17,82.3,-16.02,80.0,INE1E7Y01018,VALUE360,,17.0,1.24,1.33,0.77,"1,045",,,,,NSE,VALUE360,78.4,82.3,74.5,82.3,53,80.0,91.0,67.35,2026-07-06,2026-05-15,38,0.5138367,-20.0,-16.02,-18.37,-7.14,-31.28,-2.79,False,60120.0,1,23.0,2026-06-12,2026-06-12,False,,17.0,-12.09,-16.16,-18.17,27.52,25.0,2026-07-01,2026-06-16,2.07,-6.78,,1.13
Recode Studios Ltd.,SME,recode-studios-ipo,2825,2026-05-05,2026-05-12,42.31,158.0,160.62,223.75,41.61,218.7,INE2B6701015,,544755,137.99,404.76,485.52,216.65,"1,59,793",12.67,22.12,2026-06-07,2026-08-06,BSE,RECODE,213.1,223.75,213.1,223.75,52,218.7,238.9,171.0,2026-07-22,2026-06-08,49,1.4014846,34.87,41.61,38.42,51.2,8.23,-2.26,True,67480.0,1,45.0,2026-07-16,2026-07-16,False,,1.0,-8.46,-21.94,-23.58,27.66,50.0,2026-07-23,2026-07-23,,,,1.09
Simca Advertising Ltd.,SME,simca-advertising-ipo,2512,2026-05-08,2026-05-15,55.13,183.0,68.94,163.8,-10.49,203.4,INE1K4J01018,SIMCA,,101.08,81.54,92.2,70.9,"83,237",8.04,12.16,2026-06-12,2026-08-11,NSE,SIMCA,156.0,163.8,148.2,163.8,49,203.4,206.0,132.0,2026-07-23,2026-06-08,47,1.52768565,-14.75,-10.49,11.15,12.57,-27.87,24.18,True,81420.0,0,,,,False,,23.0,-1.26,-18.53,-19.41,26.89,25.0,2026-06-22,2026-06-22,9.43,17.48,,0.72
Goldline Pharmaceutical Ltd.,SME,goldline-pharmaceutical-ipo,2773,2026-05-12,2026-05-19,11.02,43.0,598.69,56.77,32.02,38.13,INE1CLW01015,,544759,180.22,1662.04,2010.6,881.15,"1,66,595",3.15,21.33,2026-06-14,2026-08-13,BSE,GLPL,59.75,60.0,56.77,56.77,46,38.13,60.0,38.13,2026-05-19,2026-07-24,0,0.19599105,38.95,32.02,-11.33,39.53,-11.33,-32.83,False,46950.0,0,,,,False,,,-36.45,-32.83,-27.06,22.07,,,,,,,
RFBL Flexi Pack Ltd.,SME,rfbl-flexi-pack-ipo,2962,2026-05-12,2026-05-19,33.56,50.0,21.46,55.1,10.2,92.4,INE0V2V01015,RFBL,,124.39,24.12,28.86,11.36,"11,087",,,,,NSE,RFBL,52.5,55.1,52.5,55.1,47,92.4,104.7,52.5,2026-07-08,2026-05-19,34,0.57436125,5.0,10.2,84.8,109.4,5.0,67.7,True,63750.0,1,33.0,2026-07-07,2026-07-07,False,,45.0,-11.75,-20.33,4.9,51.27,1.0,2026-05-20,2026-05-20,19.79,43.65,,0.26
NFP Sampoorna Foods Ltd.,SME,nfp-sampoorna-foods-ipo,2397,2026-05-18,2026-05-25,23.3,55.0,1.5,51.8,-5.82,24.15,INE0T1501010,NFPSAMPOOR,,1.0,0.34,0.11,2.8,"1,558",,,,,NSE,NFPSAMPOOR,54.5,54.5,51.8,51.8,42,24.15,54.5,21.85,2026-05-25,2026-07-01,0,0.098975,-0.91,-5.82,-56.09,-0.91,-60.27,-53.38,False,42600.0,2,9.0,2026-06-09,2026-06-10,False,,,-55.69,-57.24,-57.82,52.9,,,,,,,
Teamtech Formwork Solutions Ltd.,SME,teamtech-formwork-solutions-ipo,2964,2026-05-19,2026-05-26,47.63,63.0,5.29,72.75,15.48,131.1,INE2OL601013,TEAMTECH,,4.28,12.79,15.07,6.1,"5,250",14.28,22.16,2026-06-21,2026-08-20,NSE,TEAMTECH,75.0,76.8,71.25,72.75,42,131.1,143.8,68.25,2026-07-21,2026-06-03,38,1.1492195,19.05,15.48,108.1,128.25,8.33,80.21,True,94000.0,0,,,,False,,32.0,-8.83,-13.07,-6.19,82.13,9.0,2026-06-09,2026-06-09,18.05,49.46,,0.28
Vegorama Punjabi Angithi Ltd.,SME,vegorama-punjabi-angithi-ipo,2477,2026-05-20,2026-05-27,36.44,77.0,24.92,124.0,61.04,173.7,INE1L3801017,,544765,26.46,63.93,77.5,27.79,"18,758",10.9,22.13,2026-06-23,2026-08-22,BSE,VPAL,118.1,124.0,118.1,124.0,41,173.7,181.75,116.95,2026-06-11,2026-06-02,10,0.7226576,53.38,61.04,125.58,136.04,51.88,40.08,True,47440.0,0,,,,False,,36.0,-4.43,-23.21,-5.69,52.26,1.0,2026-06-03,2026-05-29,30.51,8.36,,0.31
Bio Medica Laboratories Ltd.,SME,bio-medica-laboratories-ipo,2564,2026-05-21,2026-05-29,49.8,139.0,2.23,115.8,-16.69,138.7,INE1BKA01015,BMLL,,15.94,1.3,0.86,2.92,"3,077",,,,,NSE,BMLL,111.2,116.75,105.65,115.8,39,138.7,148.0,101.5,2026-06-25,2026-06-03,19,1.86063025,-20.0,-16.69,-0.22,6.47,-26.98,19.78,True,136400.0,1,24.0,2026-07-03,2026-07-03,False,,33.0,-6.28,-16.59,-12.35,40.16,5.0,2026-06-05,2026-06-05,13.96,13.92,,0.04
Autofurnish Ltd.,SME,autofurnish-ipo,2738,2026-05-21,2026-05-29,13.86,41.0,1.25,45.15,10.12,58.88,INE18HI01019,,544767,,1.17,,1.17,358,,,,,BSE,AFLTD,43.0,45.15,40.85,45.15,40,58.88,69.5,40.85,2026-07-16,2026-05-29,33,0.2037516,4.88,10.12,43.61,69.51,-0.37,30.41,True,37050.0,0,,,,False,,18.0,-15.28,-11.92,-6.14,46.78,1.0,2026-06-30,2026-06-01,2.24,4.73,,0.09
Q-Line Biotech Ltd.,SME,q-line-biotec-ipo,2745,2026-05-21,2026-05-29,203.74,343.0,71.75,474.6,38.37,505.75,INE1G2W01011,QLINE,,123.94,145.98,178.29,71.44,"2,35,655",61.1,22.17,2026-06-25,2026-08-24,NSE,QLINE,452.0,474.6,431.0,474.6,40,505.75,600.0,431.0,2026-06-23,2026-05-29,17,7.0273875,31.78,38.37,47.45,74.93,25.66,6.56,False,129560.0,0,,,,False,,34.0,-15.71,-14.98,-7.29,33.71,5.0,2026-06-05,2026-06-05,13.69,10.96,,0.23
M R Maniveni Foods Ltd.,SME,m-r-maniveni-ipo,2627,2026-05-22,2026-06-01,25.69,52.0,1.51,41.13,-20.9,30.25,INE0YD301010,,544768,1.0,1.88,2.1,2.09,982,7.64,22.04,2026-06-25,2026-08-24,BSE,MANIVENI,42.55,44.66,40.52,41.13,37,30.25,44.66,29.85,2026-06-01,2026-07-16,0,0.1699692,-18.17,-20.9,-41.83,-14.12,-42.6,-26.45,False,52200.0,0,,,,False,,,-32.27,-27.01,-22.2,25.53,,,,,,,
Yaashvi Jewellers Ltd.,SME,yaashvi-jewellers-ipo,2820,2026-05-25,2026-06-02,41.66,83.0,5.64,87.05,4.88,72.0,INE1T6L01010,,544770,,3.4,,1.76,"1,979",,,,,BSE,YAASHVI,83.0,87.15,83.0,87.05,38,72.0,104.8,67.0,2026-06-29,2026-07-24,18,0.70500256,0.0,4.88,-13.25,26.27,-19.28,-17.29,False,81840.0,0,,,,False,,29.0,-31.3,-31.84,-14.99,35.38,1.0,2026-06-12,2026-06-03,5.6,9.05,,0.06
Harikanta Overseas Ltd.,SME,harikanta-overseas-ipo,2697,2026-05-20,2026-06-02,23.07,91.0,1.07,75.77,-16.74,74.49,INE1UYW01010,,544769,21.33,0.7,0.9,0.66,394,,,,,BSE,HARIKANTA,79.75,79.75,75.77,75.77,38,74.49,91.84,57.62,2026-06-10,2026-06-17,6,0.68193792,-12.36,-16.74,-18.14,0.92,-36.68,-1.69,False,84120.0,1,18.0,2026-06-29,2026-06-29,False,,11.0,-18.89,-31.69,-23.95,45.16,4.0,2026-07-09,2026-06-08,-27.22,-9.39,,0.06
Rajnandini Fashion India Ltd.,SME,rajnandini-fashion-india-ipo,2729,2026-05-26,2026-06-03,17.29,63.0,143.0,60.57,-3.86,34.12,INE1GM501015,,544771,122.04,393.63,490.63,168.63,"53,518",5.15,22.06,2026-06-30,2026-08-29,BSE,RFIL,63.0,64.0,60.0,60.57,35,34.12,64.0,34.01,2026-06-03,2026-07-15,0,0.1039793,0.0,-3.86,-45.84,1.59,-46.02,-43.67,False,26800.0,0,,,,False,,,-46.69,-43.67,-43.85,42.91,,,,,,,
Aureate Tradde Ltd.,SME,aureate-tradde-ipo,2817,2026-05-29,2026-06-05,25.91,70.0,1.43,66.5,-5.0,30.75,INE1KVL01010,,544772,,0.45,,2.42,"1,231",,,,,BSE,AUREATE,70.0,70.0,66.5,66.5,30,30.75,70.0,26.29,2026-06-05,2026-07-01,0,0.3428325,0.0,-5.0,-56.07,0.0,-62.44,-53.76,False,104000.0,1,7.0,2026-06-23,2026-06-23,False,,,-56.07,-59.16,-60.47,55.47,,,,,,,
Merritronix Ltd.,SME,merritronix-ipo,2961,2026-06-01,2026-06-08,66.51,149.0,221.04,297.25,99.5,365.65,INE1RQS01010,,544773,224.91,476.59,563.33,297.67,"2,88,831",19.91,22.13,2026-07-03,2026-09-01,BSE,MRTX,283.1,297.25,283.1,297.25,34,365.65,483.9,283.1,2026-06-25,2026-06-08,13,6.815133,90.0,99.5,145.4,224.77,90.0,23.01,False,173650.0,0,,,,False,,32.0,-24.44,-21.63,5.0,57.8,1.0,2026-06-09,2026-06-09,43.26,26.03,,0.07
SMR Jewels Ltd.,SME,smr-jewels-ipo,2597,2026-05-26,2026-06-08,60.56,128.0,1.12,103.05,-19.49,89.0,INE11XK01017,,544774,5.41,1.0,1.4,0.3,410,,,,,BSE,SMR,102.95,108.05,102.4,103.05,33,89.0,115.0,75.85,2026-06-22,2026-06-16,10,0.0725765,-19.57,-19.49,-30.47,-10.16,-40.74,-13.63,False,7700.0,0,,,,False,,22.0,-22.61,-22.89,-26.39,37.99,10.0,2026-06-22,2026-06-22,-18.59,-20.4,,1.15
CMR Green Technologies Ltd.,Mainboard,cmr-green-technologies-ipo,2586,2026-06-03,2026-06-10,630.62,192.0,88.69,241.2,25.62,218.05,INE00WV01027,CMRGREEN,544777,270.46,172.35,187.21,27.08,"33,77,379",188.44,23.0,2026-07-07,2026-09-05,NSE,CMRGREEN,268.0,268.96,241.2,241.2,32,218.05,268.96,213.05,2026-06-10,2026-07-24,0,37.1656736347,39.58,25.62,13.57,40.08,10.96,-9.6,False,1555445.3,0,,,,False,,,-18.93,-16.43,-11.57,22.43,,,,,,,
Vahh Chemicals Ltd.,SME,vahh-chemicals-ipo,2802,2026-06-04,2026-06-11,12.77,60.0,86.65,66.5,10.83,52.42,INE0H3U01013,,544778,,74.08,,100.18,"36,344",,,,,BSE,VAHH,70.0,71.0,66.5,66.5,31,52.42,73.98,52.0,2026-06-18,2026-07-22,5,0.1835085,16.67,10.83,-12.63,23.3,-13.33,-21.17,False,30100.0,0,,,,False,,26.0,-29.14,-28.16,-21.8,33.05,4.0,2026-06-17,2026-06-17,-12.29,-19.14,,0.29
UHM Vacation Ltd.,SME,uhm-vacation-ipo,2841,2026-06-04,2026-06-11,34.17,166.0,2.14,126.2,-23.98,34.79,INE0YZ901011,,544779,1.0,0.86,0.82,3.86,"2,636",,,,,BSE,UHMVL,132.8,132.8,126.2,126.2,29,34.79,132.8,33.56,2026-06-11,2026-07-24,0,0.4589304,-20.0,-23.98,-79.04,-20.0,-79.78,-72.43,False,94600.0,2,9.0,2026-06-29,2026-06-30,False,,,-73.8,-72.43,-73.41,68.42,,,,,,,
Hexagon Nutrition Ltd.,Mainboard,hexagon-nutrition-ipo,2658,2026-06-05,2026-06-12,138.87,45.0,37.47,53.19,18.2,65.51,INE0JUI01012,HEXAGON,544785,19.77,161.49,183.16,26.85,"7,71,182",41.66,23.08,2026-07-09,2026-09-07,NSE,HEXAGON,48.25,50.66,48.1,50.66,30,65.51,78.25,48.1,2026-07-14,2026-06-12,21,22.89982394715,7.22,12.58,45.58,73.89,6.89,29.31,False,3276563.95,0,,,,False,,28.0,-16.28,-15.4,-2.51,56.97,1.0,2026-06-15,2026-06-15,19.21,43.02,,0.06
Genxai Analytics Ltd.,SME,genxai-analytics-ipo,2801,2026-06-05,2026-06-12,51.91,116.0,12.54,97.4,-16.03,70.7,INE1W0N01014,GENXAI,,17.58,30.92,36.47,12.59,"10,783",14.99,21.47,2026-07-09,2026-09-07,NSE,GENXAI,92.8,97.4,92.75,97.4,30,70.7,103.35,66.7,2026-06-16,2026-07-22,2,0.7217718,-20.0,-16.03,-39.05,-10.91,-42.5,-27.41,False,85980.0,0,,,,False,,28.0,-31.59,-33.11,-31.52,37.63,1.0,2026-06-15,2026-06-15,-8.75,-26.36,,0.27
Utkal Speciality Industries India Ltd.,SME,utkal-speciality-ipo,2638,2026-06-10,2026-06-17,32.8,66.0,1.43,62.7,-5.0,38.35,INE1V1R01014,UTKAL,,1.12,0.89,0.89,2.1,"1,676",,,,,NSE,UTKAL,66.0,66.0,62.7,62.7,27,38.35,66.0,22.6,2026-06-17,2026-07-13,0,0.3675665,0.0,-5.0,-41.89,0.0,-65.76,-38.84,True,132600.0,2,12.0,2026-07-06,2026-07-10,False,,,-41.89,-62.12,-63.96,59.01,,,,,,,
Susan Electricals India Ltd.,SME,susan-electricals-india-ipo,2872,2026-06-11,2026-06-18,64.57,127.0,151.37,195.3,53.78,229.0,INE2L0V01019,,544793,142.65,336.0,389.07,207.56,"2,28,249",19.34,21.56,2026-07-16,2026-09-14,BSE,SUSAN,186.0,195.3,180.6,195.3,26,229.0,275.0,180.6,2026-07-16,2026-06-18,19,7.7081435,46.46,53.78,80.31,116.54,42.2,17.26,False,321050.0,0,,,,False,,24.0,-16.73,-15.78,-2.71,43.52,1.0,2026-06-19,2026-06-19,10.83,14.97,,0.32
Horizon Reclaim (India) Ltd.,SME,horizon-reclaim-india-ipo,2937,2026-06-12,2026-06-19,51.55,103.0,211.52,147.3,43.01,144.3,INE1SEO01013,,544794,186.72,450.74,502.41,308.3,"2,70,209",15.46,22.17,2026-07-16,2026-09-14,BSE,HORIZON,151.0,158.0,143.45,147.3,25,144.3,164.6,131.6,2026-07-20,2026-06-30,20,2.2404951,46.6,43.01,40.1,59.81,27.77,-2.04,True,151920.0,0,,,,False,,,-12.33,-8.25,-10.66,22.4,,,,,,,
Leapfrog Engineering Services Ltd.,SME,leapfrog-engineering-ipo,2107,2026-06-17,2026-06-24,84.08,23.0,2.46,23.1,0.43,22.23,INE0X6O01027,,544797,20.32,5.1,1.67,0.84,"4,586",,,,,BSE,LESL,22.0,23.1,22.0,23.1,22,22.23,25.2,20.0,2026-06-29,2026-07-03,2,0.9941355,-4.35,0.43,-3.35,9.57,-13.04,-3.77,False,437400.0,0,,,,False,,11.0,-11.79,-14.72,-13.42,22.51,1.0,2026-07-09,2026-06-25,-4.66,-8.33,,0.09
Liotech Industries Ltd.,SME,liotech-industries-ipo,2367,2026-06-17,2026-06-24,34.17,321.0,1.89,244.15,-23.94,96.5,INE0TKX01011,,544796,,0.85,,2.97,"2,248",,,,,BSE,LIOTECH,257.0,257.0,244.15,244.15,22,96.5,257.0,95.1,2026-06-24,2026-07-24,0,0.3234967,-19.94,-23.94,-69.94,-19.94,-70.37,-60.48,False,29080.0,1,14.0,2026-07-15,2026-07-15,False,,,-62.45,-60.48,-61.05,56.05,,,,,,,
Diksha Polymers Ltd.,SME,diksha-polymers-ipo,2568,2026-06-17,2026-06-24,16.99,112.0,2.88,120.2,7.32,119.0,INE1OSI01014,,544798,,2.63,,3.14,"1,519",,,,,BSE,DIKSHA,114.5,120.2,114.5,120.2,20,119.0,123.35,108.0,2026-07-01,2026-07-13,4,1.067424,2.23,7.32,6.25,10.13,-3.57,-1.0,True,92460.0,0,,,,False,,6.0,-3.53,-8.86,-10.15,12.77,13.0,2026-07-14,2026-07-14,,,,1.53
Clay Craft India Ltd.,SME,clay-craft-ipo,2585,2026-06-17,2026-06-24,104.58,203.0,72.2,221.55,9.14,170.2,INE1QGM01024,CLAYCRAFT,,119.19,153.95,185.33,71.76,"1,37,459",31.34,22.16,2026-07-22,2026-09-20,NSE,CLAYCRAFT,211.0,221.55,211.0,221.55,22,170.2,224.0,149.0,2026-06-25,2026-07-20,1,2.0090103,3.94,9.14,-16.16,10.34,-26.6,-23.18,False,110730.0,0,,,,False,,,-24.02,-31.62,-32.75,33.85,,,,,,,
Avience Biomedicals Ltd.,SME,avience-biomedicals-ipo,2184,2026-06-18,2026-06-25,28.53,208.0,267.95,414.95,99.5,259.75,INE0V9I01017,AVIENCE,,196.77,597.23,670.18,401.36,"1,92,952",8.52,21.99,2026-07-23,2026-09-21,NSE,AVIENCE,395.2,414.95,395.2,414.95,21,259.75,414.95,222.0,2026-06-25,2026-07-17,0,2.8474125,90.0,99.5,24.88,99.5,6.73,-37.4,False,105360.0,1,15.0,2026-07-17,2026-07-17,True,,,-37.4,-46.29,-46.5,41.51,,,,,,,
Turtlemint Fintech Solutions Ltd.,Mainboard,turtlemint-fintech-solutions-ipo,2601,2026-06-19,2026-06-29,882.67,152.0,1.17,135.37,-10.94,130.07,INE0OC301013,TURTLEMINT,544799,1.63,0.55,0.54,1.11,"52,935",397.2,31.03,2026-07-23,2026-09-21,NSE,TURTLEMINT,134.9,144.95,132.0,135.37,20,130.07,154.3,123.53,2026-07-20,2026-07-24,15,32.04956375785,-11.25,-10.94,-14.43,1.51,-18.73,-3.92,False,2295978.2,0,,,,False,,,-15.7,-11.91,-8.75,22.73,,,,,,,
Anubhav Plast Ltd.,SME,anubhav-plast-ipo,2610,2026-06-19,2026-06-29,22.8,80.0,1.81,76.0,-5.0,51.15,INE1O7201010,,544800,1.23,2.49,2.34,2.6,919,6.78,22.04,2026-07-23,2026-09-21,BSE,ANUBHAV,80.0,80.0,76.0,76.0,20,51.15,80.0,46.01,2026-06-29,2026-07-14,0,0.47951144,0.0,-5.0,-36.06,0.0,-42.49,-32.7,False,72480.0,0,,,,False,,,-36.06,-35.53,-39.46,34.46,,,,,,,
Waterways Leisure Tourism Ltd.,Mainboard,cordelia-cruises-ipo,2474,2026-06-23,2026-07-01,585.0,808.0,1.4,668.1,-17.31,806.4,INE0LZF01013,CORDELIA,544802,0.72,1.23,0.94,4.4,"1,15,477",263.25,31.03,2026-07-28,2026-09-26,NSE,CORDELIA,681.0,722.7,623.1,668.1,18,806.4,925.65,623.1,2026-07-21,2026-07-01,14,101.81263066305556,-15.72,-17.31,-0.2,14.56,-22.88,20.7,False,1276729.888888889,0,,,,False,,16.0,-12.88,-11.64,1.78,36.77,1.0,2026-07-02,2026-07-02,11.26,,,0.36
Advit Jewels Ltd.,Mainboard,advit-jewels-ipo,2686,2026-06-23,2026-07-01,165.16,138.0,147.53,179.46,30.04,194.07,INE1SJO01012,RAMBHAJO,544803,174.98,536.38,554.12,95.3,"32,04,037",49.52,23.07,2026-07-29,2026-09-27,NSE,RAMBHAJO,188.9,192.0,179.46,179.46,18,194.07,222.0,161.6,2026-07-15,2026-07-07,10,18.388186180722222,36.88,30.04,40.63,60.87,17.1,8.14,False,958128.7222222222,0,,,,False,,8.0,-12.58,-9.36,-9.95,33.66,9.0,2026-07-14,2026-07-14,,,,0.46
Jivial Industries Ltd.,SME,jivial-industries-ipo,2771,2026-06-23,2026-07-01,30.39,196.0,1.0,161.7,-17.5,78.55,INE0V3T01017,,544805,,1.57,,0.22,330,,,,,BSE,JIVIAL,156.8,164.6,149.5,161.7,18,78.55,164.6,75.0,2026-07-01,2026-07-24,0,1.2269685,-20.0,-17.5,-59.92,-16.02,-61.73,-51.42,False,94133.33333333333,0,,,,False,,,-52.28,-51.42,-53.62,48.64,,,,,,,
Shreedhar Spinners Ltd.,SME,shreedhar-spinners-ipo,2851,2026-06-23,2026-07-01,28.63,53.0,4.98,57.1,7.74,90.05,INE0K3301012,SHREEDHAR,,2.51,14.58,17.94,5.71,"3,470",8.58,21.85,2026-07-28,2026-09-26,NSE,SHREEDHAR,54.4,57.1,54.4,57.1,18,90.05,100.0,54.4,2026-07-24,2026-07-01,17,1.9508333333333332,2.64,7.74,69.91,88.68,2.64,57.71,True,311222.22222222225,0,,,,False,,16.0,-9.95,-6.83,-1.05,76.18,1.0,2026-07-02,2026-07-02,27.44,,,0.09
Riyaasat Lifestyle Ltd.,SME,riyaasat-lifestyle-ipo,2538,2026-06-18,2026-07-01,28.65,106.0,1.31,80.6,-23.96,55.1,INE0KYI01012,,544804,20.33,0.09,0.05,0.44,322,,,,,BSE,RIYAASAT,84.8,84.8,80.6,80.6,16,55.1,84.8,53.65,2026-07-01,2026-07-14,0,0.12356475,-20.0,-23.96,-48.02,-20.0,-49.39,-31.64,False,19950.0,1,8.0,2026-07-14,2026-07-14,False,,,-35.02,-31.64,-33.44,28.47,,,,,,,
CSM Technologies Ltd.,Mainboard,csm-technologies-ipo,2641,2026-06-24,2026-07-02,145.78,113.0,1.14,107.35,-5.0,99.62,INE0ZK601013,CSM,544806,1.02,1.54,1.65,1.63,"45,816",20.0,12.07,2026-07-30,2026-09-28,NSE,CSM,113.0,113.0,107.35,107.35,17,99.62,113.0,95.1,2026-07-02,2026-07-24,0,4.072443703941176,0.0,-5.0,-11.84,0.0,-15.84,-7.2,False,397906.8823529412,0,,,,False,,,-11.84,-9.65,-11.41,15.09,,,,,,,
Crazy Snacks Ltd.,SME,crazy-snacks-ipo,2133,2026-06-25,2026-07-03,29.89,42.0,1.2,45.67,8.74,53.01,INE0RBX01014,,544807,4.75,1.08,1.59,1.26,790,,,,,BSE,CRAZY,44.0,46.2,44.0,45.67,16,53.01,65.07,42.47,2026-07-17,2026-07-07,10,1.20124575,4.76,8.74,26.21,54.93,1.12,16.07,False,266250.0,0,,,,False,,13.0,-18.53,-14.5,-7.01,49.49,2.0,2026-07-07,2026-07-07,23.59,,,0.11
Aastha Spintex Ltd.,Mainboard,aastha-spintex-ipo,2678,2026-06-29,2026-07-06,170.0,136.0,4.97,136.49,0.36,102.62,INE2FMX01012,AASTHA,544808,3.59,8.29,9.11,2.54,"1,11,665",,,,,NSE,AASTHA,130.0,136.5,130.0,136.49,15,102.62,140.01,95.85,2026-07-22,2026-07-23,12,62.03926741959999,-4.41,0.36,-24.54,2.95,-29.52,-24.82,False,5474425.066666666,2,11.0,2026-07-21,2026-07-22,True,,,-26.71,-24.82,-29.78,32.35,,,,,,,
Adon Agro Commodities Ltd.,SME,adon-agro-commodities-ipo,2467,2026-06-29,2026-07-06,41.82,70.0,1.34,82.16,17.37,86.99,INE1SME01017,,544809,22.47,1.41,1.83,0.84,776,,,,,BSE,ADON,78.25,82.16,78.25,82.16,15,86.99,96.0,76.05,2026-07-22,2026-07-08,12,4.6561524,11.79,17.37,24.27,37.14,8.64,5.88,True,566000.0,0,,,,False,,9.0,-9.39,-5.03,-7.44,24.28,5.0,2026-07-13,2026-07-13,,,,0.28
Teja Engineering Industries Ltd.,SME,teja-engineering-industries-ipo,2308,2026-06-30,2026-07-07,35.48,220.0,1.06,438.9,99.5,672.45,INE0R1301019,TEJA,,,1.81,,0.32,273,,,,,NSE,TEJA,418.0,438.9,418.0,438.9,14,672.45,683.0,418.0,2026-07-24,2026-07-07,13,2.285169,90.0,99.5,205.66,210.45,90.0,53.21,True,38785.71428571428,2,10.0,2026-07-21,2026-07-24,True,,12.0,-1.54,0.0,-0.25,55.87,1.0,2026-07-08,2026-07-08,31.98,,,0.15
Atharva Polyplast Ltd.,SME,atharva-polyplast-ipo,2653,2026-06-30,2026-07-07,25.64,60.0,7.99,72.45,20.75,78.0,INE226801012,,544812,3.58,18.97,22.44,11.3,"5,202",7.64,22.06,2026-08-02,2026-10-01,BSE,ATHARVA,69.0,72.45,69.0,72.45,14,78.0,86.0,69.0,2026-07-13,2026-07-07,4,2.360675571428571,15.0,20.75,30.0,43.33,15.0,7.66,False,317428.5714285714,0,,,,False,,12.0,-9.3,-7.68,-0.62,19.32,1.0,2026-07-08,2026-07-08,2.55,,,0.31
Seemax Resources Ltd.,SME,seemax-resources-ipo,2707,2026-06-30,2026-07-07,18.75,141.0,3.6,107.2,-23.97,50.2,INE1EVO01017,,544813,17.19,4.08,3.62,1.52,"1,025",,,,,BSE,SEEMAX,112.8,112.8,107.2,107.2,14,50.2,112.8,50.05,2026-07-07,2026-07-24,0,0.8659810714285715,-20.0,-23.97,-64.4,-20.0,-64.5,-53.17,False,84357.14285714286,0,,,,False,,,-55.5,-53.17,-53.31,48.32,,,,,,,
Sampark India Logistics Ltd.,SME,sampark-india-logistics-ipo,2711,2026-06-30,2026-07-07,25.85,84.0,3.81,93.45,11.25,92.83,INE147701010,,544810,1.55,10.11,10.22,4.65,"2,110",7.71,22.09,2026-08-02,2026-10-01,BSE,SILL,89.0,93.45,89.0,93.45,14,92.83,102.0,74.0,2026-07-17,2026-07-24,8,1.3744218285714285,5.95,11.25,10.51,21.43,-11.9,-0.66,False,150285.7142857143,0,,,,False,,8.0,-8.99,-10.0,-20.81,29.96,2.0,2026-07-14,2026-07-09,-6.44,,,0.1
Vinit Mobile Ltd.,SME,vinit-mobile-ipo,2831,2026-06-30,2026-07-07,32.42,158.0,1.45,147.25,-6.8,64.5,INE27V201011,VMOBILE,,1.0,0.8,2.91,2.18,"1,759",,,,,NSE,VMOBILE,155.0,155.0,147.25,147.25,14,64.5,155.0,64.5,2026-07-07,2026-07-24,0,1.0062197142857143,-1.9,-6.8,-59.18,-1.9,-59.18,-56.2,False,121200.0,2,10.0,2026-07-21,2026-07-23,True,,,-58.39,-56.2,-56.2,51.21,,,,,,,
Kratikal Tech Ltd.,SME,kratikal-tech-ipo,2844,2026-06-30,2026-07-07,37.67,135.0,154.37,182.4,35.11,168.0,INE1L0M01019,,544811,145.82,324.64,375.29,218.48,"1,30,220",11.22,22.04,2026-08-02,2026-10-01,BSE,KRATIKAL,192.0,199.0,182.4,182.4,14,168.0,199.0,160.25,2026-07-07,2026-07-24,0,3.6219825,42.22,35.11,24.44,47.41,18.7,-7.89,False,197714.2857142857,0,,,,False,,,-15.58,-9.7,-12.14,15.21,,,,,,,
Knack Packaging Ltd.,Mainboard,knack-packaging-ipo,2592,2026-07-01,2026-07-08,439.5,170.0,61.1,182.98,7.64,194.88,INE17QZ01016,KNACK,544814,160.22,146.64,163.91,21.09,"19,86,659",131.25,22.99,2026-08-04,2026-10-03,NSE,KNACK,188.0,192.0,180.33,182.98,13,194.88,220.72,180.33,2026-07-10,2026-07-08,2,146.86117140376925,10.59,7.64,14.64,29.84,6.08,6.5,False,7448851.615384615,0,,,,False,,1.0,-11.71,-10.0,1.65,18.97,1.0,2026-07-23,2026-07-09,-0.81,,,0.57
IC Electricals Co.Ltd.,SME,ic-electricals-ipo,2754,2026-07-03,2026-07-10,45.51,99.0,291.96,174.3,76.06,159.6,INE0XE501015,ICELCO,,241.75,764.38,936.7,372.51,"3,13,014",13.54,22.04,2026-08-07,2026-10-06,NSE,ICELCO,166.0,174.3,157.7,174.3,11,159.6,183.0,151.45,2026-07-13,2026-07-15,1,8.563543636363637,67.68,76.06,61.21,84.85,52.98,-8.43,False,514254.54545454547,0,,,,False,,,-12.79,-9.84,-13.11,18.1,,,,,,,
Kusumgar Ltd.,Mainboard,kusumgar-ipo,2670,2026-07-08,2026-07-15,650.0,419.0,94.75,602.8,43.87,601.35,INE0ISX01025,KUSUMGAR,544821,299.51,174.28,189.4,27.97,"37,19,690",193.95,22.97,2026-08-12,2026-10-11,NSE,KUSUMGAR,569.0,625.9,568.15,602.8,8,601.35,629.2,548.0,2026-07-16,2026-07-22,1,260.476142365,35.8,43.87,43.52,50.17,30.79,-0.24,True,4364633.125,0,,,,False,,,-4.43,-6.14,,,,,,,,,
Laser Power & Infra Ltd.,Mainboard,laser-power-infra-ipo,2654,2026-07-09,2026-07-16,742.0,214.0,28.97,262.42,22.63,307.52,INE17IR01028,LASERPOWER,544822,97.25,45.69,50.32,6.95,"11,53,140",222.6,23.08,2026-08-13,2026-10-12,NSE,LASERPOWER,250.0,270.0,250.0,262.42,7,307.52,307.52,250.0,2026-07-24,2026-07-16,6,289.11914715685714,16.82,22.63,43.7,43.7,16.82,17.19,True,10623659.857142856,0,,,,False,,5.0,0.0,-4.9,,,1.0,2026-07-17,2026-07-17,,,,0.21
Happy Steels Ltd.,SME,happy-steels-ipo,2864,2026-07-09,2026-07-16,23.75,66.0,54.61,68.5,3.79,62.25,INE1GFG01011,HAPPY,,59.01,113.6,128.77,73.25,"28,384",7.1,22.12,2026-08-13,2026-10-12,NSE,HAPPY,68.0,71.4,68.0,68.5,7,62.25,71.4,60.0,2026-07-16,2026-07-24,0,2.3473257142857142,3.03,3.79,-5.68,8.18,-9.09,-9.12,False,346285.71428571426,0,,,,False,,,-12.82,-9.49,,,,,,,,,
Devson Catalyst Ltd.,SME,devson-catalyst-ipo,2943,2026-07-09,2026-07-16,40.21,118.0,154.54,205.95,74.53,222.5,INE2KRP01017,,544823,168.56,261.22,286.5,244.08,"1,39,357",11.81,21.81,2026-08-13,2026-10-12,BSE,DEVSON,196.15,205.95,186.35,205.95,7,222.5,227.0,186.35,2026-07-20,2026-07-16,2,11.052066,66.23,74.53,88.56,92.37,57.92,8.04,True,540857.1428571428,0,,,,False,,2.0,-1.98,-6.31,,,1.0,2026-07-22,2026-07-17,,,,0.19
Alpine Texworld Ltd.,Mainboard,alpine-texworld-ipo,2675,2026-07-14,2026-07-21,126.25,105.0,1.28,99.75,-5.0,85.54,INE1JCQ01037,ALPINETEX,544825,1.09,1.09,0.9,1.54,"76,891",,,,,NSE,ALPINETEX,105.0,105.0,99.75,99.75,4,85.54,105.0,85.54,2026-07-21,2026-07-24,0,2.062139344,0.0,-5.0,-18.53,0.0,-18.53,-14.25,False,202899.75,0,,,,False,,,-18.53,-14.25,,,,,,,,,
SBI Funds Management Ltd.,Mainboard,sbi-funds-management-ipo,2949,2026-07-14,2026-07-21,9795.32,574.0,30.47,609.75,6.23,587.3,INE640G01020,SBIFUNDS,544829,140.11,22.51,26.01,3.76,"63,82,532",2662.96,21.34,2026-08-16,2026-10-15,NSE,SBIFUNDS,613.3,624.95,598.2,609.75,4,587.3,624.95,572.0,2026-07-21,2026-07-24,0,1806.88231434875,6.85,6.23,2.32,8.88,-0.35,-3.68,False,29700969.25,0,,,,False,,,-6.02,-5.31,,,,,,,,,
Millworks Technologies Ltd.,SME,millworks-technologies-ipo,2866,2026-07-14,2026-07-21,146.3,331.0,153.41,660.3,99.49,764.3,INE1SRC01010,,544826,194.05,260.37,289.84,216.6,"4,92,473",43.86,21.48,2026-08-16,2026-10-15,BSE,MILLWORKS,628.9,660.3,628.9,660.3,4,764.3,764.3,628.9,2026-07-24,2026-07-21,3,32.2474035,90.0,99.49,130.91,130.91,90.0,15.75,True,473700.0,0,,,,False,,2.0,0.0,0.0,,,1.0,2026-07-22,2026-07-22,,,,0.14
Sotefin Bharat Ltd.,SME,sotefin-bharat-ipo,2836,2026-07-16,2026-07-23,85.27,187.0,3.18,215.25,15.11,213.95,INE12Z301012,,,2.82,6.05,7.28,3.78,"6,070",25.58,22.18,2026-08-20,2026-10-19,BSE,SOTEFIN,205.0,215.25,205.0,215.25,2,213.95,216.8,204.5,2026-07-24,2026-07-24,1,28.3687905,9.63,15.11,14.41,15.94,9.36,-0.6,False,1353000.0,0,,,,False,,,-1.31,-0.6,,,,,,,,,
Caliber Mining & Logistics Ltd.,Mainboard,caliber-mining-ipo,1999,2026-07-17,2026-07-24,450.0,424.0,,528.2,24.58,528.2,INE11XY01018,,,253.88,281.99,309.31,43.4,"38,44,190",135.0,23.08,2026-08-21,2026-10-20,NSE,CMLL,500.25,538.75,463.35,528.2,1,528.2,538.75,463.35,2026-07-24,2026-07-24,0,1157.250020035,17.98,24.58,24.58,27.06,9.28,0.0,True,23156167.0,0,,,,False,,,-1.96,0.0,,,,,,,,,
