company,board,symbol,exchange,isin,listing_date,reco,state,score,cmp,pivot,dist_to_pivot_pct,qib_x,sub_x,adv_cr,base_low_pct,days_listed,breakout_day,cmp_vs_issue_pct,entry,stop,stop_basis,target,rr,lead_manager,anchor_30d,anchor_90d,screener_url,tradingview_url,ff_vol_pct,mcap_cr,promoter_pct,surv_official,surv_band,surv_risk,surv_since,surv_exit_eta,surv_source,surv_implication,surv_exit_check,surv_exit_rule,at_ath,first_thrust_date,last_pivot_cross_date,days_since_pivot_cross,last_thrust_date,thrust_count,thrust_recent,analogs,reasons
Netweb Technologies India Ltd.,Mainboard,NETWEB,NSE,INE0NT901020,2023-07-27,FRESH BUY,TRIGGER,98,5419.8,952.0,-82.4,220.69,63.41,19695822.814642437,-7.2,10,7.0,983.96,952.0,875.84,hard -8% cap (base low further),1094.8,1.9,Equirus Capital Ltd.,2023-08-23,2023-10-22,https://www.screener.in/company/NETWEB/,https://www.tradingview.com/chart/?symbol=NSE%3ANETWEB,16.1,28823.0,66.98,,,ST-ASM trigger risk: +533% in 5 sessions (criterion: ≥25%),,,,,,,False,,2026-08-18,2.0,,0,False,"DOMS Industries (2023-12): peaked +294%, +13% in 60d after its breakout | DEE Development Engineers (2024-06): peaked +274%, -27% in 60d after its breakout | Bharat Coking Coal (2026-01): peaked +96%, +45% vs issue to date","Score 98/100 — structure 35/35, base 20/20, liquidity 15/15, institutions 15/15, lock-in 5/5, LM 3/5, momentum 5/5 • Fresh close above the ₹952.0 pivot on session 7 — the walk-forward-validated entry • Tight base — held within 7.2% of listing close (the −10% cutoff was the grid-search optimum) • QIB 221x — heavy institutional sponsorship (biggest historical tails came from this group) • ₹19695822.8cr/day turnover ≈ 16.1% of free float changing hands daily — crowded/manipulable, careful • ⚠ ST-ASM trigger risk: +533% in 5 sessions (criterion: ≥25%) • Lead manager Equirus Capital Ltd.: 44% of 9 issues above issue today, LM score 50/100"
Dhaval Packaging Ltd.,SME,DHAVAL,BSE,INE1HX301016,2026-08-06,FRESH BUY,TRIGGER,91,126.81,114.0,-10.1,56.38,35.85,3.346483090909091,-5.09,11,8.0,30.73,114.0,106.0,base low (-5.1% vs listing close),131.1,2.1,Rarever Financial Advisors Pvt.Ltd.,2026-09-02,2026-11-01,https://www.screener.in/company/544854/,https://www.tradingview.com/chart/?symbol=BSE%3A544854,6.27,156.0,66.06,,,,,,,,,,False,,2026-08-18,2.0,,0,False,"Avi Ansh Textile (2024-09): peaked +99%, +48% in 60d after its breakout | Sylvan Plyboard (India) (2024-07): peaked +153%, +36% in 60d after its breakout | Shivam Chemicals (2024-04): peaked +196%, +7% in 60d after its breakout","Score 91/100 — structure 35/35, base 20/20, liquidity 10/15, institutions 15/15, lock-in 5/5, LM 1/5, momentum 5/5 • Fresh close above the ₹114.0 pivot on session 8 — the walk-forward-validated entry • Tight base — held within 5.1% of listing close (the −10% cutoff was the grid-search optimum) • QIB 56x — heavy institutional sponsorship (biggest historical tails came from this group) • ₹3.3cr/day turnover ≈ 6.3% of free float changing hands daily — crowded/manipulable, careful • Listed +13% — the historical sweet-spot band"
Juniper Green Energy Ltd.,Mainboard,JNPR,NSE,INE05C901015,2026-08-06,FRESH BUY,TRIGGER,88,273.76,264.72,-3.3,26.22,6.16,242.99134568345457,-10.25,11,10.0,21.67,264.72,243.54,hard -8% cap (base low further),304.43,1.9,ICICI Securities Ltd.,2026-09-02,2026-11-01,https://www.screener.in/company/JNPR/,https://www.tradingview.com/chart/?symbol=NSE%3AJNPR,12.14,13744.0,85.94,,,,,,,,,,True,,2026-08-20,0.0,,0,False,"Canara Robeco Asset Management Co.Ltd. (2025-10): peaked +33%, -12% in 60d after its breakout | Allied Blenders & Distillers (2024-07): peaked +153%, +2% in 60d after its breakout | Go Digit General Insurance (2024-05): peaked +50%, +18% in 60d after its breakout","Score 88/100 — structure 35/35, base 14/20, liquidity 15/15, institutions 11/15, lock-in 5/5, LM 3/5, momentum 5/5 • Fresh close above the ₹264.7 pivot on session 10 — the walk-forward-validated entry • Base gave up -10.2% vs listing close — looser than the −10% ideal; demands a smaller position • QIB 26x — decent institutional interest • ₹243.0cr/day turnover ≈ 12.1% of free float changing hands daily — crowded/manipulable, careful • Lead manager ICICI Securities Ltd.: 63% of 38 issues above issue today, LM score 64/100 • Listed +9% — the historical sweet-spot band"
Dhoot Transmission Ltd.,Mainboard,DHOOTTRANS,NSE,INE01NH01023,2026-08-17,FRESH BUY,TRIGGER,80,1468.65,1205.0,-18.0,209.02,52.71,2287.89245158875,,4,1.0,68.62,1205.0,1108.6,hard -8% cap (base forming),1385.75,1.9,Axis Capital Ltd.,2026-09-11,2026-11-10,https://www.screener.in/company/DHOOTTRANS/,https://www.tradingview.com/chart/?symbol=NSE%3ADHOOTTRANS,8.68,28709.0,,,,,,,,,,,False,,2026-08-18,2.0,,0,False,"Inox India (2023-12): peaked +221%, +37% in 60d after its breakout | Inventurus Knowledge Solutions (2024-12): peaked +65%, -31% in 60d after its breakout | Transrail Lighting (2024-12): peaked +98%, -24% in 60d after its breakout","Score 80/100 — structure 35/35, base 0/20, liquidity 15/15, institutions 15/15, lock-in 5/5, LM 5/5, momentum 5/5 • Fresh close above the ₹1,205.0 pivot on session 1 — the walk-forward-validated entry • QIB 209x — heavy institutional sponsorship (biggest historical tails came from this group) • ₹2287.9cr/day turnover ≈ 8.7% of free float changing hands daily — crowded/manipulable, careful • Lead manager Axis Capital Ltd.: 82% of 22 issues above issue today, LM score 81/100 • Listed +38% — the historical sweet-spot band"
Molbio Diagnostics Ltd.,Mainboard,MOLBIO,NSE,INE869T01028,2026-08-17,FRESH BUY,TRIGGER,78,1036.65,1064.75,2.7,186.39,49.35,935.5762093425,,4,1.0,28.46,1064.75,979.57,hard -8% cap (base forming),1224.46,1.9,Kotak Mahindra Capital Co.Ltd.,2026-09-11,2026-11-10,https://www.screener.in/company/MOLBIO/,https://www.tradingview.com/chart/?symbol=NSE%3AMOLBIO,7.76,11907.0,,,,,,,,,,,False,,2026-08-18,2.0,,0,False,"Transrail Lighting (2024-12): peaked +98%, -24% in 60d after its breakout | Sri Lotus Developers & Realty (2025-08): peaked +46%, -12% in 60d after its breakout | Aequs (2025-12): peaked +121%, -23% in 60d after its breakout","Score 78/100 — structure 35/35, base 0/20, liquidity 15/15, institutions 15/15, lock-in 5/5, LM 5/5, momentum 3/5 • Fresh close above the ₹1,064.8 pivot on session 1 — the walk-forward-validated entry • QIB 186x — heavy institutional sponsorship (biggest historical tails came from this group) • ₹935.6cr/day turnover ≈ 7.8% of free float changing hands daily — crowded/manipulable, careful • Lead manager Kotak Mahindra Capital Co.Ltd.: 74% of 27 issues above issue today, LM score 73/100 • Listed +21% — the historical sweet-spot band"
Milky Mist Dairy Food Ltd.,Mainboard,MILKYMIST,NSE,INE00IT01020,2026-08-18,FRESH BUY,TRIGGER,78,184.89,181.5,-1.8,164.03,41.52,1097.0164659356667,,3,1.0,32.06,181.5,166.98,hard -8% cap (base forming),208.72,1.9,JM Financial Ltd.,2026-09-12,2026-11-11,https://www.screener.in/company/MILKYMIST/,https://www.tradingview.com/chart/?symbol=NSE%3AMILKYMIST,,,,,,,,,,,,,False,,2026-08-19,1.0,,0,False,"Aequs (2025-12): peaked +121%, -23% in 60d after its breakout | Transrail Lighting (2024-12): peaked +98%, -24% in 60d after its breakout | Sri Lotus Developers & Realty (2025-08): peaked +46%, -12% in 60d after its breakout","Score 78/100 — structure 35/35, base 0/20, liquidity 15/15, institutions 15/15, lock-in 5/5, LM 5/5, momentum 3/5 • Fresh close above the ₹181.5 pivot on session 1 — the walk-forward-validated entry • QIB 164x — heavy institutional sponsorship (biggest historical tails came from this group) • Lead manager JM Financial Ltd.: 69% of 26 issues above issue today, LM score 71/100 • Listed +18% — the historical sweet-spot band"
JD Cables Ltd.,SME,JDCABLES,BSE,INE14VP01014,2025-09-25,FRESH BUY,TRIGGER,71,211.8,205.85,-2.8,125.44,89.83,1.209512,,2,1.0,39.34,205.85,189.38,hard -8% cap (base forming),236.73,1.9,GYR Capital Advisors Pvt.Ltd.,2025-10-22,2025-12-22,https://www.screener.in/company/544524/,https://www.tradingview.com/chart/?symbol=BSE%3A544524,0.87,467.0,70.0,,,,,,,,,,False,,2026-08-20,0.0,,0,False,"Osel Devices (2024-09): peaked +422%, +47% in 60d after its breakout | Shiv Texchem (2024-10): peaked +151%, +11% in 60d after its breakout | Freshara Agro Exports (2024-10): peaked +235%, +10% in 60d after its breakout","Score 71/100 — structure 35/35, base 0/20, liquidity 6/15, institutions 15/15, lock-in 5/5, LM 5/5, momentum 5/5 • Fresh close above the ₹205.8 pivot on session 1 — the walk-forward-validated entry • QIB 125x — heavy institutional sponsorship (biggest historical tails came from this group) • ₹1.2cr/day turnover ≈ 0.9% of free float changing hands daily — healthy churn • Lead manager GYR Capital Advisors Pvt.Ltd.: 57% of 49 issues above issue today, LM score 72/100 • Listed +34% — the historical sweet-spot band"
Happy Steels Ltd.,SME,HAPPY,NSE,INE1GFG01011,2026-07-16,FRESH BUY,TRIGGER,71,77.7,71.4,-8.1,59.01,54.61,0.6264455,-16.79,26,24.0,17.73,71.4,65.69,hard -8% cap (base low further),82.11,1.9,Share India Capital Services Pvt.Ltd.,2026-08-13,2026-10-12,https://www.screener.in/company/HAPPY/,https://www.tradingview.com/chart/?symbol=NSE%3AHAPPY,2.35,95.4,72.99,,,,,,,,,,False,2026-08-19,2026-08-19,1.0,2026-08-20,2,True,"On Door Concepts (2023-11): peaked +162%, +21% in 60d after its breakout | United Cotfab (2024-06): peaked +19%, -36% in 60d after its breakout | Greenleaf Envirotech (2025-10): peaked +37%, +18% in 60d after its breakout","Score 71/100 — structure 35/35, base 6/20, liquidity 0/15, institutions 15/15, lock-in 5/5, LM 5/5, momentum 5/5 • Fresh close above the ₹71.4 pivot on session 24 — the walk-forward-validated entry • Base gave up -16.8% vs listing close — looser than the −10% ideal; demands a smaller position • QIB 59x — heavy institutional sponsorship (biggest historical tails came from this group) • ₹0.6cr/day turnover ≈ 2.4% of free float changing hands daily — healthy churn • 🔥 Volume thrust (≥5× avg) within the last 5 sessions (2026-08-20) — the institutional footprint that preceded most historical winners • Lead manager Share India Capital Services Pvt.Ltd.: 62% of 16 issues above issue today, LM score 84/100"
L.T.Elevator Ltd.,SME,LTELEVATOR,BSE,INE0TJ801010,2025-09-19,FRESH BUY,TRIGGER,69,321.95,310.0,-3.7,95.1,128.39,1.47561,,2,1.0,312.76,310.0,285.2,hard -8% cap (base forming),356.5,1.9,Horizon Management Pvt.Ltd.,2025-10-17,2025-12-16,https://www.screener.in/company/544518/,https://www.tradingview.com/chart/?symbol=BSE%3A544518,0.57,598.0,56.78,,,,,,,,,,False,,2026-08-20,0.0,,0,False,"GP Eco Solutions India (2024-06): peaked +556%, -34% in 60d after its breakout | Kay Cee Energy & Infra (2024-01): peaked +686%, -22% in 60d after its breakout | Indian Emulsifiers (2024-05): peaked +314%, -26% in 60d after its breakout","Score 69/100 — structure 35/35, base 0/20, liquidity 6/15, institutions 15/15, lock-in 5/5, LM 3/5, momentum 5/5 • Fresh close above the ₹310.0 pivot on session 1 — the walk-forward-validated entry • QIB 95x — heavy institutional sponsorship (biggest historical tails came from this group) • ₹1.5cr/day turnover ≈ 0.6% of free float changing hands daily — sleepy float • Lead manager Horizon Management Pvt.Ltd.: 50% of 22 issues above issue today, LM score 52/100 • Mega-pop (+297%) — day-1 buyers are extended; base needs extra proof"
Shelter Pharma Ltd.,SME,SHELTER,BSE,INE013V01011,2023-08-23,FRESH BUY,TRIGGER,68,29.32,28.1,-4.2,,14.17,0.0391524375,-6.2,16,15.0,-30.19,28.1,25.85,hard -8% cap (base low further),32.31,1.9,Gretex Corporate Services Ltd.,,,https://www.screener.in/company/543963/,https://www.tradingview.com/chart/?symbol=BSE%3A543963,0.15,42.4,44.38,,,,,,,,,,False,2026-08-20,2026-08-20,0.0,2026-08-20,1,True,"Onyx Biotec (2024-11): peaked +60%, -4% in 60d after its breakout | Jayesh Logistics (2025-11): peaked +64%, +15% in 60d after its breakout | NeoPolitan Pizza & Foods (2024-10): peaked +42%, -11% in 60d after its breakout","Score 68/100 — structure 35/35, base 20/20, liquidity 0/15, institutions 2/15, lock-in 5/5, LM 3/5, momentum 3/5 • Fresh close above the ₹28.1 pivot on session 15 — the walk-forward-validated entry • Tight base — held within 6.2% of listing close (the −10% cutoff was the grid-search optimum) • ₹0.0cr/day turnover ≈ 0.1% of free float changing hands daily — sleepy float • 🔥 Volume thrust (≥5× avg) within the last 5 sessions (2026-08-20) — the institutional footprint that preceded most historical winners • Lead manager Gretex Corporate Services Ltd.: 41% of 22 issues above issue today, LM score 48/100 • Discount listing (-33%) — historically the worst cohort"
Sacheerome Ltd.,SME,SACHEEROME,NSE,INE1ARD01016,2025-06-16,FRESH BUY,TRIGGER,68,508.55,496.0,-2.5,,218.15,2.22373275,,2,1.0,398.58,496.0,456.32,hard -8% cap (base forming),570.4,1.9,GYR Capital Advisors Pvt.Ltd.,2025-07-11,2025-09-09,https://www.screener.in/company/SACHEEROME/,https://www.tradingview.com/chart/?symbol=NSE%3ASACHEEROME,0.7,1044.0,71.54,,,,,,,,,,False,,2026-08-20,0.0,,0,False,"Winsol Engineers (2024-05): peaked +689%, -10% in 60d after its breakout | Kay Cee Energy & Infra (2024-01): peaked +686%, -22% in 60d after its breakout | GP Eco Solutions India (2024-06): peaked +556%, -34% in 60d after its breakout","Score 68/100 — structure 35/35, base 0/20, liquidity 10/15, institutions 8/15, lock-in 5/5, LM 5/5, momentum 5/5 • Fresh close above the ₹496.0 pivot on session 1 — the walk-forward-validated entry • ₹2.2cr/day turnover ≈ 0.7% of free float changing hands daily — sleepy float • Lead manager GYR Capital Advisors Pvt.Ltd.: 57% of 49 issues above issue today, LM score 72/100 • Mega-pop (+384%) — day-1 buyers are extended; base needs extra proof"
Yaashvi Jewellers Ltd.,SME,YAASHVI,BSE,INE1T6L01010,2026-06-02,FRESH BUY,TRIGGER,66,84.88,87.15,2.7,,5.64,0.8667704800000001,-14.99,57,1.0,2.27,87.15,80.18,hard -8% cap (base low further),100.22,1.9,Smart Horizon Capital Advisors Pvt.Ltd.,,,https://www.screener.in/company/544770/,https://www.tradingview.com/chart/?symbol=BSE%3A544770,1.82,167.0,66.01,,,,,,,,,,False,2026-08-17,2026-08-17,3.0,2026-08-17,1,True,"United Cotfab (2024-06): peaked +19%, -36% in 60d after its breakout | Paramatrix Technologies (2024-09): peaked +21%, -29% in 60d after its breakout | Greenleaf Envirotech (2025-10): peaked +37%, +18% in 60d after its breakout","Score 66/100 — structure 35/35, base 14/20, liquidity 0/15, institutions 2/15, lock-in 5/5, LM 5/5, momentum 5/5 • 🌙 LATE BLOOMER entry: fresh cross of the ₹87.2 pivot with a volume thrust — the Ather-class signal (study PF 3.05; EXPERIMENTAL — live replay has not yet confirmed this edge) • Base gave up -15.0% vs listing close — looser than the −10% ideal; demands a smaller position • ₹0.9cr/day turnover ≈ 1.8% of free float changing hands daily — healthy churn • 🔥 Volume thrust (≥5× avg) within the last 5 sessions (2026-08-17) — the institutional footprint that preceded most historical winners • Lead manager Smart Horizon Capital Advisors Pvt.Ltd.: 74% of 27 issues above issue today, LM score 82/100"
GLEN Industries Ltd.,SME,GLEN,BSE,INE0UMC01019,2025-07-15,FRESH BUY,TRIGGER,65,121.48,119.8,-1.4,192.46,183.13,0.9742554,,2,1.0,25.24,119.8,110.22,hard -8% cap (base forming),137.77,1.9,GYR Capital Advisors Pvt.Ltd.,2025-08-10,2025-10-09,https://www.screener.in/company/544444/,https://www.tradingview.com/chart/?symbol=BSE%3A544444,1.27,280.0,73.31,,,,,,,,,,False,,2026-08-20,0.0,,0,False,"Freshara Agro Exports (2024-10): peaked +235%, +10% in 60d after its breakout | K.V.Toys India (2025-12): peaked +52%, -41% in 60d after its breakout | Anya Polytech & Fertilizers (2025-01): peaked +108%, +16% in 60d after its breakout","Score 65/100 — structure 35/35, base 0/20, liquidity 0/15, institutions 15/15, lock-in 5/5, LM 5/5, momentum 5/5 • Fresh close above the ₹119.8 pivot on session 1 — the walk-forward-validated entry • QIB 192x — heavy institutional sponsorship (biggest historical tails came from this group) • ₹1.0cr/day turnover ≈ 1.3% of free float changing hands daily — healthy churn • Lead manager GYR Capital Advisors Pvt.Ltd.: 57% of 49 issues above issue today, LM score 72/100 • Listed +22% — the historical sweet-spot band"
Patel Chem Specialities Ltd.,SME,PATELCHEM,BSE,INE161701011,2025-08-01,FRESH BUY,TRIGGER,65,95.07,93.99,-1.1,105.27,118.4,0.3478072,,2,1.0,13.18,93.99,86.47,hard -8% cap (base forming),108.09,1.9,Cumulative Capital Pvt.Ltd.,2025-08-28,2025-10-27,https://www.screener.in/company/544460/,https://www.tradingview.com/chart/?symbol=BSE%3A544460,0.47,229.0,68.64,,,,,,,,,,False,,2026-08-20,0.0,,0,False,"Freshara Agro Exports (2024-10): peaked +235%, +10% in 60d after its breakout | SD Retail (2024-09): peaked +64%, +9% in 60d after its breakout | Technichem Organics (2025-01): peaked +50%, -28% in 60d after its breakout","Score 65/100 — structure 35/35, base 0/20, liquidity 0/15, institutions 15/15, lock-in 5/5, LM 5/5, momentum 5/5 • Fresh close above the ₹94.0 pivot on session 1 — the walk-forward-validated entry • QIB 105x — heavy institutional sponsorship (biggest historical tails came from this group) • ₹0.3cr/day turnover ≈ 0.5% of free float changing hands daily — sleepy float • Lead manager Cumulative Capital Pvt.Ltd.: 75% of 8 issues above issue today, LM score 80/100 • Listed +11% — the historical sweet-spot band"
Parth Electricals & Engineering Ltd.,SME,PARTH,NSE,INE1H7V01011,2025-08-11,FRESH BUY,TRIGGER,65,485.4,480.0,-1.1,17.65,17.08,1.015529,,2,1.0,185.53,480.0,441.6,hard -8% cap (base forming),552.0,1.9,Horizon Management Pvt.Ltd.,2025-09-06,2025-11-05,https://www.screener.in/company/PARTH/,https://www.tradingview.com/chart/?symbol=NSE%3APARTH,0.4,628.0,61.22,,,,,,,,,,False,,2026-08-20,0.0,,0,False,"HOAC Foods India (2024-05): peaked +1629%, -15% in 60d after its breakout | Energy-Mission Machineries (India) (2024-05): peaked +321%, -13% in 60d after its breakout | Diensten Tech (2024-07): peaked +165%, -42% in 60d after its breakout","Score 65/100 — structure 35/35, base 0/20, liquidity 6/15, institutions 11/15, lock-in 5/5, LM 3/5, momentum 5/5 • Fresh close above the ₹480.0 pivot on session 1 — the walk-forward-validated entry • QIB 18x — decent institutional interest • ₹1.0cr/day turnover ≈ 0.4% of free float changing hands daily — sleepy float • Lead manager Horizon Management Pvt.Ltd.: 50% of 22 issues above issue today, LM score 52/100 • Mega-pop (+178%) — day-1 buyers are extended; base needs extra proof"
LEAP India Ltd.,Mainboard,LEAPIND,NSE,INE00GO01025,2026-08-14,BUY-SETUP,SETUP,81,166.66,167.0,0.2,17.73,6.46,646.7162447390001,-1.3,5,,4.82,167.0,153.64,hard -8% cap (base low further),192.05,1.9,JM Financial Ltd.,2026-09-10,2026-11-09,https://www.screener.in/company/LEAPIND/,https://www.tradingview.com/chart/?symbol=NSE%3ALEAPIND,20.76,7048.0,55.64,,,,,,,,,,False,,,,,0,False,"Muthoot Microfin (2023-12): peaked -3%, -27% vs issue to date | Schloss Bangalore (2025-06): peaked +25%, +3% in 60d after its breakout | Ventive Hospitality (2024-12): peaked +31%, -4% in 60d after its breakout","Score 81/100 — structure 20/35, base 20/20, liquidity 15/15, institutions 11/15, lock-in 5/5, LM 5/5, momentum 5/5 • Basing 0.2% below the ₹167.0 pivot at 5 sessions — trigger is a daily close above it inside session 25 • Tight base — held within 1.3% of listing close (the −10% cutoff was the grid-search optimum) • QIB 18x — decent institutional interest • ₹646.7cr/day turnover ≈ 20.8% of free float changing hands daily — crowded/manipulable, careful • Lead manager JM Financial Ltd.: 69% of 26 issues above issue today, LM score 71/100"
Technocraft Ventures Ltd.,Mainboard,TECHNOCRAF,NSE,INE1D0W01018,2026-08-14,BUY-SETUP,SETUP,79,330.37,334.4,1.2,42.26,27.19,255.54137985880004,-8.7,5,,55.83,334.4,307.65,hard -8% cap (base low further),384.56,1.9,Khambatta Securities Ltd.,2026-09-10,2026-11-09,https://www.screener.in/company/TECHNOCRAF/,https://www.tradingview.com/chart/?symbol=NSE%3ATECHNOCRAF,69.7,1247.0,70.01,,,,,,,,,,False,,,,,0,False,"Globe Civil Projects (2025-07): peaked +34%, -40% vs issue to date | Saraswati Saree Depot (2024-08): peaked +34%, -63% vs issue to date | Sanathan Textiles (2024-12): peaked +75%, +21% in 60d after its breakout","Score 79/100 — structure 20/35, base 20/20, liquidity 15/15, institutions 11/15, lock-in 5/5, LM 3/5, momentum 5/5 • Basing 1.2% below the ₹334.4 pivot at 5 sessions — trigger is a daily close above it inside session 25 • Tight base — held within 8.7% of listing close (the −10% cutoff was the grid-search optimum) • QIB 42x — decent institutional interest • ₹255.5cr/day turnover ≈ 69.7% of free float changing hands daily — crowded/manipulable, careful • Lead manager Khambatta Securities Ltd.: 56% of 9 issues above issue today, LM score 58/100 • Listed +34% — the historical sweet-spot band"
MV Electrosystems Ltd.,Mainboard,MVELECTRO,NSE,INE0OWZ01020,2026-08-06,BUY-SETUP,SETUP,73,568.3,624.0,9.8,96.13,109.59,252.90979943636364,-10.87,11,,33.72,624.0,574.08,hard -8% cap (base low further),717.6,1.9,Sundae Capital Advisors Pvt.Ltd.,2026-09-02,2026-11-01,https://www.screener.in/company/MVELECTRO/,https://www.tradingview.com/chart/?symbol=NSE%3AMVELECTRO,36.18,1551.0,57.68,,,,,,,,,,False,,,,,0,False,"Kronox Lab Sciences (2024-06): peaked +68%, -5% in 60d after its breakout | Ratnaveer Precision Engineering (2023-09): peaked +180%, -11% in 60d after its breakout | Sanathan Textiles (2024-12): peaked +75%, +21% in 60d after its breakout","Score 73/100 — structure 20/35, base 14/20, liquidity 15/15, institutions 15/15, lock-in 5/5, LM 1/5, momentum 3/5 • Basing 9.8% below the ₹624.0 pivot at 11 sessions — trigger is a daily close above it inside session 25 • Base gave up -10.9% vs listing close — looser than the −10% ideal; demands a smaller position • QIB 96x — heavy institutional sponsorship (biggest historical tails came from this group) • ₹252.9cr/day turnover ≈ 36.2% of free float changing hands daily — crowded/manipulable, careful • Listed +22% — the historical sweet-spot band"
Bondada Engineering Ltd.,SME,BONDADA,BSE,INE0Q8P01029,2023-08-30,BUY-SETUP,SETUP,71,297.3,306.3,3.0,,110.92,4.348418611111112,-8.1,18,,296.4,306.3,281.8,hard -8% cap (base low further),352.25,1.9,Vivro Financial Services Pvt.Ltd.,,,https://www.screener.in/company/543971/,https://www.tradingview.com/chart/?symbol=BSE%3A543971,0.34,3121.0,61.52,,,,,,,,,,False,,,,,0,False,"Kay Cee Energy & Infra (2024-01): peaked +686%, -22% in 60d after its breakout | GP Eco Solutions India (2024-06): peaked +556%, -34% in 60d after its breakout | Shivalic Power Control (2024-07): peaked +297%, -37% in 60d after its breakout","Score 71/100 — structure 20/35, base 20/20, liquidity 10/15, institutions 8/15, lock-in 5/5, LM 3/5, momentum 5/5 • Basing 3.0% below the ₹306.3 pivot at 18 sessions — trigger is a daily close above it inside session 25 • Tight base — held within 8.1% of listing close (the −10% cutoff was the grid-search optimum) • ₹4.3cr/day turnover ≈ 0.3% of free float changing hands daily — sleepy float • Lead manager Vivro Financial Services Pvt.Ltd.: 64% of 11 issues above issue today, LM score 67/100 • Mega-pop (+308%) — day-1 buyers are extended; base needs extra proof"
Goyal Salt Ltd.,SME,GOYALSALT,NSE,INE0QFE01017,2023-10-11,BUY-SETUP,SETUP,70,109.95,116.0,5.5,67.2,202.49,0.0970198333333333,-9.65,18,,189.34,116.0,106.72,hard -8% cap (base low further),133.4,1.9,Holani Consultants Pvt.Ltd.,2023-11-04,2024-01-03,https://www.screener.in/company/GOYALSALT/,https://www.tradingview.com/chart/?symbol=NSE%3AGOYALSALT,0.18,188.0,72.61,,,,,,,,,,False,,,,,0,False,"HOAC Foods India (2024-05): peaked +1629%, -15% in 60d after its breakout | Trident Techlabs (2023-12): peaked +4671%, +113% in 60d after its breakout | Shivalic Power Control (2024-07): peaked +297%, -37% in 60d after its breakout","Score 70/100 — structure 20/35, base 20/20, liquidity 0/15, institutions 15/15, lock-in 5/5, LM 5/5, momentum 5/5 • Basing 5.5% below the ₹116.0 pivot at 18 sessions — trigger is a daily close above it inside session 25 • Tight base — held within 9.7% of listing close (the −10% cutoff was the grid-search optimum) • QIB 67x — heavy institutional sponsorship (biggest historical tails came from this group) • ₹0.1cr/day turnover ≈ 0.2% of free float changing hands daily — sleepy float • Lead manager Holani Consultants Pvt.Ltd.: 64% of 11 issues above issue today, LM score 75/100 • Mega-pop (+205%) — day-1 buyers are extended; base needs extra proof"
Optimystix Entertainment India Ltd.,SME,OPTIMYSTIX,NSE,INE1JZB01022,2026-08-14,BUY-SETUP,SETUP,66,179.95,189.0,5.0,1.84,1.72,14.4789176,-8.7,5,,2.83,189.0,173.88,hard -8% cap (base low further),217.35,1.9,LSI Financial Services Pvt.Ltd.,2026-09-11,2026-11-10,https://www.screener.in/company/OPTIMYSTIX/,https://www.tradingview.com/chart/?symbol=NSE%3AOPTIMYSTIX,3.45,419.0,,,,,,,,,,,False,,,,,0,False,"Aditya Ultra Steel (2024-09): peaked +16%, -61% vs issue to date | Speb Adhesives (2025-12): peaked +75%, +57% vs issue to date | Unisem Agritech (2025-12): peaked +4%, -25% vs issue to date","Score 66/100 — structure 20/35, base 20/20, liquidity 15/15, institutions 2/15, lock-in 5/5, LM 1/5, momentum 3/5 • Basing 5.0% below the ₹189.0 pivot at 5 sessions — trigger is a daily close above it inside session 25 • Tight base — held within 8.7% of listing close (the −10% cutoff was the grid-search optimum) • QIB 2x — thin institutional book (score-penalised, not disqualifying: stops manage the risk) • ₹14.5cr/day turnover ≈ 3.5% of free float changing hands daily — healthy churn"
Fusion Klassroom Edutech Ltd.,SME,KLASSROOM,BSE,INE1LMA01010,2026-08-07,BUY-SETUP,SETUP,65,174.0,178.5,2.6,1.0,1.4,2.481516,-5.0,10,,9.43,178.5,164.22,hard -8% cap (base low further),205.27,1.9,Narnolia Financial Services Ltd.,2026-09-05,2026-11-04,https://www.screener.in/company/544856/,https://www.tradingview.com/chart/?symbol=BSE%3A544856,2.6,156.0,39.52,,,,,,,,,,False,,,,,0,False,"Speb Adhesives (2025-12): peaked +75%, +57% vs issue to date | Aditya Ultra Steel (2024-09): peaked +16%, -61% vs issue to date | Unisem Agritech (2025-12): peaked +4%, -25% vs issue to date","Score 65/100 — structure 20/35, base 20/20, liquidity 10/15, institutions 2/15, lock-in 5/5, LM 3/5, momentum 5/5 • Basing 2.6% below the ₹178.5 pivot at 10 sessions — trigger is a daily close above it inside session 25 • Tight base — held within 5.0% of listing close (the −10% cutoff was the grid-search optimum) • QIB 1x — thin institutional book (score-penalised, not disqualifying: stops manage the risk) • ₹2.5cr/day turnover ≈ 2.6% of free float changing hands daily — healthy churn • Lead manager Narnolia Financial Services Ltd.: 47% of 30 issues above issue today, LM score 57/100 • Listed +7% — the historical sweet-spot band"
Megatherm Induction Ltd.,SME,MEGATHERM,NSE,INE531R01010,2024-02-05,BUY-SETUP,SETUP,64,202.15,214.7,6.2,105.14,136.37,0.46991675,-10.5,16,,87.18,214.7,197.52,hard -8% cap (base low further),246.9,1.9,Hem Securities Ltd.,2024-03-02,2024-05-01,https://www.screener.in/company/MEGATHERM/,https://www.tradingview.com/chart/?symbol=NSE%3AMEGATHERM,0.44,357.0,71.85,,,,,,,,,,False,,,,,0,False,"Apex Ecotech (2024-12): peaked +307%, -45% in 60d after its breakout | Workmates Core2Cloud Solution (2025-11): peaked +152%, -18% in 60d after its breakout | Dindigul Farm Product (2024-06): peaked +167%, -34% in 60d after its breakout","Score 64/100 — structure 20/35, base 14/20, liquidity 0/15, institutions 15/15, lock-in 5/5, LM 5/5, momentum 5/5 • Basing 6.2% below the ₹214.7 pivot at 16 sessions — trigger is a daily close above it inside session 25 • Base gave up -10.5% vs listing close — looser than the −10% ideal; demands a smaller position • QIB 105x — heavy institutional sponsorship (biggest historical tails came from this group) • ₹0.5cr/day turnover ≈ 0.4% of free float changing hands daily — sleepy float • Lead manager Hem Securities Ltd.: 62% of 68 issues above issue today, LM score 72/100 • Mega-pop (+99%) — day-1 buyers are extended; base needs extra proof"
Naman In-Store (India) Ltd.,SME,NAMAN,NSE,INE0RJM01010,2024-04-02,BUY-SETUP,SETUP,62,43.1,45.0,4.4,109.75,214.94,0.015484923076923,-13.44,13,,-51.57,45.0,41.4,hard -8% cap (base low further),51.75,1.9,GYR Capital Advisors Pvt.Ltd.,2024-04-27,2024-06-26,https://www.screener.in/company/NAMAN/,https://www.tradingview.com/chart/?symbol=NSE%3ANAMAN,0.07,53.8,58.93,,,,,,,,,,False,,,,,0,False,"Saj Hotels (2024-10): peaked +33%, +29% in 60d after its breakout | Kalana Ispat (2024-09): peaked -17%, -11% in 60d after its breakout | Popular Foundations (2024-09): peaked +3%, -20% vs issue to date","Score 62/100 — structure 20/35, base 14/20, liquidity 0/15, institutions 15/15, lock-in 5/5, LM 5/5, momentum 3/5 • Basing 4.4% below the ₹45.0 pivot at 13 sessions — trigger is a daily close above it inside session 25 • Base gave up -13.4% vs listing close — looser than the −10% ideal; demands a smaller position • QIB 110x — heavy institutional sponsorship (biggest historical tails came from this group) • ₹0.0cr/day turnover ≈ 0.1% of free float changing hands daily — sleepy float • Lead manager GYR Capital Advisors Pvt.Ltd.: 57% of 49 issues above issue today, LM score 72/100 • Discount listing (-49%) — historically the worst cohort"
Cyient DLM Ltd.,Mainboard,CYIENTDLM,NSE,INE055S01018,2023-07-10,RIDE,RIDE,93,730.25,427.0,-41.5,95.87,40.27,4212278.713385339,0.05,23,1.0,175.57,,,,,,Axis Capital Ltd.,2023-08-03,2023-10-02,https://www.screener.in/company/CYIENTDLM/,https://www.tradingview.com/chart/?symbol=NSE%3ACYIENTDLM,2.42,5871.0,52.11,,,ST-ASM trigger risk: +48% in 5 sessions (criterion: ≥25%),,,,,,,False,,2023-07-11,21.0,,0,False,"Enviro Infra Engineers (2024-11): peaked +165%, -22% in 60d after its breakout | Le Travenues Technology (2024-06): peaked +265%, -16% in 60d after its breakout | Aditya Infotech (2025-08): peaked +507%, +24% in 60d after its breakout","Score 93/100 — structure 28/35, base 20/20, liquidity 15/15, institutions 15/15, lock-in 5/5, LM 5/5, momentum 5/5 • Reclaimed the pivot on session 1 and holds above — trend intact; manage, don't add • Tight base — held within 0.1% of listing close (the −10% cutoff was the grid-search optimum) • QIB 96x — heavy institutional sponsorship (biggest historical tails came from this group) • ₹4212278.7cr/day turnover ≈ 2.4% of free float changing hands daily — healthy churn • ⚠ ST-ASM trigger risk: +48% in 5 sessions (criterion: ≥25%) • Lead manager Axis Capital Ltd.: 82% of 22 issues above issue today, LM score 81/100"
Concord Biotech Ltd.,Mainboard,CONCORDBIO,NSE,INE338H01029,2023-08-18,RIDE,RIDE,93,1576.7,987.7,-37.4,67.67,17.64,31.910214086999996,-2.3,740,2.0,112.78,,,,,,Kotak Mahindra Capital Co.Ltd.,2023-09-10,2023-11-09,https://www.screener.in/company/CONCORDBIO/,https://www.tradingview.com/chart/?symbol=NSE%3ACONCORDBIO,0.38,15906.0,44.08,,,,,,,,,,False,2023-11-08,2023-09-25,714.0,2026-07-31,21,False,"R R Kabel (2023-09): peaked +182%, +25% in 60d after its breakout | JSW Infrastructure (2023-10): peaked +203%, +27% in 60d after its breakout | Akums Drugs & Pharmaceuticals (2024-08): peaked +73%, +6% in 60d after its breakout","Score 93/100 — structure 28/35, base 20/20, liquidity 15/15, institutions 15/15, lock-in 5/5, LM 5/5, momentum 5/5 • Reclaimed the pivot on session 2 and holds above — trend intact; manage, don't add • Tight base — held within 2.3% of listing close (the −10% cutoff was the grid-search optimum) • QIB 68x — heavy institutional sponsorship (biggest historical tails came from this group) • ₹31.9cr/day turnover ≈ 0.4% of free float changing hands daily — sleepy float • Lead manager Kotak Mahindra Capital Co.Ltd.: 74% of 27 issues above issue today, LM score 73/100"
R R Kabel Ltd.,Mainboard,RRKABEL,NSE,INE777K01022,2023-09-20,RIDE,RIDE,93,2894.2,1212.7,-58.1,52.26,13.4,187.8000293085,-3.92,718,6.0,179.63,,,,,,Axis Capital Ltd.,2023-10-21,2023-12-20,https://www.screener.in/company/RRKABEL/,https://www.tradingview.com/chart/?symbol=NSE%3ARRKABEL,1.62,31102.0,61.38,,,,,,,,,,True,2023-11-07,2025-09-09,233.0,2026-07-28,21,False,"Concord Biotech (2023-08): peaked +260%, +24% in 60d after its breakout | Akums Drugs & Pharmaceuticals (2024-08): peaked +73%, +6% in 60d after its breakout | Allied Blenders & Distillers (2024-07): peaked +153%, +2% in 60d after its breakout","Score 93/100 — structure 28/35, base 20/20, liquidity 15/15, institutions 15/15, lock-in 5/5, LM 5/5, momentum 5/5 • Reclaimed the pivot on session 6 and holds above — trend intact; manage, don't add • Tight base — held within 3.9% of listing close (the −10% cutoff was the grid-search optimum) • QIB 52x — heavy institutional sponsorship (biggest historical tails came from this group) • ₹187.8cr/day turnover ≈ 1.6% of free float changing hands daily — healthy churn • Lead manager Axis Capital Ltd.: 82% of 22 issues above issue today, LM score 81/100"
Azad Engineering Ltd.,Mainboard,AZAD,NSE,INE02IJ01035,2023-12-28,RIDE,RIDE,93,2766.6,727.0,-73.7,179.64,57.77,178.9365772465,-5.18,652,21.0,427.98,,,,,,Axis Capital Ltd.,2024-01-25,2024-03-25,https://www.screener.in/company/AZAD/,https://www.tradingview.com/chart/?symbol=NSE%3AAZAD,2.41,18729.0,55.84,,,,,,,,,,False,2024-01-30,2024-01-30,630.0,2026-03-27,11,False,"Bansal Wire Industries (2024-07): peaked +97%, +7% in 60d after its breakout | Interarch Building Products (2024-08): peaked +207%, +28% in 60d after its breakout | Corona Remedies (2025-12): peaked +114%, +13% in 60d after its breakout","Score 93/100 — structure 28/35, base 20/20, liquidity 15/15, institutions 15/15, lock-in 5/5, LM 5/5, momentum 5/5 • Reclaimed the pivot on session 21 and holds above — trend intact; manage, don't add • Tight base — held within 5.2% of listing close (the −10% cutoff was the grid-search optimum) • QIB 180x — heavy institutional sponsorship (biggest historical tails came from this group) • ₹178.9cr/day turnover ≈ 2.4% of free float changing hands daily — healthy churn • Lead manager Axis Capital Ltd.: 82% of 22 issues above issue today, LM score 81/100"
Afcom Holdings Ltd.,SME,AFCOM,BSE,INE0OXY01013,2024-08-09,RIDE,RIDE,93,1547.95,215.45,-86.1,186.23,214.12,11.97850077,0.05,502,1.0,1333.29,,,,,,GYR Capital Advisors Pvt.Ltd.,2024-09-06,2024-11-05,https://www.screener.in/company/544224/,https://www.tradingview.com/chart/?symbol=BSE%3A544224,0.44,4416.0,35.84,,,,,,,,,,False,2024-08-28,2024-08-12,500.0,2026-05-05,10,False,"VVIP Infratech (2024-07): peaked +238%, +6% in 60d after its breakout | Sahaj Solar (2024-07): peaked +339%, +60% in 60d after its breakout | Effwa Infra & Research (2024-07): peaked +388%, +46% in 60d after its breakout","Score 93/100 — structure 28/35, base 20/20, liquidity 15/15, institutions 15/15, lock-in 5/5, LM 5/5, momentum 5/5 • Reclaimed the pivot on session 1 and holds above — trend intact; manage, don't add • Tight base — held within 0.1% of listing close (the −10% cutoff was the grid-search optimum) • QIB 186x — heavy institutional sponsorship (biggest historical tails came from this group) • ₹12.0cr/day turnover ≈ 0.4% of free float changing hands daily — sleepy float • Lead manager GYR Capital Advisors Pvt.Ltd.: 57% of 49 issues above issue today, LM score 72/100"
Premier Energies Ltd.,Mainboard,PREMIERENE,NSE,INE0BS701011,2024-09-03,RIDE,RIDE,93,1040.0,994.55,-4.4,212.42,52.82,90.4124189655,-4.39,486,2.0,131.11,,,,,,Kotak Mahindra Capital Co.Ltd.,2024-09-28,2024-11-27,https://www.screener.in/company/PREMIERENE/,https://www.tradingview.com/chart/?symbol=NSE%3APREMIERENE,0.47,46153.0,58.48,,,,,,,,,,False,2025-03-21,2026-07-31,14.0,2026-05-22,4,False,"DOMS Industries (2023-12): peaked +294%, +13% in 60d after its breakout | Waaree Energies (2024-10): peaked +157%, -23% in 60d after its breakout | Indian Renewable Energy Development Agency (2023-11): peaked +869%, +137% in 60d after its breakout","Score 93/100 — structure 28/35, base 20/20, liquidity 15/15, institutions 15/15, lock-in 5/5, LM 5/5, momentum 5/5 • Reclaimed the pivot on session 2 and holds above — trend intact; manage, don't add • Tight base — held within 4.4% of listing close (the −10% cutoff was the grid-search optimum) • QIB 212x — heavy institutional sponsorship (biggest historical tails came from this group) • ₹90.4cr/day turnover ≈ 0.5% of free float changing hands daily — sleepy float • Lead manager Kotak Mahindra Capital Co.Ltd.: 74% of 27 issues above issue today, LM score 73/100"
Anthem Biosciences Ltd.,Mainboard,ANTHEM,NSE,INE0CZ201020,2025-07-21,RIDE,RIDE,93,874.5,747.0,-14.6,192.8,47.37,50.6846892785,-3.9,268,2.0,53.42,,,,,,JM Financial Ltd.,2025-08-15,2025-10-14,https://www.screener.in/company/ANTHEM/,https://www.tradingview.com/chart/?symbol=NSE%3AANTHEM,0.37,50568.0,71.42,,,,,,,,,,False,2026-03-09,2026-06-05,53.0,2026-07-22,4,False,"National Securities Depository (2025-08): peaked +78%, -6% in 60d after its breakout | Tenneco Clean Air India (2025-11): peaked +65%, -3% in 60d after its breakout | Rubicon Research (2025-10): peaked +275%, +5% in 60d after its breakout","Score 93/100 — structure 28/35, base 20/20, liquidity 15/15, institutions 15/15, lock-in 5/5, LM 5/5, momentum 5/5 • Reclaimed the pivot on session 2 and holds above — trend intact; manage, don't add • Tight base — held within 3.9% of listing close (the −10% cutoff was the grid-search optimum) • QIB 193x — heavy institutional sponsorship (biggest historical tails came from this group) • ₹50.7cr/day turnover ≈ 0.4% of free float changing hands daily — sleepy float • Lead manager JM Financial Ltd.: 69% of 26 issues above issue today, LM score 71/100"
Shanti Gold International Ltd.,Mainboard,SHANTIGOLD,NSE,INE06ZD01017,2025-08-01,RIDE,RIDE,93,254.06,238.36,-6.2,117.33,57.04,49.6521926642,-5.97,259,5.0,27.67,,,,,,Choice Capital Advisors Pvt.Ltd.,2025-08-29,2025-10-28,https://www.screener.in/company/SHANTIGOLD/,https://www.tradingview.com/chart/?symbol=NSE%3ASHANTIGOLD,10.83,1948.0,74.89,,,,,,,,,,False,2025-10-10,2026-08-14,4.0,2026-08-14,8,True,"Shringar House of Mangalsutra (2025-09): peaked +62%, +13% in 60d after its breakout | Sanstar (2024-07): peaked +67%, -15% in 60d after its breakout | Midwest (2025-10): peaked +75%, +16% in 60d after its breakout","Score 93/100 — structure 28/35, base 20/20, liquidity 15/15, institutions 15/15, lock-in 5/5, LM 5/5, momentum 5/5 • Reclaimed the pivot on session 5 and holds above — trend intact; manage, don't add • Tight base — held within 6.0% of listing close (the −10% cutoff was the grid-search optimum) • QIB 117x — heavy institutional sponsorship (biggest historical tails came from this group) • ₹49.7cr/day turnover ≈ 10.8% of free float changing hands daily — crowded/manipulable, careful • 🔥 Volume thrust (≥5× avg) within the last 5 sessions (2026-08-14) — the institutional footprint that preceded most historical winners • Lead manager Choice Capital Advisors Pvt.Ltd.: 73% of 11 issues above issue today, LM score 78/100"
Meesho Ltd.,Mainboard,MEESHO,NSE,INE0VDM01015,2025-12-10,RIDE,RIDE,93,209.51,177.49,-15.3,123.34,45.28,232.10822212115,-9.52,171,4.0,88.75,,,,,,Kotak Mahindra Capital Co.Ltd.,2026-01-06,2026-03-07,https://www.screener.in/company/MEESHO/,https://www.tradingview.com/chart/?symbol=NSE%3AMEESHO,0.32,89572.0,16.41,,,,,,,,,,False,2026-03-09,2026-06-23,41.0,2026-06-10,6,False,"Urban Co.Ltd. (2025-09): peaked +95%, -34% in 60d after its breakout | Vishal Mega Mart (2024-12): peaked +102%, +3% in 60d after its breakout | TBO Tek (2024-05): peaked +118%, +12% in 60d after its breakout","Score 93/100 — structure 28/35, base 20/20, liquidity 15/15, institutions 15/15, lock-in 5/5, LM 5/5, momentum 5/5 • Reclaimed the pivot on session 4 and holds above — trend intact; manage, don't add • Tight base — held within 9.5% of listing close (the −10% cutoff was the grid-search optimum) • QIB 123x — heavy institutional sponsorship (biggest historical tails came from this group) • ₹232.1cr/day turnover ≈ 0.3% of free float changing hands daily — sleepy float • Lead manager Kotak Mahindra Capital Co.Ltd.: 74% of 27 issues above issue today, LM score 73/100"
Corona Remedies Ltd.,Mainboard,CORONA,NSE,INE02ZQ01018,2025-12-15,RIDE,RIDE,93,2165.8,1497.8,-30.8,293.8,101.01,10.095260755000002,-7.08,168,22.0,103.94,,,,,,JM Financial Ltd.,2026-01-09,2026-03-10,https://www.screener.in/company/CORONA/,https://www.tradingview.com/chart/?symbol=NSE%3ACORONA,0.25,12882.0,69.0,,,,,,,,,,False,2026-05-12,2026-04-07,93.0,2026-08-04,3,False,"Interarch Building Products (2024-08): peaked +207%, +28% in 60d after its breakout | Azad Engineering (2023-12): peaked +470%, +56% in 60d after its breakout | GNG Electronics (2025-07): peaked +191%, -14% in 60d after its breakout","Score 93/100 — structure 28/35, base 20/20, liquidity 15/15, institutions 15/15, lock-in 5/5, LM 5/5, momentum 5/5 • Reclaimed the pivot on session 22 and holds above — trend intact; manage, don't add • Tight base — held within 7.1% of listing close (the −10% cutoff was the grid-search optimum) • QIB 294x — heavy institutional sponsorship (biggest historical tails came from this group) • ₹10.1cr/day turnover ≈ 0.2% of free float changing hands daily — sleepy float • Lead manager JM Financial Ltd.: 69% of 26 issues above issue today, LM score 71/100"
Susan Electricals India Ltd.,SME,SUSAN,BSE,INE2L0V01019,2026-06-18,RIDE,RIDE,93,311.15,195.3,-37.2,142.65,151.37,7.40933975,-2.71,45,1.0,145.0,,,,,,Seren Capital Pvt.Ltd.,2026-07-16,2026-09-14,https://www.screener.in/company/544793/,https://www.tradingview.com/chart/?symbol=BSE%3A544793,4.25,527.0,66.97,,,,,,,,,,False,,2026-06-19,43.0,,0,False,"Supreme Power Equipment (2023-12): peaked +546%, +18% in 60d after its breakout | Vilas Transcore (2024-06): peaked +358%, +93% in 60d after its breakout | ROX Hi-Tech (2023-11): peaked +151%, -7% in 60d after its breakout","Score 93/100 — structure 28/35, base 20/20, liquidity 15/15, institutions 15/15, lock-in 5/5, LM 5/5, momentum 5/5 • Reclaimed the pivot on session 1 and holds above — trend intact; manage, don't add • Tight base — held within 2.7% of listing close (the −10% cutoff was the grid-search optimum) • QIB 143x — heavy institutional sponsorship (biggest historical tails came from this group) • ₹7.4cr/day turnover ≈ 4.2% of free float changing hands daily — crowded/manipulable, careful • Lead manager Seren Capital Pvt.Ltd.: 75% of 8 issues above issue today, LM score 73/100"
Millworks Technologies Ltd.,SME,MILLWORKS,BSE,INE1SRC01010,2026-07-21,RIDE,RIDE,93,786.3,660.3,-16.0,194.05,153.41,17.6609052,5.0,23,1.0,137.55,,,,,,GYR Capital Advisors Pvt.Ltd.,2026-08-16,2026-10-15,https://www.screener.in/company/544826/,https://www.tradingview.com/chart/?symbol=BSE%3A544826,2.42,1396.0,47.18,,,,,,,,,,False,,2026-07-22,21.0,,0,False,"Ganesh Green Bharat (2024-07): peaked +234%, -3% in 60d after its breakout | Afcom Holdings (2024-08): peaked +1369%, +136% in 60d after its breakout | VVIP Infratech (2024-07): peaked +238%, +6% in 60d after its breakout","Score 93/100 — structure 28/35, base 20/20, liquidity 15/15, institutions 15/15, lock-in 5/5, LM 5/5, momentum 5/5 • Reclaimed the pivot on session 1 and holds above — trend intact; manage, don't add • Tight base — held within 5.0% of listing close (the −10% cutoff was the grid-search optimum) • QIB 194x — heavy institutional sponsorship (biggest historical tails came from this group) • ₹17.7cr/day turnover ≈ 2.4% of free float changing hands daily — healthy churn • Lead manager GYR Capital Advisors Pvt.Ltd.: 57% of 49 issues above issue today, LM score 72/100 • Mega-pop (+90%) — day-1 buyers are extended; base needs extra proof"
Anawil Wire & Engineering Ltd.,SME,ANAWIL,NSE,INE1J5V01013,2026-08-10,RIDE,RIDE,93,443.0,346.1,-21.9,164.56,104.21,29.83543933333333,-9.5,9,1.0,64.07,,,,,,Hem Securities Ltd.,2026-09-05,2026-11-04,https://www.screener.in/company/ANAWIL/,https://www.tradingview.com/chart/?symbol=NSE%3AANAWIL,3.28,1055.0,,,,,,,,,,,False,,2026-08-11,7.0,,0,False,"Freshara Agro Exports (2024-10): peaked +235%, +10% in 60d after its breakout | Osel Devices (2024-09): peaked +422%, +47% in 60d after its breakout | Shiv Texchem (2024-10): peaked +151%, +11% in 60d after its breakout","Score 93/100 — structure 28/35, base 20/20, liquidity 15/15, institutions 15/15, lock-in 5/5, LM 5/5, momentum 5/5 • Reclaimed the pivot on session 1 and holds above — trend intact; manage, don't add • Tight base — held within 9.5% of listing close (the −10% cutoff was the grid-search optimum) • QIB 165x — heavy institutional sponsorship (biggest historical tails came from this group) • ₹29.8cr/day turnover ≈ 3.3% of free float changing hands daily — healthy churn • Lead manager Hem Securities Ltd.: 62% of 68 issues above issue today, LM score 72/100 • Listed +22% — the historical sweet-spot band"
Rishabh Instruments Ltd.,Mainboard,RISHABH,NSE,INE0N2P01017,2023-09-11,RIDE,RIDE,91,684.2,470.0,-31.3,72.54,22.32,23.060784298500003,-1.14,724,11.0,55.15,,,,,,Dam Capital Advisors Ltd.,2023-10-06,2023-12-05,https://www.screener.in/company/RISHABH/,https://www.tradingview.com/chart/?symbol=NSE%3ARISHABH,2.9,2680.0,69.4,,,,,,,,,,False,2023-12-15,2026-05-19,65.0,2026-08-20,15,True,"Anand Rathi Share & Stock Brokers (2025-09): peaked +92%, +37% in 60d after its breakout | Capillary Technologies India (2025-11): peaked +38%, -26% in 60d after its breakout | Shringar House of Mangalsutra (2025-09): peaked +62%, +13% in 60d after its breakout","Score 91/100 — structure 28/35, base 20/20, liquidity 15/15, institutions 15/15, lock-in 5/5, LM 3/5, momentum 5/5 • Reclaimed the pivot on session 11 and holds above — trend intact; manage, don't add • Tight base — held within 1.1% of listing close (the −10% cutoff was the grid-search optimum) • QIB 73x — heavy institutional sponsorship (biggest historical tails came from this group) • ₹23.1cr/day turnover ≈ 2.9% of free float changing hands daily — healthy churn • 🔥 Volume thrust (≥5× avg) within the last 5 sessions (2026-08-20) — the institutional footprint that preceded most historical winners • Lead manager Dam Capital Advisors Ltd.: 56% of 9 issues above issue today, LM score 59/100"
Jupiter Life Line Hospitals Ltd.,Mainboard,JLHL,NSE,INE682M01012,2023-09-18,RIDE,RIDE,91,1574.5,1108.95,-29.6,181.89,46.01,5.717071533,-9.19,699,10.0,114.22,,,,,,ICICI Securities Ltd.,2023-10-13,2023-12-12,https://www.screener.in/company/JLHL/,https://www.tradingview.com/chart/?symbol=NSE%3AJLHL,0.02,10317.0,40.91,,,,,,,,,,False,2024-02-12,2024-02-06,605.0,2026-06-30,23,False,"Bansal Wire Industries (2024-07): peaked +97%, +7% in 60d after its breakout | Interarch Building Products (2024-08): peaked +207%, +28% in 60d after its breakout | Rubicon Research (2025-10): peaked +275%, +5% in 60d after its breakout","Score 91/100 — structure 28/35, base 20/20, liquidity 15/15, institutions 15/15, lock-in 5/5, LM 3/5, momentum 5/5 • Reclaimed the pivot on session 10 and holds above — trend intact; manage, don't add • Tight base — held within 9.2% of listing close (the −10% cutoff was the grid-search optimum) • QIB 182x — heavy institutional sponsorship (biggest historical tails came from this group) • ₹5.7cr/day turnover ≈ 0.0% of free float changing hands daily — sleepy float • Lead manager ICICI Securities Ltd.: 63% of 38 issues above issue today, LM score 64/100"
JSW Infrastructure Ltd.,Mainboard,JSWINFRA,NSE,INE880J01026,2023-10-03,RIDE,RIDE,91,329.85,157.3,-52.3,60.12,22.03,100.83291158075,1.27,710,1.0,177.18,,,,,,JM Financial Ltd.,2023-10-28,2023-12-27,https://www.screener.in/company/JSWINFRA/,https://www.tradingview.com/chart/?symbol=NSE%3AJSWINFRA,0.5,78137.0,73.93,,,,,,,,,,False,2024-08-27,2023-10-04,708.0,2026-06-24,8,False,"Concord Biotech (2023-08): peaked +260%, +24% in 60d after its breakout | International Gemmological Institute (India) (2024-12): peaked +54%, -32% in 60d after its breakout | R R Kabel (2023-09): peaked +182%, +25% in 60d after its breakout","Score 91/100 — structure 28/35, base 20/20, liquidity 15/15, institutions 15/15, lock-in 5/5, LM 5/5, momentum 3/5 • Reclaimed the pivot on session 1 and holds above — trend intact; manage, don't add • Tight base — held within 1.3% of listing close (the −10% cutoff was the grid-search optimum) • QIB 60x — heavy institutional sponsorship (biggest historical tails came from this group) • ₹100.8cr/day turnover ≈ 0.5% of free float changing hands daily — sleepy float • Lead manager JM Financial Ltd.: 69% of 26 issues above issue today, LM score 71/100"
AMIC Forging Ltd.,SME,544037,BSE,INE0P9J01013,2023-12-06,RIDE,RIDE,91,1921.1,251.35,-86.9,91.43,200.7,12.43117555,4.99,667,1.0,1424.68,,,,,,Gretex Corporate Services Ltd.,2024-01-03,2024-03-03,https://www.screener.in/company/544037/,https://www.tradingview.com/chart/?symbol=BSE%3A544037,1.35,2305.0,57.96,,,,,,,,,,False,2024-05-06,2023-12-07,665.0,2026-05-05,10,False,"Kalyani Cast Tech (2023-11): peaked +612%, +75% in 60d after its breakout | GEM Enviro Management (2024-06): peaked +333%, +21% in 60d after its breakout | Shri Balaji Valve Components (2024-01): peaked +244%, -26% in 60d after its breakout","Score 91/100 — structure 28/35, base 20/20, liquidity 15/15, institutions 15/15, lock-in 5/5, LM 3/5, momentum 5/5 • Reclaimed the pivot on session 1 and holds above — trend intact; manage, don't add • Tight base — held within 5.0% of listing close (the −10% cutoff was the grid-search optimum) • QIB 91x — heavy institutional sponsorship (biggest historical tails came from this group) • ₹12.4cr/day turnover ≈ 1.4% of free float changing hands daily — healthy churn • Lead manager Gretex Corporate Services Ltd.: 41% of 22 issues above issue today, LM score 48/100"
DOMS Industries Ltd.,Mainboard,DOMS,NSE,INE321T01012,2023-12-20,RIDE,RIDE,91,2209.9,1434.0,-35.1,122.16,54.19,11.348110311499996,-7.58,657,15.0,179.73,,,,,,JM Financial Ltd.,,,https://www.screener.in/company/DOMS/,https://www.tradingview.com/chart/?symbol=NSE%3ADOMS,0.23,13465.0,63.38,,,,,,,,,,False,2024-05-27,2024-03-21,594.0,2026-08-04,17,False,"Aditya Infotech (2025-08): peaked +507%, +24% in 60d after its breakout | Urban Co.Ltd. (2025-09): peaked +95%, -34% in 60d after its breakout | TBO Tek (2024-05): peaked +118%, +12% in 60d after its breakout","Score 91/100 — structure 28/35, base 20/20, liquidity 15/15, institutions 15/15, lock-in 5/5, LM 5/5, momentum 3/5 • Reclaimed the pivot on session 15 and holds above — trend intact; manage, don't add • Tight base — held within 7.6% of listing close (the −10% cutoff was the grid-search optimum) • QIB 122x — heavy institutional sponsorship (biggest historical tails came from this group) • ₹11.3cr/day turnover ≈ 0.2% of free float changing hands daily — sleepy float • Lead manager JM Financial Ltd.: 69% of 26 issues above issue today, LM score 71/100"
Innova Captab Ltd.,Mainboard,INNOVACAP,NSE,INE0DUT01020,2023-12-29,RIDE,RIDE,91,1084.2,542.5,-50.0,116.73,39.17,8.245262583250001,-8.39,651,2.0,142.01,,,,,,ICICI Securities Ltd.,2024-01-26,2024-03-26,https://www.screener.in/company/INNOVACAP/,https://www.tradingview.com/chart/?symbol=NSE%3AINNOVACAP,0.29,5948.0,50.9,,,,,,,,,,False,2024-05-16,2024-07-18,517.0,2026-08-12,15,False,"Yatharth Hospital & Trauma Care Services (2023-08): peaked +206%, +7% in 60d after its breakout | Awfis Space Solutions (2024-05): peaked +147%, +69% in 60d after its breakout | Shanti Gold International (2025-08): peaked +38%, -3% in 60d after its breakout","Score 91/100 — structure 28/35, base 20/20, liquidity 15/15, institutions 15/15, lock-in 5/5, LM 3/5, momentum 5/5 • Reclaimed the pivot on session 2 and holds above — trend intact; manage, don't add • Tight base — held within 8.4% of listing close (the −10% cutoff was the grid-search optimum) • QIB 117x — heavy institutional sponsorship (biggest historical tails came from this group) • ₹8.2cr/day turnover ≈ 0.3% of free float changing hands daily — sleepy float • Lead manager ICICI Securities Ltd.: 63% of 38 issues above issue today, LM score 64/100"
Le Travenues Technology Ltd.,Mainboard,IXIGO,NSE,INE0HV901016,2024-06-18,RIDE,RIDE,91,170.45,165.72,-2.8,106.73,54.4,18.461002005950004,-6.77,539,1.0,83.28,,,,,,Axis Capital Ltd.,,,https://www.screener.in/company/IXIGO/,https://www.tradingview.com/chart/?symbol=NSE%3AIXIGO,0.23,7608.0,,,,,,,,,,,False,2024-12-11,2026-06-12,48.0,2026-08-07,13,False,"Aditya Infotech (2025-08): peaked +507%, +24% in 60d after its breakout | DEE Development Engineers (2024-06): peaked +274%, -27% in 60d after its breakout | DOMS Industries (2023-12): peaked +294%, +13% in 60d after its breakout","Score 91/100 — structure 28/35, base 20/20, liquidity 15/15, institutions 15/15, lock-in 5/5, LM 5/5, momentum 3/5 • Reclaimed the pivot on session 1 and holds above — trend intact; manage, don't add • Tight base — held within 6.8% of listing close (the −10% cutoff was the grid-search optimum) • QIB 107x — heavy institutional sponsorship (biggest historical tails came from this group) • ₹18.5cr/day turnover ≈ 0.2% of free float changing hands daily — sleepy float • Lead manager Axis Capital Ltd.: 82% of 22 issues above issue today, LM score 81/100"
Diffusion Engineers Ltd.,Mainboard,DIFFNKG,NSE,INE184O01015,2024-10-04,RIDE,RIDE,91,401.8,203.17,-49.4,95.74,59.88,10.17005846375,5.0,464,1.0,139.17,,,,,,Unistone Capital Pvt.Ltd.,2024-10-31,2024-12-30,https://www.screener.in/company/DIFFNKG/,https://www.tradingview.com/chart/?symbol=NSE%3ADIFFNKG,2.22,1492.0,69.76,,,,,,,,,,False,2025-02-06,2024-10-07,462.0,2026-08-11,12,False,"Scoda Tubes (2025-06): peaked +65%, +8% in 60d after its breakout | Shringar House of Mangalsutra (2025-09): peaked +62%, +13% in 60d after its breakout | Shanti Gold International (2025-08): peaked +38%, -3% in 60d after its breakout","Score 91/100 — structure 28/35, base 20/20, liquidity 15/15, institutions 15/15, lock-in 5/5, LM 3/5, momentum 5/5 • Reclaimed the pivot on session 1 and holds above — trend intact; manage, don't add • Tight base — held within 5.0% of listing close (the −10% cutoff was the grid-search optimum) • QIB 96x — heavy institutional sponsorship (biggest historical tails came from this group) • ₹10.2cr/day turnover ≈ 2.2% of free float changing hands daily — healthy churn • Lead manager Unistone Capital Pvt.Ltd.: 56% of 25 issues above issue today, LM score 60/100"
Waaree Energies Ltd.,Mainboard,WAAREEENER,NSE,INE377N01017,2024-10-28,RIDE,RIDE,91,2675.0,2624.4,-1.9,215.03,55.98,212.0460742325,0.56,448,3.0,77.98,,,,,,Axis Capital Ltd.,2024-11-22,2025-01-21,https://www.screener.in/company/WAAREEENER/,https://www.tradingview.com/chart/?symbol=NSE%3AWAAREEENER,0.77,78042.0,64.12,,,,,,,,,,False,2025-01-22,2026-03-10,110.0,2026-07-30,8,False,"Meesho (2025-12): peaked +129%, -25% in 60d after its breakout | Aditya Infotech (2025-08): peaked +507%, +24% in 60d after its breakout | Indian Renewable Energy Development Agency (2023-11): peaked +869%, +137% in 60d after its breakout","Score 91/100 — structure 28/35, base 20/20, liquidity 15/15, institutions 15/15, lock-in 5/5, LM 5/5, momentum 3/5 • Reclaimed the pivot on session 3 and holds above — trend intact; manage, don't add • Tight base — held within 0.6% of listing close (the −10% cutoff was the grid-search optimum) • QIB 215x — heavy institutional sponsorship (biggest historical tails came from this group) • ₹212.0cr/day turnover ≈ 0.8% of free float changing hands daily — sleepy float • Lead manager Axis Capital Ltd.: 82% of 22 issues above issue today, LM score 81/100"
Belrise Industries Ltd.,Mainboard,BELRISE,NSE,INE894V01022,2025-05-28,RIDE,RIDE,91,234.08,102.4,-56.3,112.63,8.15,125.57454006720002,-8.48,306,8.0,160.09,,,,,,Axis Capital Ltd.,2025-06-25,2025-08-24,https://www.screener.in/company/BELRISE/,https://www.tradingview.com/chart/?symbol=NSE%3ABELRISE,1.37,22829.0,61.14,,,,,,,,,,False,2025-07-08,2025-07-04,278.0,2026-06-09,4,False,"Akums Drugs & Pharmaceuticals (2024-08): peaked +73%, +6% in 60d after its breakout | Oswal Pumps (2025-06): peaked +45%, +20% in 60d after its breakout | Allied Blenders & Distillers (2024-07): peaked +153%, +2% in 60d after its breakout","Score 91/100 — structure 28/35, base 20/20, liquidity 15/15, institutions 15/15, lock-in 5/5, LM 5/5, momentum 3/5 • Reclaimed the pivot on session 8 and holds above — trend intact; manage, don't add • Tight base — held within 8.5% of listing close (the −10% cutoff was the grid-search optimum) • QIB 113x — heavy institutional sponsorship (biggest historical tails came from this group) • ₹125.6cr/day turnover ≈ 1.4% of free float changing hands daily — healthy churn • Lead manager Axis Capital Ltd.: 82% of 22 issues above issue today, LM score 81/100"
Sambhv Steel Tubes Ltd.,Mainboard,SAMBHV,NSE,INE12NJ01018,2025-07-02,RIDE,RIDE,91,131.38,111.0,-15.5,66.36,21.49,24.932384926,0.93,281,4.0,60.22,,,,,,Nuvama Wealth Management Ltd.,2025-07-29,2025-09-27,https://www.screener.in/company/SAMBHV/,https://www.tradingview.com/chart/?symbol=NSE%3ASAMBHV,1.57,3531.0,56.11,,,,,,,,,,False,2026-01-02,2026-07-02,35.0,2026-08-04,3,False,"Shringar House of Mangalsutra (2025-09): peaked +62%, +13% in 60d after its breakout | Concord Biotech (2023-08): peaked +260%, +24% in 60d after its breakout | Ellenbarrie Industrial Gases (2025-07): peaked +59%, -17% in 60d after its breakout","Score 91/100 — structure 28/35, base 20/20, liquidity 15/15, institutions 15/15, lock-in 5/5, LM 3/5, momentum 5/5 • Reclaimed the pivot on session 4 and holds above — trend intact; manage, don't add • Tight base — held within 0.9% of listing close (the −10% cutoff was the grid-search optimum) • QIB 66x — heavy institutional sponsorship (biggest historical tails came from this group) • ₹24.9cr/day turnover ≈ 1.6% of free float changing hands daily — healthy churn • Lead manager Nuvama Wealth Management Ltd.: 50% of 10 issues above issue today, LM score 45/100"
Shringar House of Mangalsutra Ltd.,Mainboard,SHRINGARMS,NSE,INE1B3L01017,2025-09-17,RIDE,RIDE,91,223.98,191.0,-14.7,101.41,42.24,11.397393813350002,-3.99,228,3.0,35.75,,,,,,Choice Capital Advisors Pvt.Ltd.,2025-10-15,2025-12-13,https://www.screener.in/company/SHRINGARMS/,https://www.tradingview.com/chart/?symbol=NSE%3ASHRINGARMS,2.05,2187.0,74.8,,,,,,,,,,False,,2026-04-15,88.0,,0,False,"Shanti Gold International (2025-08): peaked +38%, -3% in 60d after its breakout | Sanstar (2024-07): peaked +67%, -15% in 60d after its breakout | Midwest (2025-10): peaked +75%, +16% in 60d after its breakout","Score 91/100 — structure 28/35, base 20/20, liquidity 15/15, institutions 15/15, lock-in 5/5, LM 5/5, momentum 3/5 • Reclaimed the pivot on session 3 and holds above — trend intact; manage, don't add • Tight base — held within 4.0% of listing close (the −10% cutoff was the grid-search optimum) • QIB 101x — heavy institutional sponsorship (biggest historical tails came from this group) • ₹11.4cr/day turnover ≈ 2.0% of free float changing hands daily — healthy churn • Lead manager Choice Capital Advisors Pvt.Ltd.: 73% of 11 issues above issue today, LM score 78/100"
Atlanta Electricals Ltd.,Mainboard,ATLANTAELE,NSE,INE0Z4F01028,2025-09-29,RIDE,RIDE,91,1688.6,865.0,-48.8,194.77,50.62,22.873285094000007,-5.01,220,2.0,123.95,,,,,,Motilal Oswal Investment Advisors Ltd.,2025-10-24,2025-12-23,https://www.screener.in/company/ATLANTAELE/,https://www.tradingview.com/chart/?symbol=NSE%3AATLANTAELE,1.4,13775.0,87.28,,,,,,,,,,False,2026-01-19,2026-02-17,124.0,2026-07-21,4,False,"GK Energy (2025-09): peaked +57%, -17% in 60d after its breakout | Crizac (2025-07): peaked +58%, -14% in 60d after its breakout | Sanstar (2024-07): peaked +67%, -15% in 60d after its breakout","Score 91/100 — structure 28/35, base 20/20, liquidity 15/15, institutions 15/15, lock-in 5/5, LM 3/5, momentum 5/5 • Reclaimed the pivot on session 2 and holds above — trend intact; manage, don't add • Tight base — held within 5.0% of listing close (the −10% cutoff was the grid-search optimum) • QIB 195x — heavy institutional sponsorship (biggest historical tails came from this group) • ₹22.9cr/day turnover ≈ 1.4% of free float changing hands daily — healthy churn • Lead manager Motilal Oswal Investment Advisors Ltd.: 56% of 9 issues above issue today, LM score 56/100"
DEE Development Engineers Ltd.,Mainboard,DEEDEV,NSE,INE841L01016,2024-06-26,RIDE,RIDE,89,622.25,365.7,-41.2,206.54,72.53,10.025227494750002,-6.48,533,8.0,206.53,,,,,,SBI Capital Markets Ltd.,,,https://www.screener.in/company/DEEDEV/,https://www.tradingview.com/chart/?symbol=NSE%3ADEEDEV,0.59,4883.0,65.13,,,,,,,,,,False,2024-11-12,2026-04-13,89.0,2026-02-25,13,False,"Vishnu Prakash R.Punglia (2023-09): peaked +249%, +21% in 60d after its breakout | GNG Electronics (2025-07): peaked +191%, -14% in 60d after its breakout | Le Travenues Technology (2024-06): peaked +265%, -16% in 60d after its breakout","Score 89/100 — structure 28/35, base 20/20, liquidity 15/15, institutions 15/15, lock-in 5/5, LM 3/5, momentum 3/5 • Reclaimed the pivot on session 8 and holds above — trend intact; manage, don't add • Tight base — held within 6.5% of listing close (the −10% cutoff was the grid-search optimum) • QIB 207x — heavy institutional sponsorship (biggest historical tails came from this group) • ₹10.0cr/day turnover ≈ 0.6% of free float changing hands daily — sleepy float • Lead manager SBI Capital Markets Ltd.: 50% of 6 issues above issue today, LM score 61/100"
Lenskart Solutions Ltd.,Mainboard,LENSKART,NSE,INE956O01016,2025-11-10,RIDE,RIDE,89,654.8,413.75,-36.8,40.36,16.01,404.01199858525,-3.57,193,1.0,62.89,,,,,,Kotak Mahindra Capital Co.Ltd.,2025-12-05,2026-02-03,https://www.screener.in/company/LENSKART/,https://www.tradingview.com/chart/?symbol=NSE%3ALENSKART,0.47,105620.0,17.53,,,,,,,,,,True,2025-12-19,2025-12-19,163.0,2026-08-13,6,True,"International Gemmological Institute (India) (2024-12): peaked +54%, -32% in 60d after its breakout | JSW Cement (2025-08): peaked +10%, -18% in 60d after its breakout | Billionbrains Garage Ventures (2025-11): peaked +127%, +22% in 60d after its breakout","Score 89/100 — structure 28/35, base 20/20, liquidity 15/15, institutions 11/15, lock-in 5/5, LM 5/5, momentum 5/5 • Reclaimed the pivot on session 1 and holds above — trend intact; manage, don't add • Tight base — held within 3.6% of listing close (the −10% cutoff was the grid-search optimum) • QIB 40x — decent institutional interest • ₹404.0cr/day turnover ≈ 0.5% of free float changing hands daily — sleepy float • 🔥 Volume thrust (≥5× avg) within the last 5 sessions (2026-08-13) — the institutional footprint that preceded most historical winners • Lead manager Kotak Mahindra Capital Co.Ltd.: 74% of 27 issues above issue today, LM score 73/100"
Billionbrains Garage Ventures Ltd.,Mainboard,GROWW,NSE,INE0HOQ01053,2025-11-12,RIDE,RIDE,89,200.72,134.4,-33.0,22.02,10.09,475.23529495385,-1.36,191,1.0,100.72,,,,,,Kotak Mahindra Capital Co.Ltd.,2025-12-09,2026-02-07,https://www.screener.in/company/GROWW/,https://www.tradingview.com/chart/?symbol=NSE%3AGROWW,0.53,124663.0,27.14,,,,,,,,,,False,2026-04-21,2025-11-13,189.0,2026-05-12,2,False,"International Gemmological Institute (India) (2024-12): peaked +54%, -32% in 60d after its breakout | JSW Cement (2025-08): peaked +10%, -18% in 60d after its breakout | Lenskart Solutions (2025-11): peaked +64%, +10% in 60d after its breakout","Score 89/100 — structure 28/35, base 20/20, liquidity 15/15, institutions 11/15, lock-in 5/5, LM 5/5, momentum 5/5 • Reclaimed the pivot on session 1 and holds above — trend intact; manage, don't add • Tight base — held within 1.4% of listing close (the −10% cutoff was the grid-search optimum) • QIB 22x — decent institutional interest • ₹475.2cr/day turnover ≈ 0.5% of free float changing hands daily — sleepy float • Lead manager Kotak Mahindra Capital Co.Ltd.: 74% of 27 issues above issue today, LM score 73/100"
ICICI Prudential Asset Management Co.Ltd.,Mainboard,ICICIAMC,NSE,INE346A01027,2025-12-19,RIDE,RIDE,89,3228.9,2663.4,-17.5,123.87,28.19,83.95676388449999,-2.16,164,10.0,49.14,,,,,,Citigroup Global Markets India Pvt.Ltd.,2026-01-15,2026-03-16,https://www.screener.in/company/ICICIAMC/,https://www.tradingview.com/chart/?symbol=NSE%3AICICIAMC,0.44,154845.0,87.59,,,,,,,,,,False,2026-06-17,2026-01-13,147.0,2026-08-19,3,True,"National Securities Depository (2025-08): peaked +78%, -6% in 60d after its breakout | Anthem Biosciences (2025-07): peaked +59%, -4% in 60d after its breakout | International Gemmological Institute (India) (2024-12): peaked +54%, -32% in 60d after its breakout","Score 89/100 — structure 28/35, base 20/20, liquidity 15/15, institutions 15/15, lock-in 5/5, LM 1/5, momentum 5/5 • Reclaimed the pivot on session 10 and holds above — trend intact; manage, don't add • Tight base — held within 2.2% of listing close (the −10% cutoff was the grid-search optimum) • QIB 124x — heavy institutional sponsorship (biggest historical tails came from this group) • ₹84.0cr/day turnover ≈ 0.4% of free float changing hands daily — sleepy float • 🔥 Volume thrust (≥5× avg) within the last 5 sessions (2026-08-19) — the institutional footprint that preceded most historical winners"
Knack Packaging Ltd.,Mainboard,KNACK,NSE,INE17QZ01016,2026-07-08,RIDE,RIDE,89,209.17,192.0,-8.2,160.22,61.1,33.71586291845,1.27,32,1.0,23.04,,,,,,Systematix Corporate Services Ltd.,2026-08-04,2026-10-03,https://www.screener.in/company/KNACK/,https://www.tradingview.com/chart/?symbol=NSE%3AKNACK,4.55,2503.0,70.59,,,,,,,,,,False,,2026-08-03,13.0,,0,False,"Shringar House of Mangalsutra (2025-09): peaked +62%, +13% in 60d after its breakout | Atlanta Electricals (2025-09): peaked +185%, +2% in 60d after its breakout | Sanstar (2024-07): peaked +67%, -15% in 60d after its breakout","Score 89/100 — structure 28/35, base 20/20, liquidity 15/15, institutions 15/15, lock-in 5/5, LM 1/5, momentum 5/5 • Reclaimed the pivot on session 1 and holds above — trend intact; manage, don't add • Tight base — held within 1.3% of listing close (the −10% cutoff was the grid-search optimum) • QIB 160x — heavy institutional sponsorship (biggest historical tails came from this group) • ₹33.7cr/day turnover ≈ 4.5% of free float changing hands daily — crowded/manipulable, careful • Lead manager Systematix Corporate Services Ltd.: 33% of 3 issues above issue today, LM score 34/100 • Listed +11% — the historical sweet-spot band"
Laser Power & Infra Ltd.,Mainboard,LASERPOWER,NSE,INE17IR01028,2026-07-16,RIDE,RIDE,89,328.4,270.0,-17.8,97.25,28.97,100.5421966293,1.84,26,1.0,53.46,,,,,,IIFL Capital Services Ltd.,2026-08-13,2026-10-12,https://www.screener.in/company/LASERPOWER/,https://www.tradingview.com/chart/?symbol=NSE%3ALASERPOWER,9.57,4559.0,75.3,,,,,,,,,,False,,2026-07-17,24.0,,0,False,"Crizac (2025-07): peaked +58%, -14% in 60d after its breakout | Sambhv Steel Tubes (2025-07): peaked +82%, +5% in 60d after its breakout | Shringar House of Mangalsutra (2025-09): peaked +62%, +13% in 60d after its breakout","Score 89/100 — structure 28/35, base 20/20, liquidity 15/15, institutions 15/15, lock-in 5/5, LM 1/5, momentum 5/5 • Reclaimed the pivot on session 1 and holds above — trend intact; manage, don't add • Tight base — held within 1.8% of listing close (the −10% cutoff was the grid-search optimum) • QIB 97x — heavy institutional sponsorship (biggest historical tails came from this group) • ₹100.5cr/day turnover ≈ 9.6% of free float changing hands daily — crowded/manipulable, careful • Lead manager IIFL Capital Services Ltd.: 30% of 10 issues above issue today, LM score 34/100 • Listed +17% — the historical sweet-spot band"
Poojaa Precision Engg.Ltd.,SME,PPEL,BSE,INE288301026,2026-08-04,RIDE,RIDE,88,642.9,493.5,-23.2,206.46,195.53,25.48297246153846,-9.42,13,1.0,113.59,,,,,,Hem Securities Ltd.,2026-08-29,2026-10-28,https://www.screener.in/company/544844/,https://www.tradingview.com/chart/?symbol=BSE%3A544844,6.41,1139.0,60.63,,,,,,,,,,False,,2026-08-11,7.0,,0,False,"Vilas Transcore (2024-06): peaked +358%, +93% in 60d after its breakout | Sathlokhar Synergys E&C Global (2024-08): peaked +397%, +47% in 60d after its breakout | Danish Power (2024-10): peaked +246%, +20% in 60d after its breakout","Score 88/100 — structure 28/35, base 20/20, liquidity 15/15, institutions 15/15, lock-in 0/5, LM 5/5, momentum 5/5 • Reclaimed the pivot on session 1 and holds above — trend intact; manage, don't add • Tight base — held within 9.4% of listing close (the −10% cutoff was the grid-search optimum) • QIB 206x — heavy institutional sponsorship (biggest historical tails came from this group) • ₹25.5cr/day turnover ≈ 6.4% of free float changing hands daily — crowded/manipulable, careful • ⚠ Anchor 30-day lock-in expires 2026-08-29 (9d) — historical median drift −2.4% into expiry; no fresh entries • Lead manager Hem Securities Ltd.: 62% of 68 issues above issue today, LM score 72/100"
Yatharth Hospital & Trauma Care Services Ltd.,Mainboard,YATHARTH,NSE,INE0JO301016,2023-08-07,RIDE,RIDE,87,847.85,343.1,-59.5,86.37,26.24,26.2006276255,-7.11,748,1.0,182.62,,,,,,Intensive Fiscal Services Pvt.Ltd.,2023-09-01,2023-10-31,https://www.screener.in/company/YATHARTH/,https://www.tradingview.com/chart/?symbol=NSE%3AYATHARTH,0.71,8118.0,55.8,,,,,,,,,,False,2023-10-06,2023-08-21,738.0,2025-11-28,10,False,"Innova Captab (2023-12): peaked +181%, -19% in 60d after its breakout | Capillary Technologies India (2025-11): peaked +38%, -26% in 60d after its breakout | Shringar House of Mangalsutra (2025-09): peaked +62%, +13% in 60d after its breakout","Score 87/100 — structure 28/35, base 20/20, liquidity 15/15, institutions 15/15, lock-in 5/5, LM 1/5, momentum 3/5 • Reclaimed the pivot on session 1 and holds above — trend intact; manage, don't add • Tight base — held within 7.1% of listing close (the −10% cutoff was the grid-search optimum) • QIB 86x — heavy institutional sponsorship (biggest historical tails came from this group) • ₹26.2cr/day turnover ≈ 0.7% of free float changing hands daily — sleepy float"
Zaggle Prepaid Ocean Services Ltd.,Mainboard,ZAGGLE,NSE,INE07K301024,2023-09-22,RIDE,RIDE,87,197.56,176.0,-10.9,16.94,7.55,96.8096185425,1.23,716,2.0,20.46,,,,,,ICICI Securities Ltd.,2023-10-22,2023-12-21,https://www.screener.in/company/ZAGGLE/,https://www.tradingview.com/chart/?symbol=NSE%3AZAGGLE,7.05,2158.0,44.3,,,,,,,,,,False,2024-02-07,2026-08-19,1.0,2026-08-20,15,True,"Vikran Engineering (2025-09): peaked +22%, -8% in 60d after its breakout | Suraj Estate Developers (2023-12): peaked +135%, -13% in 60d after its breakout | Saatvik Green Energy (2025-09): peaked +22%, -23% in 60d after its breakout","Score 87/100 — structure 28/35, base 20/20, liquidity 15/15, institutions 11/15, lock-in 5/5, LM 3/5, momentum 5/5 • Reclaimed the pivot on session 2 and holds above — trend intact; manage, don't add • Tight base — held within 1.2% of listing close (the −10% cutoff was the grid-search optimum) • QIB 17x — decent institutional interest • ₹96.8cr/day turnover ≈ 7.0% of free float changing hands daily — crowded/manipulable, careful • 🔥 Volume thrust (≥5× avg) within the last 5 sessions (2026-08-20) — the institutional footprint that preceded most historical winners • Lead manager ICICI Securities Ltd.: 63% of 38 issues above issue today, LM score 64/100"
Indian Renewable Energy Development Agency Ltd.,Mainboard,IREDA,NSE,INE202E01016,2023-11-29,RIDE,RIDE,87,114.9,60.0,-47.8,104.57,27.35,59.8497041024,0.92,672,1.0,259.06,,,,,,IDBI Capital Markets & Securities Ltd.,2023-12-24,2024-02-22,https://www.screener.in/company/IREDA/,https://www.tradingview.com/chart/?symbol=NSE%3AIREDA,0.63,32755.0,71.76,,,,,,,,,,False,2024-04-05,2023-11-30,670.0,2026-05-29,6,False,"Aditya Infotech (2025-08): peaked +507%, +24% in 60d after its breakout | Le Travenues Technology (2024-06): peaked +265%, -16% in 60d after its breakout | DOMS Industries (2023-12): peaked +294%, +13% in 60d after its breakout","Score 87/100 — structure 28/35, base 20/20, liquidity 15/15, institutions 15/15, lock-in 5/5, LM 1/5, momentum 3/5 • Reclaimed the pivot on session 1 and holds above — trend intact; manage, don't add • Tight base — held within 0.9% of listing close (the −10% cutoff was the grid-search optimum) • QIB 105x — heavy institutional sponsorship (biggest historical tails came from this group) • ₹59.8cr/day turnover ≈ 0.6% of free float changing hands daily — sleepy float"
TBO Tek Ltd.,Mainboard,TBOTEK,NSE,INE673O01025,2024-05-15,RIDE,RIDE,87,1702.6,1455.95,-14.5,125.51,48.14,58.0785515,-12.42,561,1.0,85.07,,,,,,Axis Capital Ltd.,,,https://www.screener.in/company/TBOTEK/,https://www.tradingview.com/chart/?symbol=NSE%3ATBOTEK,0.6,18490.0,44.4,,,,,,,,,,False,2024-06-24,2026-07-27,18.0,2026-07-30,18,False,"Urban Co.Ltd. (2025-09): peaked +95%, -34% in 60d after its breakout | Aditya Infotech (2025-08): peaked +507%, +24% in 60d after its breakout | Inox India (2023-12): peaked +221%, +37% in 60d after its breakout","Score 87/100 — structure 28/35, base 14/20, liquidity 15/15, institutions 15/15, lock-in 5/5, LM 5/5, momentum 5/5 • Reclaimed the pivot on session 1 and holds above — trend intact; manage, don't add • Base gave up -12.4% vs listing close — looser than the −10% ideal; demands a smaller position • QIB 126x — heavy institutional sponsorship (biggest historical tails came from this group) • ₹58.1cr/day turnover ≈ 0.6% of free float changing hands daily — sleepy float • Lead manager Axis Capital Ltd.: 82% of 22 issues above issue today, LM score 81/100"
Interarch Building Products Ltd.,Mainboard,INTERARCH,NSE,INE00M901018,2024-08-26,RIDE,RIDE,87,1688.3,1314.8,-22.1,197.29,65.75,10.482850918999995,-7.15,492,19.0,87.59,,,,,,Ambit Pvt.Ltd.,2024-09-20,2024-11-19,https://www.screener.in/company/INTERARCH/,https://www.tradingview.com/chart/?symbol=NSE%3AINTERARCH,0.87,2925.0,59.44,,,,,,,,,,False,2024-12-24,2024-10-08,461.0,2026-08-07,6,False,"Azad Engineering (2023-12): peaked +470%, +56% in 60d after its breakout | Bansal Wire Industries (2024-07): peaked +97%, +7% in 60d after its breakout | Corona Remedies (2025-12): peaked +114%, +13% in 60d after its breakout","Score 87/100 — structure 28/35, base 20/20, liquidity 15/15, institutions 15/15, lock-in 5/5, LM 1/5, momentum 3/5 • Reclaimed the pivot on session 19 and holds above — trend intact; manage, don't add • Tight base — held within 7.2% of listing close (the −10% cutoff was the grid-search optimum) • QIB 197x — heavy institutional sponsorship (biggest historical tails came from this group) • ₹10.5cr/day turnover ≈ 0.9% of free float changing hands daily — healthy churn"
Gala Precision Engineering Ltd.,Mainboard,GALAPREC,NSE,INE0RE001014,2024-09-09,RIDE,RIDE,87,1029.6,757.15,-26.5,232.54,145.78,5.415825182000001,-9.93,482,10.0,94.63,,,,,,PL Capital Markets Pvt.Ltd.,2024-10-04,2024-12-03,https://www.screener.in/company/GALAPREC/,https://www.tradingview.com/chart/?symbol=NSE%3AGALAPREC,0.88,1305.0,54.34,,,,,,,,,,False,2024-10-30,2026-05-04,76.0,2026-08-07,15,False,"EMS (2023-09): peaked +382%, +47% in 60d after its breakout | Quadrant Future Tek (2025-01): peaked +157%, -2% in 60d after its breakout | Orient Technologies (2024-08): peaked +228%, +31% in 60d after its breakout","Score 87/100 — structure 28/35, base 20/20, liquidity 15/15, institutions 15/15, lock-in 5/5, LM 1/5, momentum 3/5 • Reclaimed the pivot on session 10 and holds above — trend intact; manage, don't add • Tight base — held within 9.9% of listing close (the −10% cutoff was the grid-search optimum) • QIB 233x — heavy institutional sponsorship (biggest historical tails came from this group) • ₹5.4cr/day turnover ≈ 0.9% of free float changing hands daily — healthy churn"
Advance Agrolife Ltd.,Mainboard,ADVANCE,NSE,INE1B0W01010,2025-10-08,RIDE,RIDE,87,115.93,114.5,-1.2,27.31,39.68,8.631770259,-5.82,214,9.0,15.93,,,,,,Choice Capital Advisors Pvt.Ltd.,2025-11-04,2026-01-03,https://www.screener.in/company/ADVANCE/,https://www.tradingview.com/chart/?symbol=NSE%3AADVANCE,3.53,754.0,69.89,,,,,,,,,,False,2025-10-24,2026-07-28,17.0,2026-08-06,5,False,"Valiant Laboratories (2023-10): peaked +54%, -1% in 60d after its breakout | Indogulf Cropsciences (2025-07): peaked +10%, -6% in 60d after its breakout | Suraj Estate Developers (2023-12): peaked +135%, -13% in 60d after its breakout","Score 87/100 — structure 28/35, base 20/20, liquidity 15/15, institutions 11/15, lock-in 5/5, LM 5/5, momentum 3/5 • Reclaimed the pivot on session 9 and holds above — trend intact; manage, don't add • Tight base — held within 5.8% of listing close (the −10% cutoff was the grid-search optimum) • QIB 27x — decent institutional interest • ₹8.6cr/day turnover ≈ 3.5% of free float changing hands daily — healthy churn • Lead manager Choice Capital Advisors Pvt.Ltd.: 73% of 11 issues above issue today, LM score 78/100"
Amagi Media Labs Ltd.,Mainboard,AMAGI,NSE,INE121R01077,2026-01-21,RIDE,RIDE,87,576.45,356.95,-38.1,33.13,17.08,81.8726409935,-0.47,143,1.0,59.68,,,,,,Kotak Mahindra Capital Co.Ltd.,2026-02-17,2026-04-18,https://www.screener.in/company/AMAGI/,https://www.tradingview.com/chart/?symbol=NSE%3AAMAGI,0.68,12570.0,14.92,,,,,,,,,,False,2026-04-28,2026-04-16,87.0,2026-08-13,4,True,"Canara Robeco Asset Management Co.Ltd. (2025-10): peaked +33%, -12% in 60d after its breakout | Capillary Technologies India (2025-11): peaked +38%, -26% in 60d after its breakout | M&B Engineering (2025-08): peaked +39%, +16% in 60d after its breakout","Score 87/100 — structure 28/35, base 20/20, liquidity 15/15, institutions 11/15, lock-in 5/5, LM 5/5, momentum 3/5 • Reclaimed the pivot on session 1 and holds above — trend intact; manage, don't add • Tight base — held within 0.5% of listing close (the −10% cutoff was the grid-search optimum) • QIB 33x — decent institutional interest • ₹81.9cr/day turnover ≈ 0.7% of free float changing hands daily — sleepy float • 🔥 Volume thrust (≥5× avg) within the last 5 sessions (2026-08-13) — the institutional footprint that preceded most historical winners • Lead manager Kotak Mahindra Capital Co.Ltd.: 74% of 27 issues above issue today, LM score 73/100"
OnEMI Technology Solutions Ltd.,Mainboard,KISSHT,NSE,INE12F801023,2026-05-08,RIDE,RIDE,87,302.65,227.4,-24.9,25.97,7.27,49.338949881000005,-6.85,73,8.0,76.99,,,,,,JM Financial Ltd.,2026-06-04,2026-08-03,https://www.screener.in/company/KISSHT/,https://www.tradingview.com/chart/?symbol=NSE%3AKISSHT,1.24,5134.0,24.8,,,,,,,,,,False,2026-07-02,2026-05-20,64.0,2026-07-02,1,False,"Canara Robeco Asset Management Co.Ltd. (2025-10): peaked +33%, -12% in 60d after its breakout | Jain Resource Recycling (2025-10): peaked +156%, +30% in 60d after its breakout | Nephrocare Health Services (2025-12): peaked +67%, +10% in 60d after its breakout","Score 87/100 — structure 28/35, base 20/20, liquidity 15/15, institutions 11/15, lock-in 5/5, LM 5/5, momentum 3/5 • Reclaimed the pivot on session 8 and holds above — trend intact; manage, don't add • Tight base — held within 6.8% of listing close (the −10% cutoff was the grid-search optimum) • QIB 26x — decent institutional interest • ₹49.3cr/day turnover ≈ 1.2% of free float changing hands daily — healthy churn • Lead manager JM Financial Ltd.: 69% of 26 issues above issue today, LM score 71/100"
Merritronix Ltd.,SME,MRTX,BSE,INE1RQS01010,2026-06-08,RIDE,RIDE,86,304.8,297.25,-2.5,224.91,221.04,3.48342375,5.0,53,1.0,104.56,,,,,,GYR Capital Advisors Pvt.Ltd.,2026-07-03,2026-09-01,https://www.screener.in/company/544773/,https://www.tradingview.com/chart/?symbol=BSE%3A544773,1.56,567.0,62.28,,,,,,,,,,False,,2026-06-09,51.0,,0,False,"Sahaj Solar (2024-07): peaked +339%, +60% in 60d after its breakout | VVIP Infratech (2024-07): peaked +238%, +6% in 60d after its breakout | Effwa Infra & Research (2024-07): peaked +388%, +46% in 60d after its breakout","Score 86/100 — structure 28/35, base 20/20, liquidity 10/15, institutions 15/15, lock-in 5/5, LM 5/5, momentum 3/5 • Reclaimed the pivot on session 1 and holds above — trend intact; manage, don't add • Tight base — held within 5.0% of listing close (the −10% cutoff was the grid-search optimum) • QIB 225x — heavy institutional sponsorship (biggest historical tails came from this group) • ₹3.5cr/day turnover ≈ 1.6% of free float changing hands daily — healthy churn • Lead manager GYR Capital Advisors Pvt.Ltd.: 57% of 49 issues above issue today, LM score 72/100"
EMS Ltd.,Mainboard,EMSLIMITED,NSE,INE0OV601013,2023-09-21,RIDE,RIDE,85,405.0,291.0,-28.1,149.98,52.97,19.24662654925,-11.93,717,9.0,91.94,,,,,,Khambatta Securities Ltd.,2023-10-15,2023-12-14,https://www.screener.in/company/EMSLIMITED/,https://www.tradingview.com/chart/?symbol=NSE%3AEMSLIMITED,2.87,2054.0,69.7,,,,,,,,,,False,2024-06-26,2026-06-08,52.0,2026-08-19,17,True,"Ratnaveer Precision Engineering (2023-09): peaked +180%, -11% in 60d after its breakout | Gala Precision Engineering (2024-09): peaked +180%, +40% in 60d after its breakout | Quadrant Future Tek (2025-01): peaked +157%, -2% in 60d after its breakout","Score 85/100 — structure 28/35, base 14/20, liquidity 15/15, institutions 15/15, lock-in 5/5, LM 3/5, momentum 5/5 • Reclaimed the pivot on session 9 and holds above — trend intact; manage, don't add • Base gave up -11.9% vs listing close — looser than the −10% ideal; demands a smaller position • QIB 150x — heavy institutional sponsorship (biggest historical tails came from this group) • ₹19.2cr/day turnover ≈ 2.9% of free float changing hands daily — healthy churn • 🔥 Volume thrust (≥5× avg) within the last 5 sessions (2026-08-19) — the institutional footprint that preceded most historical winners • Lead manager Khambatta Securities Ltd.: 56% of 9 issues above issue today, LM score 58/100"
GNG Electronics Ltd.,Mainboard,EBGNG,NSE,INE18JU01028,2025-07-30,RIDE,RIDE,85,624.75,359.4,-42.5,266.21,107.66,37.842808988250006,-10.02,261,17.0,163.61,,,,,,Motilal Oswal Investment Advisors Ltd.,2025-08-26,2025-10-25,https://www.screener.in/company/EBGNG/,https://www.tradingview.com/chart/?symbol=NSE%3AEBGNG,2.38,6764.0,74.78,,,,,,,,,,False,2026-02-06,2026-04-01,96.0,2026-06-22,4,False,"Interarch Building Products (2024-08): peaked +207%, +28% in 60d after its breakout | Corona Remedies (2025-12): peaked +114%, +13% in 60d after its breakout | Bansal Wire Industries (2024-07): peaked +97%, +7% in 60d after its breakout","Score 85/100 — structure 28/35, base 14/20, liquidity 15/15, institutions 15/15, lock-in 5/5, LM 3/5, momentum 5/5 • Reclaimed the pivot on session 17 and holds above — trend intact; manage, don't add • Base gave up -10.0% vs listing close — looser than the −10% ideal; demands a smaller position • QIB 266x — heavy institutional sponsorship (biggest historical tails came from this group) • ₹37.8cr/day turnover ≈ 2.4% of free float changing hands daily — healthy churn • Lead manager Motilal Oswal Investment Advisors Ltd.: 56% of 9 issues above issue today, LM score 56/100"
Anand Rathi Share & Stock Brokers Ltd.,Mainboard,ARSSBL,NSE,INE549H01021,2025-09-30,RIDE,RIDE,85,497.65,458.7,-7.8,46.25,15.55,6.3574697825,-1.02,219,2.0,20.21,,,,,,Nuvama Wealth Management Ltd.,2025-10-25,2025-12-24,https://www.screener.in/company/ARSSBL/,https://www.tradingview.com/chart/?symbol=NSE%3AARSSBL,0.65,3211.0,69.62,,,,,,,,,,False,2026-01-16,2026-04-06,94.0,2026-04-15,2,False,"M&B Engineering (2025-08): peaked +39%, +16% in 60d after its breakout | Capillary Technologies India (2025-11): peaked +38%, -26% in 60d after its breakout | Rishabh Instruments (2023-09): peaked +66%, +19% in 60d after its breakout","Score 85/100 — structure 28/35, base 20/20, liquidity 15/15, institutions 11/15, lock-in 5/5, LM 3/5, momentum 3/5 • Reclaimed the pivot on session 2 and holds above — trend intact; manage, don't add • Tight base — held within 1.0% of listing close (the −10% cutoff was the grid-search optimum) • QIB 46x — decent institutional interest • ₹6.4cr/day turnover ≈ 0.7% of free float changing hands daily — sleepy float • Lead manager Nuvama Wealth Management Ltd.: 50% of 10 issues above issue today, LM score 45/100"
Nephrocare Health Services Ltd.,Mainboard,NEPHROPLUS,NSE,INE428V01029,2025-12-17,RIDE,RIDE,85,674.15,499.0,-26.0,26.82,10.12,10.788258097999998,-5.36,166,14.0,46.55,,,,,,ICICI Securities Ltd.,2026-01-13,2026-03-14,https://www.screener.in/company/NEPHROPLUS/,https://www.tradingview.com/chart/?symbol=NSE%3ANEPHROPLUS,0.43,6988.0,63.85,,,,,,,,,,False,2026-02-11,2026-01-23,140.0,2026-07-09,4,False,"Vikran Engineering (2025-09): peaked +22%, -8% in 60d after its breakout | Canara Robeco Asset Management Co.Ltd. (2025-10): peaked +33%, -12% in 60d after its breakout | M&B Engineering (2025-08): peaked +39%, +16% in 60d after its breakout","Score 85/100 — structure 28/35, base 20/20, liquidity 15/15, institutions 11/15, lock-in 5/5, LM 3/5, momentum 3/5 • Reclaimed the pivot on session 14 and holds above — trend intact; manage, don't add • Tight base — held within 5.4% of listing close (the −10% cutoff was the grid-search optimum) • QIB 27x — decent institutional interest • ₹10.8cr/day turnover ≈ 0.4% of free float changing hands daily — sleepy float • Lead manager ICICI Securities Ltd.: 63% of 38 issues above issue today, LM score 64/100"
Kaka Industries Ltd.,SME,543939,BSE,INE0P3N01018,2023-07-19,RIDE,RIDE,84,230.0,115.71,-49.7,72.13,203.04,1.139459,0.25,31,1.0,296.55,,,,,,Hem Securities Ltd.,2023-08-16,2023-10-15,https://www.screener.in/company/543939/,https://www.tradingview.com/chart/?symbol=BSE%3A543939,1.45,324.0,70.03,,,1-month high-low variation 77% (ST-ASM secondary criterion ≥75%),,,,,,,False,,2023-07-20,29.0,,0,False,"Shri Balaji Valve Components (2024-01): peaked +244%, -26% in 60d after its breakout | Kalyani Cast Tech (2023-11): peaked +612%, +75% in 60d after its breakout | AMIC Forging (2023-12): peaked +1533%, +177% in 60d after its breakout","Score 84/100 — structure 28/35, base 20/20, liquidity 6/15, institutions 15/15, lock-in 5/5, LM 5/5, momentum 5/5 • Reclaimed the pivot on session 1 and holds above — trend intact; manage, don't add • Tight base — held within 0.2% of listing close (the −10% cutoff was the grid-search optimum) • QIB 72x — heavy institutional sponsorship (biggest historical tails came from this group) • ₹1.1cr/day turnover ≈ 1.4% of free float changing hands daily — healthy churn • ⚠ 1-month high-low variation 77% (ST-ASM secondary criterion ≥75%) • Lead manager Hem Securities Ltd.: 62% of 68 issues above issue today, LM score 72/100"
Asarfi Hospital Ltd.,SME,543943,BSE,INE0DN001027,2023-07-26,RIDE,RIDE,84,233.85,103.74,-55.6,50.6,136.19,1.34405725,-5.23,26,1.0,349.71,,,,,,Hem Securities Ltd.,2023-08-23,2023-10-22,https://www.screener.in/company/543943/,https://www.tradingview.com/chart/?symbol=BSE%3A543943,0.94,454.0,61.17,,,1-month high-low variation 129% (ST-ASM secondary criterion ≥75%),,,,,,,False,,2023-08-01,21.0,,0,False,"Shri Balaji Valve Components (2024-01): peaked +244%, -26% in 60d after its breakout | Innomet Advanced Materials (2024-09): peaked +157%, -9% in 60d after its breakout | Presstonic Engineering (2023-12): peaked +192%, -17% in 60d after its breakout","Score 84/100 — structure 28/35, base 20/20, liquidity 6/15, institutions 15/15, lock-in 5/5, LM 5/5, momentum 5/5 • Reclaimed the pivot on session 1 and holds above — trend intact; manage, don't add • Tight base — held within 5.2% of listing close (the −10% cutoff was the grid-search optimum) • QIB 51x — heavy institutional sponsorship (biggest historical tails came from this group) • ₹1.3cr/day turnover ≈ 0.9% of free float changing hands daily — healthy churn • ⚠ 1-month high-low variation 129% (ST-ASM secondary criterion ≥75%) • Lead manager Hem Securities Ltd.: 62% of 68 issues above issue today, LM score 72/100"
Sathlokhar Synergys E&C Global Ltd.,SME,SSEGL,NSE,INE0RFP01011,2024-08-06,RIDE,RIDE,84,355.7,260.0,-26.9,171.55,147.39,1.71225935,-9.74,505,4.0,154.07,,,,,,GYR Capital Advisors Pvt.Ltd.,2024-09-01,2024-10-31,https://www.screener.in/company/SSEGL/,https://www.tradingview.com/chart/?symbol=NSE%3ASSEGL,0.48,918.0,58.27,,,,,,,,,,False,2025-05-12,2024-08-12,500.0,2026-03-27,3,False,"Workmates Core2Cloud Solution (2025-11): peaked +152%, -18% in 60d after its breakout | Aelea Commodities (2024-07): peaked +262%, -1% in 60d after its breakout | Kataria Industries (2024-07): peaked +157%, +8% in 60d after its breakout","Score 84/100 — structure 28/35, base 20/20, liquidity 6/15, institutions 15/15, lock-in 5/5, LM 5/5, momentum 5/5 • Reclaimed the pivot on session 4 and holds above — trend intact; manage, don't add • Tight base — held within 9.7% of listing close (the −10% cutoff was the grid-search optimum) • QIB 172x — heavy institutional sponsorship (biggest historical tails came from this group) • ₹1.7cr/day turnover ≈ 0.5% of free float changing hands daily — sleepy float • Lead manager GYR Capital Advisors Pvt.Ltd.: 57% of 49 issues above issue today, LM score 72/100"
Exato Technologies Ltd.,SME,EXATO,BSE,INE1E4401010,2025-12-05,RIDE,RIDE,84,740.1,279.3,-62.3,327.08,656.94,1.55717625,4.99,173,1.0,428.64,,,,,,GYR Capital Advisors Pvt.Ltd.,2026-01-02,2026-03-03,https://www.screener.in/company/544626/,https://www.tradingview.com/chart/?symbol=BSE%3A544626,0.55,649.0,54.73,,,"ST-ASM trigger risk: +27% in 5 sessions (criterion: ≥25%) | SME LT-ASM risk: +101% in 3 months (criterion: ≥±90%, indicative)",,,,,,,True,2026-02-10,2025-12-08,171.0,2026-07-13,5,False,"Nephro Care India (2024-07): peaked +321%, +23% in 60d after its breakout | Sahaj Solar (2024-07): peaked +339%, +60% in 60d after its breakout | Rajputana Industries (2024-08): peaked +216%, +11% in 60d after its breakout","Score 84/100 — structure 28/35, base 20/20, liquidity 6/15, institutions 15/15, lock-in 5/5, LM 5/5, momentum 5/5 • Reclaimed the pivot on session 1 and holds above — trend intact; manage, don't add • Tight base — held within 5.0% of listing close (the −10% cutoff was the grid-search optimum) • QIB 327x — heavy institutional sponsorship (biggest historical tails came from this group) • ₹1.6cr/day turnover ≈ 0.6% of free float changing hands daily — sleepy float • ⚠ ST-ASM trigger risk: +27% in 5 sessions (criterion: ≥25%) • ⚠ SME LT-ASM risk: +101% in 3 months (criterion: ≥±90%, indicative)"
Devson Catalyst Ltd.,SME,DEVSON,BSE,INE2KRP01017,2026-07-16,RIDE,RIDE,84,277.55,205.95,-25.8,168.56,154.54,3.3723885,-3.76,26,1.0,135.21,,,,,,JJ IPO Advisors Pvt.Ltd.,2026-08-13,2026-10-12,https://www.screener.in/company/544823/,https://www.tradingview.com/chart/?symbol=BSE%3A544823,3.98,355.0,73.59,,,,,,,,,,False,,2026-07-30,15.0,,0,False,"ROX Hi-Tech (2023-11): peaked +151%, -7% in 60d after its breakout | Aelea Commodities (2024-07): peaked +262%, -1% in 60d after its breakout | Supreme Power Equipment (2023-12): peaked +546%, +18% in 60d after its breakout","Score 84/100 — structure 28/35, base 20/20, liquidity 10/15, institutions 15/15, lock-in 5/5, LM 1/5, momentum 5/5 • Reclaimed the pivot on session 1 and holds above — trend intact; manage, don't add • Tight base — held within 3.8% of listing close (the −10% cutoff was the grid-search optimum) • QIB 169x — heavy institutional sponsorship (biggest historical tails came from this group) • ₹3.4cr/day turnover ≈ 4.0% of free float changing hands daily — healthy churn • Mega-pop (+66%) — day-1 buyers are extended; base needs extra proof"
Indo-MIM Ltd.,Mainboard,INDOMIM,NSE,INE084101034,2026-07-30,RIDE,RIDE,84,919.55,757.75,-17.6,204.47,50.89,791.150177791875,-2.26,16,1.0,89.6,,,,,,HDFC Bank Ltd.,2026-08-26,2026-10-25,https://www.screener.in/company/INDOMIM/,https://www.tradingview.com/chart/?symbol=NSE%3AINDOMIM,9.13,42832.0,77.65,,,,,,,,,,False,,2026-07-31,14.0,,0,False,"Waaree Energies (2024-10): peaked +157%, -23% in 60d after its breakout | Meesho (2025-12): peaked +129%, -25% in 60d after its breakout | Anthem Biosciences (2025-07): peaked +59%, -4% in 60d after its breakout","Score 84/100 — structure 28/35, base 20/20, liquidity 15/15, institutions 15/15, lock-in 0/5, LM 1/5, momentum 5/5 • Reclaimed the pivot on session 1 and holds above — trend intact; manage, don't add • Tight base — held within 2.3% of listing close (the −10% cutoff was the grid-search optimum) • QIB 204x — heavy institutional sponsorship (biggest historical tails came from this group) • ₹791.2cr/day turnover ≈ 9.1% of free float changing hands daily — crowded/manipulable, careful • ⚠ Anchor 30-day lock-in expires 2026-08-26 (6d) — historical median drift −2.4% into expiry; no fresh entries • Listed +44% — the historical sweet-spot band"
Manipal Health Enterprises Ltd.,Mainboard,MANIPALHOS,NSE,INE459N01021,2026-08-05,RIDE,RIDE,84,724.35,675.8,-6.7,8.54,3.27,436.0816717295834,-6.22,12,2.0,22.77,,,,,,Kotak Mahindra Capital Co.Ltd.,2026-09-01,2026-10-31,https://www.screener.in/company/MANIPALHOS/,https://www.tradingview.com/chart/?symbol=NSE%3AMANIPALHOS,1.78,95035.0,72.08,,,,,,,,,,False,,2026-08-07,9.0,,0,False,"Swiggy (2024-11): peaked +58%, -25% in 60d after its breakout | NTPC Green Energy (2024-11): peaked +44%, -17% in 60d after its breakout | Tata Capital (2025-10): peaked +20%, +4% in 60d after its breakout","Score 84/100 — structure 28/35, base 20/20, liquidity 15/15, institutions 6/15, lock-in 5/5, LM 5/5, momentum 5/5 • Reclaimed the pivot on session 2 and holds above — trend intact; manage, don't add • Tight base — held within 6.2% of listing close (the −10% cutoff was the grid-search optimum) • QIB 9x — thin institutional book (score-penalised, not disqualifying: stops manage the risk) • ₹436.1cr/day turnover ≈ 1.8% of free float changing hands daily — healthy churn • Lead manager Kotak Mahindra Capital Co.Ltd.: 74% of 27 issues above issue today, LM score 73/100 • Listed +11% — the historical sweet-spot band"
Allied Blenders & Distillers Ltd.,Mainboard,ABDL,NSE,INE552Z01027,2024-07-02,RIDE,RIDE,83,595.45,324.8,-45.5,53.01,17.61,22.15418000125,-11.28,529,1.0,111.9,,,,,,ICICI Securities Ltd.,,,https://www.screener.in/company/ABDL/,https://www.tradingview.com/chart/?symbol=NSE%3AABDL,0.67,17068.0,80.91,,,,,,,,,,False,2024-10-30,2025-05-09,318.0,2026-07-06,4,False,"R R Kabel (2023-09): peaked +182%, +25% in 60d after its breakout | Belrise Industries (2025-05): peaked +198%, +36% in 60d after its breakout | Ellenbarrie Industrial Gases (2025-07): peaked +59%, -17% in 60d after its breakout","Score 83/100 — structure 28/35, base 14/20, liquidity 15/15, institutions 15/15, lock-in 5/5, LM 3/5, momentum 3/5 • Reclaimed the pivot on session 1 and holds above — trend intact; manage, don't add • Base gave up -11.3% vs listing close — looser than the −10% ideal; demands a smaller position • QIB 53x — heavy institutional sponsorship (biggest historical tails came from this group) • ₹22.2cr/day turnover ≈ 0.7% of free float changing hands daily — sleepy float • Lead manager ICICI Securities Ltd.: 63% of 38 issues above issue today, LM score 64/100"
SAMHI Hotels Ltd.,Mainboard,SAMHI,NSE,INE08U801020,2023-09-22,RIDE,RIDE,82,160.39,146.6,-8.6,9.18,3.54,16.9473430293,-4.46,716,1.0,27.29,,,,,,JM Financial Ltd.,2023-10-22,2023-12-21,https://www.screener.in/company/SAMHI/,https://www.tradingview.com/chart/?symbol=NSE%3ASAMHI,0.44,3532.0,,,,,,,,,,,False,2023-11-24,2026-05-21,63.0,2025-10-29,8,False,"Sai Silks (Kalamandir) (2023-09): peaked +41%, +11% in 60d after its breakout | Travel Food Services (2025-07): peaked +34%, +21% in 60d after its breakout | Canara HSBC Life Insurance Co.Ltd. (2025-10): peaked +57%, +23% in 60d after its breakout","Score 82/100 — structure 28/35, base 20/20, liquidity 15/15, institutions 6/15, lock-in 5/5, LM 5/5, momentum 3/5 • Reclaimed the pivot on session 1 and holds above — trend intact; manage, don't add • Tight base — held within 4.5% of listing close (the −10% cutoff was the grid-search optimum) • QIB 9x — thin institutional book (score-penalised, not disqualifying: stops manage the risk) • ₹16.9cr/day turnover ≈ 0.4% of free float changing hands daily — sleepy float • Lead manager JM Financial Ltd.: 69% of 26 issues above issue today, LM score 71/100"
Chavda Infra Ltd.,SME,CHAVDA,NSE,INE0PT101017,2023-09-25,RIDE,RIDE,82,135.0,126.8,-6.1,95.1,124.09,1.2204172222222225,-0.08,18,4.0,107.69,,,,,,Beeline Capital Advisors Pvt.Ltd.,2023-10-20,2023-12-19,https://www.screener.in/company/CHAVDA/,https://www.tradingview.com/chart/?symbol=NSE%3ACHAVDA,0.61,443.0,55.12,,,,,,,,,,False,2026-08-07,2026-08-03,13.0,2026-08-07,1,False,"AMIC Forging (2023-12): peaked +1533%, +177% in 60d after its breakout | Shri Balaji Valve Components (2024-01): peaked +244%, -26% in 60d after its breakout | GEM Enviro Management (2024-06): peaked +333%, +21% in 60d after its breakout","Score 82/100 — structure 28/35, base 20/20, liquidity 6/15, institutions 15/15, lock-in 5/5, LM 3/5, momentum 5/5 • Reclaimed the pivot on session 4 and holds above — trend intact; manage, don't add • Tight base — held within 0.1% of listing close (the −10% cutoff was the grid-search optimum) • QIB 95x — heavy institutional sponsorship (biggest historical tails came from this group) • ₹1.2cr/day turnover ≈ 0.6% of free float changing hands daily — sleepy float • Lead manager Beeline Capital Advisors Pvt.Ltd.: 53% of 57 issues above issue today, LM score 58/100 • Mega-pop (+93%) — day-1 buyers are extended; base needs extra proof"
Supreme Power Equipment Ltd.,SME,SUPREMEPWR,NSE,INE0QHG01026,2023-12-29,RIDE,RIDE,82,227.4,102.9,-54.7,88.98,181.44,1.609494875,-4.52,651,1.0,249.85,,,,,,Narnolia Financial Services Ltd.,2024-01-26,2024-03-26,https://www.screener.in/company/SUPREMEPWR/,https://www.tradingview.com/chart/?symbol=NSE%3ASUPREMEPWR,0.72,481.0,57.16,,,,,,,,,,False,2024-10-30,2025-04-11,335.0,2026-08-18,7,True,"ROX Hi-Tech (2023-11): peaked +151%, -7% in 60d after its breakout | Vilas Transcore (2024-06): peaked +358%, +93% in 60d after its breakout | Beacon Trusteeship (2024-06): peaked +152%, +9% in 60d after its breakout","Score 82/100 — structure 28/35, base 20/20, liquidity 6/15, institutions 15/15, lock-in 5/5, LM 3/5, momentum 5/5 • Reclaimed the pivot on session 1 and holds above — trend intact; manage, don't add • Tight base — held within 4.5% of listing close (the −10% cutoff was the grid-search optimum) • QIB 89x — heavy institutional sponsorship (biggest historical tails came from this group) • ₹1.6cr/day turnover ≈ 0.7% of free float changing hands daily — sleepy float • 🔥 Volume thrust (≥5× avg) within the last 5 sessions (2026-08-18) — the institutional footprint that preceded most historical winners • Lead manager Narnolia Financial Services Ltd.: 47% of 30 issues above issue today, LM score 57/100"
Danish Power Ltd.,SME,DANISH,NSE,INE0YU901016,2024-10-29,RIDE,RIDE,82,781.05,598.5,-23.4,104.79,89.11,1.790942175,0.58,447,1.0,105.54,,,,,,Hem Securities Ltd.,2024-11-24,2025-01-23,https://www.screener.in/company/DANISH/,https://www.tradingview.com/chart/?symbol=NSE%3ADANISH,0.43,1553.0,73.62,,,,,,,,,,False,2025-11-06,2026-04-02,95.0,2026-01-09,2,False,"Aimtron Electronics (2024-06): peaked +1006%, +77% in 60d after its breakout | Vilas Transcore (2024-06): peaked +358%, +93% in 60d after its breakout | ROX Hi-Tech (2023-11): peaked +151%, -7% in 60d after its breakout","Score 82/100 — structure 28/35, base 20/20, liquidity 6/15, institutions 15/15, lock-in 5/5, LM 5/5, momentum 3/5 • Reclaimed the pivot on session 1 and holds above — trend intact; manage, don't add • Tight base — held within 0.6% of listing close (the −10% cutoff was the grid-search optimum) • QIB 105x — heavy institutional sponsorship (biggest historical tails came from this group) • ₹1.8cr/day turnover ≈ 0.4% of free float changing hands daily — sleepy float • Lead manager Hem Securities Ltd.: 62% of 68 issues above issue today, LM score 72/100"
Rajesh Power Services Ltd.,SME,RAJESH,BSE,INE0VN801010,2024-12-02,RIDE,RIDE,82,814.35,668.3,-17.9,46.39,41.94,2.4708722,5.0,425,1.0,143.09,,,,,,ISK Advisors Pvt.Ltd.,2024-12-28,2025-02-26,https://www.screener.in/company/544291/,https://www.tradingview.com/chart/?symbol=BSE%3A544291,0.59,1478.0,72.7,,,,,,,,,,False,2025-04-23,2024-12-03,423.0,2026-04-23,4,False,"C2C Advanced Systems (2024-12): peaked +322%, -20% in 60d after its breakout | Ganesh Green Bharat (2024-07): peaked +234%, -3% in 60d after its breakout | AMIC Forging (2023-12): peaked +1533%, +177% in 60d after its breakout","Score 82/100 — structure 28/35, base 20/20, liquidity 10/15, institutions 11/15, lock-in 5/5, LM 5/5, momentum 3/5 • Reclaimed the pivot on session 1 and holds above — trend intact; manage, don't add • Tight base — held within 5.0% of listing close (the −10% cutoff was the grid-search optimum) • QIB 46x — decent institutional interest • ₹2.5cr/day turnover ≈ 0.6% of free float changing hands daily — sleepy float • Lead manager ISK Advisors Pvt.Ltd.: 80% of 5 issues above issue today, LM score 91/100"
Prostarm Info Systems Ltd.,Mainboard,PROSTARM,NSE,INE0BX301013,2025-06-03,RIDE,RIDE,82,138.53,126.0,-9.0,102.67,67.65,4.5192512943,-14.29,302,13.0,31.93,,,,,,Choice Capital Advisors Pvt.Ltd.,2025-06-28,2025-08-28,https://www.screener.in/company/PROSTARM/,https://www.tradingview.com/chart/?symbol=NSE%3APROSTARM,2.06,797.0,72.83,,,,,,,,,,False,2025-06-20,2026-07-31,14.0,2026-08-06,9,False,"Manba Finance (2024-09): peaked +66%, -9% in 60d after its breakout | Ratnaveer Precision Engineering (2023-09): peaked +180%, -11% in 60d after its breakout | Vraj Iron & Steel (2024-07): peaked +43%, +1% in 60d after its breakout","Score 82/100 — structure 28/35, base 14/20, liquidity 10/15, institutions 15/15, lock-in 5/5, LM 5/5, momentum 5/5 • Reclaimed the pivot on session 13 and holds above — trend intact; manage, don't add • Base gave up -14.3% vs listing close — looser than the −10% ideal; demands a smaller position • QIB 103x — heavy institutional sponsorship (biggest historical tails came from this group) • ₹4.5cr/day turnover ≈ 2.1% of free float changing hands daily — healthy churn • Lead manager Choice Capital Advisors Pvt.Ltd.: 73% of 11 issues above issue today, LM score 78/100"
Travel Food Services Ltd.,Mainboard,TRAVELFOOD,NSE,INE103V01028,2025-07-14,RIDE,RIDE,82,1316.2,1130.0,-14.1,8.1,2.4,15.872744897,-6.17,273,4.0,19.65,,,,,,Kotak Mahindra Capital Co.Ltd.,2025-08-08,2025-10-07,https://www.screener.in/company/TRAVELFOOD/,https://www.tradingview.com/chart/?symbol=NSE%3ATRAVELFOOD,0.62,17864.0,86.19,,,,,,,,,,False,2026-03-18,2026-05-22,62.0,2026-08-07,3,False,"Canara HSBC Life Insurance Co.Ltd. (2025-10): peaked +57%, +23% in 60d after its breakout | SAMHI Hotels (2023-09): peaked +102%, +15% in 60d after its breakout | BlueStone Jewellery & Lifestyle (2025-08): peaked +79%, -1% in 60d after its breakout","Score 82/100 — structure 28/35, base 20/20, liquidity 15/15, institutions 6/15, lock-in 5/5, LM 5/5, momentum 3/5 • Reclaimed the pivot on session 4 and holds above — trend intact; manage, don't add • Tight base — held within 6.2% of listing close (the −10% cutoff was the grid-search optimum) • QIB 8x — thin institutional book (score-penalised, not disqualifying: stops manage the risk) • ₹15.9cr/day turnover ≈ 0.6% of free float changing hands daily — sleepy float • Lead manager Kotak Mahindra Capital Co.Ltd.: 74% of 27 issues above issue today, LM score 73/100"
Canara HSBC Life Insurance Co.Ltd.,Mainboard,CANHLIFE,NSE,INE01TY01017,2025-10-17,RIDE,RIDE,82,151.69,112.8,-25.6,7.05,1.9,9.055506839,-4.32,207,3.0,43.1,,,,,,SBI Capital Markets Ltd.,2025-11-13,2026-01-12,https://www.screener.in/company/CANHLIFE/,https://www.tradingview.com/chart/?symbol=NSE%3ACANHLIFE,0.17,14161.0,62.0,,,,,,,,,,False,2025-12-23,2025-10-23,203.0,2026-07-21,9,False,"Travel Food Services (2025-07): peaked +34%, +21% in 60d after its breakout | BlueStone Jewellery & Lifestyle (2025-08): peaked +79%, -1% in 60d after its breakout | Dr.Agarwal's Health Care (2025-02): peaked +41%, -7% in 60d after its breakout","Score 82/100 — structure 28/35, base 20/20, liquidity 15/15, institutions 6/15, lock-in 5/5, LM 3/5, momentum 5/5 • Reclaimed the pivot on session 3 and holds above — trend intact; manage, don't add • Tight base — held within 4.3% of listing close (the −10% cutoff was the grid-search optimum) • QIB 7x — thin institutional book (score-penalised, not disqualifying: stops manage the risk) • ₹9.1cr/day turnover ≈ 0.2% of free float changing hands daily — sleepy float • Lead manager SBI Capital Markets Ltd.: 50% of 6 issues above issue today, LM score 61/100"
INDO SMC Ltd.,SME,INDOSMC,BSE,INE0WKY01013,2026-01-21,RIDE,RIDE,82,503.4,156.45,-68.9,94.94,77.38,3.127045,-13.44,143,9.0,237.85,,,,,,GYR Capital Advisors Pvt.Ltd.,2026-02-15,2026-04-16,https://www.screener.in/company/544681/,https://www.tradingview.com/chart/?symbol=BSE%3A544681,0.73,1163.0,60.25,,,"SME LT-ASM risk: +103% in 3 months (criterion: ≥±90%, indicative)",,,,,,,False,2026-03-25,2026-04-02,95.0,2026-05-22,4,False,"SD Retail (2024-09): peaked +64%, +9% in 60d after its breakout | Jeyyam Global Foods (2024-09): peaked +22%, -31% in 60d after its breakout | Freshara Agro Exports (2024-10): peaked +235%, +10% in 60d after its breakout","Score 82/100 — structure 28/35, base 14/20, liquidity 10/15, institutions 15/15, lock-in 5/5, LM 5/5, momentum 5/5 • Reclaimed the pivot on session 9 and holds above — trend intact; manage, don't add • Base gave up -13.4% vs listing close — looser than the −10% ideal; demands a smaller position • QIB 95x — heavy institutional sponsorship (biggest historical tails came from this group) • ₹3.1cr/day turnover ≈ 0.7% of free float changing hands daily — sleepy float • ⚠ SME LT-ASM risk: +103% in 3 months (criterion: ≥±90%, indicative) • Lead manager GYR Capital Advisors Pvt.Ltd.: 57% of 49 issues above issue today, LM score 72/100"
SEDEMAC Mechatronics Ltd.,Mainboard,SEDEMAC,NSE,INE00XB01019,2026-03-11,RIDE,RIDE,82,3261.4,1613.5,-50.5,8.46,2.19,52.9448525595,-2.62,110,15.0,141.23,,,,,,ICICI Securities Ltd.,2026-04-07,2026-06-06,https://www.screener.in/company/SEDEMAC/,https://www.tradingview.com/chart/?symbol=NSE%3ASEDEMAC,0.56,14265.0,26.23,,,,,,,,,,False,2026-04-27,2026-04-06,94.0,2026-08-10,2,False,"SAMHI Hotels (2023-09): peaked +102%, +15% in 60d after its breakout | Saatvik Green Energy (2025-09): peaked +22%, -23% in 60d after its breakout | Signatureglobal (India) (2023-09): peaked +328%, +84% in 60d after its breakout","Score 82/100 — structure 28/35, base 20/20, liquidity 15/15, institutions 6/15, lock-in 5/5, LM 3/5, momentum 5/5 • Reclaimed the pivot on session 15 and holds above — trend intact; manage, don't add • Tight base — held within 2.6% of listing close (the −10% cutoff was the grid-search optimum) • QIB 8x — thin institutional book (score-penalised, not disqualifying: stops manage the risk) • ₹52.9cr/day turnover ≈ 0.6% of free float changing hands daily — sleepy float • Lead manager ICICI Securities Ltd.: 63% of 38 issues above issue today, LM score 64/100"
Aegeus Technologies Ltd.,SME,AEGEUS,BSE,INE0WR901013,2026-08-11,RIDE,RIDE,82,166.05,130.7,-21.3,23.88,21.27,4.741857,-6.7,8,1.0,58.14,,,,,,Turnaround Corporate Advisors Pvt.Ltd.,2026-09-06,2026-11-05,https://www.screener.in/company/544858/,https://www.tradingview.com/chart/?symbol=BSE%3A544858,7.5,139.0,46.09,,,,,,,,,,False,,2026-08-12,6.0,,0,False,"Pranik Logistics (2024-10): peaked +47%, +5% in 60d after its breakout | Benchmark Computer Solutions (2023-12): peaked +35%, -40% in 60d after its breakout | Aeron Composite (2024-09): peaked +62%, -11% in 60d after its breakout","Score 82/100 — structure 28/35, base 20/20, liquidity 10/15, institutions 11/15, lock-in 5/5, LM 3/5, momentum 5/5 • Reclaimed the pivot on session 1 and holds above — trend intact; manage, don't add • Tight base — held within 6.7% of listing close (the −10% cutoff was the grid-search optimum) • QIB 24x — decent institutional interest • ₹4.7cr/day turnover ≈ 7.5% of free float changing hands daily — crowded/manipulable, careful • Lead manager Turnaround Corporate Advisors Pvt.Ltd.: 50% of 4 issues above issue today, LM score 64/100 • Listed +19% — the historical sweet-spot band"
Q-Line Biotech Ltd.,SME,QLINE,NSE,INE1G2W01011,2026-05-29,RIDE,RIDE,81,512.0,474.6,-7.3,123.94,71.75,3.4058655,-7.29,59,5.0,49.27,,,,,,Hem Securities Ltd.,2026-06-25,2026-08-24,https://www.screener.in/company/QLINE/,https://www.tradingview.com/chart/?symbol=NSE%3AQLINE,0.86,1234.0,67.51,,,,,,,,,,False,,2026-06-05,53.0,,0,False,"Nisus Finance Services Co.Ltd. (2024-12): peaked +217%, +47% in 60d after its breakout | Vilas Transcore (2024-06): peaked +358%, +93% in 60d after its breakout | Danish Power (2024-10): peaked +246%, +20% in 60d after its breakout","Score 81/100 — structure 28/35, base 20/20, liquidity 10/15, institutions 15/15, lock-in 0/5, LM 5/5, momentum 3/5 • Reclaimed the pivot on session 5 and holds above — trend intact; manage, don't add • Tight base — held within 7.3% of listing close (the −10% cutoff was the grid-search optimum) • QIB 124x — heavy institutional sponsorship (biggest historical tails came from this group) • ₹3.4cr/day turnover ≈ 0.9% of free float changing hands daily — healthy churn • ⚠ Anchor 90-day lock-in expires 2026-08-24 (4d) — historical median drift −2.4% into expiry; no fresh entries • Lead manager Hem Securities Ltd.: 62% of 68 issues above issue today, LM score 72/100"
Signatureglobal (India) Ltd.,Mainboard,SIGNATURE,NSE,INE903U01023,2023-09-27,RIDE,RIDE,80,801.0,474.0,-40.8,13.37,7.47,18.13094051125,-2.56,713,2.0,108.05,,,,,,ICICI Securities Ltd.,2023-10-27,2023-12-26,https://www.screener.in/company/SIGNATURE/,https://www.tradingview.com/chart/?symbol=NSE%3ASIGNATURE,0.52,11304.0,69.54,,,,,,,,,,False,2023-11-21,2023-10-06,706.0,2026-07-15,6,False,"SAMHI Hotels (2023-09): peaked +102%, +15% in 60d after its breakout | Vikran Engineering (2025-09): peaked +22%, -8% in 60d after its breakout | Sai Silks (Kalamandir) (2023-09): peaked +41%, +11% in 60d after its breakout","Score 80/100 — structure 28/35, base 20/20, liquidity 15/15, institutions 6/15, lock-in 5/5, LM 3/5, momentum 3/5 • Reclaimed the pivot on session 2 and holds above — trend intact; manage, don't add • Tight base — held within 2.6% of listing close (the −10% cutoff was the grid-search optimum) • QIB 13x — thin institutional book (score-penalised, not disqualifying: stops manage the risk) • ₹18.1cr/day turnover ≈ 0.5% of free float changing hands daily — sleepy float • Lead manager ICICI Securities Ltd.: 63% of 38 issues above issue today, LM score 64/100"
Z-Tech (India) Ltd.,SME,ZTECH,NSE,INE0ISZ01012,2024-06-05,RIDE,RIDE,80,502.6,105.0,-79.1,123.1,258.22,1.201811175,5.0,547,1.0,356.91,,,,,,Narnolia Financial Services Ltd.,2024-07-03,2024-09-01,https://www.screener.in/company/ZTECH/,https://www.tradingview.com/chart/?symbol=NSE%3AZTECH,0.34,737.0,53.54,,,,,,,,,,False,2024-06-21,2024-06-06,545.0,2026-08-14,11,True,"Shree OSFM E-Mobility (2023-12): peaked +231%, +67% in 60d after its breakout | Esprit Stones (2024-08): peaked +83%, -6% in 60d after its breakout | Siyaram Recycling Industries (2023-12): peaked +300%, +19% in 60d after its breakout","Score 80/100 — structure 28/35, base 20/20, liquidity 6/15, institutions 15/15, lock-in 5/5, LM 3/5, momentum 3/5 • Reclaimed the pivot on session 1 and holds above — trend intact; manage, don't add • Tight base — held within 5.0% of listing close (the −10% cutoff was the grid-search optimum) • QIB 123x — heavy institutional sponsorship (biggest historical tails came from this group) • ₹1.2cr/day turnover ≈ 0.3% of free float changing hands daily — sleepy float • 🔥 Volume thrust (≥5× avg) within the last 5 sessions (2026-08-14) — the institutional footprint that preceded most historical winners • Lead manager Narnolia Financial Services Ltd.: 47% of 30 issues above issue today, LM score 57/100"
Zinka Logistics Solutions Ltd.,Mainboard,BLACKBUCK,NSE,INE0UIZ01018,2024-11-22,RIDE,RIDE,80,631.05,285.9,-54.7,2.72,1.34,36.3165893375,-4.5,431,6.0,131.15,,,,,,Axis Capital Ltd.,2024-12-19,2025-02-17,https://www.screener.in/company/BLACKBUCK/,https://www.tradingview.com/chart/?symbol=NSE%3ABLACKBUCK,0.46,10386.0,25.0,,,,,,,,,,False,2025-04-23,2024-12-02,424.0,2026-08-19,10,True,"TVS Supply Chain Solutions (2023-08): peaked +31%, -6% in 60d after its breakout | BlueStone Jewellery & Lifestyle (2025-08): peaked +79%, -1% in 60d after its breakout | Yatra Online (2023-09): peaked +42%, +8% in 60d after its breakout","Score 80/100 — structure 28/35, base 20/20, liquidity 15/15, institutions 2/15, lock-in 5/5, LM 5/5, momentum 5/5 • Reclaimed the pivot on session 6 and holds above — trend intact; manage, don't add • Tight base — held within 4.5% of listing close (the −10% cutoff was the grid-search optimum) • QIB 3x — thin institutional book (score-penalised, not disqualifying: stops manage the risk) • ₹36.3cr/day turnover ≈ 0.5% of free float changing hands daily — sleepy float • 🔥 Volume thrust (≥5× avg) within the last 5 sessions (2026-08-19) — the institutional footprint that preceded most historical winners • Lead manager Axis Capital Ltd.: 82% of 22 issues above issue today, LM score 81/100"
Tata Capital Ltd.,Mainboard,TATACAP,NSE,INE976I01016,2025-10-13,RIDE,RIDE,80,366.15,333.0,-9.1,3.42,1.65,84.333514146,-4.66,211,3.0,12.32,,,,,,Kotak Mahindra Capital Co.Ltd.,2025-11-07,2026-01-06,https://www.screener.in/company/TATACAP/,https://www.tradingview.com/chart/?symbol=NSE%3ATATACAP,0.37,152455.0,85.41,,,,,,,,,,False,2025-12-23,2026-06-15,47.0,2026-07-29,4,False,"NTPC Green Energy (2024-11): peaked +44%, -17% in 60d after its breakout | Afcons Infrastructure (2024-11): peaked +23%, -4% in 60d after its breakout | Swiggy (2024-11): peaked +58%, -25% in 60d after its breakout","Score 80/100 — structure 28/35, base 20/20, liquidity 15/15, institutions 2/15, lock-in 5/5, LM 5/5, momentum 5/5 • Reclaimed the pivot on session 3 and holds above — trend intact; manage, don't add • Tight base — held within 4.7% of listing close (the −10% cutoff was the grid-search optimum) • QIB 3x — thin institutional book (score-penalised, not disqualifying: stops manage the risk) • ₹84.3cr/day turnover ≈ 0.4% of free float changing hands daily — sleepy float • Lead manager Kotak Mahindra Capital Co.Ltd.: 74% of 27 issues above issue today, LM score 73/100"
KRM Ayurveda Ltd.,SME,KRMAYURVED,NSE,INE1MTV01019,2026-01-29,RIDE,RIDE,80,289.15,180.7,-37.5,63.31,52.19,2.4949645,-13.59,138,7.0,114.19,,,,,,NEXGEN Financial Solutions Pvt.Ltd.,2026-02-21,2026-04-22,https://www.screener.in/company/KRMAYURVED/,https://www.tradingview.com/chart/?symbol=NSE%3AKRMAYURVED,1.31,599.0,69.15,,,,,,,,,,False,2026-08-10,2026-04-01,96.0,2026-08-10,1,False,"Osel Devices (2024-09): peaked +422%, +47% in 60d after its breakout | SD Retail (2024-09): peaked +64%, +9% in 60d after its breakout | S J Logistics (India) (2023-12): peaked +480%, +51% in 60d after its breakout","Score 80/100 — structure 28/35, base 14/20, liquidity 10/15, institutions 15/15, lock-in 5/5, LM 3/5, momentum 5/5 • Reclaimed the pivot on session 7 and holds above — trend intact; manage, don't add • Base gave up -13.6% vs listing close — looser than the −10% ideal; demands a smaller position • QIB 63x — heavy institutional sponsorship (biggest historical tails came from this group) • ₹2.5cr/day turnover ≈ 1.3% of free float changing hands daily — healthy churn • Lead manager NEXGEN Financial Solutions Pvt.Ltd.: 50% of 4 issues above issue today, LM score 60/100"
Bai Kakaji Polymers Ltd.,SME,BAIKAKAJI,BSE,INE1IJQ01026,2025-12-31,RIDE,RIDE,79,268.2,192.0,-28.4,7.88,4.46,2.87517765,-6.99,156,9.0,44.19,,,,,,Hem Securities Ltd.,2026-01-29,2026-03-30,https://www.screener.in/company/544670/,https://www.tradingview.com/chart/?symbol=BSE%3A544670,2.24,487.0,74.07,,,,,,,,,,False,2026-03-27,2026-07-29,16.0,2026-07-31,4,False,"Clear Secured Services (2025-12): peaked +23%, -7% in 60d after its breakout | OBSC Perfection (2024-10): peaked +821%, +65% in 60d after its breakout | Pajson Agro India (2025-12): peaked +116%, +32% in 60d after its breakout","Score 79/100 — structure 28/35, base 20/20, liquidity 10/15, institutions 6/15, lock-in 5/5, LM 5/5, momentum 5/5 • Reclaimed the pivot on session 9 and holds above — trend intact; manage, don't add • Tight base — held within 7.0% of listing close (the −10% cutoff was the grid-search optimum) • QIB 8x — thin institutional book (score-penalised, not disqualifying: stops manage the risk) • ₹2.9cr/day turnover ≈ 2.2% of free float changing hands daily — healthy churn • Lead manager Hem Securities Ltd.: 62% of 68 issues above issue today, LM score 72/100"
S J Logistics (India) Ltd.,SME,SJLOGISTIC,NSE,INE0F3301020,2023-12-19,RIDE,RIDE,78,337.45,183.75,-45.5,116.16,219.84,1.718272625,-14.23,658,12.0,169.96,,,,,,Hem Securities Ltd.,2024-01-14,2024-03-14,https://www.screener.in/company/SJLOGISTIC/,https://www.tradingview.com/chart/?symbol=NSE%3ASJLOGISTIC,0.7,499.0,50.81,,,,,,,,,,False,2024-07-31,2024-01-05,645.0,2026-05-29,10,False,"Beacon Trusteeship (2024-06): peaked +152%, +9% in 60d after its breakout | Vilas Transcore (2024-06): peaked +358%, +93% in 60d after its breakout | Shiv Texchem (2024-10): peaked +151%, +11% in 60d after its breakout","Score 78/100 — structure 28/35, base 14/20, liquidity 6/15, institutions 15/15, lock-in 5/5, LM 5/5, momentum 5/5 • Reclaimed the pivot on session 12 and holds above — trend intact; manage, don't add • Base gave up -14.2% vs listing close — looser than the −10% ideal; demands a smaller position • QIB 116x — heavy institutional sponsorship (biggest historical tails came from this group) • ₹1.7cr/day turnover ≈ 0.7% of free float changing hands daily — sleepy float • Lead manager Hem Securities Ltd.: 62% of 68 issues above issue today, LM score 72/100"
Thaai Casting Ltd.,SME,TCL,NSE,INE0QJL01014,2024-02-23,RIDE,RIDE,78,142.9,115.3,-19.3,144.43,260.08,0.8764431428571429,0.83,14,1.0,85.58,,,,,,GYR Capital Advisors Pvt.Ltd.,2024-03-21,2024-05-20,https://www.screener.in/company/TCL/,https://www.tradingview.com/chart/?symbol=NSE%3ATCL,0.71,327.0,60.41,,,,,,,,,,False,2026-08-13,2026-07-31,12.0,2026-08-13,1,True,"Supreme Power Equipment (2023-12): peaked +546%, +18% in 60d after its breakout | ROX Hi-Tech (2023-11): peaked +151%, -7% in 60d after its breakout | Aimtron Electronics (2024-06): peaked +1006%, +77% in 60d after its breakout","Score 78/100 — structure 28/35, base 20/20, liquidity 0/15, institutions 15/15, lock-in 5/5, LM 5/5, momentum 5/5 • Reclaimed the pivot on session 1 and holds above — trend intact; manage, don't add • Tight base — held within 0.8% of listing close (the −10% cutoff was the grid-search optimum) • QIB 144x — heavy institutional sponsorship (biggest historical tails came from this group) • ₹0.9cr/day turnover ≈ 0.7% of free float changing hands daily — sleepy float • 🔥 Volume thrust (≥5× avg) within the last 5 sessions (2026-08-13) — the institutional footprint that preceded most historical winners • Lead manager GYR Capital Advisors Pvt.Ltd.: 57% of 49 issues above issue today, LM score 72/100"
Aimtron Electronics Ltd.,SME,AIMTRON,NSE,INE0RUV01018,2024-06-06,RIDE,RIDE,78,1681.6,253.05,-85.0,69.93,69.43,8.8779727,5.0,546,1.0,944.47,,,,,,Hem Securities Ltd.,2024-07-04,2024-09-02,https://www.screener.in/company/AIMTRON/,https://www.tradingview.com/chart/?symbol=NSE%3AAIMTRON,0.95,3465.0,70.9,ASM Long-Term Stage I,,,2026-08-12,2026-11-10,"NSE ASM Long-Term list, 20-Aug-2026",100% margin on all positions. Trading otherwise normal.,3-month move now +48% (cooled); 5-session move +2%,Exit when 3-month high-low / concentration criteria no longer met on quarterly review,False,2024-11-08,2024-06-07,544.0,2026-08-04,5,False,"Danish Power (2024-10): peaked +246%, +20% in 60d after its breakout | ROX Hi-Tech (2023-11): peaked +151%, -7% in 60d after its breakout | Supreme Power Equipment (2023-12): peaked +546%, +18% in 60d after its breakout","Score 78/100 — structure 28/35, base 20/20, liquidity 15/15, institutions 15/15, lock-in 5/5, LM 5/5, momentum 5/5 • Reclaimed the pivot on session 1 and holds above — trend intact; manage, don't add • Tight base — held within 5.0% of listing close (the −10% cutoff was the grid-search optimum) • QIB 70x — heavy institutional sponsorship (biggest historical tails came from this group) • ₹8.9cr/day turnover ≈ 0.9% of free float changing hands daily — healthy churn • 🚧 UNDER SURVEILLANCE: ASM Long-Term Stage I — price band capped, 100% margin, liquidity dries (historical band-lock episodes: −5.8% median over next 60 sessions, 41% win) • Lead manager Hem Securities Ltd.: 62% of 68 issues above issue today, LM score 72/100"
Dr.Agarwal's Health Care Ltd.,Mainboard,AGARWALEYE,NSE,INE943P01029,2025-02-04,RIDE,RIDE,78,503.1,412.9,-17.9,4.41,1.39,134.52665950425,-8.95,380,6.0,25.15,,,,,,Kotak Mahindra Capital Co.Ltd.,2025-03-02,2025-05-01,https://www.screener.in/company/AGARWALEYE/,https://www.tradingview.com/chart/?symbol=NSE%3AAGARWALEYE,1.25,15915.0,32.34,,,,,,,,,,False,2025-05-30,2026-04-01,96.0,2026-08-12,11,False,"Sagility India (2024-11): peaked +93%, +34% in 60d after its breakout | Aegis Vopak Terminals (2025-06): peaked +33%, -3% in 60d after its breakout | Shadowfax Technologies (2026-01): peaked +117%, +52% in 60d after its breakout","Score 78/100 — structure 28/35, base 20/20, liquidity 15/15, institutions 2/15, lock-in 5/5, LM 5/5, momentum 3/5 • Reclaimed the pivot on session 6 and holds above — trend intact; manage, don't add • Tight base — held within 8.9% of listing close (the −10% cutoff was the grid-search optimum) • QIB 4x — thin institutional book (score-penalised, not disqualifying: stops manage the risk) • ₹134.5cr/day turnover ≈ 1.2% of free float changing hands daily — healthy churn • Lead manager Kotak Mahindra Capital Co.Ltd.: 74% of 27 issues above issue today, LM score 73/100"
Smartworks Coworking Spaces Ltd.,Mainboard,SMARTWORKS,NSE,INE0NAZ01010,2025-07-17,RIDE,RIDE,78,511.3,469.25,-8.2,24.92,10.03,4.9379994825,-11.76,270,22.0,25.63,,,,,,JM Financial Ltd.,2025-08-13,2025-10-12,https://www.screener.in/company/SMARTWORKS/,https://www.tradingview.com/chart/?symbol=NSE%3ASMARTWORKS,0.21,5815.0,58.33,,,,,,,,,,False,2026-02-06,2026-07-31,14.0,2026-07-22,3,False,"Nephrocare Health Services (2025-12): peaked +67%, +10% in 60d after its breakout | Indiqube Spaces (2025-07): peaked +3%, -1% in 60d after its breakout | IRM Energy (2023-10): peaked +27%, +14% in 60d after its breakout","Score 78/100 — structure 28/35, base 14/20, liquidity 10/15, institutions 11/15, lock-in 5/5, LM 5/5, momentum 5/5 • Reclaimed the pivot on session 22 and holds above — trend intact; manage, don't add • Base gave up -11.8% vs listing close — looser than the −10% ideal; demands a smaller position • QIB 25x — decent institutional interest • ₹4.9cr/day turnover ≈ 0.2% of free float changing hands daily — sleepy float • Lead manager JM Financial Ltd.: 69% of 26 issues above issue today, LM score 71/100"
Epack Prefab Technologies Ltd.,Mainboard,EPACKPEB,NSE,INE0MLS01022,2025-10-01,RIDE,RIDE,78,232.9,197.7,-15.1,5.09,2.53,47.761961758000005,-5.95,218,7.0,14.17,,,,,,Monarch Networth Capital Ltd.,2025-10-28,2025-12-27,https://www.screener.in/company/EPACKPEB/,https://www.tradingview.com/chart/?symbol=NSE%3AEPACKPEB,5.3,2230.0,64.95,,,,,,,,,,False,2025-10-23,2026-06-03,55.0,2026-08-04,5,False,"Brigade Hotel Ventures (2025-07): peaked +2%, -13% in 60d after its breakout | Ivalue Infosolutions (2025-09): peaked +14%, -13% in 60d after its breakout | Yatra Online (2023-09): peaked +42%, +8% in 60d after its breakout","Score 78/100 — structure 28/35, base 20/20, liquidity 15/15, institutions 6/15, lock-in 5/5, LM 1/5, momentum 3/5 • Reclaimed the pivot on session 7 and holds above — trend intact; manage, don't add • Tight base — held within 6.0% of listing close (the −10% cutoff was the grid-search optimum) • QIB 5x — thin institutional book (score-penalised, not disqualifying: stops manage the risk) • ₹47.8cr/day turnover ≈ 5.3% of free float changing hands daily — crowded/manipulable, careful"
Rubicon Research Ltd.,Mainboard,RUBICON,NSE,INE506V01022,2025-10-16,RIDE,RIDE,78,1760.6,639.0,-63.7,137.09,60.38,67.89927528799998,-9.15,208,11.0,263.01,,,,,,Axis Capital Ltd.,2025-11-12,2026-01-11,https://www.screener.in/company/RUBICON/,https://www.tradingview.com/chart/?symbol=NSE%3ARUBICON,0.61,29795.0,59.76,ASM Long-Term Stage I,,,2026-08-19,2026-11-17,"NSE ASM Long-Term list, 20-Aug-2026",100% margin on all positions. Trading otherwise normal.,3-month move now +82% (still hot); 5-session move +9%,Exit when 3-month high-low / concentration criteria no longer met on quarterly review,False,2026-02-04,2025-12-18,164.0,2026-08-17,5,True,"Sri Lotus Developers & Realty (2025-08): peaked +46%, -12% in 60d after its breakout | Emcure Pharmaceuticals (2024-07): peaked +103%, -6% in 60d after its breakout | Bansal Wire Industries (2024-07): peaked +97%, +7% in 60d after its breakout","Score 78/100 — structure 28/35, base 20/20, liquidity 15/15, institutions 15/15, lock-in 5/5, LM 5/5, momentum 5/5 • Reclaimed the pivot on session 11 and holds above — trend intact; manage, don't add • Tight base — held within 9.2% of listing close (the −10% cutoff was the grid-search optimum) • QIB 137x — heavy institutional sponsorship (biggest historical tails came from this group) • ₹67.9cr/day turnover ≈ 0.6% of free float changing hands daily — sleepy float • 🔥 Volume thrust (≥5× avg) within the last 5 sessions (2026-08-17) — the institutional footprint that preceded most historical winners • 🚧 UNDER SURVEILLANCE: ASM Long-Term Stage I — price band capped, 100% margin, liquidity dries (historical band-lock episodes: −5.8% median over next 60 sessions, 41% win)"
Ratnaveer Precision Engineering Ltd.,Mainboard,RATNAVEER,NSE,INE05CZ01011,2023-09-11,RIDE,RIDE,77,269.24,129.35,-52.0,133.05,65.42,277.19303608135004,-15.11,724,22.0,174.73,,,,,,Unistone Capital Pvt.Ltd.,2023-10-07,2023-12-06,https://www.screener.in/company/RATNAVEER/,https://www.tradingview.com/chart/?symbol=NSE%3ARATNAVEER,33.38,1750.0,45.49,,,,,,,,,,True,2023-10-13,2025-05-12,317.0,2026-08-03,27,False,"Manba Finance (2024-09): peaked +66%, -9% in 60d after its breakout | Prostarm Info Systems (2025-06): peaked +141%, +75% in 60d after its breakout | Vraj Iron & Steel (2024-07): peaked +43%, +1% in 60d after its breakout","Score 77/100 — structure 28/35, base 6/20, liquidity 15/15, institutions 15/15, lock-in 5/5, LM 3/5, momentum 5/5 • Reclaimed the pivot on session 22 and holds above — trend intact; manage, don't add • Base gave up -15.1% vs listing close — looser than the −10% ideal; demands a smaller position • QIB 133x — heavy institutional sponsorship (biggest historical tails came from this group) • ₹277.2cr/day turnover ≈ 33.4% of free float changing hands daily — crowded/manipulable, careful • Lead manager Unistone Capital Pvt.Ltd.: 56% of 25 issues above issue today, LM score 60/100"
Lohia Corp Ltd.,Mainboard,LCL,NSE,INE0QJW01029,2026-07-30,RIDE,RIDE,77,539.85,508.65,-5.8,9.11,4.48,149.2370364475,-2.96,16,1.0,27.02,,,,,,Equirus Capital Ltd.,2026-08-26,2026-10-25,https://www.screener.in/company/LCL/,https://www.tradingview.com/chart/?symbol=NSE%3ALCL,8.86,5759.0,68.66,,,,,,,,,,False,,2026-08-12,6.0,,0,False,"SAMHI Hotels (2023-09): peaked +102%, +15% in 60d after its breakout | Signatureglobal (India) (2023-09): peaked +328%, +84% in 60d after its breakout | Sai Silks (Kalamandir) (2023-09): peaked +41%, +11% in 60d after its breakout","Score 77/100 — structure 28/35, base 20/20, liquidity 15/15, institutions 6/15, lock-in 0/5, LM 3/5, momentum 5/5 • Reclaimed the pivot on session 1 and holds above — trend intact; manage, don't add • Tight base — held within 3.0% of listing close (the −10% cutoff was the grid-search optimum) • QIB 9x — thin institutional book (score-penalised, not disqualifying: stops manage the risk) • ₹149.2cr/day turnover ≈ 8.9% of free float changing hands daily — crowded/manipulable, careful • ⚠ Anchor 30-day lock-in expires 2026-08-26 (6d) — historical median drift −2.4% into expiry; no fresh entries • Lead manager Equirus Capital Ltd.: 44% of 9 issues above issue today, LM score 50/100"
Kalyani Cast Tech Ltd.,SME,544023,BSE,INE0N6U01018,2023-11-17,RIDE,RIDE,76,933.65,277.3,-70.3,66.35,145.0,0.69132678,4.99,679,1.0,571.69,,,,,,Gretex Corporate Services Ltd.,2023-12-13,2024-02-11,https://www.screener.in/company/544023/,https://www.tradingview.com/chart/?symbol=BSE%3A544023,0.29,609.0,59.47,,,,,,,,,,False,2024-06-03,2023-11-20,677.0,2026-06-01,9,False,"AMIC Forging (2023-12): peaked +1533%, +177% in 60d after its breakout | Shri Balaji Valve Components (2024-01): peaked +244%, -26% in 60d after its breakout | GEM Enviro Management (2024-06): peaked +333%, +21% in 60d after its breakout","Score 76/100 — structure 28/35, base 20/20, liquidity 0/15, institutions 15/15, lock-in 5/5, LM 3/5, momentum 5/5 • Reclaimed the pivot on session 1 and holds above — trend intact; manage, don't add • Tight base — held within 5.0% of listing close (the −10% cutoff was the grid-search optimum) • QIB 66x — heavy institutional sponsorship (biggest historical tails came from this group) • ₹0.7cr/day turnover ≈ 0.3% of free float changing hands daily — sleepy float • Lead manager Gretex Corporate Services Ltd.: 41% of 22 issues above issue today, LM score 48/100"
Trident Techlabs Ltd.,SME,TECHLABS,NSE,INE0QD201012,2023-12-29,RIDE,RIDE,76,118.0,103.05,-12.7,117.91,537.61,0.1775435625,-4.9,650,1.0,237.14,,,,,,GYR Capital Advisors Pvt.Ltd.,2024-01-26,2024-03-26,https://www.screener.in/company/TECHLABS/,https://www.tradingview.com/chart/?symbol=NSE%3ATECHLABS,0.26,206.0,68.0,,,,,,,,,,False,2024-05-02,2024-01-01,648.0,2026-06-05,10,False,"HOAC Foods India (2024-05): peaked +1629%, -15% in 60d after its breakout | Refractory Shapes (2024-05): peaked +813%, +144% in 60d after its breakout | Energy-Mission Machineries (India) (2024-05): peaked +321%, -13% in 60d after its breakout","Score 76/100 — structure 28/35, base 20/20, liquidity 0/15, institutions 15/15, lock-in 5/5, LM 5/5, momentum 3/5 • Reclaimed the pivot on session 1 and holds above — trend intact; manage, don't add • Tight base — held within 4.9% of listing close (the −10% cutoff was the grid-search optimum) • QIB 118x — heavy institutional sponsorship (biggest historical tails came from this group) • ₹0.2cr/day turnover ≈ 0.3% of free float changing hands daily — sleepy float • Lead manager GYR Capital Advisors Pvt.Ltd.: 57% of 49 issues above issue today, LM score 72/100"
New Swan Multitech Ltd.,SME,SWANAGRO,BSE,INE0GEN01012,2024-01-18,RIDE,RIDE,76,43.1,40.5,-6.0,110.69,267.25,0.0230434,-2.9,10,1.0,-34.7,,,,,,Hem Securities Ltd.,2024-02-15,2024-04-15,https://www.screener.in/company/544082/,https://www.tradingview.com/chart/?symbol=BSE%3A544082,0.11,83.7,74.6,,,,,,,,,,False,,2026-08-03,8.0,,0,False,"Kalana Ispat (2024-09): peaked -17%, -11% in 60d after its breakout | Saj Hotels (2024-10): peaked +33%, +29% in 60d after its breakout | 3C IT Solutions & Telecoms (India) (2024-06): peaked +0%, -22% in 60d after its breakout","Score 76/100 — structure 28/35, base 20/20, liquidity 0/15, institutions 15/15, lock-in 5/5, LM 5/5, momentum 3/5 • Reclaimed the pivot on session 1 and holds above — trend intact; manage, don't add • Tight base — held within 2.9% of listing close (the −10% cutoff was the grid-search optimum) • QIB 111x — heavy institutional sponsorship (biggest historical tails came from this group) • ₹0.0cr/day turnover ≈ 0.1% of free float changing hands daily — sleepy float • Lead manager Hem Securities Ltd.: 62% of 68 issues above issue today, LM score 72/100 • Discount listing (-40%) — historically the worst cohort"
Fonebox Retail Ltd.,SME,FONEBOX,NSE,INE0Q4701019,2024-02-02,RIDE,RIDE,76,99.65,85.0,-14.7,138.69,454.61,0.0352676923076923,1.18,13,1.0,42.36,,,,,,Beeline Capital Advisors Pvt.Ltd.,2024-03-01,2024-04-30,https://www.screener.in/company/FONEBOX/,https://www.tradingview.com/chart/?symbol=NSE%3AFONEBOX,0.14,101.0,73.41,,,,,,,,,,True,,2026-07-31,11.0,,0,False,"Siyaram Recycling Industries (2023-12): peaked +300%, +19% in 60d after its breakout | Picturepost Studios (2024-08): peaked +90%, -1% in 60d after its breakout | Macobs Technologies (2024-07): peaked +232%, +32% in 60d after its breakout","Score 76/100 — structure 28/35, base 20/20, liquidity 0/15, institutions 15/15, lock-in 5/5, LM 3/5, momentum 5/5 • Reclaimed the pivot on session 1 and holds above — trend intact; manage, don't add • Tight base — held within 1.2% of listing close (the −10% cutoff was the grid-search optimum) • QIB 139x — heavy institutional sponsorship (biggest historical tails came from this group) • ₹0.0cr/day turnover ≈ 0.1% of free float changing hands daily — sleepy float • Lead manager Beeline Capital Advisors Pvt.Ltd.: 53% of 57 issues above issue today, LM score 58/100 • Listed +19% — the historical sweet-spot band"
Harshdeep Hortico Ltd.,SME,HARSHDEEP,BSE,INE0OLZ01015,2024-02-05,RIDE,RIDE,76,81.57,81.0,-0.7,213.53,73.66,0.1647400714285714,-1.38,14,1.0,81.27,,,,,,Hem Securities Ltd.,2024-03-02,2024-05-01,https://www.screener.in/company/544105/,https://www.tradingview.com/chart/?symbol=BSE%3A544105,0.47,137.0,72.96,,,,,,,,,,False,,2026-08-12,4.0,,0,False,"V.L.Infraprojects (2024-07): peaked +236%, -37% in 60d after its breakout | Rajputana Biodiesel (2024-12): peaked +195%, -13% in 60d after its breakout | Trom Industries (2024-08): peaked +188%, -4% in 60d after its breakout","Score 76/100 — structure 28/35, base 20/20, liquidity 0/15, institutions 15/15, lock-in 5/5, LM 5/5, momentum 3/5 • Reclaimed the pivot on session 1 and holds above — trend intact; manage, don't add • Tight base — held within 1.4% of listing close (the −10% cutoff was the grid-search optimum) • QIB 214x — heavy institutional sponsorship (biggest historical tails came from this group) • ₹0.2cr/day turnover ≈ 0.5% of free float changing hands daily — sleepy float • Lead manager Hem Securities Ltd.: 62% of 68 issues above issue today, LM score 72/100 • Mega-pop (+80%) — day-1 buyers are extended; base needs extra proof"
Creative Graphics Solutions India Ltd.,SME,CGRAPHICS,NSE,INE0R7401011,2024-04-09,RIDE,RIDE,76,138.1,131.4,-4.9,98.79,140.47,0.6191353684210527,-1.83,19,3.0,62.47,,,,,,Corporate Capitalventures Pvt.Ltd.,2024-05-05,2024-07-04,https://www.screener.in/company/CGRAPHICS/,https://www.tradingview.com/chart/?symbol=NSE%3ACGRAPHICS,0.56,336.0,68.07,,,,,,,,,,False,2026-08-07,2026-07-30,15.0,2026-08-07,1,False,"Supreme Power Equipment (2023-12): peaked +546%, +18% in 60d after its breakout | ROX Hi-Tech (2023-11): peaked +151%, -7% in 60d after its breakout | Aimtron Electronics (2024-06): peaked +1006%, +77% in 60d after its breakout","Score 76/100 — structure 28/35, base 20/20, liquidity 0/15, institutions 15/15, lock-in 5/5, LM 5/5, momentum 3/5 • Reclaimed the pivot on session 3 and holds above — trend intact; manage, don't add • Tight base — held within 1.8% of listing close (the −10% cutoff was the grid-search optimum) • QIB 99x — heavy institutional sponsorship (biggest historical tails came from this group) • ₹0.6cr/day turnover ≈ 0.6% of free float changing hands daily — sleepy float • Lead manager Corporate Capitalventures Pvt.Ltd.: 73% of 11 issues above issue today, LM score 83/100 • Mega-pop (+53%) — day-1 buyers are extended; base needs extra proof"
Vilas Transcore Ltd.,SME,VILAS,NSE,INE0AZY01017,2024-06-03,RIDE,RIDE,76,352.05,225.75,-35.9,114.64,145.87,0.6669091875,-9.72,549,3.0,139.49,,,,,,Hem Securities Ltd.,2024-06-29,2024-08-28,https://www.screener.in/company/VILAS/,https://www.tradingview.com/chart/?symbol=NSE%3AVILAS,0.28,869.0,73.14,,,,,,,,,,False,2025-05-22,2024-06-06,545.0,2026-05-12,4,False,"Shiv Texchem (2024-10): peaked +151%, +11% in 60d after its breakout | S J Logistics (India) (2023-12): peaked +480%, +51% in 60d after its breakout | Supreme Power Equipment (2023-12): peaked +546%, +18% in 60d after its breakout","Score 76/100 — structure 28/35, base 20/20, liquidity 0/15, institutions 15/15, lock-in 5/5, LM 5/5, momentum 3/5 • Reclaimed the pivot on session 3 and holds above — trend intact; manage, don't add • Tight base — held within 9.7% of listing close (the −10% cutoff was the grid-search optimum) • QIB 115x — heavy institutional sponsorship (biggest historical tails came from this group) • ₹0.7cr/day turnover ≈ 0.3% of free float changing hands daily — sleepy float • Lead manager Hem Securities Ltd.: 62% of 68 issues above issue today, LM score 72/100"
Sagility India Ltd.,Mainboard,SAGILITY,NSE,INE0W2G01015,2024-11-12,RIDE,RIDE,76,42.64,32.87,-22.9,3.52,2.2,115.40871785914996,-7.84,437,9.0,42.13,,,,,,ICICI Securities Ltd.,2024-12-08,2025-02-06,https://www.screener.in/company/SAGILITY/,https://www.tradingview.com/chart/?symbol=NSE%3ASAGILITY,1.15,19863.0,50.95,,,,,,,,,,False,2025-05-28,2024-11-27,427.0,2026-03-04,9,False,"Dr.Agarwal's Health Care (2025-02): peaked +41%, -7% in 60d after its breakout | Niva Bupa Health Insurance Co.Ltd. (2024-11): peaked +48%, -10% in 60d after its breakout | Aegis Vopak Terminals (2025-06): peaked +33%, -3% in 60d after its breakout","Score 76/100 — structure 28/35, base 20/20, liquidity 15/15, institutions 2/15, lock-in 5/5, LM 3/5, momentum 3/5 • Reclaimed the pivot on session 9 and holds above — trend intact; manage, don't add • Tight base — held within 7.8% of listing close (the −10% cutoff was the grid-search optimum) • QIB 4x — thin institutional book (score-penalised, not disqualifying: stops manage the risk) • ₹115.4cr/day turnover ≈ 1.1% of free float changing hands daily — healthy churn • Lead manager ICICI Securities Ltd.: 63% of 38 issues above issue today, LM score 64/100"
Niva Bupa Health Insurance Co.Ltd.,Mainboard,NIVABUPA,NSE,INE995S01015,2024-11-14,RIDE,RIDE,76,82.88,81.0,-2.3,2.17,1.5,14.365402671150004,-6.5,435,11.0,12.0,,,,,,ICICI Securities Ltd.,2024-12-12,2025-02-10,https://www.screener.in/company/NIVABUPA/,https://www.tradingview.com/chart/?symbol=NSE%3ANIVABUPA,0.2,15282.0,55.3,,,,,,,,,,False,2025-04-23,2026-05-19,65.0,2026-07-31,14,False,"Sagility India (2024-11): peaked +93%, +34% in 60d after its breakout | Aegis Vopak Terminals (2025-06): peaked +33%, -3% in 60d after its breakout | Zinka Logistics Solutions (2024-11): peaked +174%, +30% in 60d after its breakout","Score 76/100 — structure 28/35, base 20/20, liquidity 15/15, institutions 2/15, lock-in 5/5, LM 3/5, momentum 3/5 • Reclaimed the pivot on session 11 and holds above — trend intact; manage, don't add • Tight base — held within 6.5% of listing close (the −10% cutoff was the grid-search optimum) • QIB 2x — thin institutional book (score-penalised, not disqualifying: stops manage the risk) • ₹14.4cr/day turnover ≈ 0.2% of free float changing hands daily — sleepy float • Lead manager ICICI Securities Ltd.: 63% of 38 issues above issue today, LM score 64/100"
Aegis Vopak Terminals Ltd.,Mainboard,AEGISVOPAK,NSE,INE0INX01018,2025-06-02,RIDE,RIDE,76,266.6,242.0,-9.2,3.47,1.66,33.36098695100001,-5.94,303,1.0,13.45,,,,,,ICICI Securities Ltd.,2025-06-27,2025-08-26,https://www.screener.in/company/AEGISVOPAK/,https://www.tradingview.com/chart/?symbol=NSE%3AAEGISVOPAK,0.8,29844.0,86.94,,,,,,,,,,False,2025-12-01,2026-07-03,34.0,2026-07-07,8,False,"Dr.Agarwal's Health Care (2025-02): peaked +41%, -7% in 60d after its breakout | Sagility India (2024-11): peaked +93%, +34% in 60d after its breakout | BlueStone Jewellery & Lifestyle (2025-08): peaked +79%, -1% in 60d after its breakout","Score 76/100 — structure 28/35, base 20/20, liquidity 15/15, institutions 2/15, lock-in 5/5, LM 3/5, momentum 3/5 • Reclaimed the pivot on session 1 and holds above — trend intact; manage, don't add • Tight base — held within 5.9% of listing close (the −10% cutoff was the grid-search optimum) • QIB 3x — thin institutional book (score-penalised, not disqualifying: stops manage the risk) • ₹33.4cr/day turnover ≈ 0.8% of free float changing hands daily — sleepy float • Lead manager ICICI Securities Ltd.: 63% of 38 issues above issue today, LM score 64/100"
Powerica Ltd.,Mainboard,POWERICA,NSE,INE921L01032,2026-04-02,RIDE,RIDE,76,533.9,397.0,-25.6,4.74,1.38,10.67329601675,-1.32,96,3.0,35.16,,,,,,ICICI Securities Ltd.,2026-04-28,2026-06-27,https://www.screener.in/company/POWERICA/,https://www.tradingview.com/chart/?symbol=NSE%3APOWERICA,0.68,7106.0,77.18,,,,,,,,,,False,,2026-04-10,90.0,,0,False,"BlueStone Jewellery & Lifestyle (2025-08): peaked +79%, -1% in 60d after its breakout | Zinka Logistics Solutions (2024-11): peaked +174%, +30% in 60d after its breakout | Epack Prefab Technologies (2025-10): peaked +69%, +33% in 60d after its breakout","Score 76/100 — structure 28/35, base 20/20, liquidity 15/15, institutions 2/15, lock-in 5/5, LM 3/5, momentum 3/5 • Reclaimed the pivot on session 3 and holds above — trend intact; manage, don't add • Tight base — held within 1.3% of listing close (the −10% cutoff was the grid-search optimum) • QIB 5x — thin institutional book (score-penalised, not disqualifying: stops manage the risk) • ₹10.7cr/day turnover ≈ 0.7% of free float changing hands daily — sleepy float • Lead manager ICICI Securities Ltd.: 63% of 38 issues above issue today, LM score 64/100"
Sai Parenteral's Ltd.,Mainboard,SAIPARENT,NSE,INE0H9F01037,2026-04-02,RIDE,RIDE,76,543.4,416.0,-23.4,1.73,1.08,7.162294668249999,-0.3,96,3.0,38.62,,,,,,Arihant Capital Markets Ltd.,2026-04-28,2026-06-27,https://www.screener.in/company/SAIPARENT/,https://www.tradingview.com/chart/?symbol=NSE%3ASAIPARENT,0.6,2437.0,51.16,,,,,,,,,,False,2026-06-01,2026-04-08,92.0,2026-07-02,3,False,"Fabtech Technologies (2025-10): peaked +38%, +0% in 60d after its breakout | Manoj Vaibhav Gems 'N' Jewellers (2023-10): peaked +78%, +45% in 60d after its breakout | TVS Supply Chain Solutions (2023-08): peaked +31%, -6% in 60d after its breakout","Score 76/100 — structure 28/35, base 20/20, liquidity 15/15, institutions 2/15, lock-in 5/5, LM 3/5, momentum 3/5 • Reclaimed the pivot on session 3 and holds above — trend intact; manage, don't add • Tight base — held within 0.3% of listing close (the −10% cutoff was the grid-search optimum) • QIB 2x — thin institutional book (score-penalised, not disqualifying: stops manage the risk) • ₹7.2cr/day turnover ≈ 0.6% of free float changing hands daily — sleepy float • Lead manager Arihant Capital Markets Ltd.: 50% of 6 issues above issue today, LM score 63/100"
Waterways Leisure Tourism Ltd.,Mainboard,CORDELIA,NSE,INE0LZF01013,2026-07-01,RIDE,RIDE,76,907.75,722.7,-20.4,0.72,1.4,27.019064016,1.78,37,1.0,12.35,,,,,,Centrum Broking Ltd.,2026-07-28,2026-09-26,https://www.screener.in/company/CORDELIA/,https://www.tradingview.com/chart/?symbol=NSE%3ACORDELIA,4.21,5962.0,89.35,,,,,,,,,,True,2026-08-17,2026-07-02,35.0,2026-08-17,1,True,"KSH International (2025-12): peaked +176%, +31% in 60d after its breakout | TVS Supply Chain Solutions (2023-08): peaked +31%, -6% in 60d after its breakout | Yatra Online (2023-09): peaked +42%, +8% in 60d after its breakout","Score 76/100 — structure 28/35, base 20/20, liquidity 15/15, institutions 2/15, lock-in 5/5, LM 1/5, momentum 5/5 • Reclaimed the pivot on session 1 and holds above — trend intact; manage, don't add • Tight base — held within 1.8% of listing close (the −10% cutoff was the grid-search optimum) • QIB 1x — thin institutional book (score-penalised, not disqualifying: stops manage the risk) • ₹27.0cr/day turnover ≈ 4.2% of free float changing hands daily — crowded/manipulable, careful • 🔥 Volume thrust (≥5× avg) within the last 5 sessions (2026-08-17) — the institutional footprint that preceded most historical winners • Discount listing (-16%) — historically the worst cohort"
Adon Agro Commodities Ltd.,SME,ADON,BSE,INE1SME01017,2026-07-06,RIDE,RIDE,76,87.2,82.16,-5.8,22.47,1.34,1.4029784,-8.41,34,5.0,24.57,,,,,,Galactico Corporate Services Ltd.,,,https://www.screener.in/company/544809/,https://www.tradingview.com/chart/?symbol=BSE%3A544809,2.07,196.0,65.44,,,,,,,,,,False,,2026-08-14,4.0,,0,False,"Shanti Spintex (2023-12): peaked +38%, -28% in 60d after its breakout | Exim Routes (2025-12): peaked +220%, +12% in 60d after its breakout | Avi Ansh Textile (2024-09): peaked +99%, +48% in 60d after its breakout","Score 76/100 — structure 28/35, base 20/20, liquidity 6/15, institutions 11/15, lock-in 5/5, LM 1/5, momentum 5/5 • Reclaimed the pivot on session 5 and holds above — trend intact; manage, don't add • Tight base — held within 8.4% of listing close (the −10% cutoff was the grid-search optimum) • QIB 22x — decent institutional interest • ₹1.4cr/day turnover ≈ 2.1% of free float changing hands daily — healthy churn • Lead manager Galactico Corporate Services Ltd.: 33% of 3 issues above issue today, LM score 30/100 • Listed +12% — the historical sweet-spot band"
E Factor Experiences Ltd.,SME,EFACTOR,NSE,INE0KFF01017,2023-10-09,RIDE,RIDE,74,205.0,176.0,-14.1,46.09,51.27,0.168307294117647,-8.52,17,5.0,173.33,,,,,,Hem Securities Ltd.,2023-11-05,2024-01-04,https://www.screener.in/company/EFACTOR/,https://www.tradingview.com/chart/?symbol=NSE%3AEFACTOR,0.23,262.0,69.56,,,,,,,,,,False,,2026-08-04,11.0,,0,False,"Rockingdeals Circular Economy (2023-11): peaked +391%, +18% in 60d after its breakout | TBI Corn (2024-06): peaked +325%, +8% in 60d after its breakout | Refractory Shapes (2024-05): peaked +813%, +144% in 60d after its breakout","Score 74/100 — structure 28/35, base 20/20, liquidity 0/15, institutions 11/15, lock-in 5/5, LM 5/5, momentum 5/5 • Reclaimed the pivot on session 5 and holds above — trend intact; manage, don't add • Tight base — held within 8.5% of listing close (the −10% cutoff was the grid-search optimum) • QIB 46x — decent institutional interest • ₹0.2cr/day turnover ≈ 0.2% of free float changing hands daily — sleepy float • Lead manager Hem Securities Ltd.: 62% of 68 issues above issue today, LM score 72/100 • Mega-pop (+133%) — day-1 buyers are extended; base needs extra proof"
Accent Microcell Ltd.,SME,ACCENTMIC,NSE,INE0Q5D01013,2023-12-15,RIDE,RIDE,74,598.3,315.0,-47.4,118.48,249.48,2.789201875,-17.81,660,13.0,327.36,,,,,,Corporate Capitalventures Pvt.Ltd.,2024-01-12,2024-03-12,https://www.screener.in/company/ACCENTMIC/,https://www.tradingview.com/chart/?symbol=NSE%3AACCENTMIC,0.46,1410.0,53.02,,,,,,,,,,True,2024-03-14,2025-11-27,179.0,2026-07-20,12,False,"Namo eWaste Management (2024-09): peaked +276%, +15% in 60d after its breakout | Ganesh Infraworld (2024-12): peaked +237%, -12% in 60d after its breakout | Jay Bee Laminations (2024-09): peaked +212%, +39% in 60d after its breakout","Score 74/100 — structure 28/35, base 6/20, liquidity 10/15, institutions 15/15, lock-in 5/5, LM 5/5, momentum 5/5 • Reclaimed the pivot on session 13 and holds above — trend intact; manage, don't add • Base gave up -17.8% vs listing close — looser than the −10% ideal; demands a smaller position • QIB 118x — heavy institutional sponsorship (biggest historical tails came from this group) • ₹2.8cr/day turnover ≈ 0.5% of free float changing hands daily — sleepy float • Lead manager Corporate Capitalventures Pvt.Ltd.: 73% of 11 issues above issue today, LM score 83/100"
Pratham EPC Projects Ltd.,SME,PRATHAM,NSE,INE0QA601016,2024-03-18,RIDE,RIDE,74,118.0,114.0,-3.4,70.28,123.8,0.0848435,0.0,16,1.0,57.33,,,,,,Beeline Capital Advisors Pvt.Ltd.,2024-04-13,2024-06-12,https://www.screener.in/company/PRATHAM/,https://www.tradingview.com/chart/?symbol=NSE%3APRATHAM,0.13,219.0,71.16,,,,,,,,,,False,2026-08-17,2026-07-31,14.0,2026-08-17,1,True,"Supreme Power Equipment (2023-12): peaked +546%, +18% in 60d after its breakout | ROX Hi-Tech (2023-11): peaked +151%, -7% in 60d after its breakout | Techera Engineering (India) (2024-10): peaked +297%, +43% in 60d after its breakout","Score 74/100 — structure 28/35, base 20/20, liquidity 0/15, institutions 15/15, lock-in 5/5, LM 3/5, momentum 3/5 • Reclaimed the pivot on session 1 and holds above — trend intact; manage, don't add • Tight base — held within 0.0% of listing close (the −10% cutoff was the grid-search optimum) • QIB 70x — heavy institutional sponsorship (biggest historical tails came from this group) • ₹0.1cr/day turnover ≈ 0.1% of free float changing hands daily — sleepy float • 🔥 Volume thrust (≥5× avg) within the last 5 sessions (2026-08-17) — the institutional footprint that preceded most historical winners • Lead manager Beeline Capital Advisors Pvt.Ltd.: 53% of 57 issues above issue today, LM score 58/100"
Macobs Technologies Ltd.,SME,MACOBSTECH,NSE,INE0R0J01010,2024-07-24,RIDE,RIDE,74,200.8,100.8,-49.8,88.92,164.61,0.6216418,-6.5,457,1.0,167.73,,,,,,SKI Capital Services Ltd.,2024-08-21,2024-10-20,https://www.screener.in/company/MACOBSTECH/,https://www.tradingview.com/chart/?symbol=NSE%3AMACOBSTECH,0.56,203.0,47.78,,,,,,,,,,False,2024-09-20,2024-08-07,446.0,2026-08-03,18,False,"Defrail Technologies (2026-01): peaked +65%, -18% in 60d after its breakout | Manoj Ceramic (2024-01): peaked +268%, +37% in 60d after its breakout | Sattrix Information Security (2024-06): peaked +273%, +11% in 60d after its breakout","Score 74/100 — structure 28/35, base 20/20, liquidity 0/15, institutions 15/15, lock-in 5/5, LM 3/5, momentum 3/5 • Reclaimed the pivot on session 1 and holds above — trend intact; manage, don't add • Tight base — held within 6.5% of listing close (the −10% cutoff was the grid-search optimum) • QIB 89x — heavy institutional sponsorship (biggest historical tails came from this group) • ₹0.6cr/day turnover ≈ 0.6% of free float changing hands daily — sleepy float • Lead manager SKI Capital Services Ltd.: 40% of 5 issues above issue today, LM score 56/100"
Shubhshree Biofuels Energy Ltd.,SME,SHUBHSHREE,NSE,INE0UL701015,2024-09-16,RIDE,RIDE,74,349.75,198.45,-43.3,31.32,90.52,0.08031225,0.78,425,1.0,193.91,,,,,,Hem Securities Ltd.,2024-10-12,2024-12-11,https://www.screener.in/company/SHUBHSHREE/,https://www.tradingview.com/chart/?symbol=NSE%3ASHUBHSHREE,0.17,172.0,73.58,,,,,,,,,,False,2025-02-13,2024-09-17,423.0,2026-05-27,10,False,"Techera Engineering (India) (2024-10): peaked +297%, +43% in 60d after its breakout | Neelam Linens & Garments (India) (2024-11): peaked +210%, -24% in 60d after its breakout | Travels & Rentals (2024-09): peaked +295%, +73% in 60d after its breakout","Score 74/100 — structure 28/35, base 20/20, liquidity 0/15, institutions 11/15, lock-in 5/5, LM 5/5, momentum 5/5 • Reclaimed the pivot on session 1 and holds above — trend intact; manage, don't add • Tight base — held within 0.8% of listing close (the −10% cutoff was the grid-search optimum) • QIB 31x — decent institutional interest • ₹0.1cr/day turnover ≈ 0.2% of free float changing hands daily — sleepy float • Lead manager Hem Securities Ltd.: 62% of 68 issues above issue today, LM score 72/100"
Pelatro Ltd.,SME,PELATRO,NSE,INE0VG601013,2024-09-24,RIDE,RIDE,74,358.8,288.75,-19.5,15.22,15.96,0.29007735,-8.92,454,1.0,79.4,,,,,,Cumulative Capital Pvt.Ltd.,,,https://www.screener.in/company/PELATRO/,https://www.tradingview.com/chart/?symbol=NSE%3APELATRO,0.19,304.0,52.62,,,,,,,,,,False,2024-11-04,2026-08-19,1.0,2026-08-20,16,True,"Transteel Seating Technologies (2023-11): peaked +141%, -5% in 60d after its breakout | Exim Routes (2025-12): peaked +220%, +12% in 60d after its breakout | HRS Aluglaze (2025-12): peaked +205%, +90% in 60d after its breakout","Score 74/100 — structure 28/35, base 20/20, liquidity 0/15, institutions 11/15, lock-in 5/5, LM 5/5, momentum 5/5 • Reclaimed the pivot on session 1 and holds above — trend intact; manage, don't add • Tight base — held within 8.9% of listing close (the −10% cutoff was the grid-search optimum) • QIB 15x — decent institutional interest • ₹0.3cr/day turnover ≈ 0.2% of free float changing hands daily — sleepy float • 🔥 Volume thrust (≥5× avg) within the last 5 sessions (2026-08-20) — the institutional footprint that preceded most historical winners • Lead manager Cumulative Capital Pvt.Ltd.: 75% of 8 issues above issue today, LM score 80/100"
Aditya Infotech Ltd.,Mainboard,CPPLUS,NSE,INE819V01029,2025-08-05,RIDE,RIDE,74,3468.6,1104.0,-68.2,140.5,58.82,87.168358239,-5.23,257,2.0,413.87,,,,,,ICICI Securities Ltd.,2025-08-30,2025-10-29,https://www.screener.in/company/CPPLUS/,https://www.tradingview.com/chart/?symbol=NSE%3ACPPLUS,0.82,39545.0,74.71,ASM Long-Term Stage I,,,2026-07-11,2026-10-09,"NSE ASM Long-Term list, 20-Aug-2026",100% margin on all positions. Trading otherwise normal.,3-month move now +44% (cooled); 5-session move -6%,Exit when 3-month high-low / concentration criteria no longer met on quarterly review,False,2025-11-07,2025-08-19,247.0,2026-06-01,5,False,"TBO Tek (2024-05): peaked +118%, +12% in 60d after its breakout | Le Travenues Technology (2024-06): peaked +265%, -16% in 60d after its breakout | Urban Co.Ltd. (2025-09): peaked +95%, -34% in 60d after its breakout","Score 74/100 — structure 28/35, base 20/20, liquidity 15/15, institutions 15/15, lock-in 5/5, LM 3/5, momentum 3/5 • Reclaimed the pivot on session 2 and holds above — trend intact; manage, don't add • Tight base — held within 5.2% of listing close (the −10% cutoff was the grid-search optimum) • QIB 140x — heavy institutional sponsorship (biggest historical tails came from this group) • ₹87.2cr/day turnover ≈ 0.8% of free float changing hands daily — healthy churn • 🚧 UNDER SURVEILLANCE: ASM Long-Term Stage I — price band capped, 100% margin, liquidity dries (historical band-lock episodes: −5.8% median over next 60 sessions, 41% win) • Lead manager ICICI Securities Ltd.: 63% of 38 issues above issue today, LM score 64/100"
HRS Aluglaze Ltd.,SME,HRS,BSE,INE1E1V01017,2025-12-18,RIDE,RIDE,74,250.1,132.3,-47.1,19.48,35.49,0.5141414,3.97,164,1.0,160.52,,,,,,Cumulative Capital Pvt.Ltd.,2026-01-13,2026-03-14,https://www.screener.in/company/544656/,https://www.tradingview.com/chart/?symbol=BSE%3A544656,0.39,482.0,72.49,,,,,,,,,,False,2026-06-24,2025-12-19,162.0,2026-07-28,3,False,"Mason Infratech (2024-07): peaked +244%, +54% in 60d after its breakout | Exim Routes (2025-12): peaked +220%, +12% in 60d after its breakout | OBSC Perfection (2024-10): peaked +821%, +65% in 60d after its breakout","Score 74/100 — structure 28/35, base 20/20, liquidity 0/15, institutions 11/15, lock-in 5/5, LM 5/5, momentum 5/5 • Reclaimed the pivot on session 1 and holds above — trend intact; manage, don't add • Tight base — held within 4.0% of listing close (the −10% cutoff was the grid-search optimum) • QIB 19x — decent institutional interest • ₹0.5cr/day turnover ≈ 0.4% of free float changing hands daily — sleepy float • Lead manager Cumulative Capital Pvt.Ltd.: 75% of 8 issues above issue today, LM score 80/100"
Central Mine Planning & Design Institute Ltd.,Mainboard,CMPDI,NSE,INE05HV01027,2026-03-30,RIDE,RIDE,74,234.49,168.7,-28.1,3.48,1.03,38.795054657650006,-2.53,98,8.0,36.33,,,,,,IDBI Capital Markets & Securities Ltd.,2026-04-23,2026-06-22,https://www.screener.in/company/CMPDI/,https://www.tradingview.com/chart/?symbol=NSE%3ACMPDI,1.48,16788.0,85.0,,,,,,,,,,False,2026-04-17,2026-04-13,89.0,2026-04-17,1,False,"Zinka Logistics Solutions (2024-11): peaked +174%, +30% in 60d after its breakout | Aegis Vopak Terminals (2025-06): peaked +33%, -3% in 60d after its breakout | BlueStone Jewellery & Lifestyle (2025-08): peaked +79%, -1% in 60d after its breakout","Score 74/100 — structure 28/35, base 20/20, liquidity 15/15, institutions 2/15, lock-in 5/5, LM 1/5, momentum 3/5 • Reclaimed the pivot on session 8 and holds above — trend intact; manage, don't add • Tight base — held within 2.5% of listing close (the −10% cutoff was the grid-search optimum) • QIB 3x — thin institutional book (score-penalised, not disqualifying: stops manage the risk) • ₹38.8cr/day turnover ≈ 1.5% of free float changing hands daily — healthy churn"
Speciality Medicines Ltd.,SME,SPML,BSE,INE0R0M01014,2026-03-30,RIDE,RIDE,74,157.25,129.5,-17.6,96.24,1.35,0.14429475,-3.81,93,4.0,26.81,,,,,,Unistone Capital Pvt.Ltd.,,,https://www.screener.in/company/544738/,https://www.tradingview.com/chart/?symbol=BSE%3A544738,0.18,145.0,43.43,,,,,,,,,,False,2026-05-29,2026-04-07,88.0,2026-08-11,2,False,"Esprit Stones (2024-08): peaked +83%, -6% in 60d after its breakout | Z-Tech (India) (2024-06): peaked +565%, +222% in 60d after its breakout | Baba Food Processing (India) (2023-11): peaked +6%, -18% in 60d after its breakout","Score 74/100 — structure 28/35, base 20/20, liquidity 0/15, institutions 15/15, lock-in 5/5, LM 3/5, momentum 3/5 • Reclaimed the pivot on session 4 and holds above — trend intact; manage, don't add • Tight base — held within 3.8% of listing close (the −10% cutoff was the grid-search optimum) • QIB 96x — heavy institutional sponsorship (biggest historical tails came from this group) • ₹0.1cr/day turnover ≈ 0.2% of free float changing hands daily — sleepy float • Lead manager Unistone Capital Pvt.Ltd.: 56% of 25 issues above issue today, LM score 60/100"
Khazanchi Jewellers Ltd.,SME,KHAZANCHI,BSE,INE0OWC01011,2023-08-07,RIDE,RIDE,73,808.95,684.9,-15.3,,1.22,2.629233305555556,-0.67,18,1.0,477.82,,,,,,Mark Corporate Advisors Pvt.Ltd.,,,https://www.screener.in/company/543953/,https://www.tradingview.com/chart/?symbol=BSE%3A543953,0.56,1961.0,74.51,,,,,,,,,,True,,2026-07-29,16.0,,0,False,"Kay Cee Energy & Infra (2024-01): peaked +686%, -22% in 60d after its breakout | Winsol Engineers (2024-05): peaked +689%, -10% in 60d after its breakout | GP Eco Solutions India (2024-06): peaked +556%, -34% in 60d after its breakout","Score 73/100 — structure 28/35, base 20/20, liquidity 10/15, institutions 2/15, lock-in 5/5, LM 3/5, momentum 5/5 • Reclaimed the pivot on session 1 and holds above — trend intact; manage, don't add • Tight base — held within 0.7% of listing close (the −10% cutoff was the grid-search optimum) • ₹2.6cr/day turnover ≈ 0.6% of free float changing hands daily — sleepy float • Lead manager Mark Corporate Advisors Pvt.Ltd.: 33% of 6 issues above issue today, LM score 41/100 • Mega-pop (+379%) — day-1 buyers are extended; base needs extra proof"
Oneindig Technologies Ltd.,SME,ONEINDIG,BSE,INE0UR501013,2026-08-06,RIDE,RIDE,73,136.32,126.0,-7.6,1.05,1.51,2.7571392,2.39,11,1.0,42.0,,,,,,Share India Capital Services Pvt.Ltd.,2026-09-03,2026-11-02,https://www.screener.in/company/544852/,https://www.tradingview.com/chart/?symbol=BSE%3A544852,3.03,163.0,37.8,,,,,,,,,,False,,2026-08-07,9.0,,0,False,"B.A.G.Convergence (2025-10): peaked +60%, +10% in 60d after its breakout | Game Changers Texfab (2025-11): peaked +59%, +16% in 60d after its breakout | Mahamaya Lifesciences (2025-11): peaked +80%, +13% in 60d after its breakout","Score 73/100 — structure 28/35, base 20/20, liquidity 10/15, institutions 2/15, lock-in 5/5, LM 5/5, momentum 3/5 • Reclaimed the pivot on session 1 and holds above — trend intact; manage, don't add • Tight base — held within 2.4% of listing close (the −10% cutoff was the grid-search optimum) • QIB 1x — thin institutional book (score-penalised, not disqualifying: stops manage the risk) • ₹2.8cr/day turnover ≈ 3.0% of free float changing hands daily — healthy churn • Lead manager Share India Capital Services Pvt.Ltd.: 62% of 16 issues above issue today, LM score 84/100 • Listed +25% — the historical sweet-spot band"
ACME Solar Holdings Ltd.,Mainboard,ACMESOLAR,NSE,INE622W01025,2024-11-13,RIDE,RIDE,72,397.4,276.1,-30.5,3.72,2.04,81.62542070174999,-11.5,436,9.0,37.51,,,,,,Nuvama Wealth Management Ltd.,2024-12-11,2025-02-09,https://www.screener.in/company/ACMESOLAR/,https://www.tradingview.com/chart/?symbol=NSE%3AACMESOLAR,1.08,25780.0,71.4,,,,,,,,,,False,2025-07-07,2026-05-19,65.0,2026-08-20,9,True,"Shadowfax Technologies (2026-01): peaked +117%, +52% in 60d after its breakout | Dr.Agarwal's Health Care (2025-02): peaked +41%, -7% in 60d after its breakout | Sagility India (2024-11): peaked +93%, +34% in 60d after its breakout","Score 72/100 — structure 28/35, base 14/20, liquidity 15/15, institutions 2/15, lock-in 5/5, LM 3/5, momentum 5/5 • Reclaimed the pivot on session 9 and holds above — trend intact; manage, don't add • Base gave up -11.5% vs listing close — looser than the −10% ideal; demands a smaller position • QIB 4x — thin institutional book (score-penalised, not disqualifying: stops manage the risk) • ₹81.6cr/day turnover ≈ 1.1% of free float changing hands daily — healthy churn • 🔥 Volume thrust (≥5× avg) within the last 5 sessions (2026-08-20) — the institutional footprint that preceded most historical winners • Lead manager Nuvama Wealth Management Ltd.: 50% of 10 issues above issue today, LM score 45/100"
Jayesh Logistics Ltd.,SME,JAYESH,NSE,INE1AE401014,2025-11-03,RIDE,RIDE,72,137.5,121.95,-11.3,40.86,49.32,0.58504125,-9.72,172,12.0,12.7,,,,,,Indcap Advisors Pvt.Ltd.,2025-11-29,2026-01-28,https://www.screener.in/company/JAYESH/,https://www.tradingview.com/chart/?symbol=NSE%3AJAYESH,1.69,126.0,71.22,,,,,,,,,,False,2026-06-24,2025-11-20,159.0,2026-08-19,3,True,"Sheetal Universal (2023-12): peaked +387%, -22% in 60d after its breakout | Karnika Industries (2023-10): peaked +1180%, +28% in 60d after its breakout | Onyx Biotec (2024-11): peaked +60%, -4% in 60d after its breakout","Score 72/100 — structure 28/35, base 20/20, liquidity 0/15, institutions 11/15, lock-in 5/5, LM 5/5, momentum 3/5 • Reclaimed the pivot on session 12 and holds above — trend intact; manage, don't add • Tight base — held within 9.7% of listing close (the −10% cutoff was the grid-search optimum) • QIB 41x — decent institutional interest • ₹0.6cr/day turnover ≈ 1.7% of free float changing hands daily — healthy churn • 🔥 Volume thrust (≥5× avg) within the last 5 sessions (2026-08-19) — the institutional footprint that preceded most historical winners • Lead manager Indcap Advisors Pvt.Ltd.: 67% of 3 issues above issue today, LM score 73/100"
Aequs Ltd.,Mainboard,AEQUS,NSE,INE947N01017,2025-12-10,RIDE,RIDE,72,260.09,157.0,-39.6,122.93,57.41,82.44051758205,-12.66,171,5.0,109.75,,,,,,JM Financial Ltd.,2026-01-06,2026-03-07,https://www.screener.in/company/AEQUS/,https://www.tradingview.com/chart/?symbol=NSE%3AAEQUS,1.23,16738.0,59.09,ASM Long-Term Stage I,,,2026-07-11,2026-10-09,"NSE ASM Long-Term list, 20-Aug-2026",100% margin on all positions. Trading otherwise normal.,3-month move now +21% (cooled); 5-session move +3%,Exit when 3-month high-low / concentration criteria no longer met on quarterly review,False,2026-04-10,2026-04-16,87.0,2026-07-08,4,False,"Sri Lotus Developers & Realty (2025-08): peaked +46%, -12% in 60d after its breakout | Awfis Space Solutions (2024-05): peaked +147%, +69% in 60d after its breakout | Innova Captab (2023-12): peaked +181%, -19% in 60d after its breakout","Score 72/100 — structure 28/35, base 14/20, liquidity 15/15, institutions 15/15, lock-in 5/5, LM 5/5, momentum 5/5 • Reclaimed the pivot on session 5 and holds above — trend intact; manage, don't add • Base gave up -12.7% vs listing close — looser than the −10% ideal; demands a smaller position • QIB 123x — heavy institutional sponsorship (biggest historical tails came from this group) • ₹82.4cr/day turnover ≈ 1.2% of free float changing hands daily — healthy churn • 🚧 UNDER SURVEILLANCE: ASM Long-Term Stage I — price band capped, 100% margin, liquidity dries (historical band-lock episodes: −5.8% median over next 60 sessions, 41% win) • Lead manager JM Financial Ltd.: 69% of 26 issues above issue today, LM score 71/100"
Rajputana Stainless Ltd.,Mainboard,RSL,NSE,INE313L01016,2026-03-19,RIDE,RIDE,72,165.55,122.1,-26.2,2.51,1.06,12.6487707193,-10.02,104,10.0,35.7,,,,,,Nirbhay Capital Services Pvt.Ltd.,,,https://www.screener.in/company/RSL/,https://www.tradingview.com/chart/?symbol=NSE%3ARSL,2.29,1378.0,57.09,,,,,,,,,,False,2026-08-03,2026-04-07,93.0,2026-08-13,2,True,"Fabtech Technologies (2025-10): peaked +38%, +0% in 60d after its breakout | Manoj Vaibhav Gems 'N' Jewellers (2023-10): peaked +78%, +45% in 60d after its breakout | Ivalue Infosolutions (2025-09): peaked +14%, -13% in 60d after its breakout","Score 72/100 — structure 28/35, base 14/20, liquidity 15/15, institutions 2/15, lock-in 5/5, LM 3/5, momentum 5/5 • Reclaimed the pivot on session 10 and holds above — trend intact; manage, don't add • Base gave up -10.0% vs listing close — looser than the −10% ideal; demands a smaller position • QIB 3x — thin institutional book (score-penalised, not disqualifying: stops manage the risk) • ₹12.6cr/day turnover ≈ 2.3% of free float changing hands daily — healthy churn • 🔥 Volume thrust (≥5× avg) within the last 5 sessions (2026-08-13) — the institutional footprint that preceded most historical winners • Lead manager Nirbhay Capital Services Pvt.Ltd.: 40% of 5 issues above issue today, LM score 45/100"
Bio Medica Laboratories Ltd.,SME,BMLL,NSE,INE1BKA01015,2026-05-29,RIDE,RIDE,72,155.0,116.75,-24.7,15.94,2.23,1.083583,-12.35,58,5.0,11.51,,,,,,Narnolia Financial Services Ltd.,,,https://www.screener.in/company/BMLL/,https://www.tradingview.com/chart/?symbol=NSE%3ABMLL,1.74,185.0,67.7,,,,,,,,,,False,2026-07-03,2026-06-05,52.0,2026-07-03,1,False,"GRE Renew Enertech (2026-01): peaked +85%, +10% in 60d after its breakout | Clear Secured Services (2025-12): peaked +23%, -7% in 60d after its breakout | Onyx Biotec (2024-11): peaked +60%, -4% in 60d after its breakout","Score 72/100 — structure 28/35, base 14/20, liquidity 6/15, institutions 11/15, lock-in 5/5, LM 3/5, momentum 5/5 • Reclaimed the pivot on session 5 and holds above — trend intact; manage, don't add • Base gave up -12.3% vs listing close — looser than the −10% ideal; demands a smaller position • QIB 16x — decent institutional interest • ₹1.1cr/day turnover ≈ 1.7% of free float changing hands daily — healthy churn • Lead manager Narnolia Financial Services Ltd.: 47% of 30 issues above issue today, LM score 57/100"
RBZ Jewellers Ltd.,Mainboard,RBZJEWEL,NSE,INE0PEQ01016,2023-12-27,RIDE,RIDE,71,135.46,105.0,-22.5,13.43,13.58,1.1049966466999996,5.0,653,1.0,35.46,,,,,,Arihant Capital Markets Ltd.,2024-01-21,2024-03-21,https://www.screener.in/company/RBZJEWEL/,https://www.tradingview.com/chart/?symbol=NSE%3ARBZJEWEL,0.76,542.0,75.0,,,,,,,,,,False,2024-01-10,2026-04-01,96.0,2026-07-09,14,False,"Valiant Laboratories (2023-10): peaked +54%, -1% in 60d after its breakout | Advance Agrolife (2025-10): peaked +54%, +4% in 60d after its breakout | Pajson Agro India (2025-12): peaked +116%, +32% in 60d after its breakout","Score 71/100 — structure 28/35, base 20/20, liquidity 6/15, institutions 6/15, lock-in 5/5, LM 3/5, momentum 3/5 • Reclaimed the pivot on session 1 and holds above — trend intact; manage, don't add • Tight base — held within 5.0% of listing close (the −10% cutoff was the grid-search optimum) • QIB 13x — thin institutional book (score-penalised, not disqualifying: stops manage the risk) • ₹1.1cr/day turnover ≈ 0.8% of free float changing hands daily — sleepy float • Lead manager Arihant Capital Markets Ltd.: 50% of 6 issues above issue today, LM score 63/100"
Qualitek Labs Ltd.,SME,QLL,BSE,INE0Q1R01012,2024-01-29,RIDE,RIDE,71,445.0,440.0,-1.1,,58.37,0.1977405,-3.94,16,2.0,345.0,,,,,,Oneview Corporate Advisors Pvt.Ltd.,,,https://www.screener.in/company/544091/,https://www.tradingview.com/chart/?symbol=BSE%3A544091,0.09,499.0,56.46,,,,,,,,,,False,,2026-08-20,0.0,,0,False,"Kay Cee Energy & Infra (2024-01): peaked +686%, -22% in 60d after its breakout | GP Eco Solutions India (2024-06): peaked +556%, -34% in 60d after its breakout | Winsol Engineers (2024-05): peaked +689%, -10% in 60d after its breakout","Score 71/100 — structure 28/35, base 20/20, liquidity 0/15, institutions 8/15, lock-in 5/5, LM 5/5, momentum 5/5 • Reclaimed the pivot on session 2 and holds above — trend intact; manage, don't add • Tight base — held within 3.9% of listing close (the −10% cutoff was the grid-search optimum) • ₹0.2cr/day turnover ≈ 0.1% of free float changing hands daily — sleepy float • Lead manager Oneview Corporate Advisors Pvt.Ltd.: 67% of 6 issues above issue today, LM score 86/100 • Mega-pop (+329%) — day-1 buyers are extended; base needs extra proof"
Sattrix Information Security Ltd.,SME,SATTRIX,BSE,INE0QUV01010,2024-06-12,RIDE,RIDE,71,364.0,157.5,-56.7,,71.21,0.17115675,-9.87,510,6.0,200.83,,,,,,ISK Advisors Pvt.Ltd.,,,https://www.screener.in/company/544189/,https://www.tradingview.com/chart/?symbol=BSE%3A544189,0.17,386.0,74.96,,,,,,,,,,False,2024-09-04,2025-05-06,304.0,2026-07-14,13,False,"Sylvan Plyboard (India) (2024-07): peaked +153%, +36% in 60d after its breakout | Manoj Ceramic (2024-01): peaked +268%, +37% in 60d after its breakout | Avi Ansh Textile (2024-09): peaked +99%, +48% in 60d after its breakout","Score 71/100 — structure 28/35, base 20/20, liquidity 0/15, institutions 8/15, lock-in 5/5, LM 5/5, momentum 5/5 • Reclaimed the pivot on session 6 and holds above — trend intact; manage, don't add • Tight base — held within 9.9% of listing close (the −10% cutoff was the grid-search optimum) • ₹0.2cr/day turnover ≈ 0.2% of free float changing hands daily — sleepy float • Lead manager ISK Advisors Pvt.Ltd.: 80% of 5 issues above issue today, LM score 91/100"
Mahamaya Lifesciences Ltd.,SME,MAHALIFE,BSE,INE0U9D01019,2025-11-18,RIDE,RIDE,71,195.15,121.8,-37.6,1.19,1.48,1.0532715,-4.31,183,11.0,71.18,,,,,,Oneview Corporate Advisors Pvt.Ltd.,2025-12-13,2026-02-11,https://www.screener.in/company/544611/,https://www.tradingview.com/chart/?symbol=BSE%3A544611,0.55,443.0,56.35,,,,,,,,,,False,2025-12-16,2025-12-03,171.0,2026-08-19,4,True,"Game Changers Texfab (2025-11): peaked +59%, +16% in 60d after its breakout | Ashwini Container Movers (2025-12): peaked +55%, -6% in 60d after its breakout | B.A.G.Convergence (2025-10): peaked +60%, +10% in 60d after its breakout","Score 71/100 — structure 28/35, base 20/20, liquidity 6/15, institutions 2/15, lock-in 5/5, LM 5/5, momentum 5/5 • Reclaimed the pivot on session 11 and holds above — trend intact; manage, don't add • Tight base — held within 4.3% of listing close (the −10% cutoff was the grid-search optimum) • QIB 1x — thin institutional book (score-penalised, not disqualifying: stops manage the risk) • ₹1.1cr/day turnover ≈ 0.6% of free float changing hands daily — sleepy float • 🔥 Volume thrust (≥5× avg) within the last 5 sessions (2026-08-19) — the institutional footprint that preceded most historical winners • Lead manager Oneview Corporate Advisors Pvt.Ltd.: 67% of 6 issues above issue today, LM score 86/100"
Tipco Engineering India Ltd.,SME,TIPCO,BSE,INE1U6D01014,2026-04-01,RIDE,RIDE,71,204.8,90.0,-56.1,3.2,1.5,1.970472,-9.73,97,5.0,130.11,,,,,,Smart Horizon Capital Advisors Pvt.Ltd.,2026-04-26,2026-06-25,https://www.screener.in/company/544740/,https://www.tradingview.com/chart/?symbol=BSE%3A544740,1.21,368.0,57.79,,,,,,,,,,True,2026-05-05,2026-04-20,85.0,2026-08-20,5,True,"Ashwini Container Movers (2025-12): peaked +55%, -6% in 60d after its breakout | Flywings Simulator Training Centre (2025-12): peaked +30%, -12% in 60d after its breakout | Mahamaya Lifesciences (2025-11): peaked +80%, +13% in 60d after its breakout","Score 71/100 — structure 28/35, base 20/20, liquidity 6/15, institutions 2/15, lock-in 5/5, LM 5/5, momentum 5/5 • Reclaimed the pivot on session 5 and holds above — trend intact; manage, don't add • Tight base — held within 9.7% of listing close (the −10% cutoff was the grid-search optimum) • QIB 3x — thin institutional book (score-penalised, not disqualifying: stops manage the risk) • ₹2.0cr/day turnover ≈ 1.2% of free float changing hands daily — healthy churn • 🔥 Volume thrust (≥5× avg) within the last 5 sessions (2026-08-20) — the institutional footprint that preceded most historical winners • Lead manager Smart Horizon Capital Advisors Pvt.Ltd.: 74% of 27 issues above issue today, LM score 82/100"
Vegorama Punjabi Angithi Ltd.,SME,VPAL,BSE,INE1L3801017,2026-05-27,RIDE,RIDE,71,236.25,124.0,-47.5,26.46,24.92,1.0666444,-5.69,60,1.0,206.82,,,,,,Corporate Makers Capital Ltd.,2026-06-23,2026-08-22,https://www.screener.in/company/544765/,https://www.tradingview.com/chart/?symbol=BSE%3A544765,1.1,349.0,69.55,,,,,,,,,,True,,2026-06-03,55.0,,0,False,"Techera Engineering (India) (2024-10): peaked +297%, +43% in 60d after its breakout | Shubhshree Biofuels Energy (2024-09): peaked +316%, +57% in 60d after its breakout | Pelatro (2024-09): peaked +180%, +28% in 60d after its breakout","Score 71/100 — structure 28/35, base 20/20, liquidity 6/15, institutions 11/15, lock-in 0/5, LM 1/5, momentum 5/5 • Reclaimed the pivot on session 1 and holds above — trend intact; manage, don't add • Tight base — held within 5.7% of listing close (the −10% cutoff was the grid-search optimum) • QIB 26x — decent institutional interest • ₹1.1cr/day turnover ≈ 1.1% of free float changing hands daily — healthy churn • ⚠ Anchor 90-day lock-in expires 2026-08-22 (2d) — historical median drift −2.4% into expiry; no fresh entries • Lead manager Corporate Makers Capital Ltd.: 17% of 12 issues above issue today, LM score 28/100"
Honasa Consumer Ltd.,Mainboard,HONASA,NSE,INE0J5401028,2023-11-07,RIDE,RIDE,70,483.8,340.45,-29.6,11.5,4.65,102.439746172,-23.97,686,8.0,49.32,,,,,,Kotak Mahindra Capital Co.Ltd.,2023-12-06,2024-02-04,https://www.screener.in/company/HONASA/,https://www.tradingview.com/chart/?symbol=NSE%3AHONASA,1.01,15705.0,35.47,,,,,,,,,,False,2024-01-08,2026-04-10,90.0,2026-08-14,24,True,"Ventive Hospitality (2024-12): peaked +31%, -4% in 60d after its breakout | Hexaware Technologies (2025-02): peaked +27%, +0% in 60d after its breakout | Sai Silks (Kalamandir) (2023-09): peaked +41%, +11% in 60d after its breakout","Score 70/100 — structure 28/35, base 6/20, liquidity 15/15, institutions 6/15, lock-in 5/5, LM 5/5, momentum 5/5 • Reclaimed the pivot on session 8 and holds above — trend intact; manage, don't add • Base gave up -24.0% vs listing close — looser than the −10% ideal; demands a smaller position • QIB 12x — thin institutional book (score-penalised, not disqualifying: stops manage the risk) • ₹102.4cr/day turnover ≈ 1.0% of free float changing hands daily — healthy churn • 🔥 Volume thrust (≥5× avg) within the last 5 sessions (2026-08-14) — the institutional footprint that preceded most historical winners • Lead manager Kotak Mahindra Capital Co.Ltd.: 74% of 27 issues above issue today, LM score 73/100"
Accord Transformer & Switchgear Ltd.,SME,ACCORDTS,BSE,INE132201018,2026-03-02,RIDE,RIDE,70,60.65,52.5,-13.4,153.01,248.47,0.7623933,-14.29,116,1.0,31.85,,,,,,GYR Capital Advisors Pvt.Ltd.,2026-03-27,2026-05-26,https://www.screener.in/company/544710/,https://www.tradingview.com/chart/?symbol=BSE%3A544710,1.55,126.0,61.97,,,,,,,,,,False,2026-05-04,2026-07-27,18.0,2026-08-03,3,False,"Technichem Organics (2025-01): peaked +50%, -28% in 60d after its breakout | Baba Food Processing (India) (2023-11): peaked +6%, -18% in 60d after its breakout | Anya Polytech & Fertilizers (2025-01): peaked +108%, +16% in 60d after its breakout","Score 70/100 — structure 28/35, base 14/20, liquidity 0/15, institutions 15/15, lock-in 5/5, LM 5/5, momentum 3/5 • Reclaimed the pivot on session 1 and holds above — trend intact; manage, don't add • Base gave up -14.3% vs listing close — looser than the −10% ideal; demands a smaller position • QIB 153x — heavy institutional sponsorship (biggest historical tails came from this group) • ₹0.8cr/day turnover ≈ 1.6% of free float changing hands daily — healthy churn • Lead manager GYR Capital Advisors Pvt.Ltd.: 57% of 49 issues above issue today, LM score 72/100"
Sotefin Bharat Ltd.,SME,SOTEFIN,BSE,INE12Z301012,2026-07-23,RIDE,RIDE,70,249.35,215.25,-13.7,2.82,3.18,2.5521174,-8.43,21,15.0,33.34,,,,,,Choice Capital Advisors Pvt.Ltd.,2026-08-20,2026-10-19,https://www.screener.in/company/544832/,https://www.tradingview.com/chart/?symbol=BSE%3A544832,1.19,459.0,45.7,,,,,,,,,,False,,2026-08-13,5.0,,0,False,"Ashwini Container Movers (2025-12): peaked +55%, -6% in 60d after its breakout | B.A.G.Convergence (2025-10): peaked +60%, +10% in 60d after its breakout | Mahamaya Lifesciences (2025-11): peaked +80%, +13% in 60d after its breakout","Score 70/100 — structure 28/35, base 20/20, liquidity 10/15, institutions 2/15, lock-in 0/5, LM 5/5, momentum 5/5 • Reclaimed the pivot on session 15 and holds above — trend intact; manage, don't add • Tight base — held within 8.4% of listing close (the −10% cutoff was the grid-search optimum) • QIB 3x — thin institutional book (score-penalised, not disqualifying: stops manage the risk) • ₹2.6cr/day turnover ≈ 1.2% of free float changing hands daily — healthy churn • ⚠ Anchor 30-day lock-in expires 2026-08-20 (0d) — historical median drift −2.4% into expiry; no fresh entries • Lead manager Choice Capital Advisors Pvt.Ltd.: 73% of 11 issues above issue today, LM score 78/100"
Veefin Solutions Ltd.,SME,543931,BSE,INE0Q0M01015,2023-07-05,RIDE,RIDE,69,249.5,90.35,-63.8,,2.44,1.35844205,-5.64,41,1.0,204.27,,,,,,Shreni Shares Ltd.,,,https://www.screener.in/company/543931/,https://www.tradingview.com/chart/?symbol=BSE%3A543931,0.34,637.0,34.73,,,1-month high-low variation 153% (ST-ASM secondary criterion ≥75%),,,,,,,False,,2023-07-14,33.0,,0,False,"Avi Ansh Textile (2024-09): peaked +99%, +48% in 60d after its breakout | Shivam Chemicals (2024-04): peaked +196%, +7% in 60d after its breakout | Sheetal Universal (2023-12): peaked +387%, -22% in 60d after its breakout","Score 69/100 — structure 28/35, base 20/20, liquidity 6/15, institutions 2/15, lock-in 5/5, LM 3/5, momentum 5/5 • Reclaimed the pivot on session 1 and holds above — trend intact; manage, don't add • Tight base — held within 5.6% of listing close (the −10% cutoff was the grid-search optimum) • ₹1.4cr/day turnover ≈ 0.3% of free float changing hands daily — sleepy float • ⚠ 1-month high-low variation 153% (ST-ASM secondary criterion ≥75%) • Lead manager Shreni Shares Ltd.: 50% of 26 issues above issue today, LM score 55/100"
C P S Shapers Ltd.,SME,CPS,NSE,INE0QBU01012,2023-09-07,RIDE,RIDE,69,1122.0,1001.0,-10.8,,245.76,0.1499290909090909,-2.6,11,1.0,506.49,,,,,,Shreni Shares Ltd.,,,https://www.screener.in/company/CPS/,https://www.tradingview.com/chart/?symbol=NSE%3ACPS,0.17,246.0,64.88,,,,,,,,,,False,,2026-07-31,9.0,,0,False,"Winsol Engineers (2024-05): peaked +689%, -10% in 60d after its breakout | Kay Cee Energy & Infra (2024-01): peaked +686%, -22% in 60d after its breakout | GP Eco Solutions India (2024-06): peaked +556%, -34% in 60d after its breakout","Score 69/100 — structure 28/35, base 20/20, liquidity 0/15, institutions 8/15, lock-in 5/5, LM 3/5, momentum 5/5 • Reclaimed the pivot on session 1 and holds above — trend intact; manage, don't add • Tight base — held within 2.6% of listing close (the −10% cutoff was the grid-search optimum) • ₹0.1cr/day turnover ≈ 0.2% of free float changing hands daily — sleepy float • Lead manager Shreni Shares Ltd.: 50% of 26 issues above issue today, LM score 55/100 • Mega-pop (+438%) — day-1 buyers are extended; base needs extra proof"
Holmarc Opto-Mechatronics Ltd.,SME,HOLMARC,NSE,INE0LXA01019,2023-09-25,RIDE,RIDE,69,108.5,105.2,-3.0,,83.75,0.0454596428571428,-4.29,14,6.0,171.25,,,,,,Finshore Management Services Ltd.,,,https://www.screener.in/company/HOLMARC/,https://www.tradingview.com/chart/?symbol=NSE%3AHOLMARC,0.11,108.0,62.69,,,,,,,,,,False,,2026-08-06,7.0,,0,False,"Refractory Shapes (2024-05): peaked +813%, +144% in 60d after its breakout | Trident Techlabs (2023-12): peaked +4671%, +113% in 60d after its breakout | HOAC Foods India (2024-05): peaked +1629%, -15% in 60d after its breakout","Score 69/100 — structure 28/35, base 20/20, liquidity 0/15, institutions 8/15, lock-in 5/5, LM 3/5, momentum 5/5 • Reclaimed the pivot on session 6 and holds above — trend intact; manage, don't add • Tight base — held within 4.3% of listing close (the −10% cutoff was the grid-search optimum) • ₹0.0cr/day turnover ≈ 0.1% of free float changing hands daily — sleepy float • Lead manager Finshore Management Services Ltd.: 32% of 22 issues above issue today, LM score 45/100 • Mega-pop (+163%) — day-1 buyers are extended; base needs extra proof"
Sharp Chucks & Machines Ltd.,SME,SCML,NSE,INE460Q01014,2023-10-12,RIDE,RIDE,69,82.65,69.0,-16.5,,50.66,0.386795,0.08,665,2.0,42.5,,,,,,Fedex Securities Pvt.Ltd.,,,https://www.screener.in/company/SCML/,https://www.tradingview.com/chart/?symbol=NSE%3ASCML,1.22,102.0,68.25,,,,,,,,,,False,2023-12-12,2024-04-08,546.0,2026-07-31,20,False,"Marinetrans India (2023-12): peaked +98%, -3% in 60d after its breakout | Shanthala FMCG Products (2023-11): peaked +59%, -28% in 60d after its breakout | AIK Pipes & Polymers (2024-01): peaked +91%, +1% in 60d after its breakout","Score 69/100 — structure 28/35, base 20/20, liquidity 0/15, institutions 8/15, lock-in 5/5, LM 3/5, momentum 5/5 • Reclaimed the pivot on session 2 and holds above — trend intact; manage, don't add • Tight base — held within 0.1% of listing close (the −10% cutoff was the grid-search optimum) • ₹0.4cr/day turnover ≈ 1.2% of free float changing hands daily — healthy churn • Lead manager Fedex Securities Pvt.Ltd.: 43% of 23 issues above issue today, LM score 54/100"
Sheetal Universal Ltd.,SME,SHEETAL,NSE,INE04VX01019,2023-12-11,RIDE,RIDE,69,327.1,78.75,-75.9,,169.27,0.1584085,-9.81,664,10.0,367.29,,,,,,Beeline Capital Advisors Pvt.Ltd.,,,https://www.screener.in/company/SHEETAL/,https://www.tradingview.com/chart/?symbol=NSE%3ASHEETAL,0.13,371.0,65.32,,,,,,,,,,False,2024-08-26,2025-03-11,355.0,2026-08-04,4,False,"Karnika Industries (2023-10): peaked +1180%, +28% in 60d after its breakout | Avi Ansh Textile (2024-09): peaked +99%, +48% in 60d after its breakout | Jayesh Logistics (2025-11): peaked +64%, +15% in 60d after its breakout","Score 69/100 — structure 28/35, base 20/20, liquidity 0/15, institutions 8/15, lock-in 5/5, LM 3/5, momentum 5/5 • Reclaimed the pivot on session 10 and holds above — trend intact; manage, don't add • Tight base — held within 9.8% of listing close (the −10% cutoff was the grid-search optimum) • ₹0.2cr/day turnover ≈ 0.1% of free float changing hands daily — sleepy float • Lead manager Beeline Capital Advisors Pvt.Ltd.: 53% of 57 issues above issue today, LM score 58/100"
Euphoria Infotech (India) Ltd.,SME,EUPHORIAIT,BSE,INE0PYT01018,2024-01-30,RIDE,RIDE,69,30.45,26.1,-14.3,413.26,379.45,0.0099242181818181,9.38,11,1.0,-69.55,,,,,,Khandwala Securities Ltd.,,,https://www.screener.in/company/544094/,https://www.tradingview.com/chart/?symbol=BSE%3A544094,0.3,9.61,63.64,,,,,,,,,,False,,2026-08-03,9.0,,0,False,"Z-Tech (India) (2024-06): peaked +565%, +222% in 60d after its breakout | Baba Food Processing (India) (2023-11): peaked +6%, -18% in 60d after its breakout | NeoPolitan Pizza & Foods (2024-10): peaked +42%, -11% in 60d after its breakout","Score 69/100 — structure 28/35, base 20/20, liquidity 0/15, institutions 15/15, lock-in 5/5, LM 1/5, momentum 0/5 • Reclaimed the pivot on session 1 and holds above — trend intact; manage, don't add • Tight base — held within 9.4% of listing close (the −10% cutoff was the grid-search optimum) • QIB 413x — heavy institutional sponsorship (biggest historical tails came from this group) • ₹0.0cr/day turnover ≈ 0.3% of free float changing hands daily — sleepy float • Lead manager Khandwala Securities Ltd.: 20% of 10 issues above issue today, LM score 9/100 • Discount listing (-74%) — historically the worst cohort"
Esconet Technologies Ltd.,SME,ESCONET,NSE,INE0RQZ01017,2024-02-23,RIDE,RIDE,69,187.35,126.95,-32.2,156.02,351.76,1.678094375,-0.4,16,1.0,123.04,,,,,,Corporate Capitalventures Pvt.Ltd.,2024-03-22,2024-05-21,https://www.screener.in/company/ESCONET/,https://www.tradingview.com/chart/?symbol=NSE%3AESCONET,1.78,281.0,60.19,ASM Short-Term Stage I,,,2026-08-13,2026-08-20,"NSE ASM Short-Term list, 20-Aug-2026",50–100% additional margin for a SHORT window.,5-session move -3%,Auto-exit after the 5- or 15-day window unless re-triggered (e.g. another +25%/5-session burst),False,2026-08-11,2026-07-31,14.0,2026-08-11,1,False,"Supreme Power Equipment (2023-12): peaked +546%, +18% in 60d after its breakout | ROX Hi-Tech (2023-11): peaked +151%, -7% in 60d after its breakout | Beacon Trusteeship (2024-06): peaked +152%, +9% in 60d after its breakout","Score 69/100 — structure 28/35, base 20/20, liquidity 6/15, institutions 15/15, lock-in 5/5, LM 5/5, momentum 5/5 • Reclaimed the pivot on session 1 and holds above — trend intact; manage, don't add • Tight base — held within 0.4% of listing close (the −10% cutoff was the grid-search optimum) • QIB 156x — heavy institutional sponsorship (biggest historical tails came from this group) • ₹1.7cr/day turnover ≈ 1.8% of free float changing hands daily — healthy churn • 🚧 UNDER SURVEILLANCE: ASM Short-Term Stage I — price band capped, 100% margin, liquidity dries (historical band-lock episodes: −5.8% median over next 60 sessions, 41% win) • Lead manager Corporate Capitalventures Pvt.Ltd.: 73% of 11 issues above issue today, LM score 83/100"
Koura Fine Diamond Jewelry Ltd.,SME,KOURA,BSE,INE0M8R01011,2024-03-14,RIDE,RIDE,69,48.52,35.5,-26.8,,727.23,0.06002,2.11,15,1.0,-11.78,,,,,,GYR Capital Advisors Pvt.Ltd.,,,https://www.screener.in/company/544139/,https://www.tradingview.com/chart/?symbol=BSE%3A544139,0.62,24.4,61.81,,,,,,,,,,True,,2026-07-31,13.0,,0,False,"NeoPolitan Pizza & Foods (2024-10): peaked +42%, -11% in 60d after its breakout | GSM Foils (2024-05): peaked +818%, +108% in 60d after its breakout | Shree OSFM E-Mobility (2023-12): peaked +231%, +67% in 60d after its breakout","Score 69/100 — structure 28/35, base 20/20, liquidity 0/15, institutions 8/15, lock-in 5/5, LM 5/5, momentum 3/5 • Reclaimed the pivot on session 1 and holds above — trend intact; manage, don't add • Tight base — held within 2.1% of listing close (the −10% cutoff was the grid-search optimum) • ₹0.1cr/day turnover ≈ 0.6% of free float changing hands daily — sleepy float • Lead manager GYR Capital Advisors Pvt.Ltd.: 57% of 49 issues above issue today, LM score 72/100 • Discount listing (-35%) — historically the worst cohort"
Blue Pebble Ltd.,SME,BLUEPEBBLE,NSE,INE0SAK01011,2024-04-03,RIDE,RIDE,69,70.5,70.0,-0.7,21.77,39.53,0.0233124444444444,-5.71,18,8.0,-58.04,,,,,,Hem Securities Ltd.,2024-05-01,2024-06-30,https://www.screener.in/company/BLUEPEBBLE/,https://www.tradingview.com/chart/?symbol=NSE%3ABLUEPEBBLE,0.3,28.8,73.53,,,,,,,,,,False,,2026-08-06,9.0,,0,False,"Kalana Ispat (2024-09): peaked -17%, -11% in 60d after its breakout | Onyx Biotec (2024-11): peaked +60%, -4% in 60d after its breakout | GRE Renew Enertech (2026-01): peaked +85%, +10% in 60d after its breakout","Score 69/100 — structure 28/35, base 20/20, liquidity 0/15, institutions 11/15, lock-in 5/5, LM 5/5, momentum 0/5 • Reclaimed the pivot on session 8 and holds above — trend intact; manage, don't add • Tight base — held within 5.7% of listing close (the −10% cutoff was the grid-search optimum) • QIB 22x — decent institutional interest • ₹0.0cr/day turnover ≈ 0.3% of free float changing hands daily — sleepy float • Lead manager Hem Securities Ltd.: 62% of 68 issues above issue today, LM score 72/100 • Discount listing (-59%) — historically the worst cohort"
Sodhani Academy of Fintech Enablers Ltd.,SME,SAFE,BSE,INE0Q3401017,2024-09-23,RIDE,RIDE,69,143.65,55.65,-61.3,,437.63,0.036778375,2.08,377,1.0,259.12,,,,,,Srujan Alpha Capital Advisors LLP,,,https://www.screener.in/company/544257/,https://www.tradingview.com/chart/?symbol=BSE%3A544257,0.16,83.2,73.58,,,,,,,,,,False,2024-12-24,2024-09-24,375.0,2026-08-14,7,True,"Travels & Rentals (2024-09): peaked +295%, +73% in 60d after its breakout | Marinetrans India (2023-12): peaked +98%, -3% in 60d after its breakout | Manoj Ceramic (2024-01): peaked +268%, +37% in 60d after its breakout","Score 69/100 — structure 28/35, base 20/20, liquidity 0/15, institutions 8/15, lock-in 5/5, LM 5/5, momentum 3/5 • Reclaimed the pivot on session 1 and holds above — trend intact; manage, don't add • Tight base — held within 2.1% of listing close (the −10% cutoff was the grid-search optimum) • ₹0.0cr/day turnover ≈ 0.2% of free float changing hands daily — sleepy float • 🔥 Volume thrust (≥5× avg) within the last 5 sessions (2026-08-14) — the institutional footprint that preceded most historical winners • Lead manager Srujan Alpha Capital Advisors LLP: 50% of 6 issues above issue today, LM score 74/100"
Forge Auto International Ltd.,SME,FORGEAUTO,NSE,INE0YKW01013,2024-10-04,RIDE,RIDE,69,100.7,84.3,-16.3,20.13,34.79,0.1495817647058823,-3.91,17,2.0,-6.76,,,,,,Hem Securities Ltd.,2024-10-31,2024-12-30,https://www.screener.in/company/FORGEAUTO/,https://www.tradingview.com/chart/?symbol=NSE%3AFORGEAUTO,0.49,118.0,73.63,,,,,,,,,,False,2026-08-10,2026-07-27,14.0,2026-08-10,1,True,"Onyx Biotec (2024-11): peaked +60%, -4% in 60d after its breakout | GRE Renew Enertech (2026-01): peaked +85%, +10% in 60d after its breakout | Jayesh Logistics (2025-11): peaked +64%, +15% in 60d after its breakout","Score 69/100 — structure 28/35, base 20/20, liquidity 0/15, institutions 11/15, lock-in 5/5, LM 5/5, momentum 0/5 • Reclaimed the pivot on session 2 and holds above — trend intact; manage, don't add • Tight base — held within 3.9% of listing close (the −10% cutoff was the grid-search optimum) • QIB 20x — decent institutional interest • ₹0.1cr/day turnover ≈ 0.5% of free float changing hands daily — sleepy float • 🔥 Volume thrust (≥5× avg) within the last 5 sessions (2026-08-10) — the institutional footprint that preceded most historical winners • Lead manager Hem Securities Ltd.: 62% of 68 issues above issue today, LM score 72/100"
Yash Highvoltage Ltd.,SME,YASHHV,BSE,INE00GK01023,2024-12-19,RIDE,RIDE,69,923.7,291.25,-68.5,123.7,127.34,6.075594545,-34.08,412,1.0,532.67,,,,,,Indorient Financial Services Ltd.,2025-01-16,2025-03-17,https://www.screener.in/company/544310/,https://www.tradingview.com/chart/?symbol=BSE%3A544310,0.48,2748.0,54.79,,,,,,,,,,False,2025-05-23,2025-06-02,302.0,2025-12-29,6,False,"Emmforce Autotech (2024-04): peaked +169%, -20% in 60d after its breakout | ABS Marine Services (2024-05): peaked +189%, -25% in 60d after its breakout | Emerald Tyre Manufacturers (2024-12): peaked +109%, -36% in 60d after its breakout","Score 69/100 — structure 28/35, base 0/20, liquidity 15/15, institutions 15/15, lock-in 5/5, LM 3/5, momentum 3/5 • Reclaimed the pivot on session 1 and holds above — trend intact; manage, don't add • Broken base (-34.1%) — distribution, not accumulation • QIB 124x — heavy institutional sponsorship (biggest historical tails came from this group) • ₹6.1cr/day turnover ≈ 0.5% of free float changing hands daily — sleepy float • Lead manager Indorient Financial Services Ltd.: 42% of 12 issues above issue today, LM score 52/100"
Pajson Agro India Ltd.,SME,PAJSON,BSE,INE14LM01012,2025-12-18,RIDE,RIDE,69,190.0,130.2,-31.5,10.92,4.95,0.16596045,4.99,163,1.0,61.02,,,,,,Smart Horizon Capital Advisors Pvt.Ltd.,2026-01-14,2026-03-15,https://www.screener.in/company/544657/,https://www.tradingview.com/chart/?symbol=BSE%3A544657,0.1,464.0,62.47,,,,,,,,,,False,2026-03-27,2025-12-19,161.0,2026-08-03,4,False,"OBSC Perfection (2024-10): peaked +821%, +65% in 60d after its breakout | Nanta Tech (2025-12): peaked +196%, +19% in 60d after its breakout | Utssav CZ Gold Jewels (2024-08): peaked +416%, +72% in 60d after its breakout","Score 69/100 — structure 28/35, base 20/20, liquidity 0/15, institutions 6/15, lock-in 5/5, LM 5/5, momentum 5/5 • Reclaimed the pivot on session 1 and holds above — trend intact; manage, don't add • Tight base — held within 5.0% of listing close (the −10% cutoff was the grid-search optimum) • QIB 11x — thin institutional book (score-penalised, not disqualifying: stops manage the risk) • ₹0.2cr/day turnover ≈ 0.1% of free float changing hands daily — sleepy float • Lead manager Smart Horizon Capital Advisors Pvt.Ltd.: 74% of 27 issues above issue today, LM score 82/100"
Hexagon Nutrition Ltd.,Mainboard,HEXAGON,NSE,INE0JUI01012,2026-06-12,RIDE,RIDE,69,70.11,50.66,-27.7,19.77,37.47,2.5852705137000003,-2.51,49,1.0,55.8,,,,,,Cumulative Capital Pvt.Ltd.,2026-07-09,2026-09-07,https://www.screener.in/company/HEXAGON/,https://www.tradingview.com/chart/?symbol=NSE%3AHEXAGON,0.9,781.0,64.29,ESM Stage I,,,2026-07-15,2026-10-13,Enhanced Surveillance Measure (ESM) - Stage I (NSE list 20-Aug-2026),"Trade-to-trade settlement, 100% margin, 5% daily band (2% if already there). No intraday.",mcap ₹781cr ≥ ₹500cr pool boundary; 5-session move +9%,"Exit when price/volatility criteria normalise on review, or mcap sustainably exceeds the ₹500cr micro-cap pool",False,,2026-06-15,47.0,,0,False,"Valiant Laboratories (2023-10): peaked +54%, -1% in 60d after its breakout | Advance Agrolife (2025-10): peaked +54%, +4% in 60d after its breakout | RBZ Jewellers (2023-12): peaked +155%, +34% in 60d after its breakout","Score 69/100 — structure 28/35, base 20/20, liquidity 10/15, institutions 11/15, lock-in 5/5, LM 5/5, momentum 5/5 • Reclaimed the pivot on session 1 and holds above — trend intact; manage, don't add • Tight base — held within 2.5% of listing close (the −10% cutoff was the grid-search optimum) • QIB 20x — decent institutional interest • ₹2.6cr/day turnover ≈ 0.9% of free float changing hands daily — healthy churn • 🚧 UNDER SURVEILLANCE: ESM Stage I — price band capped, 100% margin, liquidity dries (historical band-lock episodes: −5.8% median over next 60 sessions, 41% win) • Lead manager Cumulative Capital Pvt.Ltd.: 75% of 8 issues above issue today, LM score 80/100"
Propshop Events & Exhibitions Ltd.,SME,PROPSHOP,NSE,INE1FFX01018,2026-08-03,RIDE,RIDE,69,69.5,57.9,-16.7,1.37,1.5,1.7636135714285712,-5.69,14,1.0,0.72,,,,,,Unistone Capital Pvt.Ltd.,,,https://www.screener.in/company/PROPSHOP/,https://www.tradingview.com/chart/?symbol=NSE%3APROPSHOP,2.05,101.0,,,,,,,,,,,True,,2026-08-11,7.0,,0,False,"Admach Systems (2025-12): peaked +73%, -12% in 60d after its breakout | Digilogic Systems (2026-01): peaked +97%, +12% in 60d after its breakout | Shreeji Global FMCG (2025-11): peaked +48%, +7% in 60d after its breakout","Score 69/100 — structure 28/35, base 20/20, liquidity 6/15, institutions 2/15, lock-in 5/5, LM 3/5, momentum 5/5 • Reclaimed the pivot on session 1 and holds above — trend intact; manage, don't add • Tight base — held within 5.7% of listing close (the −10% cutoff was the grid-search optimum) • QIB 1x — thin institutional book (score-penalised, not disqualifying: stops manage the risk) • ₹1.8cr/day turnover ≈ 2.0% of free float changing hands daily — healthy churn • Lead manager Unistone Capital Pvt.Ltd.: 56% of 25 issues above issue today, LM score 60/100 • Discount listing (-20%) — historically the worst cohort"
Omnitech Engineering Ltd.,Mainboard,OMNI,NSE,INE0UH301010,2026-03-05,RIDE,RIDE,68,574.0,224.7,-60.9,3.0,1.18,154.68318815274998,-14.0,114,9.0,152.86,,,,,,Equirus Capital Pvt.Ltd.,2026-03-31,2026-05-30,https://www.screener.in/company/OMNI/,https://www.tradingview.com/chart/?symbol=NSE%3AOMNI,7.77,6995.0,74.19,,,,,,,,,,False,2026-05-29,2026-03-24,100.0,2026-08-11,4,False,"Ivalue Infosolutions (2025-09): peaked +14%, -13% in 60d after its breakout | Godavari Biorefineries (2024-10): peaked +16%, -33% in 60d after its breakout | Yatra Online (2023-09): peaked +42%, +8% in 60d after its breakout","Score 68/100 — structure 28/35, base 14/20, liquidity 15/15, institutions 2/15, lock-in 5/5, LM 1/5, momentum 3/5 • Reclaimed the pivot on session 9 and holds above — trend intact; manage, don't add • Base gave up -14.0% vs listing close — looser than the −10% ideal; demands a smaller position • QIB 3x — thin institutional book (score-penalised, not disqualifying: stops manage the risk) • ₹154.7cr/day turnover ≈ 7.8% of free float changing hands daily — crowded/manipulable, careful"
Sangani Hospitals Ltd.,SME,SANGANI,NSE,INE0OVI01010,2023-08-17,RIDE,RIDE,67,52.25,44.8,-14.3,11.42,4.42,0.04204171875,-5.8,16,2.0,30.62,,,,,,Unistone Capital Pvt.Ltd.,,,https://www.screener.in/company/SANGANI/,https://www.tradingview.com/chart/?symbol=NSE%3ASANGANI,0.24,76.4,74.09,,,,,,,,,,False,,2026-08-06,9.0,,0,False,"Shanti Spintex (2023-12): peaked +38%, -28% in 60d after its breakout | Nanta Tech (2025-12): peaked +196%, +19% in 60d after its breakout | United Heat Transfer (2024-10): peaked +123%, +8% in 60d after its breakout","Score 67/100 — structure 28/35, base 20/20, liquidity 0/15, institutions 6/15, lock-in 5/5, LM 3/5, momentum 5/5 • Reclaimed the pivot on session 2 and holds above — trend intact; manage, don't add • Tight base — held within 5.8% of listing close (the −10% cutoff was the grid-search optimum) • QIB 11x — thin institutional book (score-penalised, not disqualifying: stops manage the risk) • ₹0.0cr/day turnover ≈ 0.2% of free float changing hands daily — sleepy float • Lead manager Unistone Capital Pvt.Ltd.: 56% of 25 issues above issue today, LM score 60/100 • Listed +12% — the historical sweet-spot band"
Kundan Edifice Ltd.,SME,KEL,NSE,INE0OWX01025,2023-09-26,RIDE,RIDE,67,84.0,78.0,-7.1,,39.5,0.043502625,-9.04,16,1.0,-7.69,,,,,,Fedex Securities Pvt.Ltd.,,,https://www.screener.in/company/VISDEM/,https://www.tradingview.com/chart/?symbol=NSE%3AVISDEM,0.19,88.2,72.28,,,,,,,,,,False,,2026-08-13,5.0,,0,False,"Onyx Biotec (2024-11): peaked +60%, -4% in 60d after its breakout | Jayesh Logistics (2025-11): peaked +64%, +15% in 60d after its breakout | Greenleaf Envirotech (2025-10): peaked +37%, +18% in 60d after its breakout","Score 67/100 — structure 28/35, base 20/20, liquidity 0/15, institutions 8/15, lock-in 5/5, LM 3/5, momentum 3/5 • Reclaimed the pivot on session 1 and holds above — trend intact; manage, don't add • Tight base — held within 9.0% of listing close (the −10% cutoff was the grid-search optimum) • ₹0.0cr/day turnover ≈ 0.2% of free float changing hands daily — sleepy float • Lead manager Fedex Securities Pvt.Ltd.: 43% of 23 issues above issue today, LM score 54/100 • Discount listing (-17%) — historically the worst cohort"
Marco Cables & Conductors Ltd.,SME,MARCO,NSE,INE0QP001012,2023-09-28,RIDE,RIDE,67,31.5,31.35,-0.5,,29.17,0.0223307142857142,-3.89,14,3.0,-12.5,,,,,,Shreni Shares Ltd.,,,https://www.screener.in/company/MARCO/,https://www.tradingview.com/chart/?symbol=NSE%3AMARCO,0.14,59.7,72.81,,,,,,,,,,False,,2026-08-14,3.0,,0,False,"NeoPolitan Pizza & Foods (2024-10): peaked +42%, -11% in 60d after its breakout | Onyx Biotec (2024-11): peaked +60%, -4% in 60d after its breakout | GSM Foils (2024-05): peaked +818%, +108% in 60d after its breakout","Score 67/100 — structure 28/35, base 20/20, liquidity 0/15, institutions 8/15, lock-in 5/5, LM 3/5, momentum 3/5 • Reclaimed the pivot on session 3 and holds above — trend intact; manage, don't add • Tight base — held within 3.9% of listing close (the −10% cutoff was the grid-search optimum) • ₹0.0cr/day turnover ≈ 0.1% of free float changing hands daily — sleepy float • Lead manager Shreni Shares Ltd.: 50% of 26 issues above issue today, LM score 55/100 • Discount listing (-15%) — historically the worst cohort"
Vinyas Innovative Technologies Ltd.,SME,VINYAS,NSE,INE0OLS01010,2023-10-06,RIDE,RIDE,67,1475.05,1285.0,-12.9,42.74,30.44,2.2668005277777774,-4.74,18,9.0,793.97,,,,,,Sarthi Capital Advisors Pvt.Ltd.,2023-11-03,2024-01-02,https://www.screener.in/company/VINYAS/,https://www.tradingview.com/chart/?symbol=NSE%3AVINYAS,0.19,1674.0,29.4,ASM Long-Term Stage I,,,2026-07-11,2026-10-09,"NSE ASM Long-Term list, 20-Aug-2026",100% margin on all positions. Trading otherwise normal.,5-session move +12%,Exit when 3-month high-low / concentration criteria no longer met on quarterly review,False,2026-08-17,2026-08-10,8.0,2026-08-17,1,True,"Winsol Engineers (2024-05): peaked +689%, -10% in 60d after its breakout | Kay Cee Energy & Infra (2024-01): peaked +686%, -22% in 60d after its breakout | GP Eco Solutions India (2024-06): peaked +556%, -34% in 60d after its breakout","Score 67/100 — structure 28/35, base 20/20, liquidity 10/15, institutions 11/15, lock-in 5/5, LM 3/5, momentum 5/5 • Reclaimed the pivot on session 9 and holds above — trend intact; manage, don't add • Tight base — held within 4.7% of listing close (the −10% cutoff was the grid-search optimum) • QIB 43x — decent institutional interest • ₹2.3cr/day turnover ≈ 0.2% of free float changing hands daily — sleepy float • 🔥 Volume thrust (≥5× avg) within the last 5 sessions (2026-08-17) — the institutional footprint that preceded most historical winners • 🚧 UNDER SURVEILLANCE: ASM Long-Term Stage I — price band capped, 100% margin, liquidity dries (historical band-lock episodes: −5.8% median over next 60 sessions, 41% win)"
Chatha Foods Ltd.,SME,CHATHA,BSE,INE0AH901011,2024-03-27,RIDE,RIDE,67,113.0,88.1,-22.0,8.54,13.78,0.376085,-0.28,16,2.0,101.79,,,,,,Indorient Financial Services Ltd.,2024-04-25,2024-06-24,https://www.screener.in/company/544151/,https://www.tradingview.com/chart/?symbol=BSE%3A544151,0.33,279.0,55.77,,,,,,,,,,False,,2026-08-03,13.0,,0,False,"Mason Infratech (2024-07): peaked +244%, +54% in 60d after its breakout | Neelam Linens & Garments (India) (2024-11): peaked +210%, -24% in 60d after its breakout | Pelatro (2024-09): peaked +180%, +28% in 60d after its breakout","Score 67/100 — structure 28/35, base 20/20, liquidity 0/15, institutions 6/15, lock-in 5/5, LM 3/5, momentum 5/5 • Reclaimed the pivot on session 2 and holds above — trend intact; manage, don't add • Tight base — held within 0.3% of listing close (the −10% cutoff was the grid-search optimum) • QIB 9x — thin institutional book (score-penalised, not disqualifying: stops manage the risk) • ₹0.4cr/day turnover ≈ 0.3% of free float changing hands daily — sleepy float • Lead manager Indorient Financial Services Ltd.: 42% of 12 issues above issue today, LM score 52/100 • Mega-pop (+57%) — day-1 buyers are extended; base needs extra proof"
GConnect Logitech & Supply Chain Ltd.,SME,GCONNECT,BSE,INE0QHY01011,2024-04-03,RIDE,RIDE,67,11.99,9.48,-20.9,,56.89,0.0036801428571428,0.0,7,1.0,-70.03,,,,,,Fedex Securities Pvt.Ltd.,,,https://www.screener.in/company/544156/,https://www.tradingview.com/chart/?symbol=BSE%3A544156,0.15,4.46,40.27,,,,,,,,,,False,,2026-07-31,5.0,,0,False,"Kalana Ispat (2024-09): peaked -17%, -11% in 60d after its breakout | 3C IT Solutions & Telecoms (India) (2024-06): peaked +0%, -22% in 60d after its breakout | Saj Hotels (2024-10): peaked +33%, +29% in 60d after its breakout","Score 67/100 — structure 28/35, base 20/20, liquidity 0/15, institutions 8/15, lock-in 5/5, LM 3/5, momentum 3/5 • Reclaimed the pivot on session 1 and holds above — trend intact; manage, don't add • Tight base — held within 0.0% of listing close (the −10% cutoff was the grid-search optimum) • ₹0.0cr/day turnover ≈ 0.1% of free float changing hands daily — sleepy float • Lead manager Fedex Securities Pvt.Ltd.: 43% of 23 issues above issue today, LM score 54/100 • Discount listing (-76%) — historically the worst cohort"
OBSC Perfection Ltd.,SME,OBSCP,NSE,INE0YHV01011,2024-10-29,RIDE,RIDE,67,855.85,115.5,-86.5,10.2,11.97,6.610649,3.9,445,1.0,755.85,,,,,,Unistone Capital Pvt.Ltd.,2024-11-24,2025-01-23,https://www.screener.in/company/OBSCP/,https://www.tradingview.com/chart/?symbol=NSE%3AOBSCP,1.11,2223.0,69.81,ASM Long-Term Stage I,,"SME LT-ASM risk: +97% in 3 months (criterion: ≥±90%, indicative)",2026-07-11,2026-10-09,"NSE ASM Long-Term list, 20-Aug-2026",100% margin on all positions. Trading otherwise normal.,3-month move now +97% (still hot); 5-session move +4%,Exit when 3-month high-low / concentration criteria no longer met on quarterly review,False,2025-01-29,2024-10-30,443.0,2026-05-21,7,False,"Pajson Agro India (2025-12): peaked +116%, +32% in 60d after its breakout | Nanta Tech (2025-12): peaked +196%, +19% in 60d after its breakout | HRS Aluglaze (2025-12): peaked +205%, +90% in 60d after its breakout","Score 67/100 — structure 28/35, base 20/20, liquidity 15/15, institutions 6/15, lock-in 5/5, LM 3/5, momentum 5/5 • Reclaimed the pivot on session 1 and holds above — trend intact; manage, don't add • Tight base — held within 3.9% of listing close (the −10% cutoff was the grid-search optimum) • QIB 10x — thin institutional book (score-penalised, not disqualifying: stops manage the risk) • ₹6.6cr/day turnover ≈ 1.1% of free float changing hands daily — healthy churn • 🚧 UNDER SURVEILLANCE: ASM Long-Term Stage I — price band capped, 100% margin, liquidity dries (historical band-lock episodes: −5.8% median over next 60 sessions, 41% win) • ⚠ SME LT-ASM risk: +97% in 3 months (criterion: ≥±90%, indicative)"
Mother Nutri Foods Ltd.,SME,MNFL,BSE,INE0UH001016,2025-12-03,RIDE,RIDE,67,161.15,124.3,-22.9,10.1,11.4,0.1596357,-1.85,92,1.0,37.74,,,,,,Marwadi Chandarana Intermediaries Brokers Pvt.Ltd.,2025-12-31,2026-03-01,https://www.screener.in/company/544623/,https://www.tradingview.com/chart/?symbol=BSE%3A544623,0.24,199.0,65.93,,,,,,,,,,False,2026-03-06,2025-12-04,90.0,2026-06-11,4,False,"Nanta Tech (2025-12): peaked +196%, +19% in 60d after its breakout | OBSC Perfection (2024-10): peaked +821%, +65% in 60d after its breakout | Pajson Agro India (2025-12): peaked +116%, +32% in 60d after its breakout","Score 67/100 — structure 28/35, base 20/20, liquidity 0/15, institutions 6/15, lock-in 5/5, LM 3/5, momentum 5/5 • Reclaimed the pivot on session 1 and holds above — trend intact; manage, don't add • Tight base — held within 1.9% of listing close (the −10% cutoff was the grid-search optimum) • QIB 10x — thin institutional book (score-penalised, not disqualifying: stops manage the risk) • ₹0.2cr/day turnover ≈ 0.2% of free float changing hands daily — sleepy float • Lead manager Marwadi Chandarana Intermediaries Brokers Pvt.Ltd.: 33% of 12 issues above issue today, LM score 41/100"
Nanta Tech Ltd.,SME,NANTA,BSE,INE0YJA01011,2025-12-31,RIDE,RIDE,67,319.5,245.7,-23.1,12.98,5.08,0.65082105,1.75,152,1.0,45.23,,,,,,Smart Horizon Capital Advisors Pvt.Ltd.,2026-01-28,2026-03-29,https://www.screener.in/company/544668/,https://www.tradingview.com/chart/?symbol=BSE%3A544668,0.82,153.0,57.36,,,1-month high-low variation 79% (ST-ASM secondary criterion ≥75%),,,,,,,False,2026-03-30,2026-01-01,150.0,2026-08-12,3,False,"OBSC Perfection (2024-10): peaked +821%, +65% in 60d after its breakout | United Heat Transfer (2024-10): peaked +123%, +8% in 60d after its breakout | Pajson Agro India (2025-12): peaked +116%, +32% in 60d after its breakout","Score 67/100 — structure 28/35, base 20/20, liquidity 0/15, institutions 6/15, lock-in 5/5, LM 5/5, momentum 3/5 • Reclaimed the pivot on session 1 and holds above — trend intact; manage, don't add • Tight base — held within 1.8% of listing close (the −10% cutoff was the grid-search optimum) • QIB 13x — thin institutional book (score-penalised, not disqualifying: stops manage the risk) • ₹0.7cr/day turnover ≈ 0.8% of free float changing hands daily — healthy churn • ⚠ 1-month high-low variation 79% (ST-ASM secondary criterion ≥75%) • Lead manager Smart Horizon Capital Advisors Pvt.Ltd.: 74% of 27 issues above issue today, LM score 82/100"
Magson Retail & Distribution Ltd.,SME,MAGSON,NSE,INE0O1S01012,2023-07-06,RIDE,RIDE,66,194.7,95.7,-50.8,,6.64,13611.24006525,-22.0,34,22.0,199.54,,,,,,ISK Advisors Pvt.Ltd.,,,https://www.screener.in/company/MAGSON/,https://www.tradingview.com/chart/?symbol=NSE%3AMAGSON,0.49,246.0,30.84,,,1-month high-low variation 142% (ST-ASM secondary criterion ≥75%),,,,,,,False,,2026-07-28,11.0,,0,False,"WomanCart (2023-10): peaked +408%, -11% in 60d after its breakout | Slone Infosystems (2024-05): peaked +503%, +26% in 60d after its breakout | Rappid Valves (India) (2024-09): peaked +94%, +2% in 60d after its breakout","Score 66/100 — structure 28/35, base 6/20, liquidity 15/15, institutions 2/15, lock-in 5/5, LM 5/5, momentum 5/5 • Reclaimed the pivot on session 22 and holds above — trend intact; manage, don't add • Base gave up -22.0% vs listing close — looser than the −10% ideal; demands a smaller position • ₹13611.2cr/day turnover ≈ 0.5% of free float changing hands daily — sleepy float • ⚠ 1-month high-low variation 142% (ST-ASM secondary criterion ≥75%) • Lead manager ISK Advisors Pvt.Ltd.: 80% of 5 issues above issue today, LM score 91/100 • Listed +40% — the historical sweet-spot band"
Kontor Space Ltd.,SME,KONTOR,NSE,INE0KZ301010,2023-10-10,RIDE,RIDE,66,59.7,57.0,-4.5,,67.99,0.01577325,-3.5,8,2.0,-35.81,,,,,,Srujan Alpha Capital Advisors LLP,,,https://www.screener.in/company/KONTOR/,https://www.tradingview.com/chart/?symbol=NSE%3AKONTOR,0.13,38.3,65.06,,,,,,,,,,False,,2026-08-10,5.0,,0,False,"Kalana Ispat (2024-09): peaked -17%, -11% in 60d after its breakout | 3C IT Solutions & Telecoms (India) (2024-06): peaked +0%, -22% in 60d after its breakout | Saj Hotels (2024-10): peaked +33%, +29% in 60d after its breakout","Score 66/100 — structure 28/35, base 20/20, liquidity 0/15, institutions 8/15, lock-in 5/5, LM 5/5, momentum 0/5 • Reclaimed the pivot on session 2 and holds above — trend intact; manage, don't add • Tight base — held within 3.5% of listing close (the −10% cutoff was the grid-search optimum) • ₹0.0cr/day turnover ≈ 0.1% of free float changing hands daily — sleepy float • Lead manager Srujan Alpha Capital Advisors LLP: 50% of 6 issues above issue today, LM score 74/100 • Discount listing (-39%) — historically the worst cohort"
Osel Devices Ltd.,SME,OSELDEVICE,NSE,INE0RMF01018,2024-09-24,RIDE,RIDE,66,384.15,207.95,-45.9,78.01,135.8,1.15703415,-18.44,471,12.0,140.09,,,,,,Horizon Management Pvt.Ltd.,2024-10-20,2024-12-19,https://www.screener.in/company/OSELDEVICE/,https://www.tradingview.com/chart/?symbol=NSE%3AOSELDEVICE,0.47,667.0,64.84,,,,,,,,,,False,2024-12-20,2025-05-12,317.0,2026-07-16,11,False,"KRM Ayurveda (2026-01): peaked +155%, +30% in 60d after its breakout | Freshara Agro Exports (2024-10): peaked +235%, +10% in 60d after its breakout | Kaushalya Logistics (2024-01): peaked +117%, -19% in 60d after its breakout","Score 66/100 — structure 28/35, base 6/20, liquidity 6/15, institutions 15/15, lock-in 5/5, LM 3/5, momentum 3/5 • Reclaimed the pivot on session 12 and holds above — trend intact; manage, don't add • Base gave up -18.4% vs listing close — looser than the −10% ideal; demands a smaller position • QIB 78x — heavy institutional sponsorship (biggest historical tails came from this group) • ₹1.2cr/day turnover ≈ 0.5% of free float changing hands daily — sleepy float • Lead manager Horizon Management Pvt.Ltd.: 50% of 22 issues above issue today, LM score 52/100"
Emmvee Photovoltaic Power Ltd.,Mainboard,EMMVEE,NSE,INE1C6T01020,2025-11-18,RIDE,RIDE,66,325.6,227.71,-30.1,1.26,1.02,64.995398183,-21.83,187,1.0,50.05,,,,,,JM Financial Ltd.,2025-12-13,2026-02-11,https://www.screener.in/company/EMMVEE/,https://www.tradingview.com/chart/?symbol=NSE%3AEMMVEE,1.45,22197.0,80.03,,,,,,,,,,False,2026-01-06,2026-04-10,90.0,2026-07-16,3,False,"Aye Finance (2026-02): peaked +53%, +5% in 60d after its breakout | ACME Solar Holdings (2024-11): peaked +41%, -30% in 60d after its breakout | Wakefit Innovations (2025-12): peaked +15%, -45% in 60d after its breakout","Score 66/100 — structure 28/35, base 6/20, liquidity 15/15, institutions 2/15, lock-in 5/5, LM 5/5, momentum 5/5 • Reclaimed the pivot on session 1 and holds above — trend intact; manage, don't add • Base gave up -21.8% vs listing close — looser than the −10% ideal; demands a smaller position • QIB 1x — thin institutional book (score-penalised, not disqualifying: stops manage the risk) • ₹65.0cr/day turnover ≈ 1.4% of free float changing hands daily — healthy churn • Lead manager JM Financial Ltd.: 69% of 26 issues above issue today, LM score 71/100"
BlueStone Jewellery & Lifestyle Ltd.,Mainboard,BLUESTONE,NSE,INE304W01038,2025-08-19,RIDE,RIDE,65,821.5,564.0,-31.3,4.25,1.94,636.8548158624999,-5.64,248,1.0,58.9,,,,,,Axis Capital Ltd.,2025-09-12,2025-11-11,https://www.screener.in/company/BLUESTONE/,https://www.tradingview.com/chart/?symbol=NSE%3ABLUESTONE,6.12,12742.0,16.25,ASM Long-Term Stage I,,,2026-08-14,2026-11-12,"NSE ASM Long-Term list, 20-Aug-2026",100% margin on all positions. Trading otherwise normal.,3-month move now +78% (still hot); 5-session move -6%,Exit when 3-month high-low / concentration criteria no longer met on quarterly review,False,2025-10-08,2026-07-01,36.0,2026-07-24,13,False,"Sagility India (2024-11): peaked +93%, +34% in 60d after its breakout | Aegis Vopak Terminals (2025-06): peaked +33%, -3% in 60d after its breakout | Zinka Logistics Solutions (2024-11): peaked +174%, +30% in 60d after its breakout","Score 65/100 — structure 28/35, base 20/20, liquidity 15/15, institutions 2/15, lock-in 5/5, LM 5/5, momentum 5/5 • Reclaimed the pivot on session 1 and holds above — trend intact; manage, don't add • Tight base — held within 5.6% of listing close (the −10% cutoff was the grid-search optimum) • QIB 4x — thin institutional book (score-penalised, not disqualifying: stops manage the risk) • ₹636.9cr/day turnover ≈ 6.1% of free float changing hands daily — crowded/manipulable, careful • 🚧 UNDER SURVEILLANCE: ASM Long-Term Stage I — price band capped, 100% margin, liquidity dries (historical band-lock episodes: −5.8% median over next 60 sessions, 41% win) • Lead manager Axis Capital Ltd.: 82% of 22 issues above issue today, LM score 81/100"
Digilogic Systems Ltd.,SME,DIGILOGIC,BSE,INE1OOT01028,2026-01-28,RIDE,RIDE,65,204.6,83.2,-59.3,1.6,1.23,2.3576247,-7.72,139,3.0,96.73,,,,,,Indorient Financial Services Ltd.,2026-02-21,2026-04-22,https://www.screener.in/company/544684/,https://www.tradingview.com/chart/?symbol=BSE%3A544684,1.42,512.0,64.26,,5%,"SME LT-ASM risk: +103% in 3 months (criterion: ≥±90%, indicative) | 1-month high-low variation 78% (ST-ASM secondary criterion ≥75%)",,,,,,,True,2026-06-01,2026-02-02,135.0,2026-08-04,3,False,"Shreeji Global FMCG (2025-11): peaked +48%, +7% in 60d after its breakout | Admach Systems (2025-12): peaked +73%, -12% in 60d after its breakout | Ashwini Container Movers (2025-12): peaked +55%, -6% in 60d after its breakout","Score 65/100 — structure 28/35, base 20/20, liquidity 10/15, institutions 2/15, lock-in 5/5, LM 3/5, momentum 5/5 • Reclaimed the pivot on session 3 and holds above — trend intact; manage, don't add • Tight base — held within 7.7% of listing close (the −10% cutoff was the grid-search optimum) • QIB 2x — thin institutional book (score-penalised, not disqualifying: stops manage the risk) • ₹2.4cr/day turnover ≈ 1.4% of free float changing hands daily — healthy churn • 🚧 Trading pinned to a 5% daily band — behaves like a surveillance cage even if not yet listed; volume typically dries −20% • ⚠ SME LT-ASM risk: +103% in 3 months (criterion: ≥±90%, indicative)"
Novus Loyalty Ltd.,SME,NOVUS,BSE,INE1TFS01019,2026-03-25,RIDE,RIDE,65,155.3,149.95,-3.4,1.38,1.46,0.72708175,-5.22,100,8.0,6.37,,,,,,Smart Horizon Capital Advisors Pvt.Ltd.,2026-04-22,2026-06-21,https://www.screener.in/company/544735/,https://www.tradingview.com/chart/?symbol=BSE%3A544735,1.05,229.0,70.06,,,,,,,,,,False,2026-07-01,2026-08-19,1.0,2026-08-05,2,False,"Mahamaya Lifesciences (2025-11): peaked +80%, +13% in 60d after its breakout | Game Changers Texfab (2025-11): peaked +59%, +16% in 60d after its breakout | Ashwini Container Movers (2025-12): peaked +55%, -6% in 60d after its breakout","Score 65/100 — structure 28/35, base 20/20, liquidity 0/15, institutions 2/15, lock-in 5/5, LM 5/5, momentum 5/5 • Reclaimed the pivot on session 8 and holds above — trend intact; manage, don't add • Tight base — held within 5.2% of listing close (the −10% cutoff was the grid-search optimum) • QIB 1x — thin institutional book (score-penalised, not disqualifying: stops manage the risk) • ₹0.7cr/day turnover ≈ 1.1% of free float changing hands daily — healthy churn • Lead manager Smart Horizon Capital Advisors Pvt.Ltd.: 74% of 27 issues above issue today, LM score 82/100"
Petro Carbon & Chemicals Ltd.,SME,PCCL,NSE,INE998U01015,2024-07-02,RIDE,RIDE,64,341.1,315.0,-7.7,94.49,64.33,0.527957,-18.73,528,1.0,99.47,,,,,,GYR Capital Advisors Pvt.Ltd.,2024-07-28,2024-09-26,https://www.screener.in/company/PCCL/,https://www.tradingview.com/chart/?symbol=NSE%3APCCL,0.26,755.0,73.21,,,,,,,,,,False,2024-08-22,2026-08-18,2.0,2026-06-22,11,False,"Jay Bee Laminations (2024-09): peaked +212%, +39% in 60d after its breakout | Ganesh Infraworld (2024-12): peaked +237%, -12% in 60d after its breakout | Namo eWaste Management (2024-09): peaked +276%, +15% in 60d after its breakout","Score 64/100 — structure 28/35, base 6/20, liquidity 0/15, institutions 15/15, lock-in 5/5, LM 5/5, momentum 5/5 • Reclaimed the pivot on session 1 and holds above — trend intact; manage, don't add • Base gave up -18.7% vs listing close — looser than the −10% ideal; demands a smaller position • QIB 94x — heavy institutional sponsorship (biggest historical tails came from this group) • ₹0.5cr/day turnover ≈ 0.3% of free float changing hands daily — sleepy float • Lead manager GYR Capital Advisors Pvt.Ltd.: 57% of 49 issues above issue today, LM score 72/100"
Aprameya Engineering Ltd.,SME,APRAMEYA,NSE,INE0LQG01010,2024-08-01,RIDE,RIDE,64,149.65,75.6,-49.5,90.29,135.1,0.21348175,-20.63,481,1.0,158.02,,,,,,Hem Securities Ltd.,2024-08-29,2024-10-28,https://www.screener.in/company/APRAMEYA/,https://www.tradingview.com/chart/?symbol=NSE%3AAPRAMEYA,0.31,249.0,74.05,,,,,,,,,,False,2024-10-10,2024-11-27,401.0,2026-08-13,11,True,"Kaushalya Logistics (2024-01): peaked +117%, -19% in 60d after its breakout | Premier Roadlines (2024-05): peaked +161%, +28% in 60d after its breakout | Rappid Valves (India) (2024-09): peaked +94%, +2% in 60d after its breakout","Score 64/100 — structure 28/35, base 6/20, liquidity 0/15, institutions 15/15, lock-in 5/5, LM 5/5, momentum 5/5 • Reclaimed the pivot on session 1 and holds above — trend intact; manage, don't add • Base gave up -20.6% vs listing close — looser than the −10% ideal; demands a smaller position • QIB 90x — heavy institutional sponsorship (biggest historical tails came from this group) • ₹0.2cr/day turnover ≈ 0.3% of free float changing hands daily — sleepy float • 🔥 Volume thrust (≥5× avg) within the last 5 sessions (2026-08-13) — the institutional footprint that preceded most historical winners • Lead manager Hem Securities Ltd.: 62% of 68 issues above issue today, LM score 72/100"
KRN Heat Exchanger & Refrigeration Ltd.,Mainboard,KRN,NSE,INE0Q3J01015,2024-10-03,RIDE,RIDE,64,1518.3,513.5,-66.2,253.04,151.95,27.2933396805,-16.02,465,24.0,590.14,,,,,,Holani Consultants Pvt.Ltd.,2024-10-30,2024-12-29,https://www.screener.in/company/KRN/,https://www.tradingview.com/chart/?symbol=NSE%3AKRN,0.85,10076.0,65.69,ASM Short-Term Stage I,,,2026-08-19,2026-08-26,"NSE ASM Short-Term list, 20-Aug-2026",50–100% additional margin for a SHORT window.,3-month move now +38% (cooled); 5-session move +9%,Auto-exit after the 5- or 15-day window unless re-triggered (e.g. another +25%/5-session burst),False,2024-11-07,2024-11-06,440.0,2026-08-17,13,True,"Unicommerce eSolutions (2024-08): peaked +144%, -18% vs issue to date | Bharat Coking Coal (2026-01): peaked +96%, +45% vs issue to date | Gandhar Oil Refinery (India) (2023-11): peaked +104%, +50% vs issue to date","Score 64/100 — structure 28/35, base 6/20, liquidity 15/15, institutions 15/15, lock-in 5/5, LM 5/5, momentum 5/5 • Reclaimed the pivot on session 24 and holds above — trend intact; manage, don't add • Base gave up -16.0% vs listing close — looser than the −10% ideal; demands a smaller position • QIB 253x — heavy institutional sponsorship (biggest historical tails came from this group) • ₹27.3cr/day turnover ≈ 0.8% of free float changing hands daily — healthy churn • 🔥 Volume thrust (≥5× avg) within the last 5 sessions (2026-08-17) — the institutional footprint that preceded most historical winners • 🚧 UNDER SURVEILLANCE: ASM Short-Term Stage I — price band capped, 100% margin, liquidity dries (historical band-lock episodes: −5.8% median over next 60 sessions, 41% win)"
Xtranet Technologies Ltd.,Mainboard,XTRANET,NSE,INE0NG701011,2026-07-30,RIDE,RIDE,64,160.18,136.9,-14.5,7.13,8.75,12.51231209475,-5.19,16,7.0,26.13,,,,,,Share India Capital Services Pvt.Ltd.,2026-08-28,2026-10-25,https://www.screener.in/company/XTRANET/,https://www.tradingview.com/chart/?symbol=NSE%3AXTRANET,4.29,830.0,62.62,ASM Short-Term Stage I,,,2026-08-18,2026-08-25,"NSE ASM Short-Term list, 20-Aug-2026",50–100% additional margin for a SHORT window.,5-session move +7%,Auto-exit after the 5- or 15-day window unless re-triggered (e.g. another +25%/5-session burst),False,,2026-08-10,8.0,,0,False,"All Time Plastics (2025-08): peaked +22%, -16% in 60d after its breakout | Pyramid Technoplast (2023-08): peaked +56%, -2% in 60d after its breakout | Fabtech Technologies (2025-10): peaked +38%, +0% in 60d after its breakout","Score 64/100 — structure 28/35, base 20/20, liquidity 15/15, institutions 6/15, lock-in 0/5, LM 5/5, momentum 5/5 • Reclaimed the pivot on session 7 and holds above — trend intact; manage, don't add • Tight base — held within 5.2% of listing close (the −10% cutoff was the grid-search optimum) • QIB 7x — thin institutional book (score-penalised, not disqualifying: stops manage the risk) • ₹12.5cr/day turnover ≈ 4.3% of free float changing hands daily — crowded/manipulable, careful • ⚠ Anchor 30-day lock-in expires 2026-08-28 (8d) — historical median drift −2.4% into expiry; no fresh entries • 🚧 UNDER SURVEILLANCE: ASM Short-Term Stage I — price band capped, 100% margin, liquidity dries (historical band-lock episodes: −5.8% median over next 60 sessions, 41% win)"
Global Pet Industries Ltd.,SME,GLOBALPET,NSE,INE0PS501019,2023-07-10,RIDE,RIDE,63,155.0,54.6,-64.8,,4.24,69879.170821875,-4.92,28,1.0,216.33,,,,,,Shreni Shares Ltd.,,,https://www.screener.in/company/GLOBALPET/,https://www.tradingview.com/chart/?symbol=NSE%3AGLOBALPET,2.18,191.0,60.13,ESM Stage I,,1-month high-low variation 170% (ST-ASM secondary criterion ≥75%),2026-07-11,2026-10-09,Enhanced Surveillance Measure (ESM) - Stage I (NSE list 20-Aug-2026),"Trade-to-trade settlement, 100% margin, 5% daily band (2% if already there). No intraday.",mcap ₹191cr still < ₹500cr pool boundary; 5-session move -3%,"Exit when price/volatility criteria normalise on review, or mcap sustainably exceeds the ₹500cr micro-cap pool",False,,2023-07-11,26.0,,0,False,"GSM Foils (2024-05): peaked +818%, +108% in 60d after its breakout | Shivam Chemicals (2024-04): peaked +196%, +7% in 60d after its breakout | AIK Pipes & Polymers (2024-01): peaked +91%, +1% in 60d after its breakout","Score 63/100 — structure 28/35, base 20/20, liquidity 15/15, institutions 2/15, lock-in 5/5, LM 3/5, momentum 5/5 • Reclaimed the pivot on session 1 and holds above — trend intact; manage, don't add • Tight base — held within 4.9% of listing close (the −10% cutoff was the grid-search optimum) • ₹69879.2cr/day turnover ≈ 2.2% of free float changing hands daily — healthy churn • 🚧 UNDER SURVEILLANCE: ESM Stage I — price band capped, 100% margin, liquidity dries (historical band-lock episodes: −5.8% median over next 60 sessions, 41% win) • ⚠ 1-month high-low variation 170% (ST-ASM secondary criterion ≥75%) • Lead manager Shreni Shares Ltd.: 50% of 26 issues above issue today, LM score 55/100"
Alphalogic Industries Ltd.,SME,543937,BSE,INE0NZF01019,2023-07-14,RIDE,RIDE,63,139.1,98.3,-29.3,,4.65,0.3172602,-0.72,21,9.0,44.9,,,,,,Finshore Management Services Ltd.,,,https://www.screener.in/company/543937/,https://www.tradingview.com/chart/?symbol=BSE%3A543937,1.07,142.0,73.81,,,,,,,,,,False,,2023-07-27,11.0,,0,False,"NeoPolitan Pizza & Foods (2024-10): peaked +42%, -11% in 60d after its breakout | GSM Foils (2024-05): peaked +818%, +108% in 60d after its breakout | Sharp Chucks & Machines (2023-10): peaked +175%, +2% in 60d after its breakout","Score 63/100 — structure 28/35, base 20/20, liquidity 0/15, institutions 2/15, lock-in 5/5, LM 3/5, momentum 5/5 • Reclaimed the pivot on session 9 and holds above — trend intact; manage, don't add • Tight base — held within 0.7% of listing close (the −10% cutoff was the grid-search optimum) • ₹0.3cr/day turnover ≈ 1.1% of free float changing hands daily — healthy churn • Lead manager Finshore Management Services Ltd.: 32% of 22 issues above issue today, LM score 45/100"
Arabian Petroleum Ltd.,SME,ARABIAN,NSE,INE08NJ01024,2023-10-09,RIDE,RIDE,63,84.95,69.45,-18.2,,19.15,0.32382,2.68,12,1.0,21.36,,,,,,Hem Securities Ltd.,,,https://www.screener.in/company/ARABIAN/,https://www.tradingview.com/chart/?symbol=NSE%3AARABIAN,1.28,93.7,73.45,,,,,,,,,,False,,2026-08-04,10.0,,0,False,"Shree OSFM E-Mobility (2023-12): peaked +231%, +67% in 60d after its breakout | NeoPolitan Pizza & Foods (2024-10): peaked +42%, -11% in 60d after its breakout | United Heat Transfer (2024-10): peaked +123%, +8% in 60d after its breakout","Score 63/100 — structure 28/35, base 20/20, liquidity 0/15, institutions 2/15, lock-in 5/5, LM 5/5, momentum 3/5 • Reclaimed the pivot on session 1 and holds above — trend intact; manage, don't add • Tight base — held within 2.7% of listing close (the −10% cutoff was the grid-search optimum) • ₹0.3cr/day turnover ≈ 1.3% of free float changing hands daily — healthy churn • Lead manager Hem Securities Ltd.: 62% of 68 issues above issue today, LM score 72/100"
City Crops Agro Ltd.,SME,CCAL,BSE,INE0M7501019,2023-10-10,RIDE,RIDE,63,33.49,29.55,-11.8,,3.28,0.0262494,-4.7,10,3.0,33.96,,,,,,Turnaround Corporate Advisors Pvt.Ltd.,,,https://www.screener.in/company/544000/,https://www.tradingview.com/chart/?symbol=BSE%3A544000,0.11,52.5,54.7,,,,,,,,,,False,,2026-08-04,6.0,,0,False,"Benchmark Computer Solutions (2023-12): peaked +35%, -40% in 60d after its breakout | Silkflex Polymers (India) (2024-05): peaked +347%, +59% in 60d after its breakout | Pranik Logistics (2024-10): peaked +47%, +5% in 60d after its breakout","Score 63/100 — structure 28/35, base 20/20, liquidity 0/15, institutions 2/15, lock-in 5/5, LM 3/5, momentum 5/5 • Reclaimed the pivot on session 3 and holds above — trend intact; manage, don't add • Tight base — held within 4.7% of listing close (the −10% cutoff was the grid-search optimum) • ₹0.0cr/day turnover ≈ 0.1% of free float changing hands daily — sleepy float • Lead manager Turnaround Corporate Advisors Pvt.Ltd.: 50% of 4 issues above issue today, LM score 64/100 • Listed +18% — the historical sweet-spot band"
Mayank Cattle Food Ltd.,SME,MCFL,BSE,INE0R5Z01015,2024-02-05,RIDE,RIDE,63,248.7,212.05,-14.7,,8.74,0.1604745,-0.02,14,3.0,130.28,,,,,,Finshore Management Services Ltd.,,,https://www.screener.in/company/544106/,https://www.tradingview.com/chart/?symbol=BSE%3A544106,0.36,129.0,65.0,,,,,,,,,,True,2026-08-20,2026-08-05,10.0,2026-08-20,1,True,"Shri Balaji Valve Components (2024-01): peaked +244%, -26% in 60d after its breakout | Kalyani Cast Tech (2023-11): peaked +612%, +75% in 60d after its breakout | AMIC Forging (2023-12): peaked +1533%, +177% in 60d after its breakout","Score 63/100 — structure 28/35, base 20/20, liquidity 0/15, institutions 2/15, lock-in 5/5, LM 3/5, momentum 5/5 • Reclaimed the pivot on session 3 and holds above — trend intact; manage, don't add • Tight base — held within 0.0% of listing close (the −10% cutoff was the grid-search optimum) • ₹0.2cr/day turnover ≈ 0.4% of free float changing hands daily — sleepy float • 🔥 Volume thrust (≥5× avg) within the last 5 sessions (2026-08-20) — the institutional footprint that preceded most historical winners • Lead manager Finshore Management Services Ltd.: 32% of 22 issues above issue today, LM score 45/100 • Mega-pop (+96%) — day-1 buyers are extended; base needs extra proof"
Mason Infratech Ltd.,SME,MASON,NSE,INE0SH001010,2024-07-01,RIDE,RIDE,63,117.65,92.4,-21.5,13.4,23.11,0.617179125,4.98,527,1.0,83.83,,,,,,Expert Global Consultants Pvt.Ltd.,2024-07-27,2024-09-25,https://www.screener.in/company/MASON/,https://www.tradingview.com/chart/?symbol=NSE%3AMASON,0.45,290.0,52.6,,,,,,,,,,False,2024-08-23,2025-04-15,331.0,2026-08-11,10,False,"HRS Aluglaze (2025-12): peaked +205%, +90% in 60d after its breakout | Techera Engineering (India) (2024-10): peaked +297%, +43% in 60d after its breakout | Exim Routes (2025-12): peaked +220%, +12% in 60d after its breakout","Score 63/100 — structure 28/35, base 20/20, liquidity 0/15, institutions 6/15, lock-in 5/5, LM 1/5, momentum 3/5 • Reclaimed the pivot on session 1 and holds above — trend intact; manage, don't add • Tight base — held within 5.0% of listing close (the −10% cutoff was the grid-search optimum) • QIB 13x — thin institutional book (score-penalised, not disqualifying: stops manage the risk) • ₹0.6cr/day turnover ≈ 0.5% of free float changing hands daily — sleepy float • Lead manager Expert Global Consultants Pvt.Ltd.: 28% of 18 issues above issue today, LM score 38/100"
Avi Ansh Textile Ltd.,SME,AVIANSH,NSE,INE0TFB01017,2024-09-27,RIDE,RIDE,63,103.0,71.4,-30.7,,8.42,0.021684,-8.5,468,9.0,66.13,,,,,,3Dimension Capital Services Ltd.,,,https://www.screener.in/company/AVIANSH/,https://www.tradingview.com/chart/?symbol=NSE%3AAVIANSH,0.05,147.0,66.99,,,,,,,,,,False,2025-10-13,2024-10-11,458.0,2025-11-25,2,False,"Sheetal Universal (2023-12): peaked +387%, -22% in 60d after its breakout | Karnika Industries (2023-10): peaked +1180%, +28% in 60d after its breakout | Shivam Chemicals (2024-04): peaked +196%, +7% in 60d after its breakout","Score 63/100 — structure 28/35, base 20/20, liquidity 0/15, institutions 2/15, lock-in 5/5, LM 5/5, momentum 3/5 • Reclaimed the pivot on session 9 and holds above — trend intact; manage, don't add • Tight base — held within 8.5% of listing close (the −10% cutoff was the grid-search optimum) • ₹0.0cr/day turnover ≈ 0.1% of free float changing hands daily — sleepy float • Lead manager 3Dimension Capital Services Ltd.: 60% of 5 issues above issue today, LM score 75/100"
Techera Engineering (India) Ltd.,SME,TECHERA,NSE,INE0JQS01019,2024-10-03,RIDE,RIDE,63,177.25,131.25,-26.0,31.22,49.48,1.4855624,-0.23,457,1.0,116.16,,,,,,SKI Capital Services Ltd.,2024-10-30,2024-12-29,https://www.screener.in/company/TECHERA/,https://www.tradingview.com/chart/?symbol=NSE%3ATECHERA,0.85,282.0,36.89,ASM Long-Term Stage I,,,2026-07-11,2026-10-09,"NSE ASM Long-Term list, 20-Aug-2026",100% margin on all positions. Trading otherwise normal.,3-month move now -3% (cooled); 5-session move +2%,Exit when 3-month high-low / concentration criteria no longer met on quarterly review,False,2024-11-25,2026-06-10,50.0,2026-08-06,14,False,"Shubhshree Biofuels Energy (2024-09): peaked +316%, +57% in 60d after its breakout | Travels & Rentals (2024-09): peaked +295%, +73% in 60d after its breakout | Supreme Power Equipment (2023-12): peaked +546%, +18% in 60d after its breakout","Score 63/100 — structure 28/35, base 20/20, liquidity 6/15, institutions 11/15, lock-in 5/5, LM 3/5, momentum 5/5 • Reclaimed the pivot on session 1 and holds above — trend intact; manage, don't add • Tight base — held within 0.2% of listing close (the −10% cutoff was the grid-search optimum) • QIB 31x — decent institutional interest • ₹1.5cr/day turnover ≈ 0.8% of free float changing hands daily — healthy churn • 🚧 UNDER SURVEILLANCE: ASM Long-Term Stage I — price band capped, 100% margin, liquidity dries (historical band-lock episodes: −5.8% median over next 60 sessions, 41% win) • Lead manager SKI Capital Services Ltd.: 40% of 5 issues above issue today, LM score 56/100"
Sahasra Electronic Solutions Ltd.,SME,SAHASRA,NSE,INE0RBQ01018,2024-10-04,RIDE,RIDE,63,321.0,296.0,-7.8,100.8,85.72,0.971679,0.68,29,1.0,13.43,,,,,,Hem Securities Ltd.,2024-10-31,2024-12-30,https://www.screener.in/company/SAHASRA/,https://www.tradingview.com/chart/?symbol=NSE%3ASAHASRA,0.4,800.0,69.9,ESM Stage I,,,2026-07-27,2026-10-25,Enhanced Surveillance Measure (ESM) - Stage I (NSE list 20-Aug-2026),"Trade-to-trade settlement, 100% margin, 5% daily band (2% if already there). No intraday.",mcap ₹800cr ≥ ₹500cr pool boundary; 5-session move +1%,"Exit when price/volatility criteria normalise on review, or mcap sustainably exceeds the ₹500cr micro-cap pool",False,,2026-07-14,27.0,,0,False,"Electro Force (India) (2023-12): peaked +63%, -24% in 60d after its breakout | Nisus Finance Services Co.Ltd. (2024-12): peaked +217%, +47% in 60d after its breakout | Esprit Stones (2024-08): peaked +83%, -6% in 60d after its breakout","Score 63/100 — structure 28/35, base 20/20, liquidity 0/15, institutions 15/15, lock-in 5/5, LM 5/5, momentum 5/5 • Reclaimed the pivot on session 1 and holds above — trend intact; manage, don't add • Tight base — held within 0.7% of listing close (the −10% cutoff was the grid-search optimum) • QIB 101x — heavy institutional sponsorship (biggest historical tails came from this group) • ₹1.0cr/day turnover ≈ 0.4% of free float changing hands daily — sleepy float • 🚧 UNDER SURVEILLANCE: ESM Stage I — price band capped, 100% margin, liquidity dries (historical band-lock episodes: −5.8% median over next 60 sessions, 41% win) • Lead manager Hem Securities Ltd.: 62% of 68 issues above issue today, LM score 72/100"
Sattva Engineering Construction Ltd.,SME,SATTVAENGG,NSE,INE14DW01018,2025-09-03,RIDE,RIDE,63,76.0,74.9,-1.4,123.39,139.16,0.21806,,2,1.0,1.33,,,,,,Vivro Financial Services Pvt.Ltd.,2025-09-30,2025-11-29,https://www.screener.in/company/SATTVAENGG/,https://www.tradingview.com/chart/?symbol=NSE%3ASATTVAENGG,0.43,133.0,62.91,,,,,,,,,,False,,2026-08-20,0.0,,0,False,"Technichem Organics (2025-01): peaked +50%, -28% in 60d after its breakout | Baba Food Processing (India) (2023-11): peaked +6%, -18% in 60d after its breakout | Freshara Agro Exports (2024-10): peaked +235%, +10% in 60d after its breakout","Score 63/100 — structure 35/35, base 0/20, liquidity 0/15, institutions 15/15, lock-in 5/5, LM 3/5, momentum 5/5 • Fresh close above the ₹74.9 pivot on session 1 — the walk-forward-validated entry • QIB 123x — heavy institutional sponsorship (biggest historical tails came from this group) • ₹0.2cr/day turnover ≈ 0.4% of free float changing hands daily — sleepy float • Lead manager Vivro Financial Services Pvt.Ltd.: 64% of 11 issues above issue today, LM score 67/100"
Prodocs Solutions Ltd.,SME,PRODOCS,BSE,INE10XK01019,2025-12-15,RIDE,RIDE,63,160.0,151.2,-5.5,1.59,2.17,0.034966,4.99,119,1.0,15.94,,,,,,Cumulative Capital Pvt.Ltd.,2026-01-09,2026-03-10,https://www.screener.in/company/544643/,https://www.tradingview.com/chart/?symbol=BSE%3A544643,0.06,118.0,51.99,,,,,,,,,,False,2026-03-11,2025-12-16,117.0,2026-03-23,3,False,"Game Changers Texfab (2025-11): peaked +59%, +16% in 60d after its breakout | Mahamaya Lifesciences (2025-11): peaked +80%, +13% in 60d after its breakout | Valplast Technologies (2025-10): peaked +26%, -16% in 60d after its breakout","Score 63/100 — structure 28/35, base 20/20, liquidity 0/15, institutions 2/15, lock-in 5/5, LM 5/5, momentum 3/5 • Reclaimed the pivot on session 1 and holds above — trend intact; manage, don't add • Tight base — held within 5.0% of listing close (the −10% cutoff was the grid-search optimum) • QIB 2x — thin institutional book (score-penalised, not disqualifying: stops manage the risk) • ₹0.0cr/day turnover ≈ 0.1% of free float changing hands daily — sleepy float • Lead manager Cumulative Capital Pvt.Ltd.: 75% of 8 issues above issue today, LM score 80/100"
KSH International Ltd.,Mainboard,KSHINTL,NSE,INE987S01020,2025-12-23,RIDE,RIDE,63,1011.3,370.25,-63.4,1.12,0.98,41.33848811975,-6.93,162,7.0,163.36,,,,,,Nuvama Wealth Management Ltd.,2026-01-17,2026-03-18,https://www.screener.in/company/KSHINTL/,https://www.tradingview.com/chart/?symbol=NSE%3AKSHINTL,2.49,6928.0,74.58,ASM Long-Term Stage I,,,2026-07-11,2026-10-09,"NSE ASM Long-Term list, 20-Aug-2026",100% margin on all positions. Trading otherwise normal.,3-month move now +46% (cooled); 5-session move +1%,Exit when 3-month high-low / concentration criteria no longer met on quarterly review,False,2026-03-10,2026-03-06,112.0,2026-08-11,3,False,"Yatra Online (2023-09): peaked +42%, +8% in 60d after its breakout | TVS Supply Chain Solutions (2023-08): peaked +31%, -6% in 60d after its breakout | Euro Pratik Sales (2025-09): peaked +58%, -15% in 60d after its breakout","Score 63/100 — structure 28/35, base 20/20, liquidity 15/15, institutions 2/15, lock-in 5/5, LM 3/5, momentum 5/5 • Reclaimed the pivot on session 7 and holds above — trend intact; manage, don't add • Tight base — held within 6.9% of listing close (the −10% cutoff was the grid-search optimum) • QIB 1x — thin institutional book (score-penalised, not disqualifying: stops manage the risk) • ₹41.3cr/day turnover ≈ 2.5% of free float changing hands daily — healthy churn • 🚧 UNDER SURVEILLANCE: ASM Long-Term Stage I — price band capped, 100% margin, liquidity dries (historical band-lock episodes: −5.8% median over next 60 sessions, 41% win) • Lead manager Nuvama Wealth Management Ltd.: 50% of 10 issues above issue today, LM score 45/100"
Elfin Agro India Ltd.,SME,ELFIN,BSE,INE1FEW01013,2026-03-12,RIDE,RIDE,63,86.0,48.05,-44.1,,1.35,0.1028193,-0.61,106,4.0,82.98,,,,,,Finshore Management Services Ltd.,,,https://www.screener.in/company/544724/,https://www.tradingview.com/chart/?symbol=BSE%3A544724,0.24,161.0,72.59,,,,,,,,,,True,2026-05-07,2026-03-18,101.0,2026-08-18,4,True,"United Heat Transfer (2024-10): peaked +123%, +8% in 60d after its breakout | Shivam Chemicals (2024-04): peaked +196%, +7% in 60d after its breakout | Shree OSFM E-Mobility (2023-12): peaked +231%, +67% in 60d after its breakout","Score 63/100 — structure 28/35, base 20/20, liquidity 0/15, institutions 2/15, lock-in 5/5, LM 3/5, momentum 5/5 • Reclaimed the pivot on session 4 and holds above — trend intact; manage, don't add • Tight base — held within 0.6% of listing close (the −10% cutoff was the grid-search optimum) • ₹0.1cr/day turnover ≈ 0.2% of free float changing hands daily — sleepy float • 🔥 Volume thrust (≥5× avg) within the last 5 sessions (2026-08-18) — the institutional footprint that preceded most historical winners • Lead manager Finshore Management Services Ltd.: 32% of 22 issues above issue today, LM score 45/100"
Apsis Aerocom Ltd.,SME,APSISAERO,NSE,INE1OOJ01011,2026-03-18,RIDE,RIDE,63,530.25,160.65,-69.7,99.96,91.24,0.8924622,-3.11,105,1.0,382.05,,,,,,Oneview Corporate Advisors Pvt.Ltd.,2026-04-15,2026-06-14,https://www.screener.in/company/APSISAERO/,https://www.tradingview.com/chart/?symbol=NSE%3AAPSISAERO,0.59,602.0,73.02,ESM Stage II,2%,,2026-04-24 (est. from band-lock),2026-05-24,Enhanced Surveillance Measure (ESM) - Stage II (NSE list 20-Aug-2026),"Trade-to-trade, 100% margin, 2% daily band — the tightest cage (Amanta situation). Liquidity typically dries hard.",mcap ₹602cr ≥ ₹500cr pool boundary; 3-month move now +79% (still hot); 5-session move +10%,First step down to Stage I after ~1 month without triggers; full exit needs 90+ days and criteria normalisation,True,2026-06-17,2026-04-01,96.0,2026-06-18,2,False,"Supreme Power Equipment (2023-12): peaked +546%, +18% in 60d after its breakout | Macobs Technologies (2024-07): peaked +232%, +32% in 60d after its breakout | Beacon Trusteeship (2024-06): peaked +152%, +9% in 60d after its breakout","Score 63/100 — structure 28/35, base 20/20, liquidity 0/15, institutions 15/15, lock-in 5/5, LM 5/5, momentum 5/5 • Reclaimed the pivot on session 1 and holds above — trend intact; manage, don't add • Tight base — held within 3.1% of listing close (the −10% cutoff was the grid-search optimum) • QIB 100x — heavy institutional sponsorship (biggest historical tails came from this group) • ₹0.9cr/day turnover ≈ 0.6% of free float changing hands daily — sleepy float • 🚧 UNDER SURVEILLANCE: ESM Stage II — price band capped, 100% margin, liquidity dries (historical band-lock episodes: −5.8% median over next 60 sessions, 41% win) • Lead manager Oneview Corporate Advisors Pvt.Ltd.: 67% of 6 issues above issue today, LM score 86/100"
Rudra Gas Enterprise Ltd.,SME,RUDRAGAS,BSE,INE0OYK01010,2024-02-15,RIDE,RIDE,62,73.93,72.0,-2.6,,346.78,0.0482931818181818,-15.28,11,9.0,17.35,,,,,,Beeline Capital Advisors Pvt.Ltd.,,,https://www.screener.in/company/544121/,https://www.tradingview.com/chart/?symbol=BSE%3A544121,0.31,61.6,73.19,,,,,,,,,,True,,2026-08-17,1.0,,0,False,"Benchmark Computer Solutions (2023-12): peaked +35%, -40% in 60d after its breakout | Pranik Logistics (2024-10): peaked +47%, +5% in 60d after its breakout | Sheetal Universal (2023-12): peaked +387%, -22% in 60d after its breakout","Score 62/100 — structure 35/35, base 6/20, liquidity 0/15, institutions 8/15, lock-in 5/5, LM 3/5, momentum 5/5 • Fresh close above the ₹72.0 pivot on session 9 — the walk-forward-validated entry • Base gave up -15.3% vs listing close — looser than the −10% ideal; demands a smaller position • ₹0.0cr/day turnover ≈ 0.3% of free float changing hands daily — sleepy float • Lead manager Beeline Capital Advisors Pvt.Ltd.: 53% of 57 issues above issue today, LM score 58/100 • Listed +14% — the historical sweet-spot band"
GSM Foils Ltd.,SME,GSMFOILS,NSE,INE0SQY01018,2024-05-31,RIDE,RIDE,62,87.9,33.6,-61.8,,249.89,4.305735875,-3.13,539,1.0,174.69,,,,,,Shreni Shares Ltd.,,,https://www.screener.in/company/GSMFOILS/,https://www.tradingview.com/chart/?symbol=NSE%3AGSMFOILS,5.22,131.0,54.38,ASM Short-Term Stage I,5%,1-month high-low variation 269% (ST-ASM secondary criterion ≥75%),2026-07-31 (est. from band-lock),2026-08-07,"NSE ASM Short-Term list, 20-Aug-2026",50–100% additional margin for a SHORT window.,3-month move now -56% (cooled); 5-session move -14%,Auto-exit after the 5- or 15-day window unless re-triggered (e.g. another +25%/5-session burst),False,2024-08-14,2024-06-03,537.0,2026-08-20,16,True,"NeoPolitan Pizza & Foods (2024-10): peaked +42%, -11% in 60d after its breakout | Shivam Chemicals (2024-04): peaked +196%, +7% in 60d after its breakout | AIK Pipes & Polymers (2024-01): peaked +91%, +1% in 60d after its breakout","Score 62/100 — structure 28/35, base 20/20, liquidity 10/15, institutions 8/15, lock-in 5/5, LM 3/5, momentum 3/5 • Reclaimed the pivot on session 1 and holds above — trend intact; manage, don't add • Tight base — held within 3.1% of listing close (the −10% cutoff was the grid-search optimum) • ₹4.3cr/day turnover ≈ 5.2% of free float changing hands daily — crowded/manipulable, careful • 🔥 Volume thrust (≥5× avg) within the last 5 sessions (2026-08-20) — the institutional footprint that preceded most historical winners • 🚧 UNDER SURVEILLANCE: ASM Short-Term Stage I — price band capped, 100% margin, liquidity dries (historical band-lock episodes: −5.8% median over next 60 sessions, 41% win) • ⚠ 1-month high-low variation 269% (ST-ASM secondary criterion ≥75%)"
Subam Papers Ltd.,SME,SUBAM,BSE,INE0U6201010,2024-10-08,RIDE,RIDE,62,220.6,149.1,-32.4,57.18,64.87,0.15878,-22.87,459,1.0,45.13,,,,,,Gretex Corporate Services Ltd.,2024-11-03,2025-01-02,https://www.screener.in/company/544267/,https://www.tradingview.com/chart/?symbol=BSE%3A544267,0.06,591.0,58.93,,,,,,,,,,False,2024-12-13,2026-04-01,96.0,2026-08-20,12,True,"Jeyyam Global Foods (2024-09): peaked +22%, -31% in 60d after its breakout | Paramatrix Technologies (2024-09): peaked +21%, -29% in 60d after its breakout | INDO SMC (2026-01): peaked +250%, +43% in 60d after its breakout","Score 62/100 — structure 28/35, base 6/20, liquidity 0/15, institutions 15/15, lock-in 5/5, LM 3/5, momentum 5/5 • Reclaimed the pivot on session 1 and holds above — trend intact; manage, don't add • Base gave up -22.9% vs listing close — looser than the −10% ideal; demands a smaller position • QIB 57x — heavy institutional sponsorship (biggest historical tails came from this group) • ₹0.2cr/day turnover ≈ 0.1% of free float changing hands daily — sleepy float • 🔥 Volume thrust (≥5× avg) within the last 5 sessions (2026-08-20) — the institutional footprint that preceded most historical winners • Lead manager Gretex Corporate Services Ltd.: 41% of 22 issues above issue today, LM score 48/100"
Leo Dryfruits & Spices Trading Ltd.,SME,VANDU,BSE,INE0RH001011,2025-01-08,RIDE,RIDE,62,62.1,61.0,-1.8,,144.49,1.057659,,2,1.0,19.42,,,,,,Shreni Shares Ltd.,2025-02-05,2025-04-06,https://www.screener.in/company/544329/,https://www.tradingview.com/chart/?symbol=BSE%3A544329,1.59,106.0,38.11,,,,,,,,,,False,,2026-08-20,0.0,,0,False,"Paramatrix Technologies (2024-09): peaked +21%, -29% in 60d after its breakout | Pranik Logistics (2024-10): peaked +47%, +5% in 60d after its breakout | United Cotfab (2024-06): peaked +19%, -36% in 60d after its breakout","Score 62/100 — structure 35/35, base 0/20, liquidity 6/15, institutions 8/15, lock-in 5/5, LM 3/5, momentum 5/5 • Fresh close above the ₹61.0 pivot on session 1 — the walk-forward-validated entry • ₹1.1cr/day turnover ≈ 1.6% of free float changing hands daily — healthy churn • Lead manager Shreni Shares Ltd.: 50% of 26 issues above issue today, LM score 55/100 • Listed +14% — the historical sweet-spot band"
Neetu Yoshi Ltd.,SME,NEETUYOSHI,BSE,INE0UZO01024,2025-07-04,RIDE,RIDE,62,166.6,158.7,-4.7,,89.71,1.263206,,2,1.0,122.13,,,,,,Horizon Management Pvt.Ltd.,2025-08-03,2025-10-05,https://www.screener.in/company/544434/,https://www.tradingview.com/chart/?symbol=BSE%3A544434,0.67,605.0,70.03,,,,,,,,,,False,,2026-08-20,0.0,,0,False,"Jay Bee Laminations (2024-09): peaked +212%, +39% in 60d after its breakout | Innomet Advanced Materials (2024-09): peaked +157%, -9% in 60d after its breakout | Envirotech Systems (2024-09): peaked +209%, +13% in 60d after its breakout","Score 62/100 — structure 35/35, base 0/20, liquidity 6/15, institutions 8/15, lock-in 5/5, LM 3/5, momentum 5/5 • Fresh close above the ₹158.7 pivot on session 1 — the walk-forward-validated entry • ₹1.3cr/day turnover ≈ 0.7% of free float changing hands daily — sleepy float • Lead manager Horizon Management Pvt.Ltd.: 50% of 22 issues above issue today, LM score 52/100 • Mega-pop (+103%) — day-1 buyers are extended; base needs extra proof"
Zelio E-Mobility Ltd.,SME,ZELIO,BSE,INE1B3501014,2025-10-08,RIDE,RIDE,62,848.7,832.1,-2.0,1.61,1.37,2.02526,,2,1.0,524.04,,,,,,Hem Securities Ltd.,2025-11-05,2026-01-04,https://www.screener.in/company/544563/,https://www.tradingview.com/chart/?symbol=BSE%3A544563,0.42,1692.0,72.77,,,,,,,,,,False,,2026-08-20,0.0,,0,False,"Winsol Engineers (2024-05): peaked +689%, -10% in 60d after its breakout | Kay Cee Energy & Infra (2024-01): peaked +686%, -22% in 60d after its breakout | GP Eco Solutions India (2024-06): peaked +556%, -34% in 60d after its breakout","Score 62/100 — structure 35/35, base 0/20, liquidity 10/15, institutions 2/15, lock-in 5/5, LM 5/5, momentum 5/5 • Fresh close above the ₹832.1 pivot on session 1 — the walk-forward-validated entry • QIB 2x — thin institutional book (score-penalised, not disqualifying: stops manage the risk) • ₹2.0cr/day turnover ≈ 0.4% of free float changing hands daily — sleepy float • Lead manager Hem Securities Ltd.: 62% of 68 issues above issue today, LM score 72/100 • Mega-pop (+512%) — day-1 buyers are extended; base needs extra proof"
Highness Microelectronics Ltd.,SME,HIGHNESS,BSE,INE1KI801019,2026-04-02,RIDE,RIDE,62,190.0,131.15,-31.0,81.95,135.39,0.2627535,-17.15,96,19.0,58.33,,,,,,Fintellectual Corporate Advisors Pvt.Ltd.,2026-05-01,2026-06-30,https://www.screener.in/company/544741/,https://www.tradingview.com/chart/?symbol=BSE%3A544741,0.79,98.8,64.96,,,,,,,,,,False,,2026-05-04,76.0,,0,False,"Technichem Organics (2025-01): peaked +50%, -28% in 60d after its breakout | United Cotfab (2024-06): peaked +19%, -36% in 60d after its breakout | Greenleaf Envirotech (2025-10): peaked +37%, +18% in 60d after its breakout","Score 62/100 — structure 28/35, base 6/20, liquidity 0/15, institutions 15/15, lock-in 5/5, LM 3/5, momentum 5/5 • Reclaimed the pivot on session 19 and holds above — trend intact; manage, don't add • Base gave up -17.1% vs listing close — looser than the −10% ideal; demands a smaller position • QIB 82x — heavy institutional sponsorship (biggest historical tails came from this group) • ₹0.3cr/day turnover ≈ 0.8% of free float changing hands daily — sleepy float • Lead manager Fintellectual Corporate Advisors Pvt.Ltd.: 50% of 4 issues above issue today, LM score 45/100"
Master Components Ltd.,SME,MASTER,NSE,INE0OJM01017,2023-09-29,RIDE,RIDE,61,465.0,460.0,-1.1,,7.85,0.0961322727272727,-3.26,11,1.0,232.14,,,,,,Aryaman Financial Services Ltd.,,,https://www.screener.in/company/MASTER/,https://www.tradingview.com/chart/?symbol=NSE%3AMASTER,0.15,195.0,67.1,,,,,,,,,,False,,2026-08-03,9.0,,0,False,"HOAC Foods India (2024-05): peaked +1629%, -15% in 60d after its breakout | Trident Techlabs (2023-12): peaked +4671%, +113% in 60d after its breakout | Shivalic Power Control (2024-07): peaked +297%, -37% in 60d after its breakout","Score 61/100 — structure 28/35, base 20/20, liquidity 0/15, institutions 2/15, lock-in 5/5, LM 3/5, momentum 3/5 • Reclaimed the pivot on session 1 and holds above — trend intact; manage, don't add • Tight base — held within 3.3% of listing close (the −10% cutoff was the grid-search optimum) • ₹0.1cr/day turnover ≈ 0.1% of free float changing hands daily — sleepy float • Lead manager Aryaman Financial Services Ltd.: 47% of 15 issues above issue today, LM score 41/100 • Mega-pop (+228%) — day-1 buyers are extended; base needs extra proof"
Canarys Automations Ltd.,SME,CANARYS,NSE,INE0QG301017,2023-10-11,RIDE,RIDE,61,22.7,19.45,-14.3,2.73,7.49,0.26724,0.26,18,1.0,-26.77,,,,,,Indorient Financial Services Ltd.,2023-11-05,2024-01-04,https://www.screener.in/company/CANARYS/,https://www.tradingview.com/chart/?symbol=NSE%3ACANARYS,0.49,132.0,58.16,,,,,,,,,,False,,2026-07-29,16.0,,0,False,"Shreeji Global FMCG (2025-11): peaked +48%, +7% in 60d after its breakout | Digilogic Systems (2026-01): peaked +97%, +12% in 60d after its breakout | Admach Systems (2025-12): peaked +73%, -12% in 60d after its breakout","Score 61/100 — structure 28/35, base 20/20, liquidity 0/15, institutions 2/15, lock-in 5/5, LM 3/5, momentum 3/5 • Reclaimed the pivot on session 1 and holds above — trend intact; manage, don't add • Tight base — held within 0.3% of listing close (the −10% cutoff was the grid-search optimum) • QIB 3x — thin institutional book (score-penalised, not disqualifying: stops manage the risk) • ₹0.3cr/day turnover ≈ 0.5% of free float changing hands daily — sleepy float • Lead manager Indorient Financial Services Ltd.: 42% of 12 issues above issue today, LM score 52/100 • Discount listing (-38%) — historically the worst cohort"
Karnika Industries Ltd.,SME,KARNIKA,NSE,INE0MGA01012,2023-10-12,RIDE,RIDE,61,115.0,85.05,-26.0,,3.04,0.443174,-9.2,684,16.0,51.32,,,,,,Beeline Capital Advisors Pvt.Ltd.,,,https://www.screener.in/company/KARNIKA/,https://www.tradingview.com/chart/?symbol=NSE%3AKARNIKA,0.24,704.0,73.39,,,,,,,,,,False,2024-02-13,2023-11-06,667.0,2026-07-06,21,False,"Sheetal Universal (2023-12): peaked +387%, -22% in 60d after its breakout | Avi Ansh Textile (2024-09): peaked +99%, +48% in 60d after its breakout | Jayesh Logistics (2025-11): peaked +64%, +15% in 60d after its breakout","Score 61/100 — structure 28/35, base 20/20, liquidity 0/15, institutions 2/15, lock-in 5/5, LM 3/5, momentum 3/5 • Reclaimed the pivot on session 16 and holds above — trend intact; manage, don't add • Tight base — held within 9.2% of listing close (the −10% cutoff was the grid-search optimum) • ₹0.4cr/day turnover ≈ 0.2% of free float changing hands daily — sleepy float • Lead manager Beeline Capital Advisors Pvt.Ltd.: 53% of 57 issues above issue today, LM score 58/100"
Signoria Creation Ltd.,SME,SIGNORIA,NSE,INE0RDE01010,2024-03-19,RIDE,RIDE,61,162.0,148.0,-8.6,107.56,507.08,0.1159933333333333,4.05,12,1.0,149.23,,,,,,Holani Consultants Pvt.Ltd.,2024-04-14,2024-06-13,https://www.screener.in/company/SIGNORIA/,https://www.tradingview.com/chart/?symbol=NSE%3ASIGNORIA,0.5,75.2,70.05,ESM Stage I,,,2026-07-11,2026-10-09,Enhanced Surveillance Measure (ESM) - Stage I (NSE list 20-Aug-2026),"Trade-to-trade settlement, 100% margin, 5% daily band (2% if already there). No intraday.",mcap ₹75cr still < ₹500cr pool boundary; 5-session move -2%,"Exit when price/volatility criteria normalise on review, or mcap sustainably exceeds the ₹500cr micro-cap pool",False,,2026-08-04,10.0,,0,False,"Refractory Shapes (2024-05): peaked +813%, +144% in 60d after its breakout | TBI Corn (2024-06): peaked +325%, +8% in 60d after its breakout | Toss The Coin (2024-12): peaked +410%, -17% in 60d after its breakout","Score 61/100 — structure 28/35, base 20/20, liquidity 0/15, institutions 15/15, lock-in 5/5, LM 5/5, momentum 3/5 • Reclaimed the pivot on session 1 and holds above — trend intact; manage, don't add • Tight base — held within 4.0% of listing close (the −10% cutoff was the grid-search optimum) • QIB 108x — heavy institutional sponsorship (biggest historical tails came from this group) • ₹0.1cr/day turnover ≈ 0.5% of free float changing hands daily — sleepy float • 🚧 UNDER SURVEILLANCE: ESM Stage I — price band capped, 100% margin, liquidity dries (historical band-lock episodes: −5.8% median over next 60 sessions, 41% win) • Lead manager Holani Consultants Pvt.Ltd.: 64% of 11 issues above issue today, LM score 75/100"
Shivam Chemicals Ltd.,SME,SHIVAM,BSE,INE0SGR01013,2024-04-30,RIDE,RIDE,61,88.0,50.4,-42.7,,6.51,0.068307,-4.85,396,2.0,100.0,,,,,,Aryaman Financial Services Ltd.,,,https://www.screener.in/company/544165/,https://www.tradingview.com/chart/?symbol=BSE%3A544165,0.15,160.0,73.0,,,,,,,,,,False,2024-07-22,2025-03-13,231.0,2026-05-19,15,False,"AIK Pipes & Polymers (2024-01): peaked +91%, +1% in 60d after its breakout | Shanthala FMCG Products (2023-11): peaked +59%, -28% in 60d after its breakout | Avi Ansh Textile (2024-09): peaked +99%, +48% in 60d after its breakout","Score 61/100 — structure 28/35, base 20/20, liquidity 0/15, institutions 2/15, lock-in 5/5, LM 3/5, momentum 3/5 • Reclaimed the pivot on session 2 and holds above — trend intact; manage, don't add • Tight base — held within 4.8% of listing close (the −10% cutoff was the grid-search optimum) • ₹0.1cr/day turnover ≈ 0.1% of free float changing hands daily — sleepy float • Lead manager Aryaman Financial Services Ltd.: 47% of 15 issues above issue today, LM score 41/100"
Game Changers Texfab Ltd.,SME,TRADEUNO,BSE,INE1GUJ01014,2025-11-04,RIDE,RIDE,61,119.0,109.35,-8.1,1.01,1.14,0.2656245,-5.72,187,1.0,16.67,,,,,,Corpwis Advisors Pvt.Ltd.,2025-11-30,2026-01-29,https://www.screener.in/company/544594/,https://www.tradingview.com/chart/?symbol=BSE%3A544594,0.41,202.0,69.02,,,,,,,,,,False,2026-05-04,2026-08-05,11.0,2026-08-07,4,False,"Mahamaya Lifesciences (2025-11): peaked +80%, +13% in 60d after its breakout | Ashwini Container Movers (2025-12): peaked +55%, -6% in 60d after its breakout | B.A.G.Convergence (2025-10): peaked +60%, +10% in 60d after its breakout","Score 61/100 — structure 28/35, base 20/20, liquidity 0/15, institutions 2/15, lock-in 5/5, LM 1/5, momentum 5/5 • Reclaimed the pivot on session 1 and holds above — trend intact; manage, don't add • Tight base — held within 5.7% of listing close (the −10% cutoff was the grid-search optimum) • QIB 1x — thin institutional book (score-penalised, not disqualifying: stops manage the risk) • ₹0.3cr/day turnover ≈ 0.4% of free float changing hands daily — sleepy float • Lead manager Corpwis Advisors Pvt.Ltd.: 38% of 8 issues above issue today, LM score 25/100"
Global Ocean Logistics India Ltd.,SME,GLOBALLOG,BSE,INE1ITY01011,2025-12-24,RIDE,RIDE,61,113.0,82.4,-27.1,4.77,9.89,0.1857204,-0.11,115,1.0,44.87,,,,,,Marwadi Chandarana Intermediaries Brokers Pvt.Ltd.,2026-01-21,2026-03-22,https://www.screener.in/company/544665/,https://www.tradingview.com/chart/?symbol=BSE%3A544665,0.26,163.0,59.86,,,,,,,,,,False,2026-03-24,2025-12-26,113.0,2026-05-21,6,False,"Nanta Tech (2025-12): peaked +196%, +19% in 60d after its breakout | OBSC Perfection (2024-10): peaked +821%, +65% in 60d after its breakout | Pajson Agro India (2025-12): peaked +116%, +32% in 60d after its breakout","Score 61/100 — structure 28/35, base 20/20, liquidity 0/15, institutions 2/15, lock-in 5/5, LM 3/5, momentum 3/5 • Reclaimed the pivot on session 1 and holds above — trend intact; manage, don't add • Tight base — held within 0.1% of listing close (the −10% cutoff was the grid-search optimum) • QIB 5x — thin institutional book (score-penalised, not disqualifying: stops manage the risk) • ₹0.2cr/day turnover ≈ 0.3% of free float changing hands daily — sleepy float • Lead manager Marwadi Chandarana Intermediaries Brokers Pvt.Ltd.: 33% of 12 issues above issue today, LM score 41/100"
Admach Systems Ltd.,SME,ADMACH,BSE,INE0XLO01010,2025-12-31,RIDE,RIDE,61,385.9,200.75,-48.0,1.55,3.84,0.21344235,-7.85,155,1.0,61.46,,,,,,Aftertrade Broking Pvt.Ltd.,,,https://www.screener.in/company/544669/,https://www.tradingview.com/chart/?symbol=BSE%3A544669,0.17,257.0,52.95,,,,,,,,,,False,2026-07-15,2026-04-30,77.0,2026-07-15,1,False,"Digilogic Systems (2026-01): peaked +97%, +12% in 60d after its breakout | Shreeji Global FMCG (2025-11): peaked +48%, +7% in 60d after its breakout | Ashwini Container Movers (2025-12): peaked +55%, -6% in 60d after its breakout","Score 61/100 — structure 28/35, base 20/20, liquidity 0/15, institutions 2/15, lock-in 5/5, LM 1/5, momentum 5/5 • Reclaimed the pivot on session 1 and holds above — trend intact; manage, don't add • Tight base — held within 7.8% of listing close (the −10% cutoff was the grid-search optimum) • QIB 2x — thin institutional book (score-penalised, not disqualifying: stops manage the risk) • ₹0.2cr/day turnover ≈ 0.2% of free float changing hands daily — sleepy float"
Acetech E-Commerce Ltd.,SME,ACETEC,NSE,INE1J6M01010,2026-03-09,RIDE,RIDE,61,127.05,117.6,-7.4,1.0,1.14,0.1823826,-3.06,78,1.0,13.44,,,,,,Gretex Corporate Services Ltd.,,,https://www.screener.in/company/ACETEC/,https://www.tradingview.com/chart/?symbol=NSE%3AACETEC,0.25,208.0,64.39,,,,,,,,,,False,2026-05-25,2026-05-13,38.0,2026-05-25,1,False,"Game Changers Texfab (2025-11): peaked +59%, +16% in 60d after its breakout | Mahamaya Lifesciences (2025-11): peaked +80%, +13% in 60d after its breakout | Ashwini Container Movers (2025-12): peaked +55%, -6% in 60d after its breakout","Score 61/100 — structure 28/35, base 20/20, liquidity 0/15, institutions 2/15, lock-in 5/5, LM 3/5, momentum 3/5 • Reclaimed the pivot on session 1 and holds above — trend intact; manage, don't add • Tight base — held within 3.1% of listing close (the −10% cutoff was the grid-search optimum) • QIB 1x — thin institutional book (score-penalised, not disqualifying: stops manage the risk) • ₹0.2cr/day turnover ≈ 0.2% of free float changing hands daily — sleepy float • Lead manager Gretex Corporate Services Ltd.: 41% of 22 issues above issue today, LM score 48/100"
Srinibas Pradhan Constructions Ltd.,SME,SPCON,NSE,INE0TPJ01019,2026-03-13,RIDE,RIDE,61,149.0,105.05,-29.5,1.13,1.13,0.0996381,-5.17,79,1.0,52.04,,,,,,Novus Capital Advisors Private Limited,,,https://www.screener.in/company/SPCON/,https://www.tradingview.com/chart/?symbol=NSE%3ASPCON,0.24,106.0,62.1,,,,,,,,,,False,,2026-03-30,70.0,,0,False,"Valplast Technologies (2025-10): peaked +26%, -16% in 60d after its breakout | Game Changers Texfab (2025-11): peaked +59%, +16% in 60d after its breakout | Mahamaya Lifesciences (2025-11): peaked +80%, +13% in 60d after its breakout","Score 61/100 — structure 28/35, base 20/20, liquidity 0/15, institutions 2/15, lock-in 5/5, LM 1/5, momentum 5/5 • Reclaimed the pivot on session 1 and holds above — trend intact; manage, don't add • Tight base — held within 5.2% of listing close (the −10% cutoff was the grid-search optimum) • QIB 1x — thin institutional book (score-penalised, not disqualifying: stops manage the risk) • ₹0.1cr/day turnover ≈ 0.2% of free float changing hands daily — sleepy float"
GSP Crop Science Ltd.,Mainboard,GSPCROP,NSE,INE713R01022,2026-03-24,RIDE,RIDE,61,590.5,364.0,-38.4,2.66,1.44,16.6628705535,-5.94,101,4.0,84.53,,,,,,Equirus Capital Pvt.Ltd.,2026-04-19,2026-06-18,https://www.screener.in/company/GSPCROP/,https://www.tradingview.com/chart/?symbol=NSE%3AGSPCROP,2.17,2761.0,71.72,ASM Short-Term Stage I,,,2026-07-31,2026-08-07,"NSE ASM Short-Term list, 20-Aug-2026",50–100% additional margin for a SHORT window.,3-month move now +36% (cooled); 5-session move -0%,Auto-exit after the 5- or 15-day window unless re-triggered (e.g. another +25%/5-session burst),False,,2026-04-01,96.0,,0,False,"Fabtech Technologies (2025-10): peaked +38%, +0% in 60d after its breakout | Manoj Vaibhav Gems 'N' Jewellers (2023-10): peaked +78%, +45% in 60d after its breakout | Ivalue Infosolutions (2025-09): peaked +14%, -13% in 60d after its breakout","Score 61/100 — structure 28/35, base 20/20, liquidity 15/15, institutions 2/15, lock-in 5/5, LM 1/5, momentum 5/5 • Reclaimed the pivot on session 4 and holds above — trend intact; manage, don't add • Tight base — held within 5.9% of listing close (the −10% cutoff was the grid-search optimum) • QIB 3x — thin institutional book (score-penalised, not disqualifying: stops manage the risk) • ₹16.7cr/day turnover ≈ 2.2% of free float changing hands daily — healthy churn • 🚧 UNDER SURVEILLANCE: ASM Short-Term Stage I — price band capped, 100% margin, liquidity dries (historical band-lock episodes: −5.8% median over next 60 sessions, 41% win)"
Autofurnish Ltd.,SME,AFLTD,BSE,INE18HI01019,2026-05-29,RIDE,RIDE,61,54.0,45.15,-16.4,,1.25,0.15246645,-6.14,58,1.0,31.71,,,,,,Novus Capital Advisors Pvt.Ltd.,,,https://www.screener.in/company/544767/,https://www.tradingview.com/chart/?symbol=BSE%3A544767,0.62,78.4,68.57,,,,,,,,,,False,,2026-06-30,36.0,,0,False,"Shivam Chemicals (2024-04): peaked +196%, +7% in 60d after its breakout | AIK Pipes & Polymers (2024-01): peaked +91%, +1% in 60d after its breakout | GSM Foils (2024-05): peaked +818%, +108% in 60d after its breakout","Score 61/100 — structure 28/35, base 20/20, liquidity 0/15, institutions 2/15, lock-in 5/5, LM 3/5, momentum 3/5 • Reclaimed the pivot on session 1 and holds above — trend intact; manage, don't add • Tight base — held within 6.1% of listing close (the −10% cutoff was the grid-search optimum) • ₹0.2cr/day turnover ≈ 0.6% of free float changing hands daily — sleepy float • Lead manager Novus Capital Advisors Pvt.Ltd.: 33% of 3 issues above issue today, LM score 53/100"
Crazy Snacks Ltd.,SME,CRAZY,BSE,INE0RBX01014,2026-07-03,RIDE,RIDE,61,61.32,46.2,-24.7,4.75,1.2,0.109515,-7.01,31,2.0,46.0,,,,,,Inventure Merchant Banker Services Pvt.Ltd.,,,https://www.screener.in/company/544807/,https://www.tradingview.com/chart/?symbol=BSE%3A544807,0.16,142.0,50.81,,,,,,,,,,False,,2026-07-07,28.0,,0,False,"Shanti Spintex (2023-12): peaked +38%, -28% in 60d after its breakout | Bai Kakaji Polymers (2025-12): peaked +48%, -11% in 60d after its breakout | B.A.G.Convergence (2025-10): peaked +60%, +10% in 60d after its breakout","Score 61/100 — structure 28/35, base 20/20, liquidity 0/15, institutions 2/15, lock-in 5/5, LM 1/5, momentum 5/5 • Reclaimed the pivot on session 2 and holds above — trend intact; manage, don't add • Tight base — held within 7.0% of listing close (the −10% cutoff was the grid-search optimum) • QIB 5x — thin institutional book (score-penalised, not disqualifying: stops manage the risk) • ₹0.1cr/day turnover ≈ 0.2% of free float changing hands daily — sleepy float • Lead manager Inventure Merchant Banker Services Pvt.Ltd.: 30% of 10 issues above issue today, LM score 22/100"
Standard Glass Lining Technology Ltd.,Mainboard,SGLTL,NSE,INE0M4D01010,2025-01-13,RIDE,RIDE,60,304.95,182.0,-40.3,327.76,129.83,21.2309507785,-20.62,396,2.0,117.82,,,,,,IIFL Capital Services Ltd.,2025-02-07,2025-04-08,https://www.screener.in/company/SGLTL/,https://www.tradingview.com/chart/?symbol=NSE%3ASGLTL,,,,ASM Long-Term Stage I,,,2026-07-11,2026-10-09,"NSE ASM Long-Term list, 20-Aug-2026",100% margin on all positions. Trading otherwise normal.,3-month move now +128% (still hot); 5-session move +2%,Exit when 3-month high-low / concentration criteria no longer met on quarterly review,False,2025-09-16,2026-06-19,43.0,2026-06-25,5,False,"Denta Water & Infra Solutions (2025-01): peaked +63%, -17% in 60d after its breakout | Vraj Iron & Steel (2024-07): peaked +43%, +1% in 60d after its breakout | Transrail Lighting (2024-12): peaked +98%, -24% in 60d after its breakout","Score 60/100 — structure 28/35, base 6/20, liquidity 15/15, institutions 15/15, lock-in 5/5, LM 1/5, momentum 5/5 • Reclaimed the pivot on session 2 and holds above — trend intact; manage, don't add • Base gave up -20.6% vs listing close — looser than the −10% ideal; demands a smaller position • QIB 328x — heavy institutional sponsorship (biggest historical tails came from this group) • 🚧 UNDER SURVEILLANCE: ASM Long-Term Stage I — price band capped, 100% margin, liquidity dries (historical band-lock episodes: −5.8% median over next 60 sessions, 41% win) • Lead manager IIFL Capital Services Ltd.: 30% of 10 issues above issue today, LM score 34/100"
Yaap Digital Ltd.,SME,YAAP,NSE,INE0U0J01015,2026-03-05,RIDE,RIDE,60,138.0,133.35,-3.4,8.29,3.29,0.2816755,-2.51,112,1.0,-4.83,,,,,,Socradamus Capital Pvt.Ltd.,2026-03-31,2026-05-30,https://www.screener.in/company/YAAP/,https://www.tradingview.com/chart/?symbol=NSE%3AYAAP,0.22,291.0,59.02,,,,,,,,,,False,2026-04-22,2026-03-06,110.0,2026-07-13,3,False,"Bai Kakaji Polymers (2025-12): peaked +48%, -11% in 60d after its breakout | Pajson Agro India (2025-12): peaked +116%, +32% in 60d after its breakout | Clear Secured Services (2025-12): peaked +23%, -7% in 60d after its breakout","Score 60/100 — structure 28/35, base 20/20, liquidity 0/15, institutions 6/15, lock-in 5/5, LM 1/5, momentum 0/5 • Reclaimed the pivot on session 1 and holds above — trend intact; manage, don't add • Tight base — held within 2.5% of listing close (the −10% cutoff was the grid-search optimum) • QIB 8x — thin institutional book (score-penalised, not disqualifying: stops manage the risk) • ₹0.3cr/day turnover ≈ 0.2% of free float changing hands daily — sleepy float • Lead manager Socradamus Capital Pvt.Ltd.: 20% of 5 issues above issue today, LM score 38/100"
Vivid Electromech Ltd.,SME,VIVIDEL,NSE,INE24H301028,2026-04-07,RIDE,RIDE,60,1571.0,593.25,-62.2,1.95,1.06,2.88351168,-0.72,94,2.0,183.06,,,,,,Hem Securities Ltd.,2026-05-02,2026-07-01,https://www.screener.in/company/VIVIDEL/,https://www.tradingview.com/chart/?symbol=NSE%3AVIVIDEL,0.9,1453.0,73.53,ESM Stage I,,,2026-07-11,2026-10-09,Enhanced Surveillance Measure (ESM) - Stage I (NSE list 20-Aug-2026),"Trade-to-trade settlement, 100% margin, 5% daily band (2% if already there). No intraday.",mcap ₹1453cr ≥ ₹500cr pool boundary; 3-month move now +60% (cooled); 5-session move +5%,"Exit when price/volatility criteria normalise on review, or mcap sustainably exceeds the ₹500cr micro-cap pool",False,,2026-04-09,91.0,,0,False,"Mahamaya Lifesciences (2025-11): peaked +80%, +13% in 60d after its breakout | Game Changers Texfab (2025-11): peaked +59%, +16% in 60d after its breakout | Ashwini Container Movers (2025-12): peaked +55%, -6% in 60d after its breakout","Score 60/100 — structure 28/35, base 20/20, liquidity 10/15, institutions 2/15, lock-in 5/5, LM 5/5, momentum 5/5 • Reclaimed the pivot on session 2 and holds above — trend intact; manage, don't add • Tight base — held within 0.7% of listing close (the −10% cutoff was the grid-search optimum) • QIB 2x — thin institutional book (score-penalised, not disqualifying: stops manage the risk) • ₹2.9cr/day turnover ≈ 0.9% of free float changing hands daily — healthy churn • 🚧 UNDER SURVEILLANCE: ESM Stage I — price band capped, 100% margin, liquidity dries (historical band-lock episodes: −5.8% median over next 60 sessions, 41% win) • Lead manager Hem Securities Ltd.: 62% of 68 issues above issue today, LM score 72/100"
Simca Advertising Ltd.,SME,SIMCA,NSE,INE1K4J01018,2026-05-15,RIDE,RIDE,60,245.85,163.8,-33.4,101.08,68.94,0.79866345,-19.41,68,25.0,34.34,,,,,,Socradamus Capital Pvt.Ltd.,2026-06-12,2026-08-11,https://www.screener.in/company/SIMCA/,https://www.tradingview.com/chart/?symbol=NSE%3ASIMCA,0.29,292.0,,,,,,,,,,,True,,2026-06-22,42.0,,0,False,"Jeyyam Global Foods (2024-09): peaked +22%, -31% in 60d after its breakout | INDO SMC (2026-01): peaked +250%, +43% in 60d after its breakout | Subam Papers (2024-10): peaked +61%, -8% in 60d after its breakout","Score 60/100 — structure 28/35, base 6/20, liquidity 0/15, institutions 15/15, lock-in 5/5, LM 1/5, momentum 5/5 • Reclaimed the pivot on session 25 and holds above — trend intact; manage, don't add • Base gave up -19.4% vs listing close — looser than the −10% ideal; demands a smaller position • QIB 101x — heavy institutional sponsorship (biggest historical tails came from this group) • ₹0.8cr/day turnover ≈ 0.3% of free float changing hands daily — sleepy float • Lead manager Socradamus Capital Pvt.Ltd.: 20% of 5 issues above issue today, LM score 38/100"
Saroja Pharma Industries India Ltd.,SME,SAROJA,NSE,INE0PCL01011,2023-09-13,RIDE,RIDE,59,32.8,29.25,-10.8,,8.47,0.0149771428571428,-4.3,7,2.0,-60.95,,,,,,Swastika Investmart Ltd.,,,https://www.screener.in/company/SAROJA/,https://www.tradingview.com/chart/?symbol=NSE%3ASAROJA,0.46,13.2,73.02,,,,,,,,,,False,,2026-08-10,4.0,,0,False,"Kalana Ispat (2024-09): peaked -17%, -11% in 60d after its breakout | 3C IT Solutions & Telecoms (India) (2024-06): peaked +0%, -22% in 60d after its breakout | Saj Hotels (2024-10): peaked +33%, +29% in 60d after its breakout","Score 59/100 — structure 28/35, base 20/20, liquidity 0/15, institutions 2/15, lock-in 5/5, LM 1/5, momentum 3/5 • Reclaimed the pivot on session 2 and holds above — trend intact; manage, don't add • Tight base — held within 4.3% of listing close (the −10% cutoff was the grid-search optimum) • ₹0.0cr/day turnover ≈ 0.5% of free float changing hands daily — sleepy float • Lead manager Swastika Investmart Ltd.: 17% of 12 issues above issue today, LM score 21/100 • Discount listing (-65%) — historically the worst cohort"
Manoj Ceramic Ltd.,SME,MCPL,BSE,INE0A6N01026,2024-01-03,RIDE,RIDE,59,86.0,84.0,-2.3,,8.75,0.15794715,-6.16,542,4.0,38.71,,,,,,Swaraj shares &amp; securities Pvt.Ltd.,,,https://www.screener.in/company/544073/,https://www.tradingview.com/chart/?symbol=BSE%3A544073,0.28,124.0,53.06,,,,,,,,,,False,2024-09-06,2026-07-31,10.0,2026-07-14,25,False,"Sattrix Information Security (2024-06): peaked +273%, +11% in 60d after its breakout | Shanthala FMCG Products (2023-11): peaked +59%, -28% in 60d after its breakout | KK Shah Hospitals (2023-11): peaked +100%, +15% in 60d after its breakout","Score 59/100 — structure 28/35, base 20/20, liquidity 0/15, institutions 2/15, lock-in 5/5, LM 1/5, momentum 3/5 • Reclaimed the pivot on session 4 and holds above — trend intact; manage, don't add • Tight base — held within 6.2% of listing close (the −10% cutoff was the grid-search optimum) • ₹0.2cr/day turnover ≈ 0.3% of free float changing hands daily — sleepy float • Lead manager Swaraj shares &amp; securities Pvt.Ltd.: 40% of 5 issues above issue today, LM score 23/100"
Addictive Learning Technology Ltd.,SME,ADDICTIVE,NSE,INE0RDH01021,2024-01-30,RIDE,RIDE,59,44.4,42.0,-5.4,116.27,189.55,0.0570443333333333,-5.93,15,7.0,-68.29,,,,,,Narnolia Financial Services Ltd.,2024-02-24,2024-04-24,https://www.screener.in/company/ADDICTIVE/,https://www.tradingview.com/chart/?symbol=NSE%3AADDICTIVE,0.25,67.3,65.1,ASM Long-Term Stage I,5%,,2026-08-06 (est. from band-lock),2026-11-04,"NSE ASM Long-Term list, 20-Aug-2026",100% margin on all positions. Trading otherwise normal.,5-session move +11%,Exit when 3-month high-low / concentration criteria no longer met on quarterly review,False,,2026-08-14,4.0,,0,False,"Kalana Ispat (2024-09): peaked -17%, -11% in 60d after its breakout | Z-Tech (India) (2024-06): peaked +565%, +222% in 60d after its breakout | Onyx Biotec (2024-11): peaked +60%, -4% in 60d after its breakout","Score 59/100 — structure 28/35, base 20/20, liquidity 0/15, institutions 15/15, lock-in 5/5, LM 3/5, momentum 3/5 • Reclaimed the pivot on session 7 and holds above — trend intact; manage, don't add • Tight base — held within 5.9% of listing close (the −10% cutoff was the grid-search optimum) • QIB 116x — heavy institutional sponsorship (biggest historical tails came from this group) • ₹0.1cr/day turnover ≈ 0.2% of free float changing hands daily — sleepy float • 🚧 UNDER SURVEILLANCE: ASM Long-Term Stage I — price band capped, 100% margin, liquidity dries (historical band-lock episodes: −5.8% median over next 60 sessions, 41% win) • Lead manager Narnolia Financial Services Ltd.: 47% of 30 issues above issue today, LM score 57/100"
Enser Communications Ltd.,SME,ENSER,NSE,INE0R9I01021,2024-03-22,RIDE,RIDE,59,15.1,14.5,-4.0,,7.12,0.0845359375,-6.47,16,2.0,-78.43,,,,,,Fast Track Finsec Pvt.Ltd.,,,https://www.screener.in/company/ENSER/,https://www.tradingview.com/chart/?symbol=NSE%3AENSER,0.19,125.0,66.6,,,,,,,,,,False,,2026-08-18,2.0,,0,False,"Kalana Ispat (2024-09): peaked -17%, -11% in 60d after its breakout | Onyx Biotec (2024-11): peaked +60%, -4% in 60d after its breakout | 3C IT Solutions & Telecoms (India) (2024-06): peaked +0%, -22% in 60d after its breakout","Score 59/100 — structure 28/35, base 20/20, liquidity 0/15, institutions 2/15, lock-in 5/5, LM 1/5, momentum 3/5 • Reclaimed the pivot on session 2 and holds above — trend intact; manage, don't add • Tight base — held within 6.5% of listing close (the −10% cutoff was the grid-search optimum) • ₹0.1cr/day turnover ≈ 0.2% of free float changing hands daily — sleepy float • Lead manager Fast Track Finsec Pvt.Ltd.: 33% of 9 issues above issue today, LM score 33/100 • Discount listing (-79%) — historically the worst cohort"
Effwa Infra & Research Ltd.,SME,EFFWA,NSE,INE0U9101019,2024-07-12,RIDE,RIDE,59,350.2,163.55,-53.3,166.56,221.16,0.4819254,4.98,521,1.0,327.07,,,,,,Shreni Shares Ltd.,2024-08-09,2024-10-08,https://www.screener.in/company/EFFWA/,https://www.tradingview.com/chart/?symbol=NSE%3AEFFWA,0.21,800.0,73.03,ESM Stage I,,,2026-07-11,2026-10-09,Enhanced Surveillance Measure (ESM) - Stage I (NSE list 20-Aug-2026),"Trade-to-trade settlement, 100% margin, 5% daily band (2% if already there). No intraday.",mcap ₹800cr ≥ ₹500cr pool boundary; 3-month move now +37% (cooled); 5-session move -3%,"Exit when price/volatility criteria normalise on review, or mcap sustainably exceeds the ₹500cr micro-cap pool",False,2024-07-29,2025-03-19,350.0,2025-12-05,6,False,"GEM Enviro Management (2024-06): peaked +333%, +21% in 60d after its breakout | VVIP Infratech (2024-07): peaked +238%, +6% in 60d after its breakout | Sahaj Solar (2024-07): peaked +339%, +60% in 60d after its breakout","Score 59/100 — structure 28/35, base 20/20, liquidity 0/15, institutions 15/15, lock-in 5/5, LM 3/5, momentum 3/5 • Reclaimed the pivot on session 1 and holds above — trend intact; manage, don't add • Tight base — held within 5.0% of listing close (the −10% cutoff was the grid-search optimum) • QIB 167x — heavy institutional sponsorship (biggest historical tails came from this group) • ₹0.5cr/day turnover ≈ 0.2% of free float changing hands daily — sleepy float • 🚧 UNDER SURVEILLANCE: ESM Stage I — price band capped, 100% margin, liquidity dries (historical band-lock episodes: −5.8% median over next 60 sessions, 41% win) • Lead manager Shreni Shares Ltd.: 50% of 26 issues above issue today, LM score 55/100"
Asston Pharmaceuticals Ltd.,SME,APL,BSE,INE0SJX01015,2025-07-16,RIDE,RIDE,59,86.99,86.5,-0.6,85.76,130.28,0.4478955,,2,1.0,-29.28,,,,,,Sobhagya Capital Options Pvt.Ltd.,2025-08-13,2025-10-12,https://www.screener.in/company/544445/,https://www.tradingview.com/chart/?symbol=BSE%3A544445,1.3,68.0,50.66,,,,,,,,,,False,,2026-08-20,0.0,,0,False,"Kalana Ispat (2024-09): peaked -17%, -11% in 60d after its breakout | 3C IT Solutions & Telecoms (India) (2024-06): peaked +0%, -22% in 60d after its breakout | Saj Hotels (2024-10): peaked +33%, +29% in 60d after its breakout","Score 59/100 — structure 35/35, base 0/20, liquidity 0/15, institutions 15/15, lock-in 5/5, LM 1/5, momentum 3/5 • Fresh close above the ₹86.5 pivot on session 1 — the walk-forward-validated entry • QIB 86x — heavy institutional sponsorship (biggest historical tails came from this group) • ₹0.4cr/day turnover ≈ 1.3% of free float changing hands daily — healthy churn • Lead manager Sobhagya Capital Options Pvt.Ltd.: 11% of 9 issues above issue today, LM score 25/100 • Discount listing (-31%) — historically the worst cohort"
Icodex Publishing Solutions Ltd.,SME,ICODEX,BSE,INE111601014,2025-08-19,RIDE,RIDE,59,38.69,37.7,-2.6,33.08,3.72,0.0157134,,2,1.0,-62.07,,,,,,Indcap Advisors Pvt.Ltd.,,,https://www.screener.in/company/544483/,https://www.tradingview.com/chart/?symbol=BSE%3A544483,0.08,60.5,64.44,,,,,,,,,,False,,2026-08-20,0.0,,0,False,"Kalana Ispat (2024-09): peaked -17%, -11% in 60d after its breakout | Saj Hotels (2024-10): peaked +33%, +29% in 60d after its breakout | 3C IT Solutions & Telecoms (India) (2024-06): peaked +0%, -22% in 60d after its breakout","Score 59/100 — structure 35/35, base 0/20, liquidity 0/15, institutions 11/15, lock-in 5/5, LM 5/5, momentum 3/5 • Fresh close above the ₹37.7 pivot on session 1 — the walk-forward-validated entry • QIB 33x — decent institutional interest • ₹0.0cr/day turnover ≈ 0.1% of free float changing hands daily — sleepy float • Lead manager Indcap Advisors Pvt.Ltd.: 67% of 3 issues above issue today, LM score 73/100 • Discount listing (-63%) — historically the worst cohort"
Jay Ambe Supermarkets Ltd.,SME,CITYSQUARE,BSE,INE1DRH01011,2025-09-17,RIDE,RIDE,59,125.55,119.6,-4.7,16.79,45.15,0.01931,,2,1.0,60.96,,,,,,Beeline Capital Advisors Pvt.Ltd.,2025-10-14,2025-12-13,https://www.screener.in/company/544514/,https://www.tradingview.com/chart/?symbol=BSE%3A544514,0.04,101.0,52.46,,,,,,,,,,False,,2026-08-20,0.0,,0,False,"WomanCart (2023-10): peaked +408%, -11% in 60d after its breakout | Vdeal System (2024-09): peaked +132%, -9% in 60d after its breakout | Rappid Valves (India) (2024-09): peaked +94%, +2% in 60d after its breakout","Score 59/100 — structure 35/35, base 0/20, liquidity 0/15, institutions 11/15, lock-in 5/5, LM 3/5, momentum 5/5 • Fresh close above the ₹119.6 pivot on session 1 — the walk-forward-validated entry • QIB 17x — decent institutional interest • ₹0.0cr/day turnover ≈ 0.0% of free float changing hands daily — sleepy float • Lead manager Beeline Capital Advisors Pvt.Ltd.: 53% of 57 issues above issue today, LM score 58/100 • Mega-pop (+51%) — day-1 buyers are extended; base needs extra proof"
Encompass Design India Ltd.,SME,ENCOMPAS,NSE,INE433T01015,2025-12-12,RIDE,RIDE,59,242.4,203.3,-16.1,1.25,1.86,0.6256322,-13.36,168,6.0,126.54,,,,,,3Dimension Capital Services Ltd.,2026-01-09,2026-03-10,https://www.screener.in/company/ENCOMPAS/,https://www.tradingview.com/chart/?symbol=NSE%3AENCOMPAS,0.46,348.0,58.94,,,,,,,,,,False,2026-03-18,2025-12-22,161.0,2026-08-17,4,True,"Swashthik Plascon (2023-12): peaked +56%, -37% in 60d after its breakout | Neelam Linens & Garments (India) (2024-11): peaked +210%, -24% in 60d after its breakout | Agarwal Toughened Glass India (2024-12): peaked +61%, -40% in 60d after its breakout","Score 59/100 — structure 28/35, base 14/20, liquidity 0/15, institutions 2/15, lock-in 5/5, LM 5/5, momentum 5/5 • Reclaimed the pivot on session 6 and holds above — trend intact; manage, don't add • Base gave up -13.4% vs listing close — looser than the −10% ideal; demands a smaller position • QIB 1x — thin institutional book (score-penalised, not disqualifying: stops manage the risk) • ₹0.6cr/day turnover ≈ 0.5% of free float changing hands daily — sleepy float • 🔥 Volume thrust (≥5× avg) within the last 5 sessions (2026-08-17) — the institutional footprint that preceded most historical winners • Lead manager 3Dimension Capital Services Ltd.: 60% of 5 issues above issue today, LM score 75/100"
RFBL Flexi Pack Ltd.,SME,RFBL,NSE,INE0V2V01015,2026-05-19,RIDE,RIDE,59,95.7,55.1,-42.4,124.39,21.46,0.69600675,4.9,59,1.0,91.4,,,,,,Grow House Wealth Management Pvt.Ltd.,,,https://www.screener.in/company/RFBL/,https://www.tradingview.com/chart/?symbol=NSE%3ARFBL,1.04,235.0,69.7,ESM Stage I,5%,,2026-07-22 (est. from band-lock),2026-10-20,Enhanced Surveillance Measure (ESM) - Stage I (NSE list 20-Aug-2026),"Trade-to-trade settlement, 100% margin, 5% daily band (2% if already there). No intraday.",mcap ₹235cr still < ₹500cr pool boundary; 5-session move +10%,"Exit when price/volatility criteria normalise on review, or mcap sustainably exceeds the ₹500cr micro-cap pool",False,2026-07-07,2026-05-20,57.0,2026-07-28,2,False,"Z-Tech (India) (2024-06): peaked +565%, +222% in 60d after its breakout | Siyaram Recycling Industries (2023-12): peaked +300%, +19% in 60d after its breakout | Picturepost Studios (2024-08): peaked +90%, -1% in 60d after its breakout","Score 59/100 — structure 28/35, base 20/20, liquidity 0/15, institutions 15/15, lock-in 5/5, LM 1/5, momentum 5/5 • Reclaimed the pivot on session 1 and holds above — trend intact; manage, don't add • Tight base — held within 4.9% of listing close (the −10% cutoff was the grid-search optimum) • QIB 124x — heavy institutional sponsorship (biggest historical tails came from this group) • ₹0.7cr/day turnover ≈ 1.0% of free float changing hands daily — healthy churn • 🚧 UNDER SURVEILLANCE: ESM Stage I — price band capped, 100% margin, liquidity dries (historical band-lock episodes: −5.8% median over next 60 sessions, 41% win)"
Purv Flexipack Ltd.,SME,PURVFLEXI,NSE,INE0R6C01012,2024-03-05,RIDE,RIDE,58,48.5,46.0,-5.2,157.32,298.33,0.041612,-7.61,13,1.0,-31.69,,,,,,Holani Consultants Pvt.Ltd.,2024-03-31,2024-05-30,https://www.screener.in/company/PURVFLEXI/,https://www.tradingview.com/chart/?symbol=NSE%3APURVFLEXI,0.13,110.0,67.65,ASM Short-Term Stage I,5%,,2026-08-07 (est. from band-lock),2026-08-14,"NSE ASM Short-Term list, 20-Aug-2026",50–100% additional margin for a SHORT window.,5-session move -12%,Auto-exit after the 5- or 15-day window unless re-triggered (e.g. another +25%/5-session burst),False,,2026-08-06,8.0,,0,False,"Baba Food Processing (India) (2023-11): peaked +6%, -18% in 60d after its breakout | Z-Tech (India) (2024-06): peaked +565%, +222% in 60d after its breakout | INDO SMC (2026-01): peaked +250%, +43% in 60d after its breakout","Score 58/100 — structure 28/35, base 20/20, liquidity 0/15, institutions 15/15, lock-in 5/5, LM 5/5, momentum 0/5 • Reclaimed the pivot on session 1 and holds above — trend intact; manage, don't add • Tight base — held within 7.6% of listing close (the −10% cutoff was the grid-search optimum) • QIB 157x — heavy institutional sponsorship (biggest historical tails came from this group) • ₹0.0cr/day turnover ≈ 0.1% of free float changing hands daily — sleepy float • 🚧 UNDER SURVEILLANCE: ASM Short-Term Stage I — price band capped, 100% margin, liquidity dries (historical band-lock episodes: −5.8% median over next 60 sessions, 41% win) • Lead manager Holani Consultants Pvt.Ltd.: 64% of 11 issues above issue today, LM score 75/100"
Aye Finance Ltd.,Mainboard,AYE,NSE,INE501X01029,2026-02-16,RIDE,RIDE,58,169.69,133.8,-21.2,1.62,1.02,10.19456644515,-31.56,126,1.0,31.54,,,,,,Axis Capital Ltd.,2026-03-13,2026-05-12,https://www.screener.in/company/AYE/,https://www.tradingview.com/chart/?symbol=NSE%3AAYE,0.24,4191.0,,,,,,,,,,,False,2026-04-27,2026-05-19,65.0,2026-07-21,2,False,"Emmvee Photovoltaic Power (2025-11): peaked +71%, -12% in 60d after its breakout | Godavari Biorefineries (2024-10): peaked +16%, -33% in 60d after its breakout | Quality Power Electrical Equipments (2025-02): peaked +239%, +82% in 60d after its breakout","Score 58/100 — structure 28/35, base 0/20, liquidity 15/15, institutions 2/15, lock-in 5/5, LM 5/5, momentum 3/5 • Reclaimed the pivot on session 1 and holds above — trend intact; manage, don't add • Broken base (-31.6%) — distribution, not accumulation • QIB 2x — thin institutional book (score-penalised, not disqualifying: stops manage the risk) • ₹10.2cr/day turnover ≈ 0.2% of free float changing hands daily — sleepy float • Lead manager Axis Capital Ltd.: 82% of 22 issues above issue today, LM score 81/100"
Vinsys IT Services India Ltd.,SME,VINSYS,NSE,INE0OSJ01014,2023-08-11,RIDE,RIDE,57,590.0,530.0,-10.2,36.95,61.72,0.510224375,-0.86,18,2.0,360.94,,,,,,Beeline Capital Advisors Pvt.Ltd.,2023-09-08,2023-11-07,https://www.screener.in/company/VINSYS/,https://www.tradingview.com/chart/?symbol=NSE%3AVINSYS,0.17,854.0,64.74,ESM Stage I,,,2026-07-11,2026-10-09,Enhanced Surveillance Measure (ESM) - Stage I (NSE list 20-Aug-2026),"Trade-to-trade settlement, 100% margin, 5% daily band (2% if already there). No intraday.",mcap ₹854cr ≥ ₹500cr pool boundary; 5-session move +4%,"Exit when price/volatility criteria normalise on review, or mcap sustainably exceeds the ₹500cr micro-cap pool",True,2026-08-19,2026-07-30,15.0,2026-08-19,1,True,"Kay Cee Energy & Infra (2024-01): peaked +686%, -22% in 60d after its breakout | GP Eco Solutions India (2024-06): peaked +556%, -34% in 60d after its breakout | Winsol Engineers (2024-05): peaked +689%, -10% in 60d after its breakout","Score 57/100 — structure 28/35, base 20/20, liquidity 0/15, institutions 11/15, lock-in 5/5, LM 3/5, momentum 5/5 • Reclaimed the pivot on session 2 and holds above — trend intact; manage, don't add • Tight base — held within 0.9% of listing close (the −10% cutoff was the grid-search optimum) • QIB 37x — decent institutional interest • ₹0.5cr/day turnover ≈ 0.2% of free float changing hands daily — sleepy float • 🔥 Volume thrust (≥5× avg) within the last 5 sessions (2026-08-19) — the institutional footprint that preceded most historical winners • 🚧 UNDER SURVEILLANCE: ESM Stage I — price band capped, 100% margin, liquidity dries (historical band-lock episodes: −5.8% median over next 60 sessions, 41% win)"
Akanksha Power & Infrastructure Ltd.,SME,AKANKSHA,NSE,INE0PCY01014,2024-01-03,RIDE,RIDE,57,115.65,65.1,-43.7,38.51,81.44,0.3917405,4.99,632,1.0,110.27,,,,,,Narnolia Financial Services Ltd.,2024-01-31,2024-03-31,https://www.screener.in/company/AKANKSHA/,https://www.tradingview.com/chart/?symbol=NSE%3AAKANKSHA,0.42,242.0,57.51,ASM Short-Term Stage I,,,2026-08-18,2026-08-25,"NSE ASM Short-Term list, 20-Aug-2026",50–100% additional margin for a SHORT window.,3-month move now +34% (cooled); 5-session move +2%,Auto-exit after the 5- or 15-day window unless re-triggered (e.g. another +25%/5-session burst),False,2024-06-11,2026-04-06,88.0,2026-08-10,14,False,"Shree OSFM E-Mobility (2023-12): peaked +231%, +67% in 60d after its breakout | Sharp Chucks & Machines (2023-10): peaked +175%, +2% in 60d after its breakout | United Heat Transfer (2024-10): peaked +123%, +8% in 60d after its breakout","Score 57/100 — structure 28/35, base 20/20, liquidity 0/15, institutions 11/15, lock-in 5/5, LM 3/5, momentum 5/5 • Reclaimed the pivot on session 1 and holds above — trend intact; manage, don't add • Tight base — held within 5.0% of listing close (the −10% cutoff was the grid-search optimum) • QIB 39x — decent institutional interest • ₹0.4cr/day turnover ≈ 0.4% of free float changing hands daily — sleepy float • 🚧 UNDER SURVEILLANCE: ASM Short-Term Stage I — price band capped, 100% margin, liquidity dries (historical band-lock episodes: −5.8% median over next 60 sessions, 41% win) • Lead manager Narnolia Financial Services Ltd.: 47% of 30 issues above issue today, LM score 57/100"
Utssav CZ Gold Jewels Ltd.,SME,UTSSAV,NSE,INE06IJ01010,2024-08-07,RIDE,RIDE,57,468.75,115.55,-75.3,36.43,33.5,0.90445635,4.98,504,1.0,326.14,,,,,,Choice Capital Advisors Pvt.Ltd.,2024-09-04,2024-11-03,https://www.screener.in/company/UTSSAV/,https://www.tradingview.com/chart/?symbol=NSE%3AUTSSAV,0.25,1219.0,70.3,ESM Stage I,,,2026-07-11,2026-10-09,Enhanced Surveillance Measure (ESM) - Stage I (NSE list 20-Aug-2026),"Trade-to-trade settlement, 100% margin, 5% daily band (2% if already there). No intraday.",mcap ₹1219cr ≥ ₹500cr pool boundary; 3-month move now +80% (still hot); 5-session move -9%,"Exit when price/volatility criteria normalise on review, or mcap sustainably exceeds the ₹500cr micro-cap pool",False,2024-11-04,2024-08-08,502.0,2026-03-18,6,False,"Electro Force (India) (2023-12): peaked +63%, -24% in 60d after its breakout | Shree OSFM E-Mobility (2023-12): peaked +231%, +67% in 60d after its breakout | United Heat Transfer (2024-10): peaked +123%, +8% in 60d after its breakout","Score 57/100 — structure 28/35, base 20/20, liquidity 0/15, institutions 11/15, lock-in 5/5, LM 5/5, momentum 3/5 • Reclaimed the pivot on session 1 and holds above — trend intact; manage, don't add • Tight base — held within 5.0% of listing close (the −10% cutoff was the grid-search optimum) • QIB 36x — decent institutional interest • ₹0.9cr/day turnover ≈ 0.2% of free float changing hands daily — sleepy float • 🚧 UNDER SURVEILLANCE: ESM Stage I — price band capped, 100% margin, liquidity dries (historical band-lock episodes: −5.8% median over next 60 sessions, 41% win) • Lead manager Choice Capital Advisors Pvt.Ltd.: 73% of 11 issues above issue today, LM score 78/100"
Nexxus Petro Industries Ltd.,SME,NEXXUS,BSE,INE0QUL01011,2024-10-04,RIDE,RIDE,57,77.9,71.5,-8.2,,8.38,0.0209888,-10.17,12,5.0,-25.81,,,,,,Srujan Alpha Capital Advisors LLP,,,https://www.screener.in/company/544265/,https://www.tradingview.com/chart/?symbol=BSE%3A544265,0.1,57.0,60.28,,,,,,,,,,False,,2026-08-03,6.0,,0,False,"Onyx Biotec (2024-11): peaked +60%, -4% in 60d after its breakout | Kalana Ispat (2024-09): peaked -17%, -11% in 60d after its breakout | Jayesh Logistics (2025-11): peaked +64%, +15% in 60d after its breakout","Score 57/100 — structure 28/35, base 14/20, liquidity 0/15, institutions 2/15, lock-in 5/5, LM 5/5, momentum 3/5 • Reclaimed the pivot on session 5 and holds above — trend intact; manage, don't add • Base gave up -10.2% vs listing close — looser than the −10% ideal; demands a smaller position • ₹0.0cr/day turnover ≈ 0.1% of free float changing hands daily — sleepy float • Lead manager Srujan Alpha Capital Advisors LLP: 50% of 6 issues above issue today, LM score 74/100 • Discount listing (-32%) — historically the worst cohort"
Shadowfax Technologies Ltd.,Mainboard,SHADOWFAX,NSE,INE12UN01015,2026-01-28,RIDE,RIDE,57,258.0,119.67,-53.6,4.0,2.02,416.9993303389999,-10.39,139,11.0,108.06,,,,,,ICICI Securities Ltd.,2026-02-21,2026-04-22,https://www.screener.in/company/SHADOWFAX/,https://www.tradingview.com/chart/?symbol=NSE%3ASHADOWFAX,3.77,15140.0,16.51,ASM Long-Term Stage I,,,2026-07-11,2026-10-09,"NSE ASM Long-Term list, 20-Aug-2026",100% margin on all positions. Trading otherwise normal.,3-month move now +26% (cooled); 5-session move +4%,Exit when 3-month high-low / concentration criteria no longer met on quarterly review,False,2026-04-10,2026-04-08,92.0,2026-07-31,4,False,"ACME Solar Holdings (2024-11): peaked +41%, -30% in 60d after its breakout | Sagility India (2024-11): peaked +93%, +34% in 60d after its breakout | Dr.Agarwal's Health Care (2025-02): peaked +41%, -7% in 60d after its breakout","Score 57/100 — structure 28/35, base 14/20, liquidity 15/15, institutions 2/15, lock-in 5/5, LM 3/5, momentum 5/5 • Reclaimed the pivot on session 11 and holds above — trend intact; manage, don't add • Base gave up -10.4% vs listing close — looser than the −10% ideal; demands a smaller position • QIB 4x — thin institutional book (score-penalised, not disqualifying: stops manage the risk) • ₹417.0cr/day turnover ≈ 3.8% of free float changing hands daily — healthy churn • 🚧 UNDER SURVEILLANCE: ASM Long-Term Stage I — price band capped, 100% margin, liquidity dries (historical band-lock episodes: −5.8% median over next 60 sessions, 41% win) • Lead manager ICICI Securities Ltd.: 63% of 38 issues above issue today, LM score 64/100"
DCG Cables & Wires Ltd.,SME,DCG,NSE,INE0S8401018,2024-04-16,RIDE,RIDE,56,54.0,53.55,-0.8,,16.36,0.059052947368421,-4.2,19,1.0,-46.0,,,,,,Interactive Financial Services Ltd.,,,https://www.screener.in/company/DCG/,https://www.tradingview.com/chart/?symbol=NSE%3ADCG,0.22,96.2,72.45,,,,,,,,,,False,,2026-08-20,0.0,,0,False,"Onyx Biotec (2024-11): peaked +60%, -4% in 60d after its breakout | Kalana Ispat (2024-09): peaked -17%, -11% in 60d after its breakout | Jayesh Logistics (2025-11): peaked +64%, +15% in 60d after its breakout","Score 56/100 — structure 28/35, base 20/20, liquidity 0/15, institutions 2/15, lock-in 5/5, LM 1/5, momentum 0/5 • Reclaimed the pivot on session 1 and holds above — trend intact; manage, don't add • Tight base — held within 4.2% of listing close (the −10% cutoff was the grid-search optimum) • ₹0.1cr/day turnover ≈ 0.2% of free float changing hands daily — sleepy float • Lead manager Interactive Financial Services Ltd.: 30% of 23 issues above issue today, LM score 24/100 • Discount listing (-47%) — historically the worst cohort"
Chamunda Electrical Ltd.,SME,CHAMUNDA,NSE,INE11HG01018,2025-02-11,RIDE,RIDE,56,43.95,41.4,-5.8,,512.83,0.0128025,,2,1.0,-12.1,,,,,,GYR Capital Advisors Pvt.Ltd.,2025-03-08,2025-05-07,https://www.screener.in/company/CHAMUNDA/,https://www.tradingview.com/chart/?symbol=NSE%3ACHAMUNDA,0.1,45.1,73.55,,,,,,,,,,False,,2026-08-20,0.0,,0,False,"3C IT Solutions & Telecoms (India) (2024-06): peaked +0%, -22% in 60d after its breakout | Greenleaf Envirotech (2025-10): peaked +37%, +18% in 60d after its breakout | Kalana Ispat (2024-09): peaked -17%, -11% in 60d after its breakout","Score 56/100 — structure 35/35, base 0/20, liquidity 0/15, institutions 8/15, lock-in 5/5, LM 5/5, momentum 3/5 • Fresh close above the ₹41.4 pivot on session 1 — the walk-forward-validated entry • ₹0.0cr/day turnover ≈ 0.1% of free float changing hands daily — sleepy float • Lead manager GYR Capital Advisors Pvt.Ltd.: 57% of 49 issues above issue today, LM score 72/100 • Discount listing (-17%) — historically the worst cohort"
Cryogenic OGS Ltd.,SME,CRYOGENIC,BSE,INE0TL001013,2025-07-10,RIDE,RIDE,56,408.45,390.0,-4.5,,486.12,0.73444685,,2,1.0,769.04,,,,,,Beeline Capital Advisors Pvt.Ltd.,2025-08-06,2025-10-05,https://www.screener.in/company/544440/,https://www.tradingview.com/chart/?symbol=BSE%3A544440,0.5,523.0,74.29,,,,,,,,,,False,,2026-08-20,0.0,,0,False,"Winsol Engineers (2024-05): peaked +689%, -10% in 60d after its breakout | Kay Cee Energy & Infra (2024-01): peaked +686%, -22% in 60d after its breakout | GP Eco Solutions India (2024-06): peaked +556%, -34% in 60d after its breakout","Score 56/100 — structure 35/35, base 0/20, liquidity 0/15, institutions 8/15, lock-in 5/5, LM 3/5, momentum 5/5 • Fresh close above the ₹390.0 pivot on session 1 — the walk-forward-validated entry • ₹0.7cr/day turnover ≈ 0.5% of free float changing hands daily — sleepy float • Lead manager Beeline Capital Advisors Pvt.Ltd.: 53% of 57 issues above issue today, LM score 58/100 • Mega-pop (+719%) — day-1 buyers are extended; base needs extra proof"
Freshara Agro Exports Ltd.,SME,FRESHARA,NSE,INE0SFW01015,2024-10-24,RIDE,RIDE,55,388.95,141.0,-63.7,129.22,216.5,1.6665747,-18.34,450,8.0,235.3,,,,,,GYR Capital Advisors Pvt.Ltd.,2024-11-21,2025-01-20,https://www.screener.in/company/FRESHARA/,https://www.tradingview.com/chart/?symbol=NSE%3AFRESHARA,0.53,803.0,62.58,ESM Stage I,,,2026-07-29,2026-10-27,Enhanced Surveillance Measure (ESM) - Stage I (NSE list 20-Aug-2026),"Trade-to-trade settlement, 100% margin, 5% daily band (2% if already there). No intraday.",mcap ₹803cr ≥ ₹500cr pool boundary; 3-month move now +83% (still hot); 5-session move +10%,"Exit when price/volatility criteria normalise on review, or mcap sustainably exceeds the ₹500cr micro-cap pool",True,2024-12-17,2025-11-24,182.0,2026-07-07,4,False,"Osel Devices (2024-09): peaked +422%, +47% in 60d after its breakout | SD Retail (2024-09): peaked +64%, +9% in 60d after its breakout | INDO SMC (2026-01): peaked +250%, +43% in 60d after its breakout","Score 55/100 — structure 28/35, base 6/20, liquidity 6/15, institutions 15/15, lock-in 5/5, LM 5/5, momentum 5/5 • Reclaimed the pivot on session 8 and holds above — trend intact; manage, don't add • Base gave up -18.3% vs listing close — looser than the −10% ideal; demands a smaller position • QIB 129x — heavy institutional sponsorship (biggest historical tails came from this group) • ₹1.7cr/day turnover ≈ 0.5% of free float changing hands daily — sleepy float • 🚧 UNDER SURVEILLANCE: ESM Stage I — price band capped, 100% margin, liquidity dries (historical band-lock episodes: −5.8% median over next 60 sessions, 41% win) • Lead manager GYR Capital Advisors Pvt.Ltd.: 57% of 49 issues above issue today, LM score 72/100"
United Heat Transfer Ltd.,SME,UHTL,NSE,INE0SMR01011,2024-10-29,RIDE,RIDE,55,123.95,63.95,-48.4,26.56,58.92,0.4101625,0.08,437,1.0,110.08,,,,,,Swastika Investmart Ltd.,2024-11-23,2025-01-22,https://www.screener.in/company/UHTL/,https://www.tradingview.com/chart/?symbol=NSE%3AUHTL,0.63,204.0,67.74,ESM Stage I,,"SME LT-ASM risk: +130% in 3 months (criterion: ≥±90%, indicative)",2026-08-10 (est. from band-lock),2026-11-08,Enhanced Surveillance Measure (ESM) - Stage I (NSE list 20-Aug-2026),"Trade-to-trade settlement, 100% margin, 5% daily band (2% if already there). No intraday.",mcap ₹204cr still < ₹500cr pool boundary; 3-month move now +130% (still hot); 5-session move +24%,"Exit when price/volatility criteria normalise on review, or mcap sustainably exceeds the ₹500cr micro-cap pool",False,2025-04-21,2026-05-29,52.0,2026-06-03,14,False,"Shree OSFM E-Mobility (2023-12): peaked +231%, +67% in 60d after its breakout | Sharp Chucks & Machines (2023-10): peaked +175%, +2% in 60d after its breakout | Nanta Tech (2025-12): peaked +196%, +19% in 60d after its breakout","Score 55/100 — structure 28/35, base 20/20, liquidity 0/15, institutions 11/15, lock-in 5/5, LM 1/5, momentum 5/5 • Reclaimed the pivot on session 1 and holds above — trend intact; manage, don't add • Tight base — held within 0.1% of listing close (the −10% cutoff was the grid-search optimum) • QIB 27x — decent institutional interest • ₹0.4cr/day turnover ≈ 0.6% of free float changing hands daily — sleepy float • 🚧 UNDER SURVEILLANCE: ESM Stage I — price band capped, 100% margin, liquidity dries (historical band-lock episodes: −5.8% median over next 60 sessions, 41% win) • ⚠ SME LT-ASM risk: +130% in 3 months (criterion: ≥±90%, indicative)"
Kaytex Fabrics Ltd.,SME,KAYTEX,NSE,INE13ZD01013,2025-08-05,RIDE,RIDE,55,58.75,55.0,-6.4,31.16,31.99,0.067496,,2,1.0,-67.36,,,,,,Socradamus Capital Pvt.Ltd.,2025-08-31,2025-10-30,https://www.screener.in/company/KAYTEX/,https://www.tradingview.com/chart/?symbol=NSE%3AKAYTEX,0.32,79.8,74.38,,,,,,,,,,False,,2026-08-20,0.0,,0,False,"Kalana Ispat (2024-09): peaked -17%, -11% in 60d after its breakout | Methodhub Software (2025-12): peaked -11%, -39% in 60d after its breakout | SSMD Agrotech India (2025-12): peaked -34%, -54% in 60d after its breakout","Score 55/100 — structure 35/35, base 0/20, liquidity 0/15, institutions 11/15, lock-in 5/5, LM 1/5, momentum 3/5 • Fresh close above the ₹55.0 pivot on session 1 — the walk-forward-validated entry • QIB 31x — decent institutional interest • ₹0.1cr/day turnover ≈ 0.3% of free float changing hands daily — sleepy float • Lead manager Socradamus Capital Pvt.Ltd.: 20% of 5 issues above issue today, LM score 38/100 • Discount listing (-70%) — historically the worst cohort"
Siddhi Cotspin Ltd.,SME,SIDDHICOTS,NSE,INE0SVO01019,2025-09-26,RIDE,RIDE,55,27.55,27.5,-0.2,17.53,2.62,0.011553,,2,1.0,-74.49,,,,,,Swastika Investmart Ltd.,,,https://www.screener.in/company/SIDDHICOTS/,https://www.tradingview.com/chart/?symbol=NSE%3ASIDDHICOTS,0.05,67.2,66.24,,,,,,,,,,False,,2026-08-20,0.0,,0,False,"Kalana Ispat (2024-09): peaked -17%, -11% in 60d after its breakout | SSMD Agrotech India (2025-12): peaked -34%, -54% in 60d after its breakout | Methodhub Software (2025-12): peaked -11%, -39% in 60d after its breakout","Score 55/100 — structure 35/35, base 0/20, liquidity 0/15, institutions 11/15, lock-in 5/5, LM 1/5, momentum 3/5 • Fresh close above the ₹27.5 pivot on session 1 — the walk-forward-validated entry • QIB 18x — decent institutional interest • ₹0.0cr/day turnover ≈ 0.1% of free float changing hands daily — sleepy float • Lead manager Swastika Investmart Ltd.: 17% of 12 issues above issue today, LM score 21/100 • Discount listing (-75%) — historically the worst cohort"
GRE Renew Enertech Ltd.,SME,GRERENEW,BSE,INE0U8P01015,2026-01-21,RIDE,RIDE,55,174.5,99.0,-43.3,14.69,11.93,0.4679403,-15.02,131,2.0,66.19,,,,,,Share India Capital Services Pvt.Ltd.,2026-02-18,2026-04-19,https://www.screener.in/company/544682/,https://www.tradingview.com/chart/?symbol=BSE%3A544682,0.61,251.0,69.99,,,,,,,,,,False,2026-04-01,2026-04-08,83.0,2026-07-16,4,False,"Clear Secured Services (2025-12): peaked +23%, -7% in 60d after its breakout | Onyx Biotec (2024-11): peaked +60%, -4% in 60d after its breakout | Shanti Spintex (2023-12): peaked +38%, -28% in 60d after its breakout","Score 55/100 — structure 28/35, base 6/20, liquidity 0/15, institutions 6/15, lock-in 5/5, LM 5/5, momentum 5/5 • Reclaimed the pivot on session 2 and holds above — trend intact; manage, don't add • Base gave up -15.0% vs listing close — looser than the −10% ideal; demands a smaller position • QIB 15x — thin institutional book (score-penalised, not disqualifying: stops manage the risk) • ₹0.5cr/day turnover ≈ 0.6% of free float changing hands daily — sleepy float • Lead manager Share India Capital Services Pvt.Ltd.: 62% of 16 issues above issue today, LM score 84/100"
Metalic Technoforge Ltd.,SME,METALIC,NSE,INE1II801013,2026-07-28,RIDE,RIDE,55,151.5,90.9,-40.0,4.58,6.29,4.772609777777777,-1.99,18,2.0,96.75,,,,,,Smart Horizon Capital Advisors Pvt.Ltd.,2026-08-23,2026-10-22,https://www.screener.in/company/METALIC/,https://www.tradingview.com/chart/?symbol=NSE%3AMETALIC,1.91,299.0,,ASM Short-Term Stage I,,ST-ASM trigger risk: +33% in 5 sessions (criterion: ≥25%),2026-08-20,2026-08-27,"NSE ASM Short-Term list, 20-Aug-2026",50–100% additional margin for a SHORT window.,5-session move +33%,Auto-exit after the 5- or 15-day window unless re-triggered (e.g. another +25%/5-session burst),True,,2026-07-30,15.0,,0,False,"OBSC Perfection (2024-10): peaked +821%, +65% in 60d after its breakout | Bai Kakaji Polymers (2025-12): peaked +48%, -11% in 60d after its breakout | Nanta Tech (2025-12): peaked +196%, +19% in 60d after its breakout","Score 55/100 — structure 28/35, base 20/20, liquidity 10/15, institutions 2/15, lock-in 0/5, LM 5/5, momentum 5/5 • Reclaimed the pivot on session 2 and holds above — trend intact; manage, don't add • Tight base — held within 2.0% of listing close (the −10% cutoff was the grid-search optimum) • QIB 5x — thin institutional book (score-penalised, not disqualifying: stops manage the risk) • ₹4.8cr/day turnover ≈ 1.9% of free float changing hands daily — healthy churn • ⚠ Anchor 30-day lock-in expires 2026-08-23 (3d) — historical median drift −2.4% into expiry; no fresh entries • 🚧 UNDER SURVEILLANCE: ASM Short-Term Stage I — price band capped, 100% margin, liquidity dries (historical band-lock episodes: −5.8% median over next 60 sessions, 41% win)"
Kronox Lab Sciences Ltd.,Mainboard,KRONOX,NSE,INE0ATZ01017,2024-06-10,WATCH,NEUTRAL,71,186.19,165.6,-11.1,89.03,82.62,8.4052562877,-9.75,544,54.0,36.9,,,,,,Pantomath Capital Advisors Pvt.Ltd.,,,https://www.screener.in/company/KRONOX/,https://www.tradingview.com/chart/?symbol=NSE%3AKRONOX,5.15,563.0,74.21,,,,,,,,,,False,2024-08-28,2026-08-20,0.0,2026-08-20,13,True,,"Score 71/100 — structure 8/35, base 20/20, liquidity 15/15, institutions 15/15, lock-in 5/5, LM 3/5, momentum 5/5 • Tight base — held within 9.8% of listing close (the −10% cutoff was the grid-search optimum) • QIB 89x — heavy institutional sponsorship (biggest historical tails came from this group) • ₹8.4cr/day turnover ≈ 5.2% of free float changing hands daily — crowded/manipulable, careful • 🔥 Volume thrust (≥5× avg) within the last 5 sessions (2026-08-20) — the institutional footprint that preceded most historical winners • Lead manager Pantomath Capital Advisors Pvt.Ltd.: 54% of 13 issues above issue today, LM score 47/100"
Emcure Pharmaceuticals Ltd.,Mainboard,EMCURE,NSE,INE168P01015,2024-07-10,WATCH,NEUTRAL,71,1881.4,1385.0,-26.4,191.24,48.13,30.814467606499992,-9.87,523,30.0,86.65,,,,,,Kotak Mahindra Capital Co.Ltd.,,,https://www.screener.in/company/EMCURE/,https://www.tradingview.com/chart/?symbol=NSE%3AEMCURE,0.38,35540.0,77.83,,,,,,,,,,False,2024-11-08,2026-01-01,155.0,2026-03-09,10,False,,"Score 71/100 — structure 8/35, base 20/20, liquidity 15/15, institutions 15/15, lock-in 5/5, LM 5/5, momentum 3/5 • Tight base — held within 9.9% of listing close (the −10% cutoff was the grid-search optimum) • QIB 191x — heavy institutional sponsorship (biggest historical tails came from this group) • ₹30.8cr/day turnover ≈ 0.4% of free float changing hands daily — sleepy float • Lead manager Kotak Mahindra Capital Co.Ltd.: 74% of 27 issues above issue today, LM score 73/100"
SBI Funds Management Ltd.,Mainboard,SBIFUNDS,NSE,INE640G01020,2026-07-21,WATCH,NEUTRAL,70,555.5,624.95,12.5,140.11,30.47,162.90875853250003,-9.77,23,,-3.22,,,,,,Kotak Mahindra Capital Co.Ltd.,2026-08-16,2026-10-15,https://www.screener.in/company/SBIFUNDS/,https://www.tradingview.com/chart/?symbol=NSE%3ASBIFUNDS,1.18,112830.0,88.19,,,,,,,,,,False,,,,,0,False,,"Score 70/100 — structure 10/35, base 20/20, liquidity 15/15, institutions 15/15, lock-in 5/5, LM 5/5, momentum 0/5 • Tight base — held within 9.8% of listing close (the −10% cutoff was the grid-search optimum) • QIB 140x — heavy institutional sponsorship (biggest historical tails came from this group) • ₹162.9cr/day turnover ≈ 1.2% of free float changing hands daily — healthy churn • Lead manager Kotak Mahindra Capital Co.Ltd.: 74% of 27 issues above issue today, LM score 73/100 • Listed +7% — the historical sweet-spot band"
India Shelter Finance Corp.Ltd.,Mainboard,INDIASHLTR,NSE,INE922K01024,2023-12-20,WATCH,NEUTRAL,69,675.3,630.0,-6.7,94.29,27.12,12.26694081275,-4.69,657,29.0,36.98,,,,,,ICICI Securities Ltd.,2024-01-17,2024-03-17,https://www.screener.in/company/INDIASHLTR/,https://www.tradingview.com/chart/?symbol=NSE%3AINDIASHLTR,0.3,7265.0,46.05,,,,,,,,,,False,2024-04-12,2025-02-04,379.0,2026-06-12,10,False,,"Score 69/100 — structure 8/35, base 20/20, liquidity 15/15, institutions 15/15, lock-in 5/5, LM 3/5, momentum 3/5 • Tight base — held within 4.7% of listing close (the −10% cutoff was the grid-search optimum) • QIB 94x — heavy institutional sponsorship (biggest historical tails came from this group) • ₹12.3cr/day turnover ≈ 0.3% of free float changing hands daily — sleepy float • Lead manager ICICI Securities Ltd.: 63% of 38 issues above issue today, LM score 64/100"
ASK Automotive Ltd.,Mainboard,ASKAUTOLTD,NSE,INE491J01022,2023-11-15,WATCH,NEUTRAL,67,643.85,316.7,-50.8,142.41,36.03,113.58227877525,-12.48,681,52.0,128.32,,,,,,JM Financial Ltd.,2023-12-10,2024-02-08,https://www.screener.in/company/ASKAUTOLTD/,https://www.tradingview.com/chart/?symbol=NSE%3AASKAUTOLTD,3.63,12588.0,74.95,,,,,,,,,,False,2024-02-01,2024-06-13,540.0,2026-08-06,16,False,,"Score 67/100 — structure 8/35, base 14/20, liquidity 15/15, institutions 15/15, lock-in 5/5, LM 5/5, momentum 5/5 • Base gave up -12.5% vs listing close — looser than the −10% ideal; demands a smaller position • QIB 142x — heavy institutional sponsorship (biggest historical tails came from this group) • ₹113.6cr/day turnover ≈ 3.6% of free float changing hands daily — healthy churn • Lead manager JM Financial Ltd.: 69% of 26 issues above issue today, LM score 71/100"
Happy Forgings Ltd.,Mainboard,HAPPYFORGE,NSE,INE330T01021,2023-12-27,WATCH,NEUTRAL,67,2328.2,1087.4,-53.3,214.65,57.89,27.512963354,-10.97,653,97.0,173.91,,,,,,JM Financial Ltd.,2024-01-21,2024-03-21,https://www.screener.in/company/HAPPYFORGE/,https://www.tradingview.com/chart/?symbol=NSE%3AHAPPYFORGE,0.7,21361.0,78.46,,,,,,,,,,True,2024-04-16,2026-02-03,134.0,2026-08-04,15,False,,"Score 67/100 — structure 8/35, base 14/20, liquidity 15/15, institutions 15/15, lock-in 5/5, LM 5/5, momentum 5/5 • Base gave up -11.0% vs listing close — looser than the −10% ideal; demands a smaller position • QIB 215x — heavy institutional sponsorship (biggest historical tails came from this group) • ₹27.5cr/day turnover ≈ 0.7% of free float changing hands daily — sleepy float • Lead manager JM Financial Ltd.: 69% of 26 issues above issue today, LM score 71/100"
Tenneco Clean Air India Ltd.,Mainboard,TENNIND,NSE,INE19RI01016,2025-11-19,WATCH,NEUTRAL,67,568.6,517.0,-9.1,174.78,43.47,228.51785780725,-10.75,186,31.0,43.22,,,,,,JM Financial Ltd.,2025-12-16,2026-02-14,https://www.screener.in/company/TENNIND/,https://www.tradingview.com/chart/?symbol=NSE%3ATENNIND,4.18,22220.0,74.79,,,,,,,,,,False,2026-04-29,2026-04-01,96.0,2026-08-12,4,False,,"Score 67/100 — structure 8/35, base 14/20, liquidity 15/15, institutions 15/15, lock-in 5/5, LM 5/5, momentum 5/5 • Base gave up -10.8% vs listing close — looser than the −10% ideal; demands a smaller position • QIB 175x — heavy institutional sponsorship (biggest historical tails came from this group) • ₹228.5cr/day turnover ≈ 4.2% of free float changing hands daily — crowded/manipulable, careful • Lead manager JM Financial Ltd.: 69% of 26 issues above issue today, LM score 71/100"
LAPL Automotive Ltd.,SME,LAPL,BSE,INE0X9I01023,2026-08-13,WATCH,NEUTRAL,67,112.83,139.0,23.2,200.23,241.38,7.3641452,-14.4,6,,20.03,,,,,,GYR Capital Advisors Pvt.Ltd.,2026-09-12,2026-11-11,https://www.screener.in/company/544863/,https://www.tradingview.com/chart/?symbol=BSE%3A544863,15.5,153.0,70.18,,,,,,,,,,False,,,,,0,False,,"Score 67/100 — structure 10/35, base 14/20, liquidity 15/15, institutions 15/15, lock-in 5/5, LM 5/5, momentum 3/5 • Base gave up -14.4% vs listing close — looser than the −10% ideal; demands a smaller position • QIB 200x — heavy institutional sponsorship (biggest historical tails came from this group) • ₹7.4cr/day turnover ≈ 15.5% of free float changing hands daily — crowded/manipulable, careful • Lead manager GYR Capital Advisors Pvt.Ltd.: 57% of 49 issues above issue today, LM score 72/100 • Listed +44% — the historical sweet-spot band"
Aeroflex Industries Ltd.,Mainboard,AEROFLEX,NSE,INE024001021,2023-08-31,WATCH,NEUTRAL,65,475.3,196.35,-58.7,194.73,69.39,71.66359191699999,-12.77,731,250.0,340.09,,,,,,Pantomath Capital Advisors Pvt.Ltd.,2023-09-28,2023-11-27,https://www.screener.in/company/AEROFLEX/,https://www.tradingview.com/chart/?symbol=NSE%3AAEROFLEX,3.51,6429.0,65.47,,,,,,,,,,False,2023-10-18,2026-02-17,124.0,2026-05-07,18,False,,"Score 65/100 — structure 8/35, base 14/20, liquidity 15/15, institutions 15/15, lock-in 5/5, LM 3/5, momentum 5/5 • Base gave up -12.8% vs listing close — looser than the −10% ideal; demands a smaller position • QIB 195x — heavy institutional sponsorship (biggest historical tails came from this group) • ₹71.7cr/day turnover ≈ 3.5% of free float changing hands daily — healthy churn • Lead manager Pantomath Capital Advisors Pvt.Ltd.: 54% of 13 issues above issue today, LM score 47/100"
Alpex Solar Ltd.,SME,ALPEXSOLAR,NSE,INE0R4701017,2024-02-15,WATCH,NEUTRAL,65,828.95,830.0,0.1,141.48,223.56,5.1982345,-9.83,16,2.0,620.83,,,,,,Corporate Capitalventures Pvt.Ltd.,2024-03-14,2024-05-13,https://www.screener.in/company/ALPEXSOLAR/,https://www.tradingview.com/chart/?symbol=NSE%3AALPEXSOLAR,0.73,2226.0,65.9,,,,,,,,,,False,2026-08-18,2026-08-18,2.0,2026-08-18,1,True,,"Score 65/100 — structure 0/35, base 20/20, liquidity 15/15, institutions 15/15, lock-in 5/5, LM 5/5, momentum 5/5 • Tight base — held within 9.8% of listing close (the −10% cutoff was the grid-search optimum) • QIB 141x — heavy institutional sponsorship (biggest historical tails came from this group) • ₹5.2cr/day turnover ≈ 0.7% of free float changing hands daily — sleepy float • 🔥 Volume thrust (≥5× avg) within the last 5 sessions (2026-08-18) — the institutional footprint that preceded most historical winners • Lead manager Corporate Capitalventures Pvt.Ltd.: 73% of 11 issues above issue today, LM score 83/100 • Mega-pop (+622%) — day-1 buyers are extended; base needs extra proof"
Ardee Industries Ltd.,Mainboard,ARDEE,NSE,INE0XNF01022,2026-08-12,WATCH,NEUTRAL,65,61.48,73.19,19.0,202.26,96.6,203.25725295685717,-12.7,7,,16.0,,,,,,Pantomath Capital Advisors Pvt.Ltd.,2026-09-08,2026-11-07,https://www.screener.in/company/ARDEE/,https://www.tradingview.com/chart/?symbol=NSE%3AARDEE,29.8,1865.0,67.62,,,,,,,,,,False,,,,,0,False,,"Score 65/100 — structure 10/35, base 14/20, liquidity 15/15, institutions 15/15, lock-in 5/5, LM 3/5, momentum 3/5 • Base gave up -12.7% vs listing close — looser than the −10% ideal; demands a smaller position • QIB 202x — heavy institutional sponsorship (biggest historical tails came from this group) • ₹203.3cr/day turnover ≈ 29.8% of free float changing hands daily — crowded/manipulable, careful • Lead manager Pantomath Capital Advisors Pvt.Ltd.: 54% of 13 issues above issue today, LM score 47/100 • Listed +36% — the historical sweet-spot band"
Hyundai Motor India Ltd.,Mainboard,HYUNDAI,NSE,INE0V6F01027,2024-10-22,WATCH,NEUTRAL,64,2227.0,1970.0,-11.5,6.97,1.93,193.5113511825,-7.2,452,163.0,13.62,,,,,,Kotak Mahindra Capital Co.Ltd.,2024-11-17,2025-01-16,https://www.screener.in/company/HYUNDAI/,https://www.tradingview.com/chart/?symbol=NSE%3AHYUNDAI,0.63,177938.0,82.5,,,,,,,,,,False,2025-01-17,2026-07-27,18.0,2026-07-31,8,False,,"Score 64/100 — structure 8/35, base 20/20, liquidity 15/15, institutions 6/15, lock-in 5/5, LM 5/5, momentum 5/5 • Tight base — held within 7.2% of listing close (the −10% cutoff was the grid-search optimum) • QIB 7x — thin institutional book (score-penalised, not disqualifying: stops manage the risk) • ₹193.5cr/day turnover ≈ 0.6% of free float changing hands daily — sleepy float • Lead manager Kotak Mahindra Capital Co.Ltd.: 74% of 27 issues above issue today, LM score 73/100"
Inox India Ltd.,Mainboard,INOXINDIA,NSE,INE616N01034,2023-12-21,WATCH,NEUTRAL,63,1923.6,990.0,-48.5,147.8,42.84,29.920193327500005,-14.72,656,30.0,191.45,,,,,,ICICI Securities Ltd.,2024-01-18,2024-03-18,https://www.screener.in/company/INOXINDIA/,https://www.tradingview.com/chart/?symbol=NSE%3AINOXINDIA,0.68,17779.0,74.86,,,,,,,,,,False,2024-02-06,2025-05-12,317.0,2026-06-10,13,False,,"Score 63/100 — structure 8/35, base 14/20, liquidity 15/15, institutions 15/15, lock-in 5/5, LM 3/5, momentum 3/5 • Base gave up -14.7% vs listing close — looser than the −10% ideal; demands a smaller position • QIB 148x — heavy institutional sponsorship (biggest historical tails came from this group) • ₹29.9cr/day turnover ≈ 0.7% of free float changing hands daily — sleepy float • Lead manager ICICI Securities Ltd.: 63% of 38 issues above issue today, LM score 64/100"
Bansal Wire Industries Ltd.,Mainboard,BANSALWIRE,NSE,INE0B9K01025,2024-07-10,WATCH,NEUTRAL,63,322.75,372.0,15.3,153.86,44.08,5.091988272500001,-7.21,523,16.0,26.07,,,,,,SBI Capital Markets Ltd.,,,https://www.screener.in/company/BANSALWIRE/,https://www.tradingview.com/chart/?symbol=NSE%3ABANSALWIRE,0.4,5065.0,75.0,,,,,,,,,,False,2024-11-12,2025-08-19,247.0,2026-06-29,12,False,,"Score 63/100 — structure 0/35, base 20/20, liquidity 15/15, institutions 15/15, lock-in 5/5, LM 3/5, momentum 5/5 • Tight base — held within 7.2% of listing close (the −10% cutoff was the grid-search optimum) • QIB 154x — heavy institutional sponsorship (biggest historical tails came from this group) • ₹5.1cr/day turnover ≈ 0.4% of free float changing hands daily — sleepy float • Lead manager SBI Capital Markets Ltd.: 50% of 6 issues above issue today, LM score 61/100"
Akums Drugs & Pharmaceuticals Ltd.,Mainboard,AKUMS,NSE,INE09XN01023,2024-08-06,WATCH,NEUTRAL,63,752.9,797.5,5.9,90.09,35.54,27.60643363225001,-1.64,505,2.0,10.88,,,,,,ICICI Securities Ltd.,,,https://www.screener.in/company/AKUMS/,https://www.tradingview.com/chart/?symbol=NSE%3AAKUMS,0.97,11706.0,75.26,,,,,,,,,,False,2024-11-12,2024-08-08,502.0,2026-08-10,13,False,,"Score 63/100 — structure 0/35, base 20/20, liquidity 15/15, institutions 15/15, lock-in 5/5, LM 3/5, momentum 5/5 • Tight base — held within 1.6% of listing close (the −10% cutoff was the grid-search optimum) • QIB 90x — heavy institutional sponsorship (biggest historical tails came from this group) • ₹27.6cr/day turnover ≈ 1.0% of free float changing hands daily — healthy churn • Lead manager ICICI Securities Ltd.: 63% of 38 issues above issue today, LM score 64/100"
Shreeji Shipping Global Ltd.,Mainboard,SHREEJISPG,NSE,INE1B6101010,2025-08-26,WATCH,NEUTRAL,63,613.35,275.0,-55.2,110.41,40.85,62.36555482850001,-12.98,243,52.0,143.39,,,,,,Beeline Capital Advisors Pvt.Ltd.,2025-09-20,2025-11-19,https://www.screener.in/company/SHREEJISPG/,https://www.tradingview.com/chart/?symbol=NSE%3ASHREEJISPG,6.0,10203.0,90.0,,,,,,,,,,False,2025-10-30,2025-11-12,190.0,2025-12-24,3,False,,"Score 63/100 — structure 8/35, base 14/20, liquidity 15/15, institutions 15/15, lock-in 5/5, LM 3/5, momentum 3/5 • Base gave up -13.0% vs listing close — looser than the −10% ideal; demands a smaller position • QIB 110x — heavy institutional sponsorship (biggest historical tails came from this group) • ₹62.4cr/day turnover ≈ 6.0% of free float changing hands daily — crowded/manipulable, careful • Lead manager Beeline Capital Advisors Pvt.Ltd.: 53% of 57 issues above issue today, LM score 58/100"
ESAF Small Finance Bank Ltd.,Mainboard,ESAFSFB,NSE,INE818W01011,2023-11-10,WATCH,NEUTRAL,61,43.27,74.8,72.9,182.66,54.68,21.64525808145,-4.34,683,58.0,-27.88,,,,,,ICICI Securities Ltd.,2023-12-08,2024-02-06,https://www.screener.in/company/ESAFSFB/,https://www.tradingview.com/chart/?symbol=NSE%3AESAFSFB,2.83,2090.0,63.25,,,,,,,,,,False,2024-02-07,2024-02-07,624.0,2026-07-31,11,False,,"Score 61/100 — structure 0/35, base 20/20, liquidity 15/15, institutions 15/15, lock-in 5/5, LM 3/5, momentum 3/5 • Tight base — held within 4.3% of listing close (the −10% cutoff was the grid-search optimum) • QIB 183x — heavy institutional sponsorship (biggest historical tails came from this group) • ₹21.6cr/day turnover ≈ 2.8% of free float changing hands daily — healthy churn • Lead manager ICICI Securities Ltd.: 63% of 38 issues above issue today, LM score 64/100"
Ellenbarrie Industrial Gases Ltd.,Mainboard,ELLEN,NSE,INE236E01022,2025-07-01,WATCH,NEUTRAL,61,324.35,534.6,64.8,63.13,16.04,25.51733176025001,-7.29,282,2.0,-18.91,,,,,,Motilal Oswal Investment Advisors Ltd.,2025-07-26,2025-09-24,https://www.screener.in/company/ELLEN/,https://www.tradingview.com/chart/?symbol=NSE%3AELLEN,2.59,4572.0,77.15,,,,,,,,,,False,2025-11-13,2025-09-08,234.0,2026-08-12,9,False,,"Score 61/100 — structure 0/35, base 20/20, liquidity 15/15, institutions 15/15, lock-in 5/5, LM 3/5, momentum 3/5 • Tight base — held within 7.3% of listing close (the −10% cutoff was the grid-search optimum) • QIB 63x — heavy institutional sponsorship (biggest historical tails came from this group) • ₹25.5cr/day turnover ≈ 2.6% of free float changing hands daily — healthy churn • Lead manager Motilal Oswal Investment Advisors Ltd.: 56% of 9 issues above issue today, LM score 56/100"
Ather Energy Ltd.,Mainboard,ATHERENERG,NSE,INE0LEZ01016,2025-05-06,WATCH,NEUTRAL,60,1449.6,333.0,-77.0,1.76,1.26,631.9111196020001,-4.68,322,36.0,351.59,,,,,,Axis Capital Ltd.,2025-06-02,2025-07-30,https://www.screener.in/company/ATHERENERG/,https://www.tradingview.com/chart/?symbol=NSE%3AATHERENERG,1.87,57840.0,39.58,,,,,,,,,,False,2025-06-25,2025-07-25,263.0,2026-08-04,6,False,,"Score 60/100 — structure 8/35, base 20/20, liquidity 15/15, institutions 2/15, lock-in 5/5, LM 5/5, momentum 5/5 • Tight base — held within 4.7% of listing close (the −10% cutoff was the grid-search optimum) • QIB 2x — thin institutional book (score-penalised, not disqualifying: stops manage the risk) • ₹631.9cr/day turnover ≈ 1.9% of free float changing hands daily — healthy churn • Lead manager Axis Capital Ltd.: 82% of 22 issues above issue today, LM score 81/100"
Park Medi World Ltd.,Mainboard,PARKHOSPS,NSE,INE119201023,2025-12-17,WATCH,NEUTRAL,60,272.6,165.87,-39.2,12.07,6.25,17.717360983,-6.66,166,36.0,68.27,,,,,,Nuvama Wealth Management Ltd.,2026-01-13,2026-03-14,https://www.screener.in/company/PARKHOSPS/,https://www.tradingview.com/chart/?symbol=NSE%3APARKHOSPS,0.84,11962.0,82.89,,,,,,,,,,False,2026-02-10,2026-02-10,129.0,2026-07-17,2,False,,"Score 60/100 — structure 8/35, base 20/20, liquidity 15/15, institutions 6/15, lock-in 5/5, LM 3/5, momentum 3/5 • Tight base — held within 6.7% of listing close (the −10% cutoff was the grid-search optimum) • QIB 12x — thin institutional book (score-penalised, not disqualifying: stops manage the risk) • ₹17.7cr/day turnover ≈ 0.8% of free float changing hands daily — healthy churn • Lead manager Nuvama Wealth Management Ltd.: 50% of 10 issues above issue today, LM score 45/100"
Greenhitech Ventures Ltd.,SME,GVL,BSE,INE0S0701019,2024-04-22,WATCH,NEUTRAL,59,40.0,40.95,2.4,,770.71,0.0318708571428571,-9.7,7,,-20.0,,,,,,Beeline Capital Advisors Pvt.Ltd.,,,https://www.screener.in/company/544163/,https://www.tradingview.com/chart/?symbol=BSE%3A544163,0.14,52.0,56.35,,,,,,,,,,False,,,,,0,False,,"Score 59/100 — structure 20/35, base 20/20, liquidity 0/15, institutions 8/15, lock-in 5/5, LM 3/5, momentum 3/5 • Basing 2.4% below the ₹41.0 pivot at 7 sessions — trigger is a daily close above it inside session 25 • Tight base — held within 9.7% of listing close (the −10% cutoff was the grid-search optimum) • ₹0.0cr/day turnover ≈ 0.1% of free float changing hands daily — sleepy float • Lead manager Beeline Capital Advisors Pvt.Ltd.: 53% of 57 issues above issue today, LM score 58/100 • Discount listing (-18%) — historically the worst cohort"
Urban Co.Ltd.,Mainboard,URBANCO,NSE,INE0CAZ01013,2025-09-17,WATCH,NEUTRAL,59,145.49,179.0,23.0,147.35,60.14,161.57813287579998,-12.98,228,2.0,41.25,,,,,,Kotak Mahindra Capital Co.Ltd.,2025-10-16,2025-12-14,https://www.screener.in/company/URBANCO/,https://www.tradingview.com/chart/?symbol=NSE%3AURBANCO,0.89,22365.0,19.02,,,,,,,,,,False,2026-02-26,2025-09-19,225.0,2026-08-03,5,False,,"Score 59/100 — structure 0/35, base 14/20, liquidity 15/15, institutions 15/15, lock-in 5/5, LM 5/5, momentum 5/5 • Base gave up -13.0% vs listing close — looser than the −10% ideal; demands a smaller position • QIB 147x — heavy institutional sponsorship (biggest historical tails came from this group) • ₹161.6cr/day turnover ≈ 0.9% of free float changing hands daily — healthy churn • Lead manager Kotak Mahindra Capital Co.Ltd.: 74% of 27 issues above issue today, LM score 73/100"
G.V.Electricals Ltd.,SME,GVELECTRIC,BSE,INE1ZGR01024,2026-08-12,WATCH,NEUTRAL,59,145.65,165.9,13.9,91.55,141.12,6.894944285714285,-19.9,7,,12.04,,,,,,Seren Capital Pvt.Ltd.,2026-09-13,2026-11-11,https://www.screener.in/company/544859/,https://www.tradingview.com/chart/?symbol=BSE%3A544859,4.02,169.0,,,,,,,,,,,False,,,,,0,False,,"Score 59/100 — structure 10/35, base 6/20, liquidity 15/15, institutions 15/15, lock-in 5/5, LM 5/5, momentum 3/5 • Base gave up -19.9% vs listing close — looser than the −10% ideal; demands a smaller position • QIB 92x — heavy institutional sponsorship (biggest historical tails came from this group) • ₹6.9cr/day turnover ≈ 4.0% of free float changing hands daily — crowded/manipulable, careful • Lead manager Seren Capital Pvt.Ltd.: 75% of 8 issues above issue today, LM score 73/100 • Listed +22% — the historical sweet-spot band"
Fedbank Financial Services Ltd.,Mainboard,FEDFINA,NSE,INE007N01010,2023-11-30,WATCH,NEUTRAL,58,154.03,148.25,-3.8,3.48,1.85,13.563972131600002,-3.74,671,439.0,10.02,,,,,,ICICI Securities Ltd.,2023-12-28,2024-02-26,https://www.screener.in/company/FEDFINA/,https://www.tradingview.com/chart/?symbol=NSE%3AFEDFINA,0.61,5669.0,60.67,,,,,,,,,,False,2024-03-14,2026-06-30,37.0,2026-07-15,14,False,,"Score 58/100 — structure 8/35, base 20/20, liquidity 15/15, institutions 2/15, lock-in 5/5, LM 3/5, momentum 5/5 • Tight base — held within 3.7% of listing close (the −10% cutoff was the grid-search optimum) • QIB 3x — thin institutional book (score-penalised, not disqualifying: stops manage the risk) • ₹13.6cr/day turnover ≈ 0.6% of free float changing hands daily — sleepy float • Lead manager ICICI Securities Ltd.: 63% of 38 issues above issue today, LM score 64/100"
Schloss Bangalore Ltd.,Mainboard,THELEELA,NSE,INE0AQ201015,2025-06-02,WATCH,NEUTRAL,58,539.7,438.9,-18.7,7.82,3.05,34.835140753750004,-12.18,303,32.0,24.07,,,,,,JM Financial Ltd.,2025-06-27,2025-08-26,https://www.screener.in/company/THELEELA/,https://www.tradingview.com/chart/?symbol=NSE%3ATHELEELA,0.85,17362.0,75.91,,,,,,,,,,True,2025-09-15,2026-06-15,47.0,2026-08-03,10,False,,"Score 58/100 — structure 8/35, base 14/20, liquidity 15/15, institutions 6/15, lock-in 5/5, LM 5/5, momentum 5/5 • Base gave up -12.2% vs listing close — looser than the −10% ideal; demands a smaller position • QIB 8x — thin institutional book (score-penalised, not disqualifying: stops manage the risk) • ₹34.8cr/day turnover ≈ 0.8% of free float changing hands daily — healthy churn • Lead manager JM Financial Ltd.: 69% of 26 issues above issue today, LM score 71/100"
WeWork India Management Ltd.,Mainboard,WEWORK,NSE,INE085001019,2025-10-10,WATCH,NEUTRAL,58,688.15,650.15,-5.5,1.79,1.09,18.245813754750003,-6.07,212,166.0,6.2,,,,,,JM Financial Ltd.,2025-11-06,2026-01-05,https://www.screener.in/company/WEWORK/,https://www.tradingview.com/chart/?symbol=NSE%3AWEWORK,0.35,9660.0,48.3,,,,,,,,,,False,2026-01-27,2026-06-30,37.0,2026-07-17,6,False,,"Score 58/100 — structure 8/35, base 20/20, liquidity 15/15, institutions 2/15, lock-in 5/5, LM 5/5, momentum 3/5 • Tight base — held within 6.1% of listing close (the −10% cutoff was the grid-search optimum) • QIB 2x — thin institutional book (score-penalised, not disqualifying: stops manage the risk) • ₹18.2cr/day turnover ≈ 0.3% of free float changing hands daily — sleepy float • Lead manager JM Financial Ltd.: 69% of 26 issues above issue today, LM score 71/100"
Gujarat Kidney & Super Speciality Ltd.,Mainboard,GKSL,NSE,INE0V0W01025,2025-12-30,WATCH,NEUTRAL,58,156.41,123.0,-21.4,1.06,3.42,10.21966135445,-5.91,158,80.0,37.2,,,,,,Nirbhay Capital Services Pvt.Ltd.,2026-01-24,2026-03-25,https://www.screener.in/company/GKSL/,https://www.tradingview.com/chart/?symbol=NSE%3AGKSL,3.1,1212.0,71.45,,,,,,,,,,False,2026-04-29,2026-05-06,74.0,2026-08-18,4,True,,"Score 58/100 — structure 8/35, base 20/20, liquidity 15/15, institutions 2/15, lock-in 5/5, LM 3/5, momentum 5/5 • Tight base — held within 5.9% of listing close (the −10% cutoff was the grid-search optimum) • QIB 1x — thin institutional book (score-penalised, not disqualifying: stops manage the risk) • ₹10.2cr/day turnover ≈ 3.1% of free float changing hands daily — healthy churn • 🔥 Volume thrust (≥5× avg) within the last 5 sessions (2026-08-18) — the institutional footprint that preceded most historical winners • Lead manager Nirbhay Capital Services Pvt.Ltd.: 40% of 5 issues above issue today, LM score 45/100"
SBFC Finance Ltd.,Mainboard,SBFC,NSE,INE423Y01016,2023-08-16,WATCH,NEUTRAL,57,93.99,95.45,1.6,203.61,52.23,15.1190446584,-10.95,742,270.0,64.89,,,,,,ICICI Securities Ltd.,2023-09-09,2023-11-08,https://www.screener.in/company/SBFC/,https://www.tradingview.com/chart/?symbol=NSE%3ASBFC,0.31,10379.0,52.31,,,,,,,,,,False,2023-11-13,2026-05-07,73.0,2026-03-17,14,False,,"Score 57/100 — structure 0/35, base 14/20, liquidity 15/15, institutions 15/15, lock-in 5/5, LM 3/5, momentum 5/5 • Base gave up -10.9% vs listing close — looser than the −10% ideal; demands a smaller position • QIB 204x — heavy institutional sponsorship (biggest historical tails came from this group) • ₹15.1cr/day turnover ≈ 0.3% of free float changing hands daily — sleepy float • Lead manager ICICI Securities Ltd.: 63% of 38 issues above issue today, LM score 64/100"
Italian Edibles Ltd.,SME,ITALIANE,NSE,INE0R7R01018,2024-02-12,WATCH,NEUTRAL,57,32.05,33.85,5.6,,155.5,0.0175645454545454,0.0,11,,-52.87,,,,,,First Overseas Capital Ltd.,,,https://www.screener.in/company/ITALIANE/,https://www.tradingview.com/chart/?symbol=NSE%3AITALIANE,0.14,45.1,73.47,,,,,,,,,,False,,,,,0,False,,"Score 57/100 — structure 20/35, base 20/20, liquidity 0/15, institutions 8/15, lock-in 5/5, LM 1/5, momentum 3/5 • Basing 5.6% below the ₹33.9 pivot at 11 sessions — trigger is a daily close above it inside session 25 • Tight base — held within 0.0% of listing close (the −10% cutoff was the grid-search optimum) • ₹0.0cr/day turnover ≈ 0.1% of free float changing hands daily — sleepy float • Lead manager First Overseas Capital Ltd.: 12% of 8 issues above issue today, LM score 8/100 • Discount listing (-55%) — historically the worst cohort"
Zenith Drugs Ltd.,SME,ZENITHDRUG,NSE,INE0QWN01013,2024-02-27,WATCH,NEUTRAL,57,44.0,47.9,8.9,106.72,124.58,0.0746962666666666,-12.73,15,,-44.3,,,,,,Gretex Corporate Services Ltd.,2024-03-24,2024-05-23,https://www.screener.in/company/ZENITHDRUG/,https://www.tradingview.com/chart/?symbol=NSE%3AZENITHDRUG,0.34,76.6,69.98,,,,,,,,,,False,2026-08-07,,,2026-08-10,2,False,,"Score 57/100 — structure 20/35, base 14/20, liquidity 0/15, institutions 15/15, lock-in 5/5, LM 3/5, momentum 0/5 • Basing 8.9% below the ₹47.9 pivot at 15 sessions — trigger is a daily close above it inside session 25 • Base gave up -12.7% vs listing close — looser than the −10% ideal; demands a smaller position • QIB 107x — heavy institutional sponsorship (biggest historical tails came from this group) • ₹0.1cr/day turnover ≈ 0.3% of free float changing hands daily — sleepy float • Lead manager Gretex Corporate Services Ltd.: 41% of 22 issues above issue today, LM score 48/100 • Discount listing (-39%) — historically the worst cohort"
Senores Pharmaceuticals Ltd.,Mainboard,SENORES,NSE,INE0RB801010,2024-12-30,WATCH,NEUTRAL,57,1513.3,609.65,-59.7,97.84,54.02,39.89929149299999,-21.87,406,54.0,287.03,,,,,,Equirus Capital Ltd.,2025-01-24,2025-03-25,https://www.screener.in/company/SENORES/,https://www.tradingview.com/chart/?symbol=NSE%3ASENORES,1.15,7078.0,45.82,,,,,,,,,,False,2025-02-06,2025-07-24,264.0,2026-05-18,6,False,,"Score 57/100 — structure 8/35, base 6/20, liquidity 15/15, institutions 15/15, lock-in 5/5, LM 3/5, momentum 5/5 • Base gave up -21.9% vs listing close — looser than the −10% ideal; demands a smaller position • QIB 98x — heavy institutional sponsorship (biggest historical tails came from this group) • ₹39.9cr/day turnover ≈ 1.1% of free float changing hands daily — healthy churn • Lead manager Equirus Capital Ltd.: 44% of 9 issues above issue today, LM score 50/100"
Canara Robeco Asset Management Co.Ltd.,Mainboard,CRAMC,NSE,INE218I01013,2025-10-16,WATCH,NEUTRAL,57,264.3,318.0,20.3,25.92,7.09,8.79218792485,-5.56,208,4.0,-0.64,,,,,,SBI Capital Markets Ltd.,2025-11-12,2026-01-11,https://www.screener.in/company/CRAMC/,https://www.tradingview.com/chart/?symbol=NSE%3ACRAMC,0.68,5072.0,75.0,,,,,,,,,,False,2025-12-18,2025-11-07,193.0,2026-07-22,2,False,,"Score 57/100 — structure 0/35, base 20/20, liquidity 15/15, institutions 11/15, lock-in 5/5, LM 3/5, momentum 3/5 • Tight base — held within 5.6% of listing close (the −10% cutoff was the grid-search optimum) • QIB 26x — decent institutional interest • ₹8.8cr/day turnover ≈ 0.7% of free float changing hands daily — sleepy float • Lead manager SBI Capital Markets Ltd.: 50% of 6 issues above issue today, LM score 61/100"
Jiwanram Sheoduttrai Industries Ltd.,SME,JIWANRAM,NSE,INE0N5H01017,2023-09-18,WATCH,NEUTRAL,56,4.75,5.0,5.3,,109.34,0.008289,-5.1,10,,-79.35,,,,,,Affinity Global Capital Market Pvt.Ltd.,,,https://www.screener.in/company/JIWANRAM/,https://www.tradingview.com/chart/?symbol=NSE%3AJIWANRAM,0.19,12.1,64.04,,,,,,,,,,False,,,,,0,False,,"Score 56/100 — structure 20/35, base 20/20, liquidity 0/15, institutions 8/15, lock-in 5/5, LM 3/5, momentum 0/5 • Basing 5.3% below the ₹5.0 pivot at 10 sessions — trigger is a daily close above it inside session 25 • Tight base — held within 5.1% of listing close (the −10% cutoff was the grid-search optimum) • ₹0.0cr/day turnover ≈ 0.2% of free float changing hands daily — sleepy float • Lead manager Affinity Global Capital Market Pvt.Ltd.: 38% of 8 issues above issue today, LM score 41/100 • Discount listing (-78%) — historically the worst cohort"
IRM Energy Ltd.,Mainboard,IRMENERGY,NSE,INE07U701015,2023-10-26,WATCH,NEUTRAL,55,285.6,483.7,69.4,44.73,19.3,5.383158229,-8.05,694,24.0,-43.45,,,,,,HDFC Bank Ltd.,2023-11-26,2024-01-25,https://www.screener.in/company/IRMENERGY/,https://www.tradingview.com/chart/?symbol=NSE%3AIRMENERGY,0.91,1175.0,50.74,,,,,,,,,,False,2023-12-22,2024-04-19,577.0,2026-08-07,23,False,,"Score 55/100 — structure 0/35, base 20/20, liquidity 15/15, institutions 11/15, lock-in 5/5, LM 1/5, momentum 3/5 • Tight base — held within 8.1% of listing close (the −10% cutoff was the grid-search optimum) • QIB 45x — decent institutional interest • ₹5.4cr/day turnover ≈ 0.9% of free float changing hands daily — healthy churn"
Sai Life Sciences Ltd.,Mainboard,SAILIFE,NSE,INE570L01029,2024-12-18,WATCH,NEUTRAL,55,1471.6,780.0,-47.0,29.78,7.5,78.65225240950001,-15.39,413,132.0,168.05,,,,,,Kotak Mahindra Capital Co.Ltd.,2025-01-14,2025-03-15,https://www.screener.in/company/SAILIFE/,https://www.tradingview.com/chart/?symbol=NSE%3ASAILIFE,0.4,30581.0,34.53,,,,,,,,,,True,2025-04-15,2025-07-02,280.0,2026-08-10,11,False,,"Score 55/100 — structure 8/35, base 6/20, liquidity 15/15, institutions 11/15, lock-in 5/5, LM 5/5, momentum 5/5 • Base gave up -15.4% vs listing close — looser than the −10% ideal; demands a smaller position • QIB 30x — decent institutional interest • ₹78.7cr/day turnover ≈ 0.4% of free float changing hands daily — sleepy float • Lead manager Kotak Mahindra Capital Co.Ltd.: 74% of 27 issues above issue today, LM score 73/100"
Unimech Aerospace & Manufacturing Ltd.,Mainboard,UNIMECH,NSE,INE0U3I01011,2024-12-31,WATCH,NEUTRAL,55,1508.3,1485.0,-1.5,334.68,128.02,35.97172225550001,-18.23,405,400.0,92.14,,,,,,Anand Rathi Advisors Ltd.,2025-01-25,2025-03-26,https://www.screener.in/company/UNIMECH/,https://www.tradingview.com/chart/?symbol=NSE%3AUNIMECH,2.49,7778.0,79.82,,,,,,,,,,False,2025-05-28,2026-08-14,4.0,2026-08-04,8,False,,"Score 55/100 — structure 8/35, base 6/20, liquidity 15/15, institutions 15/15, lock-in 5/5, LM 1/5, momentum 5/5 • Base gave up -18.2% vs listing close — looser than the −10% ideal; demands a smaller position • QIB 335x — heavy institutional sponsorship (biggest historical tails came from this group) • ₹36.0cr/day turnover ≈ 2.5% of free float changing hands daily — healthy churn"
Airfloa Rail Technology Ltd.,SME,AIRFLOA,BSE,INE0XBS01012,2025-09-18,WATCH,NEUTRAL,55,389.75,398.0,2.1,214.65,210.19,7.1691725,,2,,178.39,,,,,,GYR Capital Advisors Pvt.Ltd.,2025-10-15,2025-12-15,https://www.screener.in/company/544516/,https://www.tradingview.com/chart/?symbol=BSE%3A544516,1.7,836.0,54.2,,,,,,,,,,False,,,,,0,False,,"Score 55/100 — structure 10/35, base 0/20, liquidity 15/15, institutions 15/15, lock-in 5/5, LM 5/5, momentum 5/5 • QIB 215x — heavy institutional sponsorship (biggest historical tails came from this group) • ₹7.2cr/day turnover ≈ 1.7% of free float changing hands daily — healthy churn • Lead manager GYR Capital Advisors Pvt.Ltd.: 57% of 49 issues above issue today, LM score 72/100 • Mega-pop (+157%) — day-1 buyers are extended; base needs extra proof"
Credent Connect N Care Ltd.,SME,CREDENT,NSE,INE1KPX01025,2026-08-20,WATCH,NEUTRAL,55,377.05,377.05,0.0,130.4,,91.968723,,1,,99.5,,,,,,Hem Securities Ltd.,2026-09-17,2026-11-16,,,,,,,,,,,,,,,False,,,,,0,False,,"Score 55/100 — structure 10/35, base 0/20, liquidity 15/15, institutions 15/15, lock-in 5/5, LM 5/5, momentum 5/5 • QIB 130x — heavy institutional sponsorship (biggest historical tails came from this group) • Lead manager Hem Securities Ltd.: 62% of 68 issues above issue today, LM score 72/100 • Mega-pop (+90%) — day-1 buyers are extended; base needs extra proof"
V R Infraspace Ltd.,SME,VR,NSE,INE0QQM01017,2024-03-12,WATCH,NEUTRAL,54,143.75,125.0,-13.0,,89.94,0.008479,0.0,8,1.0,69.12,,,,,,Beeline Capital Advisors Pvt.Ltd.,,,https://www.screener.in/company/VR/,https://www.tradingview.com/chart/?symbol=NSE%3AVR,0.02,128.0,72.97,ASM Short-Term Stage I,,,2026-08-11 (est. from band-lock),2026-08-18,"NSE ASM Short-Term list, 20-Aug-2026",50–100% additional margin for a SHORT window.,5-session move +4%,Auto-exit after the 5- or 15-day window unless re-triggered (e.g. another +25%/5-session burst),False,,2026-08-04,6.0,,0,False,,"Score 54/100 — structure 28/35, base 20/20, liquidity 0/15, institutions 8/15, lock-in 5/5, LM 3/5, momentum 5/5 • Reclaimed the pivot on session 1 and holds above — trend intact; manage, don't add • Tight base — held within 0.0% of listing close (the −10% cutoff was the grid-search optimum) • ₹0.0cr/day turnover ≈ 0.0% of free float changing hands daily — sleepy float • 🚧 UNDER SURVEILLANCE: ASM Short-Term Stage I — price band capped, 100% margin, liquidity dries (historical band-lock episodes: −5.8% median over next 60 sessions, 41% win) • Lead manager Beeline Capital Advisors Pvt.Ltd.: 53% of 57 issues above issue today, LM score 58/100 • Listed +47% — the historical sweet-spot band"
Avax Apparels & Ornaments Ltd.,SME,AVAX,BSE,INE0NQ401024,2025-01-14,WATCH,NEUTRAL,54,52.75,52.34,-0.8,,266.41,0.105726,,2,1.0,-24.64,,,,,,SKI Capital Services Ltd.,,,https://www.screener.in/company/544337/,https://www.tradingview.com/chart/?symbol=BSE%3A544337,0.51,41.4,51.98,,,,,,,,,,False,,2026-08-20,0.0,,0,False,,"Score 54/100 — structure 35/35, base 0/20, liquidity 0/15, institutions 8/15, lock-in 5/5, LM 3/5, momentum 3/5 • Fresh close above the ₹52.3 pivot on session 1 — the walk-forward-validated entry • ₹0.1cr/day turnover ≈ 0.5% of free float changing hands daily — sleepy float • Lead manager SKI Capital Services Ltd.: 40% of 5 issues above issue today, LM score 56/100 • Discount listing (-32%) — historically the worst cohort"
Turtlemint Fintech Solutions Ltd.,Mainboard,TURTLEMINT,NSE,INE0OC301013,2026-06-29,WATCH,NEUTRAL,54,144.6,144.95,0.2,1.63,1.17,33.4116743021,-18.44,39,35.0,-4.87,,,,,,ICICI Securities Ltd.,2026-07-23,2026-09-21,https://www.screener.in/company/TURTLEMINT/,https://www.tradingview.com/chart/?symbol=NSE%3ATURTLEMINT,0.91,4426.0,13.21,ASM Short-Term Stage I,,,2026-08-17,2026-08-24,"NSE ASM Short-Term list, 20-Aug-2026",50–100% additional margin for a SHORT window.,5-session move +2%,Auto-exit after the 5- or 15-day window unless re-triggered (e.g. another +25%/5-session burst),False,2026-08-17,2026-08-17,3.0,2026-08-17,1,True,,"Score 54/100 — structure 35/35, base 6/20, liquidity 15/15, institutions 2/15, lock-in 5/5, LM 3/5, momentum 3/5 • 🌙 LATE BLOOMER entry: fresh cross of the ₹144.9 pivot with a volume thrust — the Ather-class signal (study PF 3.05; EXPERIMENTAL — live replay has not yet confirmed this edge) • Base gave up -18.4% vs listing close — looser than the −10% ideal; demands a smaller position • QIB 2x — thin institutional book (score-penalised, not disqualifying: stops manage the risk) • ₹33.4cr/day turnover ≈ 0.9% of free float changing hands daily — healthy churn • 🔥 Volume thrust (≥5× avg) within the last 5 sessions (2026-08-17) — the institutional footprint that preceded most historical winners • 🚧 UNDER SURVEILLANCE: ASM Short-Term Stage I — price band capped, 100% margin, liquidity dries (historical band-lock episodes: −5.8% median over next 60 sessions, 41% win)"
Sungarner Energies Ltd.,SME,SEL,NSE,INE0O3O01017,2023-08-31,WATCH,NEUTRAL,53,312.15,260.0,-16.7,,149.77,0.2612070588235294,-16.08,17,9.0,276.08,,,,,,Fast Track Finsec Pvt.Ltd.,,,https://www.screener.in/company/SEL/,https://www.tradingview.com/chart/?symbol=NSE%3ASEL,1.08,73.0,62.0,,,,,,,,,,False,2026-08-11,2026-08-11,7.0,2026-08-11,1,False,,"Score 53/100 — structure 28/35, base 6/20, liquidity 0/15, institutions 8/15, lock-in 5/5, LM 1/5, momentum 5/5 • Reclaimed the pivot on session 9 and holds above — trend intact; manage, don't add • Base gave up -16.1% vs listing close — looser than the −10% ideal; demands a smaller position • ₹0.3cr/day turnover ≈ 1.1% of free float changing hands daily — healthy churn • Lead manager Fast Track Finsec Pvt.Ltd.: 33% of 9 issues above issue today, LM score 33/100 • Mega-pop (+213%) — day-1 buyers are extended; base needs extra proof"
Vivaa Tradecom Ltd.,SME,VIVAA,BSE,INE0PA601017,2023-10-12,WATCH,NEUTRAL,53,117.6,103.0,-12.4,,1.79,0.1135016363636363,-2.03,11,1.0,130.59,,,,,,Interactive Financial Services Ltd.,,,https://www.screener.in/company/544002/,https://www.tradingview.com/chart/?symbol=BSE%3A544002,0.4,44.5,30.11,,2%,,,,,,,,True,,2026-07-31,7.0,,0,False,,"Score 53/100 — structure 28/35, base 20/20, liquidity 0/15, institutions 2/15, lock-in 5/5, LM 1/5, momentum 5/5 • Reclaimed the pivot on session 1 and holds above — trend intact; manage, don't add • Tight base — held within 2.0% of listing close (the −10% cutoff was the grid-search optimum) • ₹0.1cr/day turnover ≈ 0.4% of free float changing hands daily — sleepy float • 🚧 Trading pinned to a 2% daily band — behaves like a surveillance cage even if not yet listed; volume typically dries −20% • Lead manager Interactive Financial Services Ltd.: 30% of 23 issues above issue today, LM score 24/100 • Mega-pop (+102%) — day-1 buyers are extended; base needs extra proof"
Silkflex Polymers (India) Ltd.,SME,SILKFLEX,NSE,INE0STN01015,2024-05-15,WATCH,NEUTRAL,53,200.0,63.0,-68.5,,36.59,0.3395655,-21.47,466,24.0,284.62,,,,,,Shreni Shares Ltd.,,,https://www.screener.in/company/SILKFLEX/,https://www.tradingview.com/chart/?symbol=NSE%3ASILKFLEX,0.48,233.0,70.14,,,,,,,,,,False,2024-06-18,2025-03-18,268.0,2026-06-10,14,False,,"Score 53/100 — structure 28/35, base 6/20, liquidity 0/15, institutions 8/15, lock-in 5/5, LM 3/5, momentum 3/5 • Reclaimed the pivot on session 24 and holds above — trend intact; manage, don't add • Base gave up -21.5% vs listing close — looser than the −10% ideal; demands a smaller position • ₹0.3cr/day turnover ≈ 0.5% of free float changing hands daily — sleepy float • Lead manager Shreni Shares Ltd.: 50% of 26 issues above issue today, LM score 55/100"
Prizor Viztech Ltd.,SME,PRIZOR,NSE,INE0V9N01017,2024-07-22,WATCH,NEUTRAL,53,925.5,173.55,-81.2,94.54,156.01,1.4419978,-23.94,516,1.0,963.79,,,,,,Shreni Shares Ltd.,2024-08-17,2024-10-16,https://www.screener.in/company/PRIZOR/,https://www.tradingview.com/chart/?symbol=NSE%3APRIZOR,0.48,906.0,67.93,ESM Stage I,,,2026-08-03,2026-11-01,Enhanced Surveillance Measure (ESM) - Stage I (NSE list 20-Aug-2026),"Trade-to-trade settlement, 100% margin, 5% daily band (2% if already there). No intraday.",mcap ₹906cr ≥ ₹500cr pool boundary; 3-month move now +41% (cooled); 5-session move +11%,"Exit when price/volatility criteria normalise on review, or mcap sustainably exceeds the ₹500cr micro-cap pool",True,2024-09-13,2025-05-21,310.0,2026-04-30,7,False,,"Score 53/100 — structure 28/35, base 6/20, liquidity 6/15, institutions 15/15, lock-in 5/5, LM 3/5, momentum 5/5 • Reclaimed the pivot on session 1 and holds above — trend intact; manage, don't add • Base gave up -23.9% vs listing close — looser than the −10% ideal; demands a smaller position • QIB 95x — heavy institutional sponsorship (biggest historical tails came from this group) • ₹1.4cr/day turnover ≈ 0.5% of free float changing hands daily — sleepy float • 🚧 UNDER SURVEILLANCE: ESM Stage I — price band capped, 100% margin, liquidity dries (historical band-lock episodes: −5.8% median over next 60 sessions, 41% win) • Lead manager Shreni Shares Ltd.: 50% of 26 issues above issue today, LM score 55/100"
HDB Financial Services Ltd.,Mainboard,HDBFS,NSE,INE756I01012,2025-07-02,WATCH,NEUTRAL,53,692.35,851.4,23.0,58.64,13.07,34.183458693,-12.87,281,1.0,-6.44,,,,,,BNP Paribas,2025-07-29,2025-09-27,https://www.screener.in/company/HDBFS/,https://www.tradingview.com/chart/?symbol=NSE%3AHDBFS,0.23,57953.0,74.12,,,,,,,,,,False,2025-12-19,2025-07-03,279.0,2026-06-19,4,False,,"Score 53/100 — structure 0/35, base 14/20, liquidity 15/15, institutions 15/15, lock-in 5/5, LM 1/5, momentum 3/5 • Base gave up -12.9% vs listing close — looser than the −10% ideal; demands a smaller position • QIB 59x — heavy institutional sponsorship (biggest historical tails came from this group) • ₹34.2cr/day turnover ≈ 0.2% of free float changing hands daily — sleepy float"
Shree Refrigerations Ltd.,SME,SHREEREF,BSE,INE0FMZ01045,2025-08-01,WATCH,NEUTRAL,53,381.55,384.5,0.8,167.32,134.24,28.4124875,,2,,205.24,,,,,,Narnolia Financial Services Ltd.,2025-08-29,2025-10-28,https://www.screener.in/company/544458/,https://www.tradingview.com/chart/?symbol=BSE%3A544458,3.84,1193.0,44.6,,,,,,,,,,False,,,,,0,False,,"Score 53/100 — structure 10/35, base 0/20, liquidity 15/15, institutions 15/15, lock-in 5/5, LM 3/5, momentum 5/5 • QIB 167x — heavy institutional sponsorship (biggest historical tails came from this group) • ₹28.4cr/day turnover ≈ 3.8% of free float changing hands daily — healthy churn • Lead manager Narnolia Financial Services Ltd.: 47% of 30 issues above issue today, LM score 57/100 • Mega-pop (+165%) — day-1 buyers are extended; base needs extra proof"
Shiprocket Ltd.,Mainboard,SHIPROCKET,NSE,INE0FOO01011,2026-08-19,WATCH,NEUTRAL,53,141.65,156.0,10.1,125.2,,2398.841711376,,2,,46.03,,,,,,Axis Capital Ltd.,2026-09-15,2026-11-14,,,,,,,,,,,,,,,False,,,,,0,False,,"Score 53/100 — structure 10/35, base 0/20, liquidity 15/15, institutions 15/15, lock-in 5/5, LM 5/5, momentum 3/5 • QIB 125x — heavy institutional sponsorship (biggest historical tails came from this group) • Lead manager Axis Capital Ltd.: 82% of 22 issues above issue today, LM score 81/100 • Listed +35% — the historical sweet-spot band"
TAC Infosec Ltd.,SME,TAC,NSE,INE0SOY01013,2024-04-05,WATCH,NEUTRAL,52,424.75,563.95,32.8,141.29,291.81,2.278871736842105,-18.46,19,,300.71,,,,,,Beeline Capital Advisors Pvt.Ltd.,2024-05-03,2024-07-02,https://www.screener.in/company/TAC/,https://www.tradingview.com/chart/?symbol=NSE%3ATAC,0.51,903.0,56.66,,,,,,,,,,False,,,,,0,False,,"Score 52/100 — structure 10/35, base 6/20, liquidity 10/15, institutions 15/15, lock-in 5/5, LM 3/5, momentum 3/5 • Base gave up -18.5% vs listing close — looser than the −10% ideal; demands a smaller position • QIB 141x — heavy institutional sponsorship (biggest historical tails came from this group) • ₹2.3cr/day turnover ≈ 0.5% of free float changing hands daily — sleepy float • Lead manager Beeline Capital Advisors Pvt.Ltd.: 53% of 57 issues above issue today, LM score 58/100 • Mega-pop (+420%) — day-1 buyers are extended; base needs extra proof"
Baazar Style Retail Ltd.,Mainboard,STYLEBAAZA,NSE,INE01FR01028,2024-09-06,WATCH,NEUTRAL,52,439.6,431.15,-1.9,81.83,28.83,39.012244048,-14.85,483,482.0,13.01,,,,,,Axis Capital Ltd.,2024-10-03,2024-12-02,https://www.screener.in/company/STYLEBAAZA/,https://www.tradingview.com/chart/?symbol=NSE%3ASTYLEBAAZA,2.41,2773.0,44.8,ASM Short-Term Stage I,5%,ST-ASM trigger risk: +26% in 5 sessions (criterion: ≥25%),2026-07-29 (est. from band-lock),2026-08-05,"NSE ASM Short-Term list, 20-Aug-2026",50–100% additional margin for a SHORT window.,3-month move now +28% (cooled); 5-session move +26%,Auto-exit after the 5- or 15-day window unless re-triggered (e.g. another +25%/5-session burst),True,2024-12-06,2026-08-20,0.0,2026-08-18,17,True,,"Score 52/100 — structure 8/35, base 14/20, liquidity 15/15, institutions 15/15, lock-in 5/5, LM 5/5, momentum 5/5 • Base gave up -14.8% vs listing close — looser than the −10% ideal; demands a smaller position • QIB 82x — heavy institutional sponsorship (biggest historical tails came from this group) • ₹39.0cr/day turnover ≈ 2.4% of free float changing hands daily — healthy churn • 🔥 Volume thrust (≥5× avg) within the last 5 sessions (2026-08-18) — the institutional footprint that preceded most historical winners • 🚧 UNDER SURVEILLANCE: ASM Short-Term Stage I — price band capped, 100% margin, liquidity dries (historical band-lock episodes: −5.8% median over next 60 sessions, 41% win) • ⚠ ST-ASM trigger risk: +26% in 5 sessions (criterion: ≥25%)"
Beezaasan Explotech Ltd.,SME,BEEZAASAN,BSE,INE13VU01016,2025-03-03,WATCH,NEUTRAL,52,509.75,499.8,-2.0,,4.09,0.46456,,2,1.0,191.29,,,,,,Smart Horizon Capital Advisors Pvt.Ltd.,2025-03-28,2025-05-27,https://www.screener.in/company/544369/,https://www.tradingview.com/chart/?symbol=BSE%3A544369,0.24,728.0,75.0,,,,,,,,,,False,,2026-08-20,0.0,,0,False,,"Score 52/100 — structure 35/35, base 0/20, liquidity 0/15, institutions 2/15, lock-in 5/5, LM 5/5, momentum 5/5 • Fresh close above the ₹499.8 pivot on session 1 — the walk-forward-validated entry • ₹0.5cr/day turnover ≈ 0.2% of free float changing hands daily — sleepy float • Lead manager Smart Horizon Capital Advisors Pvt.Ltd.: 74% of 27 issues above issue today, LM score 82/100 • Mega-pop (+186%) — day-1 buyers are extended; base needs extra proof"
Paradeep Parivahan Ltd.,SME,PPARIVAH,BSE,INE0SMW01011,2025-03-24,WATCH,NEUTRAL,52,282.4,281.0,-0.5,,1.51,0.627906,,2,1.0,188.16,,,,,,Share India Capital Services Pvt.Ltd.,2025-04-19,2025-06-18,https://www.screener.in/company/544383/,https://www.tradingview.com/chart/?symbol=BSE%3A544383,0.41,426.0,65.96,,,,,,,,,,False,,2026-08-20,0.0,,0,False,,"Score 52/100 — structure 35/35, base 0/20, liquidity 0/15, institutions 2/15, lock-in 5/5, LM 5/5, momentum 5/5 • Fresh close above the ₹281.0 pivot on session 1 — the walk-forward-validated entry • ₹0.6cr/day turnover ≈ 0.4% of free float changing hands daily — sleepy float • Lead manager Share India Capital Services Pvt.Ltd.: 62% of 16 issues above issue today, LM score 84/100 • Mega-pop (+176%) — day-1 buyers are extended; base needs extra proof"
Abram Food Ltd.,SME,ABRFL,BSE,INE0ZDY01011,2025-07-01,WATCH,NEUTRAL,52,38.76,37.1,-4.3,,28.68,0.0229398,,2,1.0,-60.45,,,,,,Corporate Makers Capital Ltd.,,,https://www.screener.in/company/544422/,https://www.tradingview.com/chart/?symbol=BSE%3A544422,0.36,19.0,67.33,,,,,,,,,,False,,2026-08-20,0.0,,0,False,,"Score 52/100 — structure 35/35, base 0/20, liquidity 0/15, institutions 8/15, lock-in 5/5, LM 1/5, momentum 3/5 • Fresh close above the ₹37.1 pivot on session 1 — the walk-forward-validated entry • ₹0.0cr/day turnover ≈ 0.4% of free float changing hands daily — sleepy float • Lead manager Corporate Makers Capital Ltd.: 17% of 12 issues above issue today, LM score 28/100 • Discount listing (-62%) — historically the worst cohort"
AJC Jewel Manufacturers Ltd.,SME,AJCJEWEL,BSE,INE0XRR01010,2025-07-01,WATCH,NEUTRAL,52,188.0,179.05,-4.8,,2.26,0.256515,,2,1.0,97.89,,,,,,Smart Horizon Capital Advisors Pvt.Ltd.,2025-07-27,2025-09-25,https://www.screener.in/company/544425/,https://www.tradingview.com/chart/?symbol=BSE%3A544425,0.52,104.0,56.33,,,,,,,,,,False,,2026-08-20,0.0,,0,False,,"Score 52/100 — structure 35/35, base 0/20, liquidity 0/15, institutions 2/15, lock-in 5/5, LM 5/5, momentum 5/5 • Fresh close above the ₹179.1 pivot on session 1 — the walk-forward-validated entry • ₹0.3cr/day turnover ≈ 0.5% of free float changing hands daily — sleepy float • Lead manager Smart Horizon Capital Advisors Pvt.Ltd.: 74% of 27 issues above issue today, LM score 82/100 • Mega-pop (+88%) — day-1 buyers are extended; base needs extra proof"
Matrix Geo Solutions Ltd.,SME,MGSL,NSE,INE132901013,2025-09-30,WATCH,NEUTRAL,52,92.0,89.95,-2.2,12.5,5.8,0.3045,,2,1.0,-11.54,,,,,,Narnolia Financial Services Ltd.,2025-10-26,2025-12-25,https://www.screener.in/company/MGSL/,https://www.tradingview.com/chart/?symbol=NSE%3AMGSL,0.72,125.0,67.26,,,,,,,,,,False,,2026-08-20,0.0,,0,False,,"Score 52/100 — structure 35/35, base 0/20, liquidity 0/15, institutions 6/15, lock-in 5/5, LM 3/5, momentum 3/5 • Fresh close above the ₹90.0 pivot on session 1 — the walk-forward-validated entry • QIB 12x — thin institutional book (score-penalised, not disqualifying: stops manage the risk) • ₹0.3cr/day turnover ≈ 0.7% of free float changing hands daily — sleepy float • Lead manager Narnolia Financial Services Ltd.: 47% of 30 issues above issue today, LM score 57/100 • Discount listing (-17%) — historically the worst cohort"
Justo Realfintech Ltd.,SME,JUSTO,BSE,INE0W5Q01017,2025-10-01,WATCH,NEUTRAL,52,104.35,103.4,-0.9,7.21,3.61,0.35354,,2,1.0,-17.83,,,,,,Vivro Financial Services Pvt.Ltd.,2025-10-28,2025-12-27,https://www.screener.in/company/544542/,https://www.tradingview.com/chart/?symbol=BSE%3A544542,0.3,186.0,39.49,,,,,,,,,,False,,2026-08-20,0.0,,0,False,,"Score 52/100 — structure 35/35, base 0/20, liquidity 0/15, institutions 6/15, lock-in 5/5, LM 3/5, momentum 3/5 • Fresh close above the ₹103.4 pivot on session 1 — the walk-forward-validated entry • QIB 7x — thin institutional book (score-penalised, not disqualifying: stops manage the risk) • ₹0.4cr/day turnover ≈ 0.3% of free float changing hands daily — sleepy float • Lead manager Vivro Financial Services Pvt.Ltd.: 64% of 11 issues above issue today, LM score 67/100 • Discount listing (-19%) — historically the worst cohort"
Ameenji Rubber Ltd.,SME,AMEENJI,BSE,INE14QA01016,2025-10-06,WATCH,NEUTRAL,52,205.25,202.75,-1.2,3.79,1.94,0.533271,,2,1.0,105.25,,,,,,Hem Securities Ltd.,2025-10-30,2025-12-29,https://www.screener.in/company/544555/,https://www.tradingview.com/chart/?symbol=BSE%3A544555,0.72,209.0,67.71,,,,,,,,,,False,,2026-08-20,0.0,,0,False,,"Score 52/100 — structure 35/35, base 0/20, liquidity 0/15, institutions 2/15, lock-in 5/5, LM 5/5, momentum 5/5 • Fresh close above the ₹202.8 pivot on session 1 — the walk-forward-validated entry • QIB 4x — thin institutional book (score-penalised, not disqualifying: stops manage the risk) • ₹0.5cr/day turnover ≈ 0.7% of free float changing hands daily — sleepy float • Lead manager Hem Securities Ltd.: 62% of 68 issues above issue today, LM score 72/100 • Mega-pop (+100%) — day-1 buyers are extended; base needs extra proof"
Bhavik Enterprises Ltd.,SME,BHAVIK,BSE,INE18PB01017,2025-10-06,WATCH,NEUTRAL,52,145.0,144.95,-0.0,,1.07,0.150685,,2,1.0,3.57,,,,,,Smart Horizon Capital Advisors Pvt.Ltd.,,,https://www.screener.in/company/544551/,https://www.tradingview.com/chart/?symbol=BSE%3A544551,0.19,295.0,72.98,,,,,,,,,,False,,2026-08-20,0.0,,0,False,,"Score 52/100 — structure 35/35, base 0/20, liquidity 0/15, institutions 2/15, lock-in 5/5, LM 5/5, momentum 5/5 • Fresh close above the ₹144.9 pivot on session 1 — the walk-forward-validated entry • ₹0.2cr/day turnover ≈ 0.2% of free float changing hands daily — sleepy float • Lead manager Smart Horizon Capital Advisors Pvt.Ltd.: 74% of 27 issues above issue today, LM score 82/100"
Grover Jewells Ltd.,SME,GJL,NSE,INE1TY801010,2026-02-11,WATCH,NEUTRAL,52,234.0,100.8,-56.9,11.32,13.73,0.2228896,4.07,117,1.0,165.91,,,,,,Finshore Management Services Ltd.,2026-03-13,2026-05-12,https://www.screener.in/company/GJL/,https://www.tradingview.com/chart/?symbol=NSE%3AGJL,0.35,327.0,73.5,ESM Stage I,,,2026-07-11,2026-10-09,Enhanced Surveillance Measure (ESM) - Stage I (NSE list 20-Aug-2026),"Trade-to-trade settlement, 100% margin, 5% daily band (2% if already there). No intraday.",mcap ₹327cr still < ₹500cr pool boundary; 3-month move now +67% (cooled); 5-session move +6%,"Exit when price/volatility criteria normalise on review, or mcap sustainably exceeds the ₹500cr micro-cap pool",False,2026-06-02,2026-02-12,115.0,2026-06-08,2,False,,"Score 52/100 — structure 28/35, base 20/20, liquidity 0/15, institutions 6/15, lock-in 5/5, LM 3/5, momentum 5/5 • Reclaimed the pivot on session 1 and holds above — trend intact; manage, don't add • Tight base — held within 4.1% of listing close (the −10% cutoff was the grid-search optimum) • QIB 11x — thin institutional book (score-penalised, not disqualifying: stops manage the risk) • ₹0.2cr/day turnover ≈ 0.3% of free float changing hands daily — sleepy float • 🚧 UNDER SURVEILLANCE: ESM Stage I — price band capped, 100% margin, liquidity dries (historical band-lock episodes: −5.8% median over next 60 sessions, 41% win) • Lead manager Finshore Management Services Ltd.: 32% of 22 issues above issue today, LM score 45/100"
Senco Gold Ltd.,Mainboard,SENCO,NSE,INE602W01027,2023-07-14,WATCH,NEUTRAL,51,336.3,343.9,2.3,190.56,54.13,23.615044345,,3,,6.09,,,,,,IIFL Capital Services Ltd.,2023-08-10,2023-10-09,https://www.screener.in/company/SENCO/,https://www.tradingview.com/chart/?symbol=NSE%3ASENCO,1.21,5602.0,64.48,,,,,,,,,,False,,,,,0,False,,"Score 51/100 — structure 10/35, base 0/20, liquidity 15/15, institutions 15/15, lock-in 5/5, LM 1/5, momentum 5/5 • QIB 191x — heavy institutional sponsorship (biggest historical tails came from this group) • ₹23.6cr/day turnover ≈ 1.2% of free float changing hands daily — healthy churn • Lead manager IIFL Capital Services Ltd.: 30% of 10 issues above issue today, LM score 34/100 • Listed +8% — the historical sweet-spot band"
Kody Technolab Ltd.,SME,KODYTECH,NSE,INE0Q7P01013,2023-09-27,WATCH,NEUTRAL,51,1431.2,1432.0,0.1,,46.52,2.5283224166666667,-5.69,18,2.0,794.5,,,,,,Beeline Capital Advisors Pvt.Ltd.,,,https://www.screener.in/company/KODYTECH/,https://www.tradingview.com/chart/?symbol=NSE%3AKODYTECH,0.47,2003.0,72.73,,,,,,,,,,False,2026-08-19,2026-08-03,13.0,2026-08-19,1,True,,"Score 51/100 — structure 0/35, base 20/20, liquidity 10/15, institutions 8/15, lock-in 5/5, LM 3/5, momentum 5/5 • Tight base — held within 5.7% of listing close (the −10% cutoff was the grid-search optimum) • ₹2.5cr/day turnover ≈ 0.5% of free float changing hands daily — sleepy float • 🔥 Volume thrust (≥5× avg) within the last 5 sessions (2026-08-19) — the institutional footprint that preceded most historical winners • Lead manager Beeline Capital Advisors Pvt.Ltd.: 53% of 57 issues above issue today, LM score 58/100 • Mega-pop (+775%) — day-1 buyers are extended; base needs extra proof"
Jay Kailash Namkeen Ltd.,SME,JAYKAILASH,BSE,INE0MSS01019,2024-04-08,WATCH,NEUTRAL,51,60.69,38.58,-36.4,2.32,39.37,0.5473276631578947,4.98,19,1.0,-16.86,,,,,,Expert Global Consultants Pvt.Ltd.,,,https://www.screener.in/company/544160/,https://www.tradingview.com/chart/?symbol=BSE%3A544160,2.91,27.8,22.56,,5%,,,,,,,,True,,2026-07-28,17.0,,0,False,,"Score 51/100 — structure 28/35, base 20/20, liquidity 0/15, institutions 2/15, lock-in 5/5, LM 1/5, momentum 3/5 • Reclaimed the pivot on session 1 and holds above — trend intact; manage, don't add • Tight base — held within 5.0% of listing close (the −10% cutoff was the grid-search optimum) • QIB 2x — thin institutional book (score-penalised, not disqualifying: stops manage the risk) • ₹0.5cr/day turnover ≈ 2.9% of free float changing hands daily — healthy churn • 🚧 Trading pinned to a 5% daily band — behaves like a surveillance cage even if not yet listed; volume typically dries −20% • Lead manager Expert Global Consultants Pvt.Ltd.: 28% of 18 issues above issue today, LM score 38/100"
Bajaj Housing Finance Ltd.,Mainboard,BAJAJHFL,NSE,INE377Y01014,2024-09-16,WATCH,NEUTRAL,51,85.59,165.0,92.8,222.05,49.63,27.254285089399996,-22.27,477,1.0,22.27,,,,,,Kotak Mahindra Capital Co.Ltd.,2024-10-12,2024-12-11,https://www.screener.in/company/BAJAJHFL/,https://www.tradingview.com/chart/?symbol=NSE%3ABAJAJHFL,0.29,70258.0,86.7,,,,,,,,,,False,2024-12-05,2024-09-17,475.0,2026-07-03,6,False,,"Score 51/100 — structure 0/35, base 6/20, liquidity 15/15, institutions 15/15, lock-in 5/5, LM 5/5, momentum 5/5 • Base gave up -22.3% vs listing close — looser than the −10% ideal; demands a smaller position • QIB 222x — heavy institutional sponsorship (biggest historical tails came from this group) • ₹27.3cr/day turnover ≈ 0.3% of free float changing hands daily — sleepy float • Lead manager Kotak Mahindra Capital Co.Ltd.: 74% of 27 issues above issue today, LM score 73/100"
Agarwal Toughened Glass India Ltd.,SME,AGARWALTUF,NSE,INE0P8X01016,2024-12-05,WATCH,NEUTRAL,51,141.9,141.75,-0.1,4.49,7.16,0.8246313,-18.52,420,1.0,31.39,,,,,,Cumulative Capital Pvt.Ltd.,2025-01-01,2025-03-02,https://www.screener.in/company/AGARWALTUF/,https://www.tradingview.com/chart/?symbol=NSE%3AAGARWALTUF,0.83,254.0,60.39,,,,,,,,,,False,2025-02-25,2026-08-20,0.0,2026-07-06,9,False,,"Score 51/100 — structure 28/35, base 6/20, liquidity 0/15, institutions 2/15, lock-in 5/5, LM 5/5, momentum 5/5 • Reclaimed the pivot on session 1 and holds above — trend intact; manage, don't add • Base gave up -18.5% vs listing close — looser than the −10% ideal; demands a smaller position • QIB 4x — thin institutional book (score-penalised, not disqualifying: stops manage the risk) • ₹0.8cr/day turnover ≈ 0.8% of free float changing hands daily — healthy churn • Lead manager Cumulative Capital Pvt.Ltd.: 75% of 8 issues above issue today, LM score 80/100"
Flysbs Aviation Ltd.,SME,FLYSBS,NSE,INE0VCK01011,2025-08-08,WATCH,NEUTRAL,51,574.95,597.85,4.0,191.93,222.62,11.319805,,2,,155.53,,,,,,Vivro Financial Services Pvt.Ltd.,2025-09-04,2025-11-03,https://www.screener.in/company/FLYSBS/,https://www.tradingview.com/chart/?symbol=NSE%3AFLYSBS,1.71,912.0,32.47,,,,,,,,,,False,,,,,0,False,,"Score 51/100 — structure 10/35, base 0/20, liquidity 15/15, institutions 15/15, lock-in 5/5, LM 3/5, momentum 3/5 • QIB 192x — heavy institutional sponsorship (biggest historical tails came from this group) • ₹11.3cr/day turnover ≈ 1.7% of free float changing hands daily — healthy churn • Lead manager Vivro Financial Services Pvt.Ltd.: 64% of 11 issues above issue today, LM score 67/100 • Mega-pop (+131%) — day-1 buyers are extended; base needs extra proof"
Behari Lal Engineering Ltd.,Mainboard,BLEL,NSE,INE1EEM01017,2026-08-19,WATCH,NEUTRAL,51,504.25,537.0,6.5,222.04,,1568.95754189,,2,,76.93,,,,,,Emkay Global Financial Services Ltd.,2026-09-15,2026-11-14,,,,,,,,,,,,,,,False,,,,,0,False,,"Score 51/100 — structure 10/35, base 0/20, liquidity 15/15, institutions 15/15, lock-in 5/5, LM 1/5, momentum 5/5 • QIB 222x — heavy institutional sponsorship (biggest historical tails came from this group) • Lead manager Emkay Global Financial Services Ltd.: 33% of 3 issues above issue today, LM score 33/100 • Mega-pop (+63%) — day-1 buyers are extended; base needs extra proof"
Blue Jet Healthcare Ltd.,Mainboard,BLUEJET,NSE,INE0KBH01020,2023-11-01,WATCH,NEUTRAL,50,595.3,417.95,-29.8,13.72,5.91,71.15847812274998,-22.71,690,153.0,72.05,,,,,,Kotak Mahindra Capital Co.Ltd.,2023-11-29,2024-01-28,https://www.screener.in/company/BLUEJET/,https://www.tradingview.com/chart/?symbol=NSE%3ABLUEJET,2.34,11504.0,73.15,,,,,,,,,,False,2024-06-20,2026-04-27,80.0,2026-08-03,18,False,,"Score 50/100 — structure 8/35, base 6/20, liquidity 15/15, institutions 6/15, lock-in 5/5, LM 5/5, momentum 5/5 • Base gave up -22.7% vs listing close — looser than the −10% ideal; demands a smaller position • QIB 14x — thin institutional book (score-penalised, not disqualifying: stops manage the risk) • ₹71.2cr/day turnover ≈ 2.3% of free float changing hands daily — healthy churn • Lead manager Kotak Mahindra Capital Co.Ltd.: 74% of 27 issues above issue today, LM score 73/100"
Shri Balaji Valve Components Ltd.,SME,SBVCL,BSE,INE0RNZ01014,2024-01-03,WATCH,NEUTRAL,50,110.25,199.5,81.0,70.04,192.49,0.05263005,-0.25,615,1.0,10.25,,,,,,Hem Securities Ltd.,2024-01-31,2024-03-31,https://www.screener.in/company/544074/,https://www.tradingview.com/chart/?symbol=BSE%3A544074,0.23,85.7,73.53,,,,,,,,,,False,2024-08-26,2024-04-25,540.0,2026-08-04,11,False,,"Score 50/100 — structure 0/35, base 20/20, liquidity 0/15, institutions 15/15, lock-in 5/5, LM 5/5, momentum 5/5 • Tight base — held within 0.2% of listing close (the −10% cutoff was the grid-search optimum) • QIB 70x — heavy institutional sponsorship (biggest historical tails came from this group) • ₹0.1cr/day turnover ≈ 0.2% of free float changing hands daily — sleepy float • Lead manager Hem Securities Ltd.: 62% of 68 issues above issue today, LM score 72/100"
HOAC Foods India Ltd.,SME,HOACFOODS,NSE,INE0S6S01017,2024-05-24,WATCH,NEUTRAL,50,829.0,147.0,-82.3,,1962.94,0.2796421875,-10.2,521,10.0,1627.08,,,,,,GYR Capital Advisors Pvt.Ltd.,,,https://www.screener.in/company/HOACFOODS/,https://www.tradingview.com/chart/?symbol=NSE%3AHOACFOODS,0.22,352.0,62.08,ESM Stage I,,,2026-07-11,2026-10-09,Enhanced Surveillance Measure (ESM) - Stage I (NSE list 20-Aug-2026),"Trade-to-trade settlement, 100% margin, 5% daily band (2% if already there). No intraday.",mcap ₹352cr still < ₹500cr pool boundary; 3-month move now +61% (cooled); 5-session move +6%,"Exit when price/volatility criteria normalise on review, or mcap sustainably exceeds the ₹500cr micro-cap pool",True,2024-12-03,2025-05-12,315.0,2025-07-23,7,False,,"Score 50/100 — structure 28/35, base 14/20, liquidity 0/15, institutions 8/15, lock-in 5/5, LM 5/5, momentum 5/5 • Reclaimed the pivot on session 10 and holds above — trend intact; manage, don't add • Base gave up -10.2% vs listing close — looser than the −10% ideal; demands a smaller position • ₹0.3cr/day turnover ≈ 0.2% of free float changing hands daily — sleepy float • 🚧 UNDER SURVEILLANCE: ESM Stage I — price band capped, 100% margin, liquidity dries (historical band-lock episodes: −5.8% median over next 60 sessions, 41% win) • Lead manager GYR Capital Advisors Pvt.Ltd.: 57% of 49 issues above issue today, LM score 72/100"
VVIP Infratech Ltd.,SME,VVIPIL,BSE,INE0MNP01016,2024-07-30,WATCH,NEUTRAL,50,122.0,185.53,52.1,168.45,171.76,0.10310145,5.0,507,1.0,31.18,,,,,,Share India Capital Services Pvt.Ltd.,2024-08-25,2024-10-24,https://www.screener.in/company/544219/,https://www.tradingview.com/chart/?symbol=BSE%3A544219,0.11,290.0,68.57,,,,,,,,,,False,2025-05-20,2025-08-20,243.0,2026-08-11,12,False,,"Score 50/100 — structure 0/35, base 20/20, liquidity 0/15, institutions 15/15, lock-in 5/5, LM 5/5, momentum 5/5 • Tight base — held within 5.0% of listing close (the −10% cutoff was the grid-search optimum) • QIB 168x — heavy institutional sponsorship (biggest historical tails came from this group) • ₹0.1cr/day turnover ≈ 0.1% of free float changing hands daily — sleepy float • Lead manager Share India Capital Services Pvt.Ltd.: 62% of 16 issues above issue today, LM score 84/100"
Rajputana Biodiesel Ltd.,SME,RAJPUTANA,NSE,INE0VHU01019,2024-12-03,WATCH,NEUTRAL,50,218.0,259.35,19.0,177.38,506.87,0.134451375,-0.87,402,1.0,67.69,,,,,,GYR Capital Advisors Pvt.Ltd.,2025-01-01,2025-03-02,https://www.screener.in/company/RAJPUTANA/,https://www.tradingview.com/chart/?symbol=NSE%3ARAJPUTANA,0.27,146.0,65.77,,,,,,,,,,False,2025-05-27,2025-12-09,153.0,2026-08-07,12,False,,"Score 50/100 — structure 0/35, base 20/20, liquidity 0/15, institutions 15/15, lock-in 5/5, LM 5/5, momentum 5/5 • Tight base — held within 0.9% of listing close (the −10% cutoff was the grid-search optimum) • QIB 177x — heavy institutional sponsorship (biggest historical tails came from this group) • ₹0.1cr/day turnover ≈ 0.3% of free float changing hands daily — sleepy float • Lead manager GYR Capital Advisors Pvt.Ltd.: 57% of 49 issues above issue today, LM score 72/100"
Sanathan Textiles Ltd.,Mainboard,SANATHAN,NSE,INE0JPD01013,2024-12-27,WATCH,NEUTRAL,50,461.25,423.0,-8.3,79.59,26.15,3.04246348125,-19.66,407,73.0,43.69,,,,,,Dam Capital Advisors Ltd.,2025-01-23,2025-03-24,https://www.screener.in/company/SANATHAN/,https://www.tradingview.com/chart/?symbol=NSE%3ASANATHAN,0.35,3830.0,78.58,,,,,,,,,,False,2025-06-30,2026-06-18,44.0,2026-07-21,5,False,,"Score 50/100 — structure 8/35, base 6/20, liquidity 10/15, institutions 15/15, lock-in 5/5, LM 3/5, momentum 3/5 • Base gave up -19.7% vs listing close — looser than the −10% ideal; demands a smaller position • QIB 80x — heavy institutional sponsorship (biggest historical tails came from this group) • ₹3.0cr/day turnover ≈ 0.3% of free float changing hands daily — sleepy float • Lead manager Dam Capital Advisors Ltd.: 56% of 9 issues above issue today, LM score 59/100"
Neptune Petrochemicals Ltd.,SME,NEPTUNE,NSE,INE156901014,2025-06-04,WATCH,NEUTRAL,50,179.0,173.5,-3.1,,1.95,0.08815875,,2,1.0,46.72,,,,,,Beeline Capital Advisors Pvt.Ltd.,2025-07-01,2025-08-30,https://www.screener.in/company/NEPTUNE/,https://www.tradingview.com/chart/?symbol=NSE%3ANEPTUNE,0.07,408.0,69.33,,,,,,,,,,False,,2026-08-20,0.0,,0,False,,"Score 50/100 — structure 35/35, base 0/20, liquidity 0/15, institutions 2/15, lock-in 5/5, LM 3/5, momentum 5/5 • Fresh close above the ₹173.5 pivot on session 1 — the walk-forward-validated entry • ₹0.1cr/day turnover ≈ 0.1% of free float changing hands daily — sleepy float • Lead manager Beeline Capital Advisors Pvt.Ltd.: 53% of 57 issues above issue today, LM score 58/100 • Listed +42% — the historical sweet-spot band"
Swastika Castal Ltd.,SME,SWASTIKAAL,BSE,INE0PTF01017,2025-07-28,WATCH,NEUTRAL,50,93.06,92.96,-0.1,,5.16,0.091307,,2,1.0,43.17,,,,,,Horizon Management Pvt.Ltd.,,,https://www.screener.in/company/544452/,https://www.tradingview.com/chart/?symbol=BSE%3A544452,0.46,68.8,73.49,,,,,,,,,,False,,2026-08-20,0.0,,0,False,,"Score 50/100 — structure 35/35, base 0/20, liquidity 0/15, institutions 2/15, lock-in 5/5, LM 3/5, momentum 5/5 • Fresh close above the ₹93.0 pivot on session 1 — the walk-forward-validated entry • ₹0.1cr/day turnover ≈ 0.5% of free float changing hands daily — sleepy float • Lead manager Horizon Management Pvt.Ltd.: 50% of 22 issues above issue today, LM score 52/100 • Listed +40% — the historical sweet-spot band"
NIS Management Ltd.,SME,NISMGMT,BSE,INE0M3X01010,2025-09-02,WATCH,NEUTRAL,50,49.1,46.52,-5.3,2.12,2.47,0.065997,,2,1.0,-55.77,,,,,,Share India Capital Services Pvt.Ltd.,2025-09-28,2025-11-27,https://www.screener.in/company/544495/,https://www.tradingview.com/chart/?symbol=BSE%3A544495,0.23,97.2,69.63,,,,,,,,,,False,,2026-08-20,0.0,,0,False,,"Score 50/100 — structure 35/35, base 0/20, liquidity 0/15, institutions 2/15, lock-in 5/5, LM 5/5, momentum 3/5 • Fresh close above the ₹46.5 pivot on session 1 — the walk-forward-validated entry • QIB 2x — thin institutional book (score-penalised, not disqualifying: stops manage the risk) • ₹0.1cr/day turnover ≈ 0.2% of free float changing hands daily — sleepy float • Lead manager Share India Capital Services Pvt.Ltd.: 62% of 16 issues above issue today, LM score 84/100 • Discount listing (-58%) — historically the worst cohort"
Recode Studios Ltd.,SME,RECODE,BSE,INE2B6701015,2026-05-12,WATCH,NEUTRAL,50,312.0,223.75,-28.3,137.99,160.62,1.718624,-23.58,71,50.0,97.47,,,,,,Seren Capital Pvt.Ltd.,2026-06-07,2026-08-06,https://www.screener.in/company/544755/,https://www.tradingview.com/chart/?symbol=BSE%3A544755,1.81,356.0,65.02,,,,,,,,,,False,2026-07-16,2026-08-04,12.0,2026-07-16,1,False,,"Score 50/100 — structure 8/35, base 6/20, liquidity 6/15, institutions 15/15, lock-in 5/5, LM 5/5, momentum 5/5 • Base gave up -23.6% vs listing close — looser than the −10% ideal; demands a smaller position • QIB 138x — heavy institutional sponsorship (biggest historical tails came from this group) • ₹1.7cr/day turnover ≈ 1.8% of free float changing hands daily — healthy churn • Lead manager Seren Capital Pvt.Ltd.: 75% of 8 issues above issue today, LM score 73/100"
Namo eWaste Management Ltd.,SME,NAMOEWASTE,NSE,INE08NZ01012,2024-09-11,WATCH,NEUTRAL,49,279.45,169.55,-39.3,151.75,165.14,0.6295406,-20.26,480,10.0,228.76,,,,,,Hem Securities Ltd.,2024-10-09,2024-12-08,https://www.screener.in/company/NAMOEWASTE/,https://www.tradingview.com/chart/?symbol=NSE%3ANAMOEWASTE,0.32,640.0,69.05,ESM Stage I,,,2026-08-10,2026-11-08,Enhanced Surveillance Measure (ESM) - Stage I (NSE list 20-Aug-2026),"Trade-to-trade settlement, 100% margin, 5% daily band (2% if already there). No intraday.",mcap ₹640cr ≥ ₹500cr pool boundary; 3-month move now +43% (cooled); 5-session move +5%,"Exit when price/volatility criteria normalise on review, or mcap sustainably exceeds the ₹500cr micro-cap pool",False,2024-11-06,2026-04-15,88.0,2026-01-29,10,False,,"Score 49/100 — structure 28/35, base 6/20, liquidity 0/15, institutions 15/15, lock-in 5/5, LM 5/5, momentum 5/5 • Reclaimed the pivot on session 10 and holds above — trend intact; manage, don't add • Base gave up -20.3% vs listing close — looser than the −10% ideal; demands a smaller position • QIB 152x — heavy institutional sponsorship (biggest historical tails came from this group) • ₹0.6cr/day turnover ≈ 0.3% of free float changing hands daily — sleepy float • 🚧 UNDER SURVEILLANCE: ESM Stage I — price band capped, 100% margin, liquidity dries (historical band-lock episodes: −5.8% median over next 60 sessions, 41% win) • Lead manager Hem Securities Ltd.: 62% of 68 issues above issue today, LM score 72/100"
Apex Ecotech Ltd.,SME,APEXECO,NSE,INE0T4V01015,2024-12-04,WATCH,NEUTRAL,49,273.0,145.6,-46.7,136.69,317.77,0.3733808,-18.85,414,20.0,273.97,,,,,,Share India Capital Services Pvt.Ltd.,2024-12-31,2025-03-01,https://www.screener.in/company/APEXECO/,https://www.tradingview.com/chart/?symbol=NSE%3AAPEXECO,0.33,376.0,69.29,ESM Stage I,,,2026-07-11,2026-10-09,Enhanced Surveillance Measure (ESM) - Stage I (NSE list 20-Aug-2026),"Trade-to-trade settlement, 100% margin, 5% daily band (2% if already there). No intraday.",mcap ₹376cr still < ₹500cr pool boundary; 3-month move now +46% (cooled); 5-session move -4%,"Exit when price/volatility criteria normalise on review, or mcap sustainably exceeds the ₹500cr micro-cap pool",False,2025-03-05,2026-05-07,73.0,2026-05-08,8,False,,"Score 49/100 — structure 28/35, base 6/20, liquidity 0/15, institutions 15/15, lock-in 5/5, LM 5/5, momentum 5/5 • Reclaimed the pivot on session 20 and holds above — trend intact; manage, don't add • Base gave up -18.9% vs listing close — looser than the −10% ideal; demands a smaller position • QIB 137x — heavy institutional sponsorship (biggest historical tails came from this group) • ₹0.4cr/day turnover ≈ 0.3% of free float changing hands daily — sleepy float • 🚧 UNDER SURVEILLANCE: ESM Stage I — price band capped, 100% margin, liquidity dries (historical band-lock episodes: −5.8% median over next 60 sessions, 41% win) • Lead manager Share India Capital Services Pvt.Ltd.: 62% of 16 issues above issue today, LM score 84/100"
Amanta Healthcare Ltd.,Mainboard,AMANTA,NSE,INE084K01015,2025-09-09,WATCH,NEUTRAL,49,186.51,141.75,-24.0,35.86,57.53,1.297918056,-15.49,234,1.0,48.02,,,,,,Beeline Capital Advisors Pvt.Ltd.,2025-10-03,2025-12-02,https://www.screener.in/company/AMANTA/,https://www.tradingview.com/chart/?symbol=NSE%3AAMANTA,0.55,669.0,63.79,ESM Stage I,,,2026-07-17 (est. from band-lock),2026-10-15,Enhanced Surveillance Measure (ESM) - Stage I (NSE list 20-Aug-2026),"Trade-to-trade settlement, 100% margin, 5% daily band (2% if already there). No intraday.",mcap ₹669cr ≥ ₹500cr pool boundary; 3-month move now +48% (cooled); 5-session move +22%,"Exit when price/volatility criteria normalise on review, or mcap sustainably exceeds the ₹500cr micro-cap pool",True,2026-03-11,2026-06-11,49.0,2026-08-18,9,True,,"Score 49/100 — structure 28/35, base 6/20, liquidity 6/15, institutions 11/15, lock-in 5/5, LM 3/5, momentum 5/5 • Reclaimed the pivot on session 1 and holds above — trend intact; manage, don't add • Base gave up -15.5% vs listing close — looser than the −10% ideal; demands a smaller position • QIB 36x — decent institutional interest • ₹1.3cr/day turnover ≈ 0.6% of free float changing hands daily — sleepy float • 🔥 Volume thrust (≥5× avg) within the last 5 sessions (2026-08-18) — the institutional footprint that preceded most historical winners • 🚧 UNDER SURVEILLANCE: ESM Stage I — price band capped, 100% margin, liquidity dries (historical band-lock episodes: −5.8% median over next 60 sessions, 41% win)"
Diksha Polymers Ltd.,SME,DIKSHA,BSE,INE1OSI01014,2026-06-24,WATCH,NEUTRAL,49,143.0,120.2,-15.9,,2.88,0.1240509,-16.76,33,13.0,27.68,,,,,,Aryaman Financial Services Ltd.,,,https://www.screener.in/company/544798/,https://www.tradingview.com/chart/?symbol=BSE%3A544798,0.62,73.8,69.24,,,,,,,,,,False,,2026-08-05,6.0,,0,False,,"Score 49/100 — structure 28/35, base 6/20, liquidity 0/15, institutions 2/15, lock-in 5/5, LM 3/5, momentum 5/5 • Reclaimed the pivot on session 13 and holds above — trend intact; manage, don't add • Base gave up -16.8% vs listing close — looser than the −10% ideal; demands a smaller position • ₹0.1cr/day turnover ≈ 0.6% of free float changing hands daily — sleepy float • Lead manager Aryaman Financial Services Ltd.: 47% of 15 issues above issue today, LM score 41/100"
Yatra Online Ltd.,Mainboard,YATRA,NSE,INE0JR601024,2023-09-28,WATCH,NEUTRAL,48,114.64,138.55,20.9,2.1,1.37,26.3590380061,-8.35,712,7.0,-19.27,,,,,,SBI Capital Markets Ltd.,2023-10-25,2023-12-24,https://www.screener.in/company/YATRA/,https://www.tradingview.com/chart/?symbol=NSE%3AYATRA,3.93,1780.0,62.66,,,,,,,,,,False,2023-12-15,2025-08-13,250.0,2026-08-13,21,True,,"Score 48/100 — structure 0/35, base 20/20, liquidity 15/15, institutions 2/15, lock-in 5/5, LM 3/5, momentum 3/5 • Tight base — held within 8.3% of listing close (the −10% cutoff was the grid-search optimum) • QIB 2x — thin institutional book (score-penalised, not disqualifying: stops manage the risk) • ₹26.4cr/day turnover ≈ 3.9% of free float changing hands daily — healthy churn • 🔥 Volume thrust (≥5× avg) within the last 5 sessions (2026-08-13) — the institutional footprint that preceded most historical winners • Lead manager SBI Capital Markets Ltd.: 50% of 6 issues above issue today, LM score 61/100"
Sona Machinery Ltd.,SME,SONAMAC,NSE,INE0Q6H01012,2024-03-13,WATCH,NEUTRAL,48,34.95,35.5,1.6,129.72,190.97,0.0226442857142857,-9.65,14,2.0,-75.56,,,,,,Hem Securities Ltd.,2024-04-10,2024-06-09,https://www.screener.in/company/SONAMAC/,https://www.tradingview.com/chart/?symbol=NSE%3ASONAMAC,0.18,46.0,73.59,,,,,,,,,,False,,2026-08-03,11.0,,0,False,,"Score 48/100 — structure 0/35, base 20/20, liquidity 0/15, institutions 15/15, lock-in 5/5, LM 5/5, momentum 3/5 • Tight base — held within 9.7% of listing close (the −10% cutoff was the grid-search optimum) • QIB 130x — heavy institutional sponsorship (biggest historical tails came from this group) • ₹0.0cr/day turnover ≈ 0.2% of free float changing hands daily — sleepy float • Lead manager Hem Securities Ltd.: 62% of 68 issues above issue today, LM score 72/100 • Discount listing (-77%) — historically the worst cohort"
Esprit Stones Ltd.,SME,ESPRIT,NSE,INE0SBP01018,2024-08-02,WATCH,NEUTRAL,48,67.0,97.8,46.0,117.63,131.4,0.1813764,-6.44,491,1.0,-22.99,,,,,,Choice Capital Advisors Pvt.Ltd.,2024-08-30,2024-10-29,https://www.screener.in/company/ESPRIT/,https://www.tradingview.com/chart/?symbol=NSE%3AESPRIT,0.48,145.0,73.63,,,,,,,,,,False,2024-12-18,2025-08-25,231.0,2026-07-13,16,False,,"Score 48/100 — structure 0/35, base 20/20, liquidity 0/15, institutions 15/15, lock-in 5/5, LM 5/5, momentum 3/5 • Tight base — held within 6.4% of listing close (the −10% cutoff was the grid-search optimum) • QIB 118x — heavy institutional sponsorship (biggest historical tails came from this group) • ₹0.2cr/day turnover ≈ 0.5% of free float changing hands daily — sleepy float • Lead manager Choice Capital Advisors Pvt.Ltd.: 73% of 11 issues above issue today, LM score 78/100"
Afcons Infrastructure Ltd.,Mainboard,AFCONS,NSE,INE101I01011,2024-11-04,WATCH,NEUTRAL,48,280.2,479.45,71.1,3.99,2.2,28.9375394465,-4.68,443,1.0,-39.48,,,,,,ICICI Securities Ltd.,2024-11-29,2025-01-28,https://www.screener.in/company/AFCONS/,https://www.tradingview.com/chart/?symbol=NSE%3AAFCONS,0.58,10298.0,50.17,,,,,,,,,,False,2025-05-13,2025-03-28,343.0,2026-07-17,6,False,,"Score 48/100 — structure 0/35, base 20/20, liquidity 15/15, institutions 2/15, lock-in 5/5, LM 3/5, momentum 3/5 • Tight base — held within 4.7% of listing close (the −10% cutoff was the grid-search optimum) • QIB 4x — thin institutional book (score-penalised, not disqualifying: stops manage the risk) • ₹28.9cr/day turnover ≈ 0.6% of free float changing hands daily — sleepy float • Lead manager ICICI Securities Ltd.: 63% of 38 issues above issue today, LM score 64/100"
Swiggy Ltd.,Mainboard,SWIGGY,NSE,INE00H001014,2024-11-13,WATCH,NEUTRAL,48,279.0,465.8,67.0,6.02,2.42,662.2306268409999,-11.84,436,8.0,-28.46,,,,,,Kotak Mahindra Capital Co.Ltd.,2024-12-10,2025-02-08,https://www.screener.in/company/SWIGGY/,https://www.tradingview.com/chart/?symbol=NSE%3ASWIGGY,0.85,75796.0,,,,,,,,,,,False,2025-05-05,2025-01-15,393.0,2025-12-18,5,False,,"Score 48/100 — structure 0/35, base 14/20, liquidity 15/15, institutions 6/15, lock-in 5/5, LM 5/5, momentum 3/5 • Base gave up -11.8% vs listing close — looser than the −10% ideal; demands a smaller position • QIB 6x — thin institutional book (score-penalised, not disqualifying: stops manage the risk) • ₹662.2cr/day turnover ≈ 0.8% of free float changing hands daily — healthy churn • Lead manager Kotak Mahindra Capital Co.Ltd.: 74% of 27 issues above issue today, LM score 73/100"
HP Telecom India Ltd.,SME,HPTL,NSE,INE0VA601019,2025-02-28,WATCH,NEUTRAL,48,324.9,309.45,-4.8,,1.91,0.14157,,2,1.0,200.83,,,,,,Interactive Financial Services Ltd.,,,https://www.screener.in/company/HPTL/,https://www.tradingview.com/chart/?symbol=NSE%3AHPTL,0.14,369.0,73.4,,,,,,,,,,False,,2026-08-20,0.0,,0,False,,"Score 48/100 — structure 35/35, base 0/20, liquidity 0/15, institutions 2/15, lock-in 5/5, LM 1/5, momentum 5/5 • Fresh close above the ₹309.4 pivot on session 1 — the walk-forward-validated entry • ₹0.1cr/day turnover ≈ 0.1% of free float changing hands daily — sleepy float • Lead manager Interactive Financial Services Ltd.: 30% of 23 issues above issue today, LM score 24/100 • Mega-pop (+187%) — day-1 buyers are extended; base needs extra proof"
Jainik Power Cables Ltd.,SME,JAINIK,NSE,INE0XIL01012,2025-06-17,WATCH,NEUTRAL,48,212.5,210.0,-1.2,,1.19,0.113136,,2,1.0,93.18,,,,,,Fast Track Finsec Pvt.Ltd.,,,https://www.screener.in/company/JAINIK/,https://www.tradingview.com/chart/?symbol=NSE%3AJAINIK,0.12,297.0,67.36,,,,,,,,,,False,,2026-08-20,0.0,,0,False,,"Score 48/100 — structure 35/35, base 0/20, liquidity 0/15, institutions 2/15, lock-in 5/5, LM 1/5, momentum 5/5 • Fresh close above the ₹210.0 pivot on session 1 — the walk-forward-validated entry • ₹0.1cr/day turnover ≈ 0.1% of free float changing hands daily — sleepy float • Lead manager Fast Track Finsec Pvt.Ltd.: 33% of 9 issues above issue today, LM score 33/100 • Mega-pop (+82%) — day-1 buyers are extended; base needs extra proof"
Aakaar Medical Technologies Ltd.,SME,AAKAAR,NSE,INE1GYP01013,2025-06-27,WATCH,NEUTRAL,48,58.4,55.65,-4.7,,2.04,0.06408,,2,1.0,-18.89,,,,,,Indorient Financial Services Ltd.,,,https://www.screener.in/company/AAKAAR/,https://www.tradingview.com/chart/?symbol=NSE%3AAAKAAR,0.24,75.2,67.05,,,,,,,,,,False,,2026-08-20,0.0,,0,False,,"Score 48/100 — structure 35/35, base 0/20, liquidity 0/15, institutions 2/15, lock-in 5/5, LM 3/5, momentum 3/5 • Fresh close above the ₹55.6 pivot on session 1 — the walk-forward-validated entry • ₹0.1cr/day turnover ≈ 0.2% of free float changing hands daily — sleepy float • Lead manager Indorient Financial Services Ltd.: 42% of 12 issues above issue today, LM score 52/100 • Discount listing (-23%) — historically the worst cohort"
Vandan Foods Ltd.,SME,VANDAN,BSE,INE0RDJ01019,2025-07-07,WATCH,NEUTRAL,48,24.8,24.01,-3.2,,1.53,0.0043446,,2,1.0,-78.43,,,,,,Nirbhay Capital Services Pvt.Ltd.,,,https://www.screener.in/company/544436/,https://www.tradingview.com/chart/?symbol=BSE%3A544436,0.06,21.0,66.42,,,,,,,,,,False,,2026-08-20,0.0,,0,False,,"Score 48/100 — structure 35/35, base 0/20, liquidity 0/15, institutions 2/15, lock-in 5/5, LM 3/5, momentum 3/5 • Fresh close above the ₹24.0 pivot on session 1 — the walk-forward-validated entry • ₹0.0cr/day turnover ≈ 0.1% of free float changing hands daily — sleepy float • Lead manager Nirbhay Capital Services Pvt.Ltd.: 40% of 5 issues above issue today, LM score 45/100 • Discount listing (-79%) — historically the worst cohort"
LGT Business Connextions Ltd.,SME,LGT,BSE,INE191201016,2025-08-26,WATCH,NEUTRAL,48,41.51,39.72,-4.3,,1.58,0.0200934,,2,1.0,-61.21,,,,,,Mark Corporate Advisors Pvt.Ltd.,,,https://www.screener.in/company/544489/,https://www.tradingview.com/chart/?symbol=BSE%3A544489,0.18,38.9,71.95,,,,,,,,,,False,,2026-08-20,0.0,,0,False,,"Score 48/100 — structure 35/35, base 0/20, liquidity 0/15, institutions 2/15, lock-in 5/5, LM 3/5, momentum 3/5 • Fresh close above the ₹39.7 pivot on session 1 — the walk-forward-validated entry • ₹0.0cr/day turnover ≈ 0.2% of free float changing hands daily — sleepy float • Lead manager Mark Corporate Advisors Pvt.Ltd.: 33% of 6 issues above issue today, LM score 41/100 • Discount listing (-63%) — historically the worst cohort"
Nilachal Carbo Metalicks Ltd.,SME,NCML,BSE,INE346R01013,2025-09-16,WATCH,NEUTRAL,48,90.05,87.0,-3.4,,2.84,0.028228,,2,1.0,5.94,,,,,,Sun Capital Advisory Services Pvt.Ltd.,,,https://www.screener.in/company/544510/,https://www.tradingview.com/chart/?symbol=BSE%3A544510,0.05,224.0,73.52,,,,,,,,,,False,,2026-08-20,0.0,,0,False,,"Score 48/100 — structure 35/35, base 0/20, liquidity 0/15, institutions 2/15, lock-in 5/5, LM 1/5, momentum 5/5 • Fresh close above the ₹87.0 pivot on session 1 — the walk-forward-validated entry • ₹0.0cr/day turnover ≈ 0.1% of free float changing hands daily — sleepy float • Lead manager Sun Capital Advisory Services Pvt.Ltd.: 33% of 6 issues above issue today, LM score 28/100"
Aptus Pharma Ltd.,SME,APPL,BSE,INE15XJ01010,2025-09-30,WATCH,NEUTRAL,48,284.95,279.4,-1.9,1.24,16.28,0.061996,,2,1.0,307.07,,,,,,Interactive Financial Services Ltd.,2025-10-26,2025-12-25,https://www.screener.in/company/544529/,https://www.tradingview.com/chart/?symbol=BSE%3A544529,0.05,461.0,72.89,,,,,,,,,,False,,2026-08-20,0.0,,0,False,,"Score 48/100 — structure 35/35, base 0/20, liquidity 0/15, institutions 2/15, lock-in 5/5, LM 1/5, momentum 5/5 • Fresh close above the ₹279.4 pivot on session 1 — the walk-forward-validated entry • QIB 1x — thin institutional book (score-penalised, not disqualifying: stops manage the risk) • ₹0.1cr/day turnover ≈ 0.1% of free float changing hands daily — sleepy float • Lead manager Interactive Financial Services Ltd.: 30% of 23 issues above issue today, LM score 24/100 • Mega-pop (+299%) — day-1 buyers are extended; base needs extra proof"
Om Freight Forwarders Ltd.,Mainboard,OMFREIGHT,NSE,INE1BZC01019,2025-10-08,WATCH,NEUTRAL,48,93.91,85.57,-8.9,3.97,3.58,0.1084300024499999,1.67,214,1.0,-30.44,,,,,,Smart Horizon Capital Advisors Pvt.Ltd.,2025-11-04,2026-01-03,https://www.screener.in/company/OMFREIGHT/,https://www.tradingview.com/chart/?symbol=NSE%3AOMFREIGHT,0.14,315.0,74.85,ESM Stage I,,In ESM-eligible pool (mcap ₹315cr < ₹500cr) — sharp rallies can trigger 100% margin + 2%/5% band,2026-07-11,2026-10-09,Enhanced Surveillance Measure (ESM) - Stage I (NSE list 20-Aug-2026),"Trade-to-trade settlement, 100% margin, 5% daily band (2% if already there). No intraday.",mcap ₹315cr still < ₹500cr pool boundary; 3-month move now +5% (cooled); 5-session move -4%,"Exit when price/volatility criteria normalise on review, or mcap sustainably exceeds the ₹500cr micro-cap pool",False,2025-11-17,2026-06-24,40.0,2026-07-01,11,False,,"Score 48/100 — structure 28/35, base 20/20, liquidity 0/15, institutions 2/15, lock-in 5/5, LM 5/5, momentum 3/5 • Reclaimed the pivot on session 1 and holds above — trend intact; manage, don't add • Tight base — held within 1.7% of listing close (the −10% cutoff was the grid-search optimum) • QIB 4x — thin institutional book (score-penalised, not disqualifying: stops manage the risk) • ₹0.1cr/day turnover ≈ 0.1% of free float changing hands daily — sleepy float • 🚧 UNDER SURVEILLANCE: ESM Stage I — price band capped, 100% margin, liquidity dries (historical band-lock episodes: −5.8% median over next 60 sessions, 41% win) • ⚠ In ESM-eligible pool (mcap ₹315cr < ₹500cr) — sharp rallies can trigger 100% margin + 2%/5% band"
Workmates Core2Cloud Solution Ltd.,SME,WORKMATES,BSE,INE1I1301016,2025-11-18,WATCH,NEUTRAL,48,339.15,405.0,19.4,147.03,99.91,0.35260665,-9.74,187,7.0,66.25,,,,,,Horizon Management Pvt.Ltd.,2025-12-13,2026-02-11,https://www.screener.in/company/544610/,https://www.tradingview.com/chart/?symbol=BSE%3A544610,0.29,445.0,72.03,,,,,,,,,,False,2026-03-30,2025-11-27,179.0,2026-05-18,3,False,,"Score 48/100 — structure 0/35, base 20/20, liquidity 0/15, institutions 15/15, lock-in 5/5, LM 3/5, momentum 5/5 • Tight base — held within 9.7% of listing close (the −10% cutoff was the grid-search optimum) • QIB 147x — heavy institutional sponsorship (biggest historical tails came from this group) • ₹0.4cr/day turnover ≈ 0.3% of free float changing hands daily — sleepy float • Lead manager Horizon Management Pvt.Ltd.: 50% of 22 issues above issue today, LM score 52/100"
Shreedhar Spinners Ltd.,SME,SHREEDHAR,NSE,INE0K3301012,2026-07-01,WATCH,NEUTRAL,48,116.55,57.1,-51.0,2.51,4.98,0.696261,-1.05,37,1.0,119.91,,,,,,Marwadi Chandarana Intermediaries Brokers Pvt.Ltd.,2026-07-28,2026-09-26,https://www.screener.in/company/SHREEDHAR/,https://www.tradingview.com/chart/?symbol=NSE%3ASHREEDHAR,1.12,252.0,70.48,ESM Stage I,,,2026-08-10 (est. from band-lock),2026-11-08,Enhanced Surveillance Measure (ESM) - Stage I (NSE list 20-Aug-2026),"Trade-to-trade settlement, 100% margin, 5% daily band (2% if already there). No intraday.",mcap ₹252cr still < ₹500cr pool boundary; 5-session move +4%,"Exit when price/volatility criteria normalise on review, or mcap sustainably exceeds the ₹500cr micro-cap pool",False,,2026-07-02,35.0,,0,False,,"Score 48/100 — structure 28/35, base 20/20, liquidity 0/15, institutions 2/15, lock-in 5/5, LM 3/5, momentum 5/5 • Reclaimed the pivot on session 1 and holds above — trend intact; manage, don't add • Tight base — held within 1.1% of listing close (the −10% cutoff was the grid-search optimum) • QIB 3x — thin institutional book (score-penalised, not disqualifying: stops manage the risk) • ₹0.7cr/day turnover ≈ 1.1% of free float changing hands daily — healthy churn • 🚧 UNDER SURVEILLANCE: ESM Stage I — price band capped, 100% margin, liquidity dries (historical band-lock episodes: −5.8% median over next 60 sessions, 41% win) • Lead manager Marwadi Chandarana Intermediaries Brokers Pvt.Ltd.: 33% of 12 issues above issue today, LM score 41/100"
Pramara Promotions Ltd.,SME,PRAMARA,NSE,INE0O7A01017,2023-09-13,WATCH,NEUTRAL,47,122.0,132.5,8.6,,25.3,0.3463583333333333,-15.9,18,,93.65,,,,,,Fedex Securities Pvt.Ltd.,,,https://www.screener.in/company/PRAMARA/,https://www.tradingview.com/chart/?symbol=NSE%3APRAMARA,0.32,150.0,32.2,,,,,,,,,,False,2026-08-11,,,2026-08-11,1,False,,"Score 47/100 — structure 20/35, base 6/20, liquidity 0/15, institutions 8/15, lock-in 5/5, LM 3/5, momentum 5/5 • Basing 8.6% below the ₹132.5 pivot at 18 sessions — trigger is a daily close above it inside session 25 • Base gave up -15.9% vs listing close — looser than the −10% ideal; demands a smaller position • ₹0.3cr/day turnover ≈ 0.3% of free float changing hands daily — sleepy float • Lead manager Fedex Securities Pvt.Ltd.: 43% of 23 issues above issue today, LM score 54/100 • Mega-pop (+110%) — day-1 buyers are extended; base needs extra proof"
Techknowgreen Solutions Ltd.,SME,TECHKGREEN,BSE,INE0P4P01011,2023-09-27,WATCH,NEUTRAL,47,135.0,147.25,9.1,,12.65,0.036269,-11.56,18,,56.98,,,,,,Indorient Financial Services Ltd.,,,https://www.screener.in/company/543991/,https://www.tradingview.com/chart/?symbol=BSE%3A543991,0.1,99.7,65.58,,,,,,,,,,False,,,,,0,False,,"Score 47/100 — structure 20/35, base 14/20, liquidity 0/15, institutions 2/15, lock-in 5/5, LM 3/5, momentum 3/5 • Basing 9.1% below the ₹147.2 pivot at 18 sessions — trigger is a daily close above it inside session 25 • Base gave up -11.6% vs listing close — looser than the −10% ideal; demands a smaller position • ₹0.0cr/day turnover ≈ 0.1% of free float changing hands daily — sleepy float • Lead manager Indorient Financial Services Ltd.: 42% of 12 issues above issue today, LM score 52/100 • Mega-pop (+69%) — day-1 buyers are extended; base needs extra proof"
DelaPlex Ltd.,SME,DELAPLEX,NSE,INE0SK801018,2024-02-02,WATCH,NEUTRAL,47,82.8,96.5,16.5,90.91,123.92,0.089640375,-14.2,16,,-56.88,,,,,,Shreni Shares Ltd.,2024-03-01,2024-04-30,https://www.screener.in/company/DELAPLEX/,https://www.tradingview.com/chart/?symbol=NSE%3ADELAPLEX,0.43,82.0,74.25,,,,,,,,,,False,2026-08-19,,,2026-08-19,1,True,,"Score 47/100 — structure 10/35, base 14/20, liquidity 0/15, institutions 15/15, lock-in 5/5, LM 3/5, momentum 0/5 • Base gave up -14.2% vs listing close — looser than the −10% ideal; demands a smaller position • QIB 91x — heavy institutional sponsorship (biggest historical tails came from this group) • ₹0.1cr/day turnover ≈ 0.4% of free float changing hands daily — sleepy float • 🔥 Volume thrust (≥5× avg) within the last 5 sessions (2026-08-19) — the institutional footprint that preceded most historical winners • Lead manager Shreni Shares Ltd.: 50% of 26 issues above issue today, LM score 55/100 • Discount listing (-50%) — historically the worst cohort"
SK Minerals & Additives Ltd.,SME,SKM,BSE,INE13YH01017,2025-10-17,WATCH,NEUTRAL,47,422.05,152.25,-63.9,1.01,2.76,0.591721,-17.93,201,1.0,232.32,,,,,,Khambatta Securities Ltd.,2025-11-14,2026-01-13,https://www.screener.in/company/544584/,https://www.tradingview.com/chart/?symbol=BSE%3A544584,0.42,527.0,73.53,,,,,,,,,,False,2026-01-27,2026-04-06,94.0,2026-05-25,5,False,,"Score 47/100 — structure 28/35, base 6/20, liquidity 0/15, institutions 2/15, lock-in 5/5, LM 3/5, momentum 3/5 • Reclaimed the pivot on session 1 and holds above — trend intact; manage, don't add • Base gave up -17.9% vs listing close — looser than the −10% ideal; demands a smaller position • QIB 1x — thin institutional book (score-penalised, not disqualifying: stops manage the risk) • ₹0.6cr/day turnover ≈ 0.4% of free float changing hands daily — sleepy float • Lead manager Khambatta Securities Ltd.: 56% of 9 issues above issue today, LM score 58/100"
Fujiyama Power Systems Ltd.,Mainboard,UTLSOLAR,NSE,INE12UR01024,2025-11-20,WATCH,NEUTRAL,47,477.5,230.99,-51.6,5.24,1.84,19.9625061165,-7.89,185,96.0,109.43,,,,,,Motilal Oswal Investment Advisors Ltd.,2025-12-17,2026-02-15,https://www.screener.in/company/UTLSOLAR/,https://www.tradingview.com/chart/?symbol=NSE%3AUTLSOLAR,1.15,14371.0,86.63,ASM Long-Term Stage I,,,2026-07-21,2026-10-19,"NSE ASM Long-Term list, 20-Aug-2026",100% margin on all positions. Trading otherwise normal.,3-month move now +81% (still hot); 5-session move +16%,Exit when 3-month high-low / concentration criteria no longer met on quarterly review,False,2026-04-15,2026-04-15,88.0,2026-04-24,3,False,,"Score 47/100 — structure 8/35, base 20/20, liquidity 15/15, institutions 6/15, lock-in 5/5, LM 3/5, momentum 5/5 • Tight base — held within 7.9% of listing close (the −10% cutoff was the grid-search optimum) • QIB 5x — thin institutional book (score-penalised, not disqualifying: stops manage the risk) • ₹20.0cr/day turnover ≈ 1.1% of free float changing hands daily — healthy churn • 🚧 UNDER SURVEILLANCE: ASM Long-Term Stage I — price band capped, 100% margin, liquidity dries (historical band-lock episodes: −5.8% median over next 60 sessions, 41% win) • Lead manager Motilal Oswal Investment Advisors Ltd.: 56% of 9 issues above issue today, LM score 56/100"
Hannah Joseph Hospital Ltd.,SME,HANNAH,BSE,INE0JVH01012,2026-02-02,WATCH,NEUTRAL,47,111.3,68.25,-38.7,1.08,1.47,0.1340275,-17.96,131,1.0,59.0,,,,,,Capital Square Advisors Pvt.Ltd.,2026-02-27,2026-04-28,https://www.screener.in/company/544687/,https://www.tradingview.com/chart/?symbol=BSE%3A544687,0.19,253.0,71.28,,,,,,,,,,False,2026-03-10,2026-04-02,90.0,2026-06-03,5,False,,"Score 47/100 — structure 28/35, base 6/20, liquidity 0/15, institutions 2/15, lock-in 5/5, LM 1/5, momentum 5/5 • Reclaimed the pivot on session 1 and holds above — trend intact; manage, don't add • Base gave up -18.0% vs listing close — looser than the −10% ideal; demands a smaller position • QIB 1x — thin institutional book (score-penalised, not disqualifying: stops manage the risk) • ₹0.1cr/day turnover ≈ 0.2% of free float changing hands daily — sleepy float • Lead manager Capital Square Advisors Pvt.Ltd.: 20% of 5 issues above issue today, LM score 25/100"
Crop Life Science Ltd.,SME,CLSL,NSE,INE00NH01017,2023-08-30,WATCH,NEUTRAL,46,82.65,65.0,-21.4,,4.19,0.1851327777777777,-6.15,18,2.0,58.94,,,,,,Interactive Financial Services Ltd.,,,https://www.screener.in/company/CLSL/,https://www.tradingview.com/chart/?symbol=NSE%3ACLSL,0.51,132.0,70.01,ESM Stage I,,,2026-08-12,2026-11-10,Enhanced Surveillance Measure (ESM) - Stage I (NSE list 20-Aug-2026),"Trade-to-trade settlement, 100% margin, 5% daily band (2% if already there). No intraday.",mcap ₹132cr still < ₹500cr pool boundary; 5-session move +6%,"Exit when price/volatility criteria normalise on review, or mcap sustainably exceeds the ₹500cr micro-cap pool",True,,2026-07-30,15.0,,0,False,,"Score 46/100 — structure 28/35, base 20/20, liquidity 0/15, institutions 2/15, lock-in 5/5, LM 1/5, momentum 5/5 • Reclaimed the pivot on session 2 and holds above — trend intact; manage, don't add • Tight base — held within 6.2% of listing close (the −10% cutoff was the grid-search optimum) • ₹0.2cr/day turnover ≈ 0.5% of free float changing hands daily — sleepy float • 🚧 UNDER SURVEILLANCE: ESM Stage I — price band capped, 100% margin, liquidity dries (historical band-lock episodes: −5.8% median over next 60 sessions, 41% win) • Lead manager Interactive Financial Services Ltd.: 30% of 23 issues above issue today, LM score 24/100 • Listed +23% — the historical sweet-spot band"
Innomet Advanced Materials Ltd.,SME,INNOMET,NSE,INE0S1D01010,2024-09-18,WATCH,NEUTRAL,46,227.45,199.5,-12.3,,295.99,0.923484,-12.26,459,1.0,127.45,,,,,,Expert Global Consultants Pvt.Ltd.,,,https://www.screener.in/company/INNOMET/,https://www.tradingview.com/chart/?symbol=NSE%3AINNOMET,0.85,272.0,56.72,ESM Stage II,2%,"SME LT-ASM risk: +134% in 3 months (criterion: ≥±90%, indicative)",2026-06-11 (est. from band-lock),2026-07-11,Enhanced Surveillance Measure (ESM) - Stage II (NSE list 20-Aug-2026),"Trade-to-trade, 100% margin, 2% daily band — the tightest cage (Amanta situation). Liquidity typically dries hard.",mcap ₹272cr still < ₹500cr pool boundary; 3-month move now +134% (still hot); 5-session move +10%,First step down to Stage I after ~1 month without triggers; full exit needs 90+ days and criteria normalisation,False,2024-11-14,2026-08-12,6.0,2026-07-17,18,False,,"Score 46/100 — structure 28/35, base 14/20, liquidity 0/15, institutions 8/15, lock-in 5/5, LM 1/5, momentum 5/5 • Reclaimed the pivot on session 1 and holds above — trend intact; manage, don't add • Base gave up -12.3% vs listing close — looser than the −10% ideal; demands a smaller position • ₹0.9cr/day turnover ≈ 0.8% of free float changing hands daily — healthy churn • 🚧 UNDER SURVEILLANCE: ESM Stage II — price band capped, 100% margin, liquidity dries (historical band-lock episodes: −5.8% median over next 60 sessions, 41% win) • ⚠ SME LT-ASM risk: +134% in 3 months (criterion: ≥±90%, indicative) • Lead manager Expert Global Consultants Pvt.Ltd.: 28% of 18 issues above issue today, LM score 38/100"
Active Infrastructures Ltd.,SME,ACTIVEINFR,NSE,INE0KLO01025,2025-03-28,WATCH,NEUTRAL,46,177.8,175.0,-1.6,,1.05,0.207702,,2,1.0,-1.77,,,,,,Kreo Capital Pvt.Ltd.,2025-04-25,2025-06-24,https://www.screener.in/company/ACTIVEINFR/,https://www.tradingview.com/chart/?symbol=NSE%3AACTIVEINFR,0.29,255.0,73.31,,,,,,,,,,False,,2026-08-20,0.0,,0,False,,"Score 46/100 — structure 35/35, base 0/20, liquidity 0/15, institutions 2/15, lock-in 5/5, LM 1/5, momentum 3/5 • Fresh close above the ₹175.0 pivot on session 1 — the walk-forward-validated entry • ₹0.2cr/day turnover ≈ 0.3% of free float changing hands daily — sleepy float • Lead manager Kreo Capital Pvt.Ltd.: 0% of 3 issues above issue today, LM score 19/100"
Borana Weaves Ltd.,Mainboard,BORANA,NSE,INE16SF01016,2025-05-27,WATCH,NEUTRAL,46,308.2,255.15,-17.2,85.53,81.31,1.2121646309999998,-15.24,307,115.0,42.69,,,,,,Beeline Capital Advisors Pvt.Ltd.,2025-06-22,2025-08-21,https://www.screener.in/company/BORANA/,https://www.tradingview.com/chart/?symbol=NSE%3ABORANA,0.4,842.0,65.23,,,,,,,,,,False,2025-11-11,2025-11-11,191.0,2026-07-16,8,False,,"Score 46/100 — structure 8/35, base 6/20, liquidity 6/15, institutions 15/15, lock-in 5/5, LM 3/5, momentum 3/5 • Base gave up -15.2% vs listing close — looser than the −10% ideal; demands a smaller position • QIB 86x — heavy institutional sponsorship (biggest historical tails came from this group) • ₹1.2cr/day turnover ≈ 0.4% of free float changing hands daily — sleepy float • Lead manager Beeline Capital Advisors Pvt.Ltd.: 53% of 57 issues above issue today, LM score 58/100"
Supertech EV Ltd.,SME,SEVL,BSE,INE0SC101013,2025-07-02,WATCH,NEUTRAL,46,36.09,35.98,-0.3,,4.09,0.0301368,,2,1.0,-60.77,,,,,,Corporate Makers Capital Ltd.,,,https://www.screener.in/company/544428/,https://www.tradingview.com/chart/?symbol=BSE%3A544428,0.22,44.7,69.31,,,,,,,,,,False,,2026-08-20,0.0,,0,False,,"Score 46/100 — structure 35/35, base 0/20, liquidity 0/15, institutions 2/15, lock-in 5/5, LM 1/5, momentum 3/5 • Fresh close above the ₹36.0 pivot on session 1 — the walk-forward-validated entry • ₹0.0cr/day turnover ≈ 0.2% of free float changing hands daily — sleepy float • Lead manager Corporate Makers Capital Ltd.: 17% of 12 issues above issue today, LM score 28/100 • Discount listing (-61%) — historically the worst cohort"
Studio LSD Ltd.,SME,STUDIOLSD,NSE,INE17VO01028,2025-08-25,WATCH,NEUTRAL,46,9.1,8.9,-2.2,1.0,2.87,0.025725,,2,1.0,-83.15,,,,,,Corpwis Advisors Pvt.Ltd.,,,https://www.screener.in/company/STUDIOLSD/,https://www.tradingview.com/chart/?symbol=NSE%3ASTUDIOLSD,0.21,47.2,73.5,,,,,,,,,,False,,2026-08-20,0.0,,0,False,,"Score 46/100 — structure 35/35, base 0/20, liquidity 0/15, institutions 2/15, lock-in 5/5, LM 1/5, momentum 3/5 • Fresh close above the ₹8.9 pivot on session 1 — the walk-forward-validated entry • QIB 1x — thin institutional book (score-penalised, not disqualifying: stops manage the risk) • ₹0.0cr/day turnover ≈ 0.2% of free float changing hands daily — sleepy float • Lead manager Corpwis Advisors Pvt.Ltd.: 38% of 8 issues above issue today, LM score 25/100 • Discount listing (-84%) — historically the worst cohort"
Globtier Infotech Ltd.,SME,GLOBTIER,BSE,INE12P601017,2025-09-02,WATCH,NEUTRAL,46,16.55,16.07,-2.9,,1.33,0.019908,,2,1.0,-77.01,,,,,,Shannon Advisors Pvt.Ltd.,,,https://www.screener.in/company/544494/,https://www.tradingview.com/chart/?symbol=BSE%3A544494,0.3,25.0,71.38,,,,,,,,,,False,,2026-08-20,0.0,,0,False,,"Score 46/100 — structure 35/35, base 0/20, liquidity 0/15, institutions 2/15, lock-in 5/5, LM 1/5, momentum 3/5 • Fresh close above the ₹16.1 pivot on session 1 — the walk-forward-validated entry • ₹0.0cr/day turnover ≈ 0.3% of free float changing hands daily — sleepy float • Discount listing (-78%) — historically the worst cohort"
Shreeji Global FMCG Ltd.,SME,SHETHJI,NSE,INE1FL101016,2025-11-12,WATCH,NEUTRAL,46,163.7,105.0,-35.9,1.64,2.85,0.40979075,-6.1,191,4.0,30.96,,,,,,Interactive Financial Services Ltd.,2025-12-09,2026-02-07,https://www.screener.in/company/SHETHJI/,https://www.tradingview.com/chart/?symbol=NSE%3ASHETHJI,0.37,378.0,70.13,ESM Stage I,,,2026-07-11,2026-10-09,Enhanced Surveillance Measure (ESM) - Stage I (NSE list 20-Aug-2026),"Trade-to-trade settlement, 100% margin, 5% daily band (2% if already there). No intraday.",mcap ₹378cr still < ₹500cr pool boundary; 3-month move now -7% (cooled); 5-session move -3%,"Exit when price/volatility criteria normalise on review, or mcap sustainably exceeds the ₹500cr micro-cap pool",False,,2025-12-30,157.0,,0,False,,"Score 46/100 — structure 28/35, base 20/20, liquidity 0/15, institutions 2/15, lock-in 5/5, LM 1/5, momentum 5/5 • Reclaimed the pivot on session 4 and holds above — trend intact; manage, don't add • Tight base — held within 6.1% of listing close (the −10% cutoff was the grid-search optimum) • QIB 2x — thin institutional book (score-penalised, not disqualifying: stops manage the risk) • ₹0.4cr/day turnover ≈ 0.4% of free float changing hands daily — sleepy float • 🚧 UNDER SURVEILLANCE: ESM Stage I — price band capped, 100% margin, liquidity dries (historical band-lock episodes: −5.8% median over next 60 sessions, 41% win) • Lead manager Interactive Financial Services Ltd.: 30% of 23 issues above issue today, LM score 24/100"
Vidya Wires Ltd.,Mainboard,VIDYAWIRES,NSE,INE14UN01029,2025-12-10,WATCH,NEUTRAL,46,87.4,58.45,-33.1,5.45,19.99,8.43970700295,-16.55,171,79.0,68.08,,,,,,Pantomath Capital Advisors Pvt.Ltd.,2026-01-06,2026-03-07,https://www.screener.in/company/VIDYAWIRES/,https://www.tradingview.com/chart/?symbol=NSE%3AVIDYAWIRES,1.58,1875.0,72.8,,,,,,,,,,False,2026-03-12,2026-04-09,91.0,2026-04-24,3,False,,"Score 46/100 — structure 8/35, base 6/20, liquidity 15/15, institutions 6/15, lock-in 5/5, LM 3/5, momentum 3/5 • Base gave up -16.6% vs listing close — looser than the −10% ideal; demands a smaller position • QIB 5x — thin institutional book (score-penalised, not disqualifying: stops manage the risk) • ₹8.4cr/day turnover ≈ 1.6% of free float changing hands daily — healthy churn • Lead manager Pantomath Capital Advisors Pvt.Ltd.: 54% of 13 issues above issue today, LM score 47/100"
Unihealth Consultancy Ltd.,SME,UNIHEALTH,NSE,INE0PRF01011,2023-09-21,WATCH,NEUTRAL,45,748.9,784.0,4.7,5.97,17.38,1.7281240277777776,-9.53,18,4.0,467.35,,,,,,Unistone Capital Pvt.Ltd.,2023-10-15,2023-12-14,https://www.screener.in/company/UNIHEALTH/,https://www.tradingview.com/chart/?symbol=NSE%3AUNIHEALTH,0.49,1198.0,69.53,,,,,,,,,,False,,2026-08-03,13.0,,0,False,,"Score 45/100 — structure 0/35, base 20/20, liquidity 6/15, institutions 6/15, lock-in 5/5, LM 3/5, momentum 5/5 • Tight base — held within 9.5% of listing close (the −10% cutoff was the grid-search optimum) • QIB 6x — thin institutional book (score-penalised, not disqualifying: stops manage the risk) • ₹1.7cr/day turnover ≈ 0.5% of free float changing hands daily — sleepy float • Lead manager Unistone Capital Pvt.Ltd.: 56% of 25 issues above issue today, LM score 60/100 • Mega-pop (+485%) — day-1 buyers are extended; base needs extra proof"
Teamtech Formwork Solutions Ltd.,SME,TEAMTECH,NSE,INE2OL601013,2026-05-26,WATCH,NEUTRAL,45,128.95,76.8,-40.4,4.28,5.29,0.437834,-6.19,60,9.0,104.68,,,,,,GetFive Advisors Pvt.Ltd.,2026-06-21,2026-08-20,https://www.screener.in/company/TEAMTECH/,https://www.tradingview.com/chart/?symbol=NSE%3ATEAMTECH,0.3,356.0,59.67,ESM Stage I,,,2026-07-22,2026-10-20,Enhanced Surveillance Measure (ESM) - Stage I (NSE list 20-Aug-2026),"Trade-to-trade settlement, 100% margin, 5% daily band (2% if already there). No intraday.",mcap ₹356cr still < ₹500cr pool boundary; 5-session move +7%,"Exit when price/volatility criteria normalise on review, or mcap sustainably exceeds the ₹500cr micro-cap pool",False,,2026-06-09,50.0,,0,False,,"Score 45/100 — structure 28/35, base 20/20, liquidity 0/15, institutions 2/15, lock-in 0/5, LM 5/5, momentum 5/5 • Reclaimed the pivot on session 9 and holds above — trend intact; manage, don't add • Tight base — held within 6.2% of listing close (the −10% cutoff was the grid-search optimum) • QIB 4x — thin institutional book (score-penalised, not disqualifying: stops manage the risk) • ₹0.4cr/day turnover ≈ 0.3% of free float changing hands daily — sleepy float • ⚠ Anchor 90-day lock-in expires 2026-08-20 (0d) — historical median drift −2.4% into expiry; no fresh entries • 🚧 UNDER SURVEILLANCE: ESM Stage I — price band capped, 100% margin, liquidity dries (historical band-lock episodes: −5.8% median over next 60 sessions, 41% win)"
Trom Industries Ltd.,SME,TROM,NSE,INE0SYV01018,2024-08-01,WATCH,NEUTRAL,44,59.1,229.4,288.2,197.07,323.0,0.02653635,-2.79,496,1.0,-48.61,,,,,,Expert Global Consultants Pvt.Ltd.,2024-08-29,2024-10-28,https://www.screener.in/company/TROM/,https://www.tradingview.com/chart/?symbol=NSE%3ATROM,0.16,51.0,69.52,,,,,,,,,,False,2024-12-26,2025-01-20,378.0,2026-08-20,5,True,,"Score 44/100 — structure 0/35, base 20/20, liquidity 0/15, institutions 15/15, lock-in 5/5, LM 1/5, momentum 3/5 • Tight base — held within 2.8% of listing close (the −10% cutoff was the grid-search optimum) • QIB 197x — heavy institutional sponsorship (biggest historical tails came from this group) • ₹0.0cr/day turnover ≈ 0.2% of free float changing hands daily — sleepy float • 🔥 Volume thrust (≥5× avg) within the last 5 sessions (2026-08-20) — the institutional footprint that preceded most historical winners • Lead manager Expert Global Consultants Pvt.Ltd.: 28% of 18 issues above issue today, LM score 38/100"
Sawaliya Foods Products Ltd.,SME,SAWALIYA,NSE,INE10VS01016,2025-08-14,WATCH,NEUTRAL,44,280.7,285.45,1.7,15.83,9.6,2.4985665,,2,,133.92,,,,,,Unistone Capital Pvt.Ltd.,2025-09-11,2025-11-10,https://www.screener.in/company/SAWALIYA/,https://www.tradingview.com/chart/?symbol=NSE%3ASAWALIYA,2.8,279.0,67.78,,,,,,,,,,False,,,,,0,False,,"Score 44/100 — structure 10/35, base 0/20, liquidity 10/15, institutions 11/15, lock-in 5/5, LM 3/5, momentum 5/5 • QIB 16x — decent institutional interest • ₹2.5cr/day turnover ≈ 2.8% of free float changing hands daily — healthy churn • Lead manager Unistone Capital Pvt.Ltd.: 56% of 25 issues above issue today, LM score 60/100 • Mega-pop (+138%) — day-1 buyers are extended; base needs extra proof"
Anondita Medicare Ltd.,SME,ANONDITA,NSE,INE0VTV01012,2025-09-01,WATCH,NEUTRAL,44,1075.0,1087.9,1.2,153.03,210.36,1.1859205,,2,,641.38,,,,,,Narnolia Financial Services Ltd.,,,https://www.screener.in/company/ANONDITA/,https://www.tradingview.com/chart/?symbol=NSE%3AANONDITA,0.16,1965.0,62.4,,,,,,,,,,False,,,,,0,False,,"Score 44/100 — structure 10/35, base 0/20, liquidity 6/15, institutions 15/15, lock-in 5/5, LM 3/5, momentum 5/5 • QIB 153x — heavy institutional sponsorship (biggest historical tails came from this group) • ₹1.2cr/day turnover ≈ 0.2% of free float changing hands daily — sleepy float • Lead manager Narnolia Financial Services Ltd.: 47% of 30 issues above issue today, LM score 57/100 • Mega-pop (+634%) — day-1 buyers are extended; base needs extra proof"
Wakefit Innovations Ltd.,Mainboard,WAKEFIT,NSE,INE0E7301029,2025-12-15,WATCH,NEUTRAL,44,136.64,203.5,48.9,3.04,1.82,32.477700369649995,-14.68,168,39.0,-29.93,,,,,,Axis Capital Ltd.,2026-01-09,2026-03-10,https://www.screener.in/company/WAKEFIT/,https://www.tradingview.com/chart/?symbol=NSE%3AWAKEFIT,1.21,4357.0,36.88,,,,,,,,,,False,2026-02-10,2026-02-11,128.0,2026-07-23,8,False,,"Score 44/100 — structure 0/35, base 14/20, liquidity 15/15, institutions 2/15, lock-in 5/5, LM 5/5, momentum 3/5 • Base gave up -14.7% vs listing close — looser than the −10% ideal; demands a smaller position • QIB 3x — thin institutional book (score-penalised, not disqualifying: stops manage the risk) • ₹32.5cr/day turnover ≈ 1.2% of free float changing hands daily — healthy churn • Lead manager Axis Capital Ltd.: 82% of 22 issues above issue today, LM score 81/100"
Ashwini Container Movers Ltd.,SME,ASHWINI,NSE,INE1A6Q01010,2025-12-19,WATCH,NEUTRAL,44,184.5,147.0,-20.3,1.31,1.54,0.430396,-8.71,158,10.0,29.93,,,,,,Corporate Professionals Capital Pvt.Ltd.,2026-01-15,2026-03-16,https://www.screener.in/company/ASHWINI/,https://www.tradingview.com/chart/?symbol=NSE%3AASHWINI,0.44,286.0,66.67,ASM Long-Term Stage I,,,2026-07-11,2026-10-09,"NSE ASM Long-Term list, 20-Aug-2026",100% margin on all positions. Trading otherwise normal.,3-month move now +23% (cooled); 5-session move -6%,Exit when 3-month high-low / concentration criteria no longer met on quarterly review,False,2026-03-02,2026-06-22,41.0,2026-08-10,6,False,,"Score 44/100 — structure 28/35, base 20/20, liquidity 0/15, institutions 2/15, lock-in 5/5, LM 1/5, momentum 3/5 • Reclaimed the pivot on session 10 and holds above — trend intact; manage, don't add • Tight base — held within 8.7% of listing close (the −10% cutoff was the grid-search optimum) • QIB 1x — thin institutional book (score-penalised, not disqualifying: stops manage the risk) • ₹0.4cr/day turnover ≈ 0.4% of free float changing hands daily — sleepy float • 🚧 UNDER SURVEILLANCE: ASM Long-Term Stage I — price band capped, 100% margin, liquidity dries (historical band-lock episodes: −5.8% median over next 60 sessions, 41% win)"
Defrail Technologies Ltd.,SME,DEFRAIL,BSE,INE0ZE201010,2026-01-19,WATCH,NEUTRAL,44,73.9,99.75,35.0,71.09,73.74,0.05078128,-9.74,124,6.0,-0.14,,,,,,NEXGEN Financial Solutions Pvt. Ltd.,2026-02-15,2026-04-16,https://www.screener.in/company/544677/,https://www.tradingview.com/chart/?symbol=BSE%3A544677,0.39,49.7,73.6,,,,,,,,,,False,,2026-02-26,96.0,,0,False,,"Score 44/100 — structure 0/35, base 20/20, liquidity 0/15, institutions 15/15, lock-in 5/5, LM 1/5, momentum 3/5 • Tight base — held within 9.7% of listing close (the −10% cutoff was the grid-search optimum) • QIB 71x — heavy institutional sponsorship (biggest historical tails came from this group) • ₹0.1cr/day turnover ≈ 0.4% of free float changing hands daily — sleepy float"
Fractal Analytics Ltd.,Mainboard,FRACTAL,NSE,INE212S01015,2026-02-16,WATCH,NEUTRAL,44,855.25,897.3,4.9,4.41,2.01,32.776058496,-13.39,126,42.0,-4.97,,,,,,Kotak Mahindra Capital Co.Ltd.,2026-03-13,2026-05-12,https://www.screener.in/company/FRACTAL/,https://www.tradingview.com/chart/?symbol=NSE%3AFRACTAL,0.28,14194.0,16.97,,,,,,,,,,False,2026-04-21,2026-04-22,83.0,2026-04-23,2,False,,"Score 44/100 — structure 0/35, base 14/20, liquidity 15/15, institutions 2/15, lock-in 5/5, LM 5/5, momentum 3/5 • Base gave up -13.4% vs listing close — looser than the −10% ideal; demands a smaller position • QIB 4x — thin institutional book (score-penalised, not disqualifying: stops manage the risk) • ₹32.8cr/day turnover ≈ 0.3% of free float changing hands daily — sleepy float • Lead manager Kotak Mahindra Capital Co.Ltd.: 74% of 27 issues above issue today, LM score 73/100"
Clean Max Enviro Energy Solutions Ltd.,Mainboard,CLEANMAX,NSE,INE647U01026,2026-03-02,WATCH,NEUTRAL,44,1220.1,960.0,-21.3,2.99,1.0,23.0413059345,-16.18,116,28.0,15.87,,,,,,Axis Capital Ltd.,2026-03-27,2026-05-26,https://www.screener.in/company/CLEANMAX/,https://www.tradingview.com/chart/?symbol=NSE%3ACLEANMAX,0.29,14632.0,49.43,,,,,,,,,,False,2026-06-10,2026-04-16,87.0,2026-06-10,1,False,,"Score 44/100 — structure 8/35, base 6/20, liquidity 15/15, institutions 2/15, lock-in 5/5, LM 5/5, momentum 3/5 • Base gave up -16.2% vs listing close — looser than the −10% ideal; demands a smaller position • QIB 3x — thin institutional book (score-penalised, not disqualifying: stops manage the risk) • ₹23.0cr/day turnover ≈ 0.3% of free float changing hands daily — sleepy float • Lead manager Axis Capital Ltd.: 82% of 22 issues above issue today, LM score 81/100"
Adisoft Technologies Ltd.,SME,ADISOFT,NSE,INE20PL01012,2026-04-30,WATCH,NEUTRAL,44,188.45,215.25,14.2,98.23,54.3,0.8820828,-12.66,78,1.0,9.56,,,,,,Hem Securities Ltd.,2026-05-28,2026-07-27,https://www.screener.in/company/ADISOFT/,https://www.tradingview.com/chart/?symbol=NSE%3AADISOFT,1.14,288.0,73.6,,,,,,,,,,False,,2026-06-09,51.0,,0,False,,"Score 44/100 — structure 0/35, base 14/20, liquidity 0/15, institutions 15/15, lock-in 5/5, LM 5/5, momentum 5/5 • Base gave up -12.7% vs listing close — looser than the −10% ideal; demands a smaller position • QIB 98x — heavy institutional sponsorship (biggest historical tails came from this group) • ₹0.9cr/day turnover ≈ 1.1% of free float changing hands daily — healthy churn • Lead manager Hem Securities Ltd.: 62% of 68 issues above issue today, LM score 72/100"
Service Care Ltd.,SME,SERVICE,NSE,INE0P1Q01015,2023-07-26,WATCH,NEUTRAL,43,61.05,70.9,16.1,5.1,6.18,6468.382922,-18.58,24,,-8.88,,,,,,Swastika Investmart Ltd.,,,https://www.screener.in/company/SERVICE/,https://www.tradingview.com/chart/?symbol=NSE%3ASERVICE,0.53,84.0,65.35,,,,,,,,,,False,,,,,0,False,,"Score 43/100 — structure 10/35, base 6/20, liquidity 15/15, institutions 6/15, lock-in 5/5, LM 1/5, momentum 0/5 • Base gave up -18.6% vs listing close — looser than the −10% ideal; demands a smaller position • QIB 5x — thin institutional book (score-penalised, not disqualifying: stops manage the risk) • ₹6468.4cr/day turnover ≈ 0.5% of free float changing hands daily — sleepy float • Lead manager Swastika Investmart Ltd.: 17% of 12 issues above issue today, LM score 21/100 • Listed +6% — the historical sweet-spot band"
Vishnu Prakash R.Punglia Ltd.,Mainboard,VPRPL,NSE,INE0AE001013,2023-09-05,WATCH,NEUTRAL,43,33.52,165.0,392.2,171.69,61.76,3.01322683165,0.31,728,2.0,-66.14,,,,,,Choice Capital Advisors Pvt.Ltd.,2023-09-30,2023-11-29,https://www.screener.in/company/VPRPL/,https://www.tradingview.com/chart/?symbol=NSE%3AVPRPL,1.08,435.0,38.03,ASM Long-Term Stage I,,In ESM-eligible pool (mcap ₹435cr < ₹500cr) — sharp rallies can trigger 100% margin + 2%/5% band,2026-08-12,2026-11-10,"NSE ASM Long-Term list, 20-Aug-2026",100% margin on all positions. Trading otherwise normal.,3-month move now -14% (cooled); 5-session move -4%,Exit when 3-month high-low / concentration criteria no longer met on quarterly review,False,2023-11-16,2025-07-29,261.0,2026-08-11,25,False,,"Score 43/100 — structure 0/35, base 20/20, liquidity 10/15, institutions 15/15, lock-in 5/5, LM 5/5, momentum 3/5 • Tight base — held within 0.3% of listing close (the −10% cutoff was the grid-search optimum) • QIB 172x — heavy institutional sponsorship (biggest historical tails came from this group) • ₹3.0cr/day turnover ≈ 1.1% of free float changing hands daily — healthy churn • 🚧 UNDER SURVEILLANCE: ASM Long-Term Stage I — price band capped, 100% margin, liquidity dries (historical band-lock episodes: −5.8% median over next 60 sessions, 41% win) • ⚠ In ESM-eligible pool (mcap ₹435cr < ₹500cr) — sharp rallies can trigger 100% margin + 2%/5% band • Lead manager Choice Capital Advisors Pvt.Ltd.: 73% of 11 issues above issue today, LM score 78/100"
Saakshi Medtech & Panels Ltd.,SME,SAAKSHI,NSE,INE0PSK01027,2023-10-03,WATCH,NEUTRAL,43,288.75,305.1,5.7,37.35,64.1,0.5688745,-11.88,18,,197.68,,,,,,Hem Securities Ltd.,2023-11-02,2024-01-01,https://www.screener.in/company/SAAKSHI/,https://www.tradingview.com/chart/?symbol=NSE%3ASAAKSHI,0.45,526.0,74.82,ESM Stage I,,,2026-07-11,2026-10-09,Enhanced Surveillance Measure (ESM) - Stage I (NSE list 20-Aug-2026),"Trade-to-trade settlement, 100% margin, 5% daily band (2% if already there). No intraday.",mcap ₹526cr ≥ ₹500cr pool boundary; 5-session move +2%,"Exit when price/volatility criteria normalise on review, or mcap sustainably exceeds the ₹500cr micro-cap pool",False,,,,,0,False,,"Score 43/100 — structure 20/35, base 14/20, liquidity 0/15, institutions 11/15, lock-in 5/5, LM 5/5, momentum 3/5 • Basing 5.7% below the ₹305.1 pivot at 18 sessions — trigger is a daily close above it inside session 25 • Base gave up -11.9% vs listing close — looser than the −10% ideal; demands a smaller position • QIB 37x — decent institutional interest • ₹0.6cr/day turnover ≈ 0.5% of free float changing hands daily — sleepy float • 🚧 UNDER SURVEILLANCE: ESM Stage I — price band capped, 100% margin, liquidity dries (historical band-lock episodes: −5.8% median over next 60 sessions, 41% win) • Lead manager Hem Securities Ltd.: 62% of 68 issues above issue today, LM score 72/100"
Shri Ahimsa Naturals Ltd.,SME,SHRIAHIMSA,NSE,INE0DM401012,2025-04-02,WATCH,NEUTRAL,43,405.0,404.0,-0.2,,44.42,0.4104945,,2,1.0,240.34,,,,,,Srujan Alpha Capital Advisors LLP,2025-04-28,2025-06-27,https://www.screener.in/company/SHRIAHIMSA/,https://www.tradingview.com/chart/?symbol=NSE%3ASHRIAHIMSA,0.14,937.0,68.4,ESM Stage I,,,2026-07-11,2026-10-09,Enhanced Surveillance Measure (ESM) - Stage I (NSE list 20-Aug-2026),"Trade-to-trade settlement, 100% margin, 5% daily band (2% if already there). No intraday.",mcap ₹937cr ≥ ₹500cr pool boundary,"Exit when price/volatility criteria normalise on review, or mcap sustainably exceeds the ₹500cr micro-cap pool",False,,2026-08-20,0.0,,0,False,,"Score 43/100 — structure 35/35, base 0/20, liquidity 0/15, institutions 8/15, lock-in 5/5, LM 5/5, momentum 5/5 • Reclaimed the pivot on session 1 and holds above — trend intact; manage, don't add • ₹0.4cr/day turnover ≈ 0.1% of free float changing hands daily — sleepy float • 🚧 UNDER SURVEILLANCE: ESM Stage I — price band capped, 100% margin, liquidity dries (historical band-lock episodes: −5.8% median over next 60 sessions, 41% win) • Lead manager Srujan Alpha Capital Advisors LLP: 50% of 6 issues above issue today, LM score 74/100 • Mega-pop (+232%) — day-1 buyers are extended; base needs extra proof"
Tankup Engineers Ltd.,SME,TANKUP,NSE,INE0Z7N01017,2025-04-30,WATCH,NEUTRAL,43,1250.0,1225.0,-2.0,,88.53,0.061925,,2,1.0,792.86,,,,,,Hem Securities Ltd.,2025-05-28,2025-07-27,https://www.screener.in/company/TANKUP/,https://www.tradingview.com/chart/?symbol=NSE%3ATANKUP,0.04,649.0,73.65,ESM Stage I,,,2026-07-27,2026-10-25,Enhanced Surveillance Measure (ESM) - Stage I (NSE list 20-Aug-2026),"Trade-to-trade settlement, 100% margin, 5% daily band (2% if already there). No intraday.",mcap ₹649cr ≥ ₹500cr pool boundary,"Exit when price/volatility criteria normalise on review, or mcap sustainably exceeds the ₹500cr micro-cap pool",False,,2026-08-20,0.0,,0,False,,"Score 43/100 — structure 35/35, base 0/20, liquidity 0/15, institutions 8/15, lock-in 5/5, LM 5/5, momentum 5/5 • Reclaimed the pivot on session 1 and holds above — trend intact; manage, don't add • ₹0.1cr/day turnover ≈ 0.0% of free float changing hands daily — sleepy float • 🚧 UNDER SURVEILLANCE: ESM Stage I — price band capped, 100% margin, liquidity dries (historical band-lock episodes: −5.8% median over next 60 sessions, 41% win) • Lead manager Hem Securities Ltd.: 62% of 68 issues above issue today, LM score 72/100 • Mega-pop (+775%) — day-1 buyers are extended; base needs extra proof"
Blue Water Logistics Ltd.,SME,BLUEWATER,NSE,INE0X3M01010,2025-06-03,WATCH,NEUTRAL,43,429.0,408.6,-4.8,,7.0,1.5128125,,2,1.0,217.78,,,,,,Smart Horizon Capital Advisors Pvt.Ltd.,2025-06-29,2025-08-29,https://www.screener.in/company/BLUEWATER/,https://www.tradingview.com/chart/?symbol=NSE%3ABLUEWATER,1.09,428.0,69.55,ESM Stage I,,,2026-07-11,2026-10-09,Enhanced Surveillance Measure (ESM) - Stage I (NSE list 20-Aug-2026),"Trade-to-trade settlement, 100% margin, 5% daily band (2% if already there). No intraday.",mcap ₹428cr still < ₹500cr pool boundary,"Exit when price/volatility criteria normalise on review, or mcap sustainably exceeds the ₹500cr micro-cap pool",False,,2026-08-20,0.0,,0,False,,"Score 43/100 — structure 35/35, base 0/20, liquidity 6/15, institutions 2/15, lock-in 5/5, LM 5/5, momentum 5/5 • Reclaimed the pivot on session 1 and holds above — trend intact; manage, don't add • ₹1.5cr/day turnover ≈ 1.1% of free float changing hands daily — healthy churn • 🚧 UNDER SURVEILLANCE: ESM Stage I — price band capped, 100% margin, liquidity dries (historical band-lock episodes: −5.8% median over next 60 sessions, 41% win) • Lead manager Smart Horizon Capital Advisors Pvt.Ltd.: 74% of 27 issues above issue today, LM score 82/100 • Mega-pop (+196%) — day-1 buyers are extended; base needs extra proof"
Australian Premium Solar (India) Ltd.,SME,APS,NSE,INE0P0001010,2024-01-18,WATCH,NEUTRAL,42,242.25,278.8,15.1,107.02,320.88,0.587463046875,-16.59,16,,348.61,,,,,,Beeline Capital Advisors Pvt.Ltd.,2024-02-15,2024-04-15,https://www.screener.in/company/APS/,https://www.tradingview.com/chart/?symbol=NSE%3AAPS,0.42,471.0,72.62,,,,,,,,,,False,,,,,0,False,,"Score 42/100 — structure 10/35, base 6/20, liquidity 0/15, institutions 15/15, lock-in 5/5, LM 3/5, momentum 3/5 • Base gave up -16.6% vs listing close — looser than the −10% ideal; demands a smaller position • QIB 107x — heavy institutional sponsorship (biggest historical tails came from this group) • ₹0.6cr/day turnover ≈ 0.4% of free float changing hands daily — sleepy float • Lead manager Beeline Capital Advisors Pvt.Ltd.: 53% of 57 issues above issue today, LM score 58/100 • Mega-pop (+412%) — day-1 buyers are extended; base needs extra proof"
Shree Karni Fabcom Ltd.,SME,SHREEKARNI,NSE,INE0S4Y01010,2024-03-14,WATCH,NEUTRAL,42,340.0,412.0,21.2,112.94,212.81,0.24189121875,-21.7,16,,49.78,,,,,,Horizon Management Pvt.Ltd.,2024-04-11,2024-06-10,https://www.screener.in/company/SHREEKARNI/,https://www.tradingview.com/chart/?symbol=NSE%3ASHREEKARNI,0.3,257.0,69.21,,,,,,,,,,False,,,,,0,False,,"Score 42/100 — structure 10/35, base 6/20, liquidity 0/15, institutions 15/15, lock-in 5/5, LM 3/5, momentum 3/5 • Base gave up -21.7% vs listing close — looser than the −10% ideal; demands a smaller position • QIB 113x — heavy institutional sponsorship (biggest historical tails came from this group) • ₹0.2cr/day turnover ≈ 0.3% of free float changing hands daily — sleepy float • Lead manager Horizon Management Pvt.Ltd.: 50% of 22 issues above issue today, LM score 52/100 • Mega-pop (+82%) — day-1 buyers are extended; base needs extra proof"
Indiqube Spaces Ltd.,Mainboard,INDIQUBE,NSE,INE06ST01018,2025-07-30,WATCH,NEUTRAL,42,189.15,222.97,17.9,15.12,7.63,1.3721754554,-10.35,261,16.0,-20.19,,,,,,ICICI Securities Ltd.,2025-08-26,2025-10-25,https://www.screener.in/company/INDIQUBE/,https://www.tradingview.com/chart/?symbol=NSE%3AINDIQUBE,0.09,3972.0,60.11,,,,,,,,,,False,2025-11-10,2025-11-20,184.0,2026-07-10,7,False,,"Score 42/100 — structure 0/35, base 14/20, liquidity 6/15, institutions 11/15, lock-in 5/5, LM 3/5, momentum 3/5 • Base gave up -10.3% vs listing close — looser than the −10% ideal; demands a smaller position • QIB 15x — decent institutional interest • ₹1.4cr/day turnover ≈ 0.1% of free float changing hands daily — sleepy float • Lead manager ICICI Securities Ltd.: 63% of 38 issues above issue today, LM score 64/100"
Mahendra Realtors & Infrastructure Ltd.,SME,MRIL,NSE,INE632Q01018,2025-08-20,WATCH,NEUTRAL,42,63.25,63.0,-0.4,43.57,26.35,0.051916,,2,1.0,-25.59,,,,,,Novus Capital Advisors Pvt.Ltd.,,,https://www.screener.in/company/MRIL/,https://www.tradingview.com/chart/?symbol=NSE%3AMRIL,0.14,140.0,73.68,ESM Stage I,,,2026-07-11,2026-10-09,Enhanced Surveillance Measure (ESM) - Stage I (NSE list 20-Aug-2026),"Trade-to-trade settlement, 100% margin, 5% daily band (2% if already there). No intraday.",mcap ₹140cr still < ₹500cr pool boundary,"Exit when price/volatility criteria normalise on review, or mcap sustainably exceeds the ₹500cr micro-cap pool",False,,2026-08-20,0.0,,0,False,,"Score 42/100 — structure 35/35, base 0/20, liquidity 0/15, institutions 11/15, lock-in 5/5, LM 3/5, momentum 3/5 • Reclaimed the pivot on session 1 and holds above — trend intact; manage, don't add • QIB 44x — decent institutional interest • ₹0.1cr/day turnover ≈ 0.1% of free float changing hands daily — sleepy float • 🚧 UNDER SURVEILLANCE: ESM Stage I — price band capped, 100% margin, liquidity dries (historical band-lock episodes: −5.8% median over next 60 sessions, 41% win) • Lead manager Novus Capital Advisors Pvt.Ltd.: 33% of 3 issues above issue today, LM score 53/100 • Discount listing (-26%) — historically the worst cohort"
Cellecor Gadgets Ltd.,SME,CELLECOR,NSE,INE0OMO01025,2023-09-28,WATCH,NEUTRAL,40,31.6,34.0,7.6,57.58,80.64,0.6357316666666667,-11.73,18,3.0,-65.65,,,,,,Narnolia Financial Services Ltd.,2023-10-25,2023-12-24,https://www.screener.in/company/CELLECOR/,https://www.tradingview.com/chart/?symbol=NSE%3ACELLECOR,0.17,703.0,46.3,,,,,,,,,,False,,2026-07-31,14.0,,0,False,,"Score 40/100 — structure 0/35, base 14/20, liquidity 0/15, institutions 15/15, lock-in 5/5, LM 3/5, momentum 3/5 • Base gave up -11.7% vs listing close — looser than the −10% ideal; demands a smaller position • QIB 58x — heavy institutional sponsorship (biggest historical tails came from this group) • ₹0.6cr/day turnover ≈ 0.2% of free float changing hands daily — sleepy float • Lead manager Narnolia Financial Services Ltd.: 47% of 30 issues above issue today, LM score 57/100 • Discount listing (-63%) — historically the worst cohort"
Newjaisa Technologies Ltd.,SME,NEWJAISA,NSE,INE0PW501021,2023-10-05,WATCH,NEUTRAL,40,16.85,15.15,-10.1,1.02,5.03,0.0420825,-11.0,18,6.0,-64.15,,,,,,Indorient Financial Services Ltd.,2023-11-03,2024-01-02,https://www.screener.in/company/NEWJAISA/,https://www.tradingview.com/chart/?symbol=NSE%3ANEWJAISA,0.2,63.3,61.03,ESM Stage II,2%,,2026-08-04 (est. from band-lock),2026-09-03,Enhanced Surveillance Measure (ESM) - Stage II (NSE list 20-Aug-2026),"Trade-to-trade, 100% margin, 2% daily band — the tightest cage (Amanta situation). Liquidity typically dries hard.",mcap ₹63cr still < ₹500cr pool boundary; 5-session move -3%,First step down to Stage I after ~1 month without triggers; full exit needs 90+ days and criteria normalisation,False,,2026-08-05,11.0,,0,False,,"Score 40/100 — structure 28/35, base 14/20, liquidity 0/15, institutions 2/15, lock-in 5/5, LM 3/5, momentum 3/5 • Reclaimed the pivot on session 6 and holds above — trend intact; manage, don't add • Base gave up -11.0% vs listing close — looser than the −10% ideal; demands a smaller position • QIB 1x — thin institutional book (score-penalised, not disqualifying: stops manage the risk) • ₹0.0cr/day turnover ≈ 0.2% of free float changing hands daily — sleepy float • 🚧 UNDER SURVEILLANCE: ESM Stage II — price band capped, 100% margin, liquidity dries (historical band-lock episodes: −5.8% median over next 60 sessions, 41% win) • Lead manager Indorient Financial Services Ltd.: 42% of 12 issues above issue today, LM score 52/100"
Kataria Industries Ltd.,SME,KATARIA,NSE,INE0SVY01018,2024-07-24,WATCH,NEUTRAL,40,105.25,191.5,81.9,171.04,275.0,0.05810715,-12.45,499,1.0,9.64,,,,,,Interactive Financial Services Ltd.,2024-08-21,2024-10-20,https://www.screener.in/company/KATARIA/,https://www.tradingview.com/chart/?symbol=NSE%3AKATARIA,0.11,222.0,74.98,,,,,,,,,,False,2024-09-13,2024-10-08,446.0,2026-08-20,19,True,,"Score 40/100 — structure 0/35, base 14/20, liquidity 0/15, institutions 15/15, lock-in 5/5, LM 1/5, momentum 5/5 • Base gave up -12.4% vs listing close — looser than the −10% ideal; demands a smaller position • QIB 171x — heavy institutional sponsorship (biggest historical tails came from this group) • ₹0.1cr/day turnover ≈ 0.1% of free float changing hands daily — sleepy float • 🔥 Volume thrust (≥5× avg) within the last 5 sessions (2026-08-20) — the institutional footprint that preceded most historical winners • Lead manager Interactive Financial Services Ltd.: 30% of 23 issues above issue today, LM score 24/100"
Indogulf Cropsciences Ltd.,Mainboard,IGCL,NSE,INE05J901018,2025-07-03,WATCH,NEUTRAL,40,72.68,113.0,55.5,31.73,13.5,1.12444109875,-11.2,280,9.0,-34.52,,,,,,Systematix Corporate Services Ltd.,2025-07-31,2025-09-29,https://www.screener.in/company/IGCL/,https://www.tradingview.com/chart/?symbol=NSE%3AIGCL,0.77,458.0,69.05,,,In ESM-eligible pool (mcap ₹458cr < ₹500cr) — sharp rallies can trigger 100% margin + 2%/5% band,,,,,,,False,2026-05-29,2025-09-08,234.0,2026-05-29,1,False,,"Score 40/100 — structure 0/35, base 14/20, liquidity 6/15, institutions 11/15, lock-in 5/5, LM 1/5, momentum 3/5 • Base gave up -11.2% vs listing close — looser than the −10% ideal; demands a smaller position • QIB 32x — decent institutional interest • ₹1.1cr/day turnover ≈ 0.8% of free float changing hands daily — sleepy float • ⚠ In ESM-eligible pool (mcap ₹458cr < ₹500cr) — sharp rallies can trigger 100% margin + 2%/5% band • Lead manager Systematix Corporate Services Ltd.: 33% of 3 issues above issue today, LM score 34/100"
Gaudium IVF & Women Health Ltd.,Mainboard,GAUDIUMIVF,NSE,INE0P8B01020,2026-02-27,WATCH,NEUTRAL,40,113.68,87.15,-23.3,1.62,5.23,0.9413472646000002,-13.81,117,12.0,43.9,,,,,,Sarthi Capital Advisors Pvt.Ltd.,2026-03-26,2026-05-25,https://www.screener.in/company/GAUDIUMIVF/,https://www.tradingview.com/chart/?symbol=NSE%3AGAUDIUMIVF,0.35,861.0,71.29,ESM Stage II,2%,,2026-07-03 (est. from band-lock),2026-08-02,Enhanced Surveillance Measure (ESM) - Stage II (NSE list 20-Aug-2026),"Trade-to-trade, 100% margin, 2% daily band — the tightest cage (Amanta situation). Liquidity typically dries hard.",mcap ₹861cr ≥ ₹500cr pool boundary; 3-month move now -3% (cooled); 5-session move -10%,First step down to Stage I after ~1 month without triggers; full exit needs 90+ days and criteria normalisation,False,2026-04-09,2026-04-09,91.0,2026-04-09,1,False,,"Score 40/100 — structure 28/35, base 14/20, liquidity 0/15, institutions 2/15, lock-in 5/5, LM 3/5, momentum 3/5 • Reclaimed the pivot on session 12 and holds above — trend intact; manage, don't add • Base gave up -13.8% vs listing close — looser than the −10% ideal; demands a smaller position • QIB 2x — thin institutional book (score-penalised, not disqualifying: stops manage the risk) • ₹0.9cr/day turnover ≈ 0.3% of free float changing hands daily — sleepy float • 🚧 UNDER SURVEILLANCE: ESM Stage II — price band capped, 100% margin, liquidity dries (historical band-lock episodes: −5.8% median over next 60 sessions, 41% win) • Lead manager Sarthi Capital Advisors Pvt.Ltd.: 50% of 6 issues above issue today, LM score 56/100"
Pramodini Medicare Ltd.,SME,PRAMODINI,NSE,INE2JG601017,2026-08-19,WATCH,NEUTRAL,40,118.1,125.55,6.3,3.66,,15.933642,,2,,0.08,,,,,,Smart Horizon Capital Advisors Pvt.Ltd.,2026-09-16,2026-11-15,,,,,,,,,,,,,,,False,,,,,0,False,,"Score 40/100 — structure 10/35, base 0/20, liquidity 15/15, institutions 2/15, lock-in 5/5, LM 5/5, momentum 3/5 • QIB 4x — thin institutional book (score-penalised, not disqualifying: stops manage the risk) • Lead manager Smart Horizon Capital Advisors Pvt.Ltd.: 74% of 27 issues above issue today, LM score 82/100"
Associated Coaters Ltd.,SME,ASSOCIATED,BSE,INE0RIQ01013,2024-06-06,WATCH,NEUTRAL,39,100.5,149.1,48.4,,367.85,0.024483,-9.71,388,5.0,-16.94,,,,,,Gretex Corporate Services Ltd.,,,https://www.screener.in/company/544183/,https://www.tradingview.com/chart/?symbol=BSE%3A544183,0.58,13.6,68.79,,,,,,,,,,False,2024-10-01,2025-01-31,235.0,2025-07-10,8,False,,"Score 39/100 — structure 0/35, base 20/20, liquidity 0/15, institutions 8/15, lock-in 5/5, LM 3/5, momentum 3/5 • Tight base — held within 9.7% of listing close (the −10% cutoff was the grid-search optimum) • ₹0.0cr/day turnover ≈ 0.6% of free float changing hands daily — sleepy float • Lead manager Gretex Corporate Services Ltd.: 41% of 22 issues above issue today, LM score 48/100"
Brisk Technovision Ltd.,SME,BRISK,BSE,INE0Q6L01014,2024-01-31,WATCH,NEUTRAL,38,69.5,78.5,12.9,,46.73,0.0141814,-11.5,8,,-55.45,,,,,,Sun Capital Advisory Services Pvt.Ltd.,,,https://www.screener.in/company/544101/,https://www.tradingview.com/chart/?symbol=BSE%3A544101,0.24,14.4,59.99,,,,,,,,,,False,,,,,0,False,,"Score 38/100 — structure 10/35, base 14/20, liquidity 0/15, institutions 8/15, lock-in 5/5, LM 1/5, momentum 0/5 • Base gave up -11.5% vs listing close — looser than the −10% ideal; demands a smaller position • ₹0.0cr/day turnover ≈ 0.2% of free float changing hands daily — sleepy float • Lead manager Sun Capital Advisory Services Pvt.Ltd.: 33% of 6 issues above issue today, LM score 28/100 • Discount listing (-50%) — historically the worst cohort"
Spunweb Nonwoven Ltd.,SME,SPUNWEB,NSE,INE19QH01010,2025-07-21,WATCH,NEUTRAL,38,99.5,100.1,0.6,165.43,174.81,0.173454,,2,,3.65,,,,,,Vivro Financial Services Pvt.Ltd.,2025-08-16,2025-10-15,https://www.screener.in/company/SPUNWEB/,https://www.tradingview.com/chart/?symbol=NSE%3ASPUNWEB,0.21,241.0,65.27,,,,,,,,,,False,,,,,0,False,,"Score 38/100 — structure 10/35, base 0/20, liquidity 0/15, institutions 15/15, lock-in 5/5, LM 3/5, momentum 5/5 • QIB 165x — heavy institutional sponsorship (biggest historical tails came from this group) • ₹0.2cr/day turnover ≈ 0.2% of free float changing hands daily — sleepy float • Lead manager Vivro Financial Services Pvt.Ltd.: 64% of 11 issues above issue today, LM score 67/100"
Savy Infra & Logistics Ltd.,SME,SAVY,NSE,INE0UCN01017,2025-07-28,WATCH,NEUTRAL,38,129.0,130.0,0.8,93.02,80.17,0.21612,,1,,7.5,,,,,,Unistone Capital Pvt.Ltd.,2025-08-23,2025-10-22,https://www.screener.in/company/SAVY/,https://www.tradingview.com/chart/?symbol=NSE%3ASAVY,0.21,262.0,61.81,,,,,,,,,,False,,,,,0,False,,"Score 38/100 — structure 10/35, base 0/20, liquidity 0/15, institutions 15/15, lock-in 5/5, LM 3/5, momentum 5/5 • QIB 93x — heavy institutional sponsorship (biggest historical tails came from this group) • ₹0.2cr/day turnover ≈ 0.2% of free float changing hands daily — sleepy float • Lead manager Unistone Capital Pvt.Ltd.: 56% of 25 issues above issue today, LM score 60/100 • Listed +6% — the historical sweet-spot band"
Connplex Cinemas Ltd.,SME,CONNPLEX,NSE,INE0EAS01014,2025-08-14,WATCH,NEUTRAL,38,214.85,223.95,4.2,44.21,25.23,1.032596,,2,,21.38,,,,,,Beeline Capital Advisors Pvt.Ltd.,2025-09-11,2025-11-10,https://www.screener.in/company/CONNPLEX/,https://www.tradingview.com/chart/?symbol=NSE%3ACONNPLEX,0.83,399.0,70.11,,,,,,,,,,False,,,,,0,False,,"Score 38/100 — structure 10/35, base 0/20, liquidity 6/15, institutions 11/15, lock-in 5/5, LM 3/5, momentum 3/5 • QIB 44x — decent institutional interest • ₹1.0cr/day turnover ≈ 0.8% of free float changing hands daily — healthy churn • Lead manager Beeline Capital Advisors Pvt.Ltd.: 53% of 57 issues above issue today, LM score 58/100 • Listed +20% — the historical sweet-spot band"
Classic Electrodes (India) Ltd.,SME,CLASSICEIL,NSE,INE0UQ601012,2025-09-01,WATCH,NEUTRAL,38,46.95,47.5,1.2,84.88,126.22,0.104836,,2,,-46.03,,,,,,GYR Capital Advisors Pvt.Ltd.,2025-09-26,2025-11-25,https://www.screener.in/company/CLASSICEIL/,https://www.tradingview.com/chart/?symbol=NSE%3ACLASSICEIL,0.46,84.3,72.02,,,,,,,,,,False,,,,,0,False,,"Score 38/100 — structure 10/35, base 0/20, liquidity 0/15, institutions 15/15, lock-in 5/5, LM 5/5, momentum 3/5 • QIB 85x — heavy institutional sponsorship (biggest historical tails came from this group) • ₹0.1cr/day turnover ≈ 0.5% of free float changing hands daily — sleepy float • Lead manager GYR Capital Advisors Pvt.Ltd.: 57% of 49 issues above issue today, LM score 72/100 • Discount listing (-45%) — historically the worst cohort"
Current Infraprojects Ltd.,SME,CURRENT,NSE,INE1CRQ01014,2025-09-03,WATCH,NEUTRAL,38,100.0,110.0,10.0,191.77,213.37,0.227172,,2,,25.0,,,,,,Holani Consultants Pvt.Ltd.,2025-09-30,2025-11-29,https://www.screener.in/company/CURRENT/,https://www.tradingview.com/chart/?symbol=NSE%3ACURRENT,0.41,191.0,70.52,,,,,,,,,,False,,,,,0,False,,"Score 38/100 — structure 10/35, base 0/20, liquidity 0/15, institutions 15/15, lock-in 5/5, LM 5/5, momentum 3/5 • QIB 192x — heavy institutional sponsorship (biggest historical tails came from this group) • ₹0.2cr/day turnover ≈ 0.4% of free float changing hands daily — sleepy float • Lead manager Holani Consultants Pvt.Ltd.: 64% of 11 issues above issue today, LM score 75/100 • Listed +23% — the historical sweet-spot band"
Goel Construction Co.Ltd.,SME,GOELCONS,BSE,INE0ZOM01013,2025-09-09,WATCH,NEUTRAL,38,410.4,444.65,8.3,124.2,87.92,0.844146,,2,,56.05,,,,,,Srujan Alpha Capital Advisors LLP,2025-10-04,2025-12-03,https://www.screener.in/company/544504/,https://www.tradingview.com/chart/?symbol=BSE%3A544504,0.5,623.0,71.83,,,,,,,,,,False,,,,,0,False,,"Score 38/100 — structure 10/35, base 0/20, liquidity 0/15, institutions 15/15, lock-in 5/5, LM 5/5, momentum 3/5 • QIB 124x — heavy institutional sponsorship (biggest historical tails came from this group) • ₹0.8cr/day turnover ≈ 0.5% of free float changing hands daily — sleepy float • Lead manager Srujan Alpha Capital Advisors LLP: 50% of 6 issues above issue today, LM score 74/100 • Mega-pop (+61%) — day-1 buyers are extended; base needs extra proof"
Austere Systems Ltd.,SME,AUSTERE,BSE,INE104201012,2025-09-12,WATCH,NEUTRAL,38,39.3,39.35,0.1,236.5,749.69,0.03528,,2,,-28.55,,,,,,GYR Capital Advisors Pvt.Ltd.,2025-10-09,2025-12-09,https://www.screener.in/company/544505/,https://www.tradingview.com/chart/?symbol=BSE%3A544505,0.26,41.2,66.98,,,,,,,,,,False,,,,,0,False,,"Score 38/100 — structure 10/35, base 0/20, liquidity 0/15, institutions 15/15, lock-in 5/5, LM 5/5, momentum 3/5 • QIB 236x — heavy institutional sponsorship (biggest historical tails came from this group) • ₹0.0cr/day turnover ≈ 0.3% of free float changing hands daily — sleepy float • Lead manager GYR Capital Advisors Pvt.Ltd.: 57% of 49 issues above issue today, LM score 72/100 • Discount listing (-29%) — historically the worst cohort"
Infinity Infoway Ltd.,SME,INFINITY,BSE,INE16XA01017,2025-10-08,WATCH,NEUTRAL,38,395.0,400.0,1.3,157.14,201.16,0.166821,,2,,154.84,,,,,,Holani Consultants Pvt.Ltd.,2025-11-04,2026-01-03,https://www.screener.in/company/544567/,https://www.tradingview.com/chart/?symbol=BSE%3A544567,0.24,218.0,68.49,,,,,,,,,,False,,,,,0,False,,"Score 38/100 — structure 10/35, base 0/20, liquidity 0/15, institutions 15/15, lock-in 5/5, LM 5/5, momentum 3/5 • QIB 157x — heavy institutional sponsorship (biggest historical tails came from this group) • ₹0.2cr/day turnover ≈ 0.2% of free float changing hands daily — sleepy float • Lead manager Holani Consultants Pvt.Ltd.: 64% of 11 issues above issue today, LM score 75/100 • Mega-pop (+155%) — day-1 buyers are extended; base needs extra proof"
Innovatus Entertainment Networks Ltd.,SME,543951,BSE,INE0LYO01018,2023-08-04,WATCH,NEUTRAL,37,48.96,50.0,2.1,,103.41,3.627933,,1,,-2.08,,,,,,Inventure Merchant Banker Services Pvt.Ltd.,,,https://www.screener.in/company/543951/,https://www.tradingview.com/chart/?symbol=BSE%3A543951,3.4,34.2,9.85,,,,,,,,,,False,,,,,0,False,,"Score 37/100 — structure 10/35, base 0/20, liquidity 10/15, institutions 8/15, lock-in 5/5, LM 1/5, momentum 3/5 • ₹3.6cr/day turnover ≈ 3.4% of free float changing hands daily — healthy churn • Lead manager Inventure Merchant Banker Services Pvt.Ltd.: 30% of 10 issues above issue today, LM score 22/100"
Iware Supplychain Services Ltd.,SME,IWARE,NSE,INE1AII01014,2025-05-06,WATCH,NEUTRAL,37,452.85,450.0,-0.6,,2.97,0.4556085,,2,1.0,376.68,,,,,,GetFive Advisors Pvt.Ltd.,,,https://www.screener.in/company/IWARE/,https://www.tradingview.com/chart/?symbol=NSE%3AIWARE,0.29,508.0,69.01,ESM Stage I,,,2026-07-11,2026-10-09,Enhanced Surveillance Measure (ESM) - Stage I (NSE list 20-Aug-2026),"Trade-to-trade settlement, 100% margin, 5% daily band (2% if already there). No intraday.",mcap ₹508cr ≥ ₹500cr pool boundary,"Exit when price/volatility criteria normalise on review, or mcap sustainably exceeds the ₹500cr micro-cap pool",False,,2026-08-20,0.0,,0,False,,"Score 37/100 — structure 35/35, base 0/20, liquidity 0/15, institutions 2/15, lock-in 5/5, LM 5/5, momentum 5/5 • Reclaimed the pivot on session 1 and holds above — trend intact; manage, don't add • ₹0.5cr/day turnover ≈ 0.3% of free float changing hands daily — sleepy float • 🚧 UNDER SURVEILLANCE: ESM Stage I — price band capped, 100% margin, liquidity dries (historical band-lock episodes: −5.8% median over next 60 sessions, 41% win) • Lead manager GetFive Advisors Pvt.Ltd.: 75% of 4 issues above issue today, LM score 90/100 • Mega-pop (+367%) — day-1 buyers are extended; base needs extra proof"
Patil Automation Ltd.,SME,PATILAUTOM,NSE,INE17GV01016,2025-06-23,WATCH,NEUTRAL,37,237.25,249.0,5.0,,71.03,1.5303675,,2,,97.71,,,,,,Seren Capital Pvt.Ltd.,2025-07-19,2025-09-17,https://www.screener.in/company/PATILAUTOM/,https://www.tradingview.com/chart/?symbol=NSE%3APATILAUTOM,0.95,519.0,69.29,,,,,,,,,,False,,,,,0,False,,"Score 37/100 — structure 10/35, base 0/20, liquidity 6/15, institutions 8/15, lock-in 5/5, LM 5/5, momentum 3/5 • ₹1.5cr/day turnover ≈ 0.9% of free float changing hands daily — healthy churn • Lead manager Seren Capital Pvt.Ltd.: 75% of 8 issues above issue today, LM score 73/100 • Mega-pop (+100%) — day-1 buyers are extended; base needs extra proof"
Eppeltone Engineers Ltd.,SME,EEPL,NSE,INE11HF01010,2025-06-24,WATCH,NEUTRAL,37,136.65,152.35,11.5,,206.4,2.129115,,2,,6.76,,,,,,Expert Global Consultants Pvt.Ltd.,2025-07-20,2025-09-18,https://www.screener.in/company/EEPL/,https://www.tradingview.com/chart/?symbol=NSE%3AEEPL,2.95,182.0,61.78,,,,,,,,,,False,,,,,0,False,,"Score 37/100 — structure 10/35, base 0/20, liquidity 10/15, institutions 8/15, lock-in 5/5, LM 1/5, momentum 3/5 • ₹2.1cr/day turnover ≈ 3.0% of free float changing hands daily — healthy churn • Lead manager Expert Global Consultants Pvt.Ltd.: 28% of 18 issues above issue today, LM score 38/100 • Listed +9% — the historical sweet-spot band"
Monarch Surveyors & Engineering Consultants Ltd.,SME,MSECL,BSE,INE0V0L01028,2025-07-29,WATCH,NEUTRAL,36,220.9,222.0,0.5,179.01,177.37,0.0794535,,2,,-11.64,,,,,,Beeline Capital Advisors Pvt.Ltd.,2025-08-24,2025-10-23,https://www.screener.in/company/544453/,https://www.tradingview.com/chart/?symbol=BSE%3A544453,0.09,322.0,72.35,,,,,,,,,,False,,,,,0,False,,"Score 36/100 — structure 10/35, base 0/20, liquidity 0/15, institutions 15/15, lock-in 5/5, LM 3/5, momentum 3/5 • QIB 179x — heavy institutional sponsorship (biggest historical tails came from this group) • ₹0.1cr/day turnover ≈ 0.1% of free float changing hands daily — sleepy float • Lead manager Beeline Capital Advisors Pvt.Ltd.: 53% of 57 issues above issue today, LM score 58/100 • Discount listing (-11%) — historically the worst cohort"
EPW India Ltd.,SME,EPWINDIA,NSE,INE1KEC01023,2025-12-30,WATCH,NEUTRAL,36,248.85,116.55,-53.2,1.17,1.21,0.1880511,-15.92,136,1.0,156.55,,,,,,GetFive Advisors Pvt.Ltd.,2026-01-24,2026-03-25,https://www.screener.in/company/EPWINDIA/,https://www.tradingview.com/chart/?symbol=NSE%3AEPWINDIA,0.25,259.0,71.43,ESM Stage I,,,2026-07-11,2026-10-09,Enhanced Surveillance Measure (ESM) - Stage I (NSE list 20-Aug-2026),"Trade-to-trade settlement, 100% margin, 5% daily band (2% if already there). No intraday.",mcap ₹259cr still < ₹500cr pool boundary; 3-month move now +69% (cooled); 5-session move +14%,"Exit when price/volatility criteria normalise on review, or mcap sustainably exceeds the ₹500cr micro-cap pool",False,2026-04-28,2026-04-28,68.0,2026-06-29,4,False,,"Score 36/100 — structure 28/35, base 6/20, liquidity 0/15, institutions 2/15, lock-in 5/5, LM 5/5, momentum 5/5 • Reclaimed the pivot on session 1 and holds above — trend intact; manage, don't add • Base gave up -15.9% vs listing close — looser than the −10% ideal; demands a smaller position • QIB 1x — thin institutional book (score-penalised, not disqualifying: stops manage the risk) • ₹0.2cr/day turnover ≈ 0.2% of free float changing hands daily — sleepy float • 🚧 UNDER SURVEILLANCE: ESM Stage I — price band capped, 100% margin, liquidity dries (historical band-lock episodes: −5.8% median over next 60 sessions, 41% win) • Lead manager GetFive Advisors Pvt.Ltd.: 75% of 4 issues above issue today, LM score 90/100"
HMA Agro Industries Ltd.,Mainboard,HMAAGRO,NSE,INE0ECP01024,2023-07-04,WATCH,NEUTRAL,35,21.94,24.0,9.4,1.74,1.48,10.152795260333336,,3,,-96.25,,,,,,Aryaman Financial Services Ltd.,2023-07-29,2023-09-27,https://www.screener.in/company/HMAAGRO/,https://www.tradingview.com/chart/?symbol=NSE%3AHMAAGRO,3.62,1100.0,75.0,,,,,,,,,,False,,,,,0,False,,"Score 35/100 — structure 10/35, base 0/20, liquidity 15/15, institutions 2/15, lock-in 5/5, LM 3/5, momentum 0/5 • QIB 2x — thin institutional book (score-penalised, not disqualifying: stops manage the risk) • ₹10.2cr/day turnover ≈ 3.6% of free float changing hands daily — healthy churn • Lead manager Aryaman Financial Services Ltd.: 47% of 15 issues above issue today, LM score 41/100 • Discount listing (-96%) — historically the worst cohort"
IBL Finance Ltd.,SME,IBLFL,NSE,INE0O7401018,2024-01-16,WATCH,NEUTRAL,35,61.45,62.0,0.9,,16.67,0.0457118181818181,-4.88,11,6.0,20.49,,,,,,Fedex Securities Pvt.Ltd.,,,https://www.screener.in/company/IBLFL/,https://www.tradingview.com/chart/?symbol=NSE%3AIBLFL,0.08,152.0,63.2,,,,,,,,,,False,,2026-08-11,4.0,,0,False,,"Score 35/100 — structure 0/35, base 20/20, liquidity 0/15, institutions 2/15, lock-in 5/5, LM 3/5, momentum 5/5 • Tight base — held within 4.9% of listing close (the −10% cutoff was the grid-search optimum) • ₹0.0cr/day turnover ≈ 0.1% of free float changing hands daily — sleepy float • Lead manager Fedex Securities Pvt.Ltd.: 43% of 23 issues above issue today, LM score 54/100 • Listed +20% — the historical sweet-spot band"
Aluwind Architectural Ltd.,SME,ALUWIND,NSE,INE0STM01017,2024-04-09,WATCH,NEUTRAL,35,47.2,52.0,10.2,,7.88,0.07035890625,-10.06,16,,4.89,,,,,,Corpwis Advisors Pvt.Ltd.,,,https://www.screener.in/company/ALUWIND/,https://www.tradingview.com/chart/?symbol=NSE%3AALUWIND,0.21,120.0,72.15,,,,,,,,,,False,,,,,0,False,,"Score 35/100 — structure 10/35, base 14/20, liquidity 0/15, institutions 2/15, lock-in 5/5, LM 1/5, momentum 3/5 • Base gave up -10.1% vs listing close — looser than the −10% ideal; demands a smaller position • ₹0.1cr/day turnover ≈ 0.2% of free float changing hands daily — sleepy float • Lead manager Corpwis Advisors Pvt.Ltd.: 38% of 8 issues above issue today, LM score 25/100"
Meta Infotech Ltd.,SME,METAINFO,BSE,INE162901016,2025-07-11,WATCH,NEUTRAL,35,90.0,92.95,3.3,147.76,117.0,0.147586,,2,,-44.1,,,,,,Hem Securities Ltd.,2025-08-07,2025-10-06,https://www.screener.in/company/544441/,https://www.tradingview.com/chart/?symbol=BSE%3A544441,0.29,170.0,70.37,,,,,,,,,,False,,,,,0,False,,"Score 35/100 — structure 10/35, base 0/20, liquidity 0/15, institutions 15/15, lock-in 5/5, LM 5/5, momentum 0/5 • QIB 148x — heavy institutional sponsorship (biggest historical tails came from this group) • ₹0.1cr/day turnover ≈ 0.3% of free float changing hands daily — sleepy float • Lead manager Hem Securities Ltd.: 62% of 68 issues above issue today, LM score 72/100 • Discount listing (-43%) — historically the worst cohort"
Laxmi India Finance Ltd.,Mainboard,LAXMIINDIA,NSE,INE06WU01026,2025-08-05,WATCH,NEUTRAL,35,132.9,146.68,10.4,1.3,1.76,2.22884960045,-13.47,257,2.0,-15.89,,,,,,PL Capital Markets Pvt.Ltd.,2025-08-30,2025-10-29,https://www.screener.in/company/LAXMIINDIA/,https://www.tradingview.com/chart/?symbol=NSE%3ALAXMIINDIA,0.81,650.0,60.17,,,,,,,,,,False,2025-11-19,2025-11-12,190.0,2026-02-18,3,False,,"Score 35/100 — structure 0/35, base 14/20, liquidity 10/15, institutions 2/15, lock-in 5/5, LM 1/5, momentum 3/5 • Base gave up -13.5% vs listing close — looser than the −10% ideal; demands a smaller position • QIB 1x — thin institutional book (score-penalised, not disqualifying: stops manage the risk) • ₹2.2cr/day turnover ≈ 0.8% of free float changing hands daily — healthy churn"
Bhadora Industries Ltd.,SME,BHADORA,NSE,INE0ZRC01017,2025-08-11,WATCH,NEUTRAL,35,118.05,112.45,-4.7,0.68,1.18,0.362787,,2,1.0,14.61,,,,,,Unistone Capital Pvt.Ltd.,2025-09-06,2025-11-05,https://www.screener.in/company/BHADORA/,https://www.tradingview.com/chart/?symbol=NSE%3ABHADORA,0.5,196.0,65.59,ESM Stage I,,,2026-07-11,2026-10-09,Enhanced Surveillance Measure (ESM) - Stage I (NSE list 20-Aug-2026),"Trade-to-trade settlement, 100% margin, 5% daily band (2% if already there). No intraday.",mcap ₹196cr still < ₹500cr pool boundary,"Exit when price/volatility criteria normalise on review, or mcap sustainably exceeds the ₹500cr micro-cap pool",False,,2026-08-20,0.0,,0,False,,"Score 35/100 — structure 35/35, base 0/20, liquidity 0/15, institutions 2/15, lock-in 5/5, LM 3/5, momentum 5/5 • Reclaimed the pivot on session 1 and holds above — trend intact; manage, don't add • QIB 1x — thin institutional book (score-penalised, not disqualifying: stops manage the risk) • ₹0.4cr/day turnover ≈ 0.5% of free float changing hands daily — sleepy float • 🚧 UNDER SURVEILLANCE: ESM Stage I — price band capped, 100% margin, liquidity dries (historical band-lock episodes: −5.8% median over next 60 sessions, 41% win) • Lead manager Unistone Capital Pvt.Ltd.: 56% of 25 issues above issue today, LM score 60/100 • Listed +7% — the historical sweet-spot band"
Sugs Lloyd Ltd.,SME,SUGSLLOYD,BSE,INE0XX801016,2025-09-05,WATCH,NEUTRAL,35,199.0,221.8,11.5,2.03,3.07,2.2334175,,2,,61.79,,,,,,3Dimension Capital Services Ltd.,2025-10-03,2025-12-02,https://www.screener.in/company/544501/,https://www.tradingview.com/chart/?symbol=BSE%3A544501,1.56,462.0,70.54,,,,,,,,,,False,,,,,0,False,,"Score 35/100 — structure 10/35, base 0/20, liquidity 10/15, institutions 2/15, lock-in 5/5, LM 5/5, momentum 3/5 • QIB 2x — thin institutional book (score-penalised, not disqualifying: stops manage the risk) • ₹2.2cr/day turnover ≈ 1.6% of free float changing hands daily — healthy churn • Lead manager 3Dimension Capital Services Ltd.: 60% of 5 issues above issue today, LM score 75/100 • Mega-pop (+71%) — day-1 buyers are extended; base needs extra proof"
Karbonsteel Engineering Ltd.,SME,KARBON,BSE,INE0V8A01016,2025-09-16,WATCH,NEUTRAL,35,105.0,109.8,4.6,121.61,54.06,0.0617704,,2,,-33.96,,,,,,Seren Capital Pvt.Ltd.,2025-10-15,2025-12-15,https://www.screener.in/company/544511/,https://www.tradingview.com/chart/?symbol=BSE%3A544511,0.08,162.0,51.78,,,,,,,,,,False,,,,,0,False,,"Score 35/100 — structure 10/35, base 0/20, liquidity 0/15, institutions 15/15, lock-in 5/5, LM 5/5, momentum 0/5 • QIB 122x — heavy institutional sponsorship (biggest historical tails came from this group) • ₹0.1cr/day turnover ≈ 0.1% of free float changing hands daily — sleepy float • Lead manager Seren Capital Pvt.Ltd.: 75% of 8 issues above issue today, LM score 73/100 • Discount listing (-31%) — historically the worst cohort"
Enviro Infra Engineers Ltd.,Mainboard,EIEL,NSE,INE0LLY01014,2024-11-29,EXIT,AVOID,63,199.01,233.7,17.4,157.05,62.85,19.753769926200004,0.5,426,2.0,34.47,,,,,,Hem Securities Ltd.,2024-12-27,2025-02-25,https://www.screener.in/company/EIEL/,https://www.tradingview.com/chart/?symbol=NSE%3AEIEL,1.78,3460.0,70.19,,,,,,,,,,False,2025-05-23,2026-07-10,29.0,2026-06-22,11,False,,"Score 63/100 — structure 0/35, base 20/20, liquidity 15/15, institutions 15/15, lock-in 5/5, LM 5/5, momentum 3/5 • Lost both the pivot (₹233.7) and the 20-EMA — the two levels that defined the up-move; edge is gone • Tight base — held within 0.5% of listing close (the −10% cutoff was the grid-search optimum) • QIB 157x — heavy institutional sponsorship (biggest historical tails came from this group) • ₹19.8cr/day turnover ≈ 1.8% of free float changing hands daily — healthy churn • Lead manager Hem Securities Ltd.: 62% of 68 issues above issue today, LM score 72/100"
Advit Jewels Ltd.,Mainboard,RAMBHAJO,NSE,INE1SJO01012,2026-07-01,EXIT,AVOID,63,173.84,192.0,10.4,174.98,147.53,5.2501667167,-9.95,37,9.0,25.97,,,,,,Holani Consultants Pvt.Ltd.,2026-07-29,2026-09-27,https://www.screener.in/company/RAMBHAJO/,https://www.tradingview.com/chart/?symbol=NSE%3ARAMBHAJO,2.04,829.0,69.88,,,,,,,,,,False,,2026-08-10,8.0,,0,False,,"Score 63/100 — structure 0/35, base 20/20, liquidity 15/15, institutions 15/15, lock-in 5/5, LM 5/5, momentum 3/5 • Lost both the pivot (₹192.0) and the 20-EMA — the two levels that defined the up-move; edge is gone • Tight base — held within 9.9% of listing close (the −10% cutoff was the grid-search optimum) • QIB 175x — heavy institutional sponsorship (biggest historical tails came from this group) • ₹5.3cr/day turnover ≈ 2.0% of free float changing hands daily — healthy churn • Lead manager Holani Consultants Pvt.Ltd.: 64% of 11 issues above issue today, LM score 75/100 • Listed +37% — the historical sweet-spot band"
Kusumgar Ltd.,Mainboard,KUSUMGAR,NSE,INE0ISX01025,2026-07-15,EXIT,AVOID,63,572.5,625.9,9.3,299.51,94.75,49.62751104075,-9.09,27,15.0,36.63,,,,,,Axis Capital Ltd.,2026-08-12,2026-10-10,https://www.screener.in/company/KUSUMGAR/,https://www.tradingview.com/chart/?symbol=NSE%3AKUSUMGAR,3.09,6319.0,75.01,,,,,,,,,,False,,2026-08-05,11.0,,0,False,,"Score 63/100 — structure 0/35, base 20/20, liquidity 15/15, institutions 15/15, lock-in 5/5, LM 5/5, momentum 3/5 • Lost both the pivot (₹625.9) and the 20-EMA — the two levels that defined the up-move; edge is gone • Tight base — held within 9.1% of listing close (the −10% cutoff was the grid-search optimum) • QIB 300x — heavy institutional sponsorship (biggest historical tails came from this group) • ₹49.6cr/day turnover ≈ 3.1% of free float changing hands daily — healthy churn • Lead manager Axis Capital Ltd.: 82% of 22 issues above issue today, LM score 81/100 • Listed +36% — the historical sweet-spot band"
National Securities Depository Ltd.,Mainboard,NSDL,BSE,INE301O01023,2025-08-06,EXIT,AVOID,61,810.2,943.85,16.5,103.97,28.84,29.782943075,-0.64,256,1.0,1.28,,,,,,ICICI Securities Ltd.,2025-09-02,2025-11-01,https://www.screener.in/company/544467/,https://www.tradingview.com/chart/?symbol=BSE%3A544467,0.18,16124.0,,,,,,,,,,,False,,2025-08-07,254.0,,0,False,,"Score 61/100 — structure 0/35, base 20/20, liquidity 15/15, institutions 15/15, lock-in 5/5, LM 3/5, momentum 3/5 • Lost both the pivot (₹943.9) and the 20-EMA — the two levels that defined the up-move; edge is gone • Tight base — held within 0.6% of listing close (the −10% cutoff was the grid-search optimum) • QIB 104x — heavy institutional sponsorship (biggest historical tails came from this group) • ₹29.8cr/day turnover ≈ 0.2% of free float changing hands daily — sleepy float • Lead manager ICICI Securities Ltd.: 63% of 38 issues above issue today, LM score 64/100"
Cello World Ltd.,Mainboard,CELLO,NSE,INE0LMW01024,2023-11-06,EXIT,AVOID,60,363.6,837.4,130.3,122.2,29.5,87.7139486425,-4.0,687,40.0,-43.89,,,,,,Kotak Mahindra Capital Co.Ltd.,2023-12-02,2024-01-31,https://www.screener.in/company/CELLO/,https://www.tradingview.com/chart/?symbol=NSE%3ACELLO,4.11,7923.0,75.0,,,,,,,,,,False,2024-06-21,2024-12-10,418.0,2026-08-05,12,False,,"Score 60/100 — structure 0/35, base 20/20, liquidity 15/15, institutions 15/15, lock-in 5/5, LM 5/5, momentum 0/5 • Lost both the pivot (₹837.4) and the 20-EMA — the two levels that defined the up-move; edge is gone • Tight base — held within 4.0% of listing close (the −10% cutoff was the grid-search optimum) • QIB 122x — heavy institutional sponsorship (biggest historical tails came from this group) • ₹87.7cr/day turnover ≈ 4.1% of free float changing hands daily — crowded/manipulable, careful • Lead manager Kotak Mahindra Capital Co.Ltd.: 74% of 27 issues above issue today, LM score 73/100"
Capillary Technologies India Ltd.,Mainboard,CAPILLARY,NSE,INE0ILV01024,2025-11-21,EXIT,AVOID,60,506.95,633.9,25.0,57.3,29.48,91.289720083,-4.08,184,2.0,-12.14,,,,,,JM Financial Ltd.,2025-12-18,2026-02-16,https://www.screener.in/company/CAPILLARY/,https://www.tradingview.com/chart/?symbol=NSE%3ACAPILLARY,4.32,4086.0,51.45,,,,,,,,,,False,2026-03-27,2026-01-29,137.0,2026-08-05,7,False,,"Score 60/100 — structure 0/35, base 20/20, liquidity 15/15, institutions 15/15, lock-in 5/5, LM 5/5, momentum 0/5 • Lost both the pivot (₹633.9) and the 20-EMA — the two levels that defined the up-move; edge is gone • Tight base — held within 4.1% of listing close (the −10% cutoff was the grid-search optimum) • QIB 57x — heavy institutional sponsorship (biggest historical tails came from this group) • ₹91.3cr/day turnover ≈ 4.3% of free float changing hands daily — crowded/manipulable, careful • Lead manager JM Financial Ltd.: 69% of 26 issues above issue today, LM score 71/100"
Quadrant Future Tek Ltd.,Mainboard,QUADFUTURE,NSE,INE0LRY01011,2025-01-14,EXIT,AVOID,59,337.8,444.0,31.4,139.77,108.05,11.8347289315,-7.16,395,1.0,16.48,,,,,,Sundae Capital Advisors Pvt.Ltd.,2025-02-08,2025-04-09,https://www.screener.in/company/QUADFUTURE/,https://www.tradingview.com/chart/?symbol=NSE%3AQUADFUTURE,2.74,1368.0,70.0,,,,,,,,,,False,2025-04-02,2026-07-02,35.0,2026-06-01,16,False,,"Score 59/100 — structure 0/35, base 20/20, liquidity 15/15, institutions 15/15, lock-in 5/5, LM 1/5, momentum 3/5 • Lost both the pivot (₹444.0) and the 20-EMA — the two levels that defined the up-move; edge is gone • Tight base — held within 7.2% of listing close (the −10% cutoff was the grid-search optimum) • QIB 140x — heavy institutional sponsorship (biggest historical tails came from this group) • ₹11.8cr/day turnover ≈ 2.7% of free float changing hands daily — healthy churn"
Crizac Ltd.,Mainboard,CRIZAC,NSE,INE0S4R01014,2025-07-09,EXIT,AVOID,58,171.34,309.15,80.4,141.27,44.19,7.197295874100003,-4.11,276,1.0,-30.07,,,,,,Equirus Capital Ltd.,2025-08-05,2025-10-04,https://www.screener.in/company/CRIZAC/,https://www.tradingview.com/chart/?symbol=NSE%3ACRIZAC,1.09,3054.0,79.94,,,,,,,,,,False,2025-10-17,2025-11-04,195.0,2026-08-03,7,False,,"Score 58/100 — structure 0/35, base 20/20, liquidity 15/15, institutions 15/15, lock-in 5/5, LM 3/5, momentum 0/5 • Lost both the pivot (₹309.1) and the 20-EMA — the two levels that defined the up-move; edge is gone • Tight base — held within 4.1% of listing close (the −10% cutoff was the grid-search optimum) • QIB 141x — heavy institutional sponsorship (biggest historical tails came from this group) • ₹7.2cr/day turnover ≈ 1.1% of free float changing hands daily — healthy churn • Lead manager Equirus Capital Ltd.: 44% of 9 issues above issue today, LM score 50/100"
Vishal Mega Mart Ltd.,Mainboard,VMM,NSE,INE01EA01019,2024-12-18,EXIT,AVOID,57,102.6,114.4,11.5,85.11,20.42,94.2757938026,-13.61,413,32.0,31.54,,,,,,Kotak Mahindra Capital Co.Ltd.,2025-01-14,2025-03-15,https://www.screener.in/company/VMM/,https://www.tradingview.com/chart/?symbol=NSE%3AVMM,0.31,48563.0,40.09,,,,,,,,,,False,2025-04-30,2026-04-10,90.0,2026-02-27,6,False,,"Score 57/100 — structure 0/35, base 14/20, liquidity 15/15, institutions 15/15, lock-in 5/5, LM 5/5, momentum 3/5 • Lost both the pivot (₹114.4) and the 20-EMA — the two levels that defined the up-move; edge is gone • Base gave up -13.6% vs listing close — looser than the −10% ideal; demands a smaller position • QIB 85x — heavy institutional sponsorship (biggest historical tails came from this group) • ₹94.3cr/day turnover ≈ 0.3% of free float changing hands daily — sleepy float • Lead manager Kotak Mahindra Capital Co.Ltd.: 74% of 27 issues above issue today, LM score 73/100"
Jain Resource Recycling Ltd.,Mainboard,JAINREC,NSE,INE0YD401026,2025-10-01,EXIT,AVOID,57,299.75,318.06,6.1,26.67,9.69,58.96505443900001,-6.97,218,3.0,29.2,,,,,,Dam Capital Advisors Ltd.,2025-10-28,2025-12-27,https://www.screener.in/company/JAINREC/,https://www.tradingview.com/chart/?symbol=NSE%3AJAINREC,2.01,10408.0,73.59,,,,,,,,,,False,2026-04-28,2026-06-12,48.0,2026-08-04,5,False,,"Score 57/100 — structure 0/35, base 20/20, liquidity 15/15, institutions 11/15, lock-in 5/5, LM 3/5, momentum 3/5 • Lost both the pivot (₹318.1) and the 20-EMA — the two levels that defined the up-move; edge is gone • Tight base — held within 7.0% of listing close (the −10% cutoff was the grid-search optimum) • QIB 27x — decent institutional interest • ₹59.0cr/day turnover ≈ 2.0% of free float changing hands daily — healthy churn • Lead manager Dam Capital Advisors Ltd.: 56% of 9 issues above issue today, LM score 59/100"
Sanstar Ltd.,Mainboard,SANSTAR,NSE,INE08NE01025,2024-07-26,EXIT,AVOID,56,105.23,128.79,22.4,145.68,57.94,3.9259321418,-4.41,512,16.0,10.77,,,,,,Pantomath Capital Advisors Pvt.Ltd.,,,https://www.screener.in/company/SANSTAR/,https://www.tradingview.com/chart/?symbol=NSE%3ASANSTAR,0.48,2123.0,64.18,,,,,,,,,,False,2025-05-30,2025-01-03,401.0,2026-08-03,9,False,,"Score 56/100 — structure 0/35, base 20/20, liquidity 10/15, institutions 15/15, lock-in 5/5, LM 3/5, momentum 3/5 • Lost both the pivot (₹128.8) and the 20-EMA — the two levels that defined the up-move; edge is gone • Tight base — held within 4.4% of listing close (the −10% cutoff was the grid-search optimum) • QIB 146x — heavy institutional sponsorship (biggest historical tails came from this group) • ₹3.9cr/day turnover ≈ 0.5% of free float changing hands daily — sleepy float • Lead manager Pantomath Capital Advisors Pvt.Ltd.: 54% of 13 issues above issue today, LM score 47/100"
International Gemmological Institute (India) Ltd.,Mainboard,IGIL,NSE,INE0Q9301021,2024-12-20,EXIT,AVOID,56,335.8,525.0,56.3,48.11,19.89,27.067020056000008,-0.24,411,2.0,-19.47,,,,,,Axis Capital Ltd.,2025-01-16,2025-03-17,https://www.screener.in/company/IGIL/,https://www.tradingview.com/chart/?symbol=NSE%3AIGIL,0.77,15104.0,76.55,,,,,,,,,,False,2025-03-04,2025-02-04,379.0,2026-07-24,8,False,,"Score 56/100 — structure 0/35, base 20/20, liquidity 15/15, institutions 11/15, lock-in 5/5, LM 5/5, momentum 0/5 • Lost both the pivot (₹525.0) and the 20-EMA — the two levels that defined the up-move; edge is gone • Tight base — held within 0.2% of listing close (the −10% cutoff was the grid-search optimum) • QIB 48x — decent institutional interest • ₹27.1cr/day turnover ≈ 0.8% of free float changing hands daily — sleepy float • Lead manager Axis Capital Ltd.: 82% of 22 issues above issue today, LM score 81/100"
Oswal Pumps Ltd.,Mainboard,OSWALPUMPS,NSE,INE0BYP01024,2025-06-20,EXIT,AVOID,56,304.75,652.0,113.9,88.08,24.93,23.77934692125,-1.78,289,3.0,-50.37,,,,,,IIFL Capital Services Ltd.,2025-07-17,2025-09-15,https://www.screener.in/company/OSWALPUMPS/,https://www.tradingview.com/chart/?symbol=NSE%3AOSWALPUMPS,2.69,3398.0,75.65,,,,,,,,,,False,,2025-11-14,188.0,,0,False,,"Score 56/100 — structure 0/35, base 20/20, liquidity 15/15, institutions 15/15, lock-in 5/5, LM 1/5, momentum 0/5 • Lost both the pivot (₹652.0) and the 20-EMA — the two levels that defined the up-move; edge is gone • Tight base — held within 1.8% of listing close (the −10% cutoff was the grid-search optimum) • QIB 88x — heavy institutional sponsorship (biggest historical tails came from this group) • ₹23.8cr/day turnover ≈ 2.7% of free float changing hands daily — healthy churn • Lead manager IIFL Capital Services Ltd.: 30% of 10 issues above issue today, LM score 34/100"
JSW Cement Ltd.,Mainboard,JSWCEMENT,NSE,INE718I01012,2025-08-14,EXIT,AVOID,56,125.13,154.77,23.7,16.71,6.03,15.5192004287,-4.3,250,2.0,-14.88,,,,,,JM Financial Ltd.,2025-09-10,2025-11-09,https://www.screener.in/company/JSWCEMENT/,https://www.tradingview.com/chart/?symbol=NSE%3AJSWCEMENT,0.31,17350.0,72.02,,,,,,,,,,False,2026-02-05,2025-09-03,237.0,2026-05-22,4,False,,"Score 56/100 — structure 0/35, base 20/20, liquidity 15/15, institutions 11/15, lock-in 5/5, LM 5/5, momentum 0/5 • Lost both the pivot (₹154.8) and the 20-EMA — the two levels that defined the up-move; edge is gone • Tight base — held within 4.3% of listing close (the −10% cutoff was the grid-search optimum) • QIB 17x — decent institutional interest • ₹15.5cr/day turnover ≈ 0.3% of free float changing hands daily — sleepy float • Lead manager JM Financial Ltd.: 69% of 26 issues above issue today, LM score 71/100"
GK Energy Ltd.,Mainboard,GKENERGY,NSE,INE1AG301022,2025-09-26,EXIT,AVOID,56,123.99,174.7,40.9,193.01,65.56,6.760668843149999,-7.5,221,4.0,-18.96,,,,,,IIFL Capital Services Ltd.,2025-10-23,2025-12-22,https://www.screener.in/company/GKENERGY/,https://www.tradingview.com/chart/?symbol=NSE%3AGKENERGY,1.21,2510.0,79.2,,,,,,,,,,False,2026-08-07,2025-10-07,214.0,2026-08-07,1,False,,"Score 56/100 — structure 0/35, base 20/20, liquidity 15/15, institutions 15/15, lock-in 5/5, LM 1/5, momentum 0/5 • Lost both the pivot (₹174.7) and the 20-EMA — the two levels that defined the up-move; edge is gone • Tight base — held within 7.5% of listing close (the −10% cutoff was the grid-search optimum) • QIB 193x — heavy institutional sponsorship (biggest historical tails came from this group) • ₹6.8cr/day turnover ≈ 1.2% of free float changing hands daily — healthy churn • Lead manager IIFL Capital Services Ltd.: 30% of 10 issues above issue today, LM score 34/100"
Midwest Ltd.,Mainboard,MIDWESTLTD,NSE,INE0XAD01024,2025-10-24,EXIT,AVOID,56,1154.0,1190.0,3.1,146.99,64.34,2.2135799425,-8.07,203,15.0,8.36,,,,,,Dam Capital Advisors Ltd.,2025-11-18,2026-01-17,https://www.screener.in/company/MIDWESTLTD/,https://www.tradingview.com/chart/?symbol=NSE%3AMIDWESTLTD,0.23,4000.0,77.12,,,,,,,,,,False,2025-11-28,2026-04-01,96.0,2026-08-18,4,True,,"Score 56/100 — structure 0/35, base 20/20, liquidity 10/15, institutions 15/15, lock-in 5/5, LM 3/5, momentum 3/5 • Lost both the pivot (₹1,190.0) and the 20-EMA — the two levels that defined the up-move; edge is gone • Tight base — held within 8.1% of listing close (the −10% cutoff was the grid-search optimum) • QIB 147x — heavy institutional sponsorship (biggest historical tails came from this group) • ₹2.2cr/day turnover ≈ 0.2% of free float changing hands daily — sleepy float • 🔥 Volume thrust (≥5× avg) within the last 5 sessions (2026-08-18) — the institutional footprint that preceded most historical winners • Lead manager Dam Capital Advisors Ltd.: 56% of 9 issues above issue today, LM score 59/100"
Caliber Mining & Logistics Ltd.,Mainboard,CMLL,NSE,INE11XY01018,2026-07-24,EXIT,AVOID,56,506.95,538.75,6.3,253.88,107.52,260.55848829425,-5.67,20,1.0,19.56,,,,,,Dam Capital Advisors Ltd.,2026-08-21,2026-10-20,https://www.screener.in/company/CMLL/,https://www.tradingview.com/chart/?symbol=NSE%3ACMLL,27.8,3477.0,74.18,,,,,,,,,,False,,2026-08-13,5.0,,0,False,,"Score 56/100 — structure 0/35, base 20/20, liquidity 15/15, institutions 15/15, lock-in 0/5, LM 3/5, momentum 3/5 • Lost both the pivot (₹538.8) and the 20-EMA — the two levels that defined the up-move; edge is gone • Tight base — held within 5.7% of listing close (the −10% cutoff was the grid-search optimum) • QIB 254x — heavy institutional sponsorship (biggest historical tails came from this group) • ₹260.6cr/day turnover ≈ 27.8% of free float changing hands daily — crowded/manipulable, careful • ⚠ Anchor 30-day lock-in expires 2026-08-21 (1d) — historical median drift −2.4% into expiry; no fresh entries • Lead manager Dam Capital Advisors Ltd.: 56% of 9 issues above issue today, LM score 59/100"
Sri Lotus Developers & Realty Ltd.,Mainboard,LOTUSDEV,NSE,INE0V9Q01010,2025-08-06,EXIT,AVOID,55,166.16,195.8,17.8,175.61,51.87,74.61125424794999,-11.33,256,1.0,10.77,,,,,,Motilal Oswal Investment Advisors Ltd.,,,https://www.screener.in/company/LOTUSDEV/,https://www.tradingview.com/chart/?symbol=NSE%3ALOTUSDEV,4.51,8267.0,81.87,,,,,,,,,,False,2025-09-24,2026-07-31,14.0,2026-07-24,8,False,,"Score 55/100 — structure 0/35, base 14/20, liquidity 15/15, institutions 15/15, lock-in 5/5, LM 3/5, momentum 3/5 • Lost both the pivot (₹195.8) and the 20-EMA — the two levels that defined the up-move; edge is gone • Base gave up -11.3% vs listing close — looser than the −10% ideal; demands a smaller position • QIB 176x — heavy institutional sponsorship (biggest historical tails came from this group) • ₹74.6cr/day turnover ≈ 4.5% of free float changing hands daily — crowded/manipulable, careful • Lead manager Motilal Oswal Investment Advisors Ltd.: 56% of 9 issues above issue today, LM score 56/100"
M&B Engineering Ltd.,Mainboard,MBEL,NSE,INE08N601015,2025-08-06,EXIT,AVOID,54,278.1,418.8,50.6,38.63,21.3,8.327678793,-2.79,256,2.0,-27.77,,,,,,Equirus Capital Ltd.,2025-09-02,2025-11-01,https://www.screener.in/company/MBEL/,https://www.tradingview.com/chart/?symbol=NSE%3AMBEL,1.76,1622.0,70.61,,,,,,,,,,False,2025-10-14,2025-10-15,208.0,2026-08-10,8,False,,"Score 54/100 — structure 0/35, base 20/20, liquidity 15/15, institutions 11/15, lock-in 5/5, LM 3/5, momentum 0/5 • Lost both the pivot (₹418.8) and the 20-EMA — the two levels that defined the up-move; edge is gone • Tight base — held within 2.8% of listing close (the −10% cutoff was the grid-search optimum) • QIB 39x — decent institutional interest • ₹8.3cr/day turnover ≈ 1.8% of free float changing hands daily — healthy churn • Lead manager Equirus Capital Ltd.: 44% of 9 issues above issue today, LM score 50/100"
Vikran Engineering Ltd.,Mainboard,VIKRAN,NSE,INE01R501028,2025-09-03,EXIT,AVOID,54,62.62,101.77,62.5,20.51,17.53,11.001282729999998,-4.19,238,4.0,-35.44,,,,,,Pantomath Capital Advisors Pvt.Ltd.,2025-09-30,2025-11-29,https://www.screener.in/company/VIKRAN/,https://www.tradingview.com/chart/?symbol=NSE%3AVIKRAN,1.43,1575.0,56.27,,,,,,,,,,False,2025-11-11,2025-12-29,158.0,2026-08-12,9,False,,"Score 54/100 — structure 0/35, base 20/20, liquidity 15/15, institutions 11/15, lock-in 5/5, LM 3/5, momentum 0/5 • Lost both the pivot (₹101.8) and the 20-EMA — the two levels that defined the up-move; edge is gone • Tight base — held within 4.2% of listing close (the −10% cutoff was the grid-search optimum) • QIB 21x — decent institutional interest • ₹11.0cr/day turnover ≈ 1.4% of free float changing hands daily — healthy churn • Lead manager Pantomath Capital Advisors Pvt.Ltd.: 54% of 13 issues above issue today, LM score 47/100"
Transrail Lighting Ltd.,Mainboard,TRANSRAILL,NSE,INE454P01035,2024-12-27,EXIT,AVOID,53,459.85,605.0,31.6,197.41,58.2,15.19145203175,-14.25,407,4.0,6.45,,,,,,Inga Ventures Pvt.Ltd.,2025-01-23,2025-03-24,https://www.screener.in/company/TRANSRAILL/,https://www.tradingview.com/chart/?symbol=NSE%3ATRANSRAILL,0.81,6169.0,71.12,,,,,,,,,,False,2025-05-26,2026-04-28,79.0,2025-11-11,5,False,,"Score 53/100 — structure 0/35, base 14/20, liquidity 15/15, institutions 15/15, lock-in 5/5, LM 1/5, momentum 3/5 • Lost both the pivot (₹605.0) and the 20-EMA — the two levels that defined the up-move; edge is gone • Base gave up -14.2% vs listing close — looser than the −10% ideal; demands a smaller position • QIB 197x — heavy institutional sponsorship (biggest historical tails came from this group) • ₹15.2cr/day turnover ≈ 0.8% of free float changing hands daily — healthy churn"
Awfis Space Solutions Ltd.,Mainboard,AWFIS,NSE,INE108V01019,2024-05-30,EXIT,AVOID,52,263.0,451.45,71.7,116.95,60.05,6.328931561249999,-11.94,551,8.0,-31.33,,,,,,ICICI Securities Ltd.,,,https://www.screener.in/company/AWFIS/,https://www.tradingview.com/chart/?symbol=NSE%3AAWFIS,0.39,1909.0,17.0,,,,,,,,,,False,2024-08-20,2024-06-11,542.0,2026-05-26,15,False,,"Score 52/100 — structure 0/35, base 14/20, liquidity 15/15, institutions 15/15, lock-in 5/5, LM 3/5, momentum 0/5 • Lost both the pivot (₹451.4) and the 20-EMA — the two levels that defined the up-move; edge is gone • Base gave up -11.9% vs listing close — looser than the −10% ideal; demands a smaller position • QIB 117x — heavy institutional sponsorship (biggest historical tails came from this group) • ₹6.3cr/day turnover ≈ 0.4% of free float changing hands daily — sleepy float • Lead manager ICICI Securities Ltd.: 63% of 38 issues above issue today, LM score 64/100"
C2C Advanced Systems Ltd.,SME,C2C,NSE,INE0U7V01015,2024-12-03,EXIT,AVOID,52,239.45,450.85,88.3,31.61,63.86,3.6916666125,4.99,424,1.0,5.95,,,,,,Mark Corporate Advisors Pvt.Ltd.,2024-12-31,2025-03-01,https://www.screener.in/company/C2C/,https://www.tradingview.com/chart/?symbol=NSE%3AC2C,1.36,389.0,36.98,,,,,,,,,,False,2024-12-11,2026-04-22,83.0,2026-07-22,13,False,,"Score 52/100 — structure 0/35, base 20/20, liquidity 10/15, institutions 11/15, lock-in 5/5, LM 3/5, momentum 3/5 • Lost both the pivot (₹450.9) and the 20-EMA — the two levels that defined the up-move; edge is gone • Tight base — held within 5.0% of listing close (the −10% cutoff was the grid-search optimum) • QIB 32x — decent institutional interest • ₹3.7cr/day turnover ≈ 1.4% of free float changing hands daily — healthy churn • Lead manager Mark Corporate Advisors Pvt.Ltd.: 33% of 6 issues above issue today, LM score 41/100"
Stanley Lifestyles Ltd.,Mainboard,STANLEY,NSE,INE01A001028,2024-06-28,EXIT,AVOID,51,139.6,509.4,264.9,215.62,68.33,1.7882369600999997,2.07,531,6.0,-62.17,,,,,,Axis Capital Ltd.,,,https://www.screener.in/company/STANLEY/,https://www.tradingview.com/chart/?symbol=NSE%3ASTANLEY,0.5,770.0,56.88,,,,,,,,,,False,2024-10-21,2024-09-13,477.0,2026-05-05,11,False,,"Score 51/100 — structure 0/35, base 20/20, liquidity 6/15, institutions 15/15, lock-in 5/5, LM 5/5, momentum 0/5 • Lost both the pivot (₹509.4) and the 20-EMA — the two levels that defined the up-move; edge is gone • Tight base — held within 2.1% of listing close (the −10% cutoff was the grid-search optimum) • QIB 216x — heavy institutional sponsorship (biggest historical tails came from this group) • ₹1.8cr/day turnover ≈ 0.5% of free float changing hands daily — sleepy float • Lead manager Axis Capital Ltd.: 82% of 22 issues above issue today, LM score 81/100"
Scoda Tubes Ltd.,Mainboard,SCODATUBES,NSE,INE090501011,2025-06-04,EXIT,AVOID,51,126.68,147.0,16.0,72.97,40.52,2.48101278755,-1.36,301,1.0,-9.51,,,,,,Monarch Networth Capital Ltd.,2025-07-01,2025-08-30,https://www.screener.in/company/SCODATUBES/,https://www.tradingview.com/chart/?symbol=NSE%3ASCODATUBES,0.88,773.0,66.43,,,,,,,,,,False,2025-07-14,2026-08-03,13.0,2026-05-27,3,False,,"Score 51/100 — structure 0/35, base 20/20, liquidity 10/15, institutions 15/15, lock-in 5/5, LM 1/5, momentum 0/5 • Lost both the pivot (₹147.0) and the 20-EMA — the two levels that defined the up-move; edge is gone • Tight base — held within 1.4% of listing close (the −10% cutoff was the grid-search optimum) • QIB 73x — heavy institutional sponsorship (biggest historical tails came from this group) • ₹2.5cr/day turnover ≈ 0.9% of free float changing hands daily — healthy churn"
Brainbees Solutions Ltd.,Mainboard,FIRSTCRY,NSE,INE02RE01045,2024-08-13,EXIT,AVOID,50,196.67,707.7,259.8,19.3,7.17,17.761508096749996,-13.47,500,42.0,-57.71,,,,,,Kotak Mahindra Capital Co.Ltd.,2024-09-08,2024-11-07,https://www.screener.in/company/FIRSTCRY/,https://www.tradingview.com/chart/?symbol=NSE%3AFIRSTCRY,0.16,10698.0,,,,,,,,,,,False,2024-11-18,2024-10-14,457.0,2026-08-14,20,True,,"Score 50/100 — structure 0/35, base 14/20, liquidity 15/15, institutions 11/15, lock-in 5/5, LM 5/5, momentum 0/5 • Lost both the pivot (₹707.7) and the 20-EMA — the two levels that defined the up-move; edge is gone • Base gave up -13.5% vs listing close — looser than the −10% ideal; demands a smaller position • QIB 19x — decent institutional interest • ₹17.8cr/day turnover ≈ 0.2% of free float changing hands daily — sleepy float • 🔥 Volume thrust (≥5× avg) within the last 5 sessions (2026-08-14) — the institutional footprint that preceded most historical winners • Lead manager Kotak Mahindra Capital Co.Ltd.: 74% of 27 issues above issue today, LM score 73/100"
Euro Pratik Sales Ltd.,Mainboard,EUROPRATIK,NSE,INE198501012,2025-09-23,EXIT,AVOID,50,265.75,278.0,4.6,1.1,1.29,5.8701332375,-9.41,224,21.0,7.59,,,,,,Axis Capital Ltd.,2025-10-18,2025-12-17,https://www.screener.in/company/EUROPRATIK/,https://www.tradingview.com/chart/?symbol=NSE%3AEUROPRATIK,0.73,2932.0,73.91,,,,,,,,,,False,2026-01-30,2026-06-29,38.0,2026-05-19,2,False,,"Score 50/100 — structure 0/35, base 20/20, liquidity 15/15, institutions 2/15, lock-in 5/5, LM 5/5, momentum 3/5 • Lost both the pivot (₹278.0) and the 20-EMA — the two levels that defined the up-move; edge is gone • Tight base — held within 9.4% of listing close (the −10% cutoff was the grid-search optimum) • QIB 1x — thin institutional book (score-penalised, not disqualifying: stops manage the risk) • ₹5.9cr/day turnover ≈ 0.7% of free float changing hands daily — sleepy float • Lead manager Axis Capital Ltd.: 82% of 22 issues above issue today, LM score 81/100"
Oriana Power Ltd.,SME,ORIANA,NSE,INE0OUT01019,2023-08-11,EXIT,AVOID,49,1194.4,1432.0,19.9,72.16,122.08,9.485845770833333,-15.89,18,4.0,912.2,,,,,,Corporate Capitalventures Pvt.Ltd.,2023-09-07,2023-11-06,https://www.screener.in/company/ORIANA/,https://www.tradingview.com/chart/?symbol=NSE%3AORIANA,0.83,2464.0,57.98,,,,,,,,,,False,,2026-08-06,10.0,,0,False,,"Score 49/100 — structure 0/35, base 6/20, liquidity 15/15, institutions 15/15, lock-in 5/5, LM 5/5, momentum 3/5 • Lost both the pivot (₹1,432.0) and the 20-EMA — the two levels that defined the up-move; edge is gone • Base gave up -15.9% vs listing close — looser than the −10% ideal; demands a smaller position • QIB 72x — heavy institutional sponsorship (biggest historical tails came from this group) • ₹9.5cr/day turnover ≈ 0.8% of free float changing hands daily — healthy churn • Lead manager Corporate Capitalventures Pvt.Ltd.: 73% of 11 issues above issue today, LM score 83/100 • Mega-pop (+1104%) — day-1 buyers are extended; base needs extra proof"
Go Digit General Insurance Ltd.,Mainboard,GODIGIT,NSE,INE03JT01014,2024-05-23,EXIT,AVOID,49,256.7,314.0,22.3,12.56,5.7,30.51026424525,-8.97,556,10.0,-5.63,,,,,,ICICI Securities Ltd.,,,https://www.screener.in/company/GODIGIT/,https://www.tradingview.com/chart/?symbol=NSE%3AGODIGIT,0.46,23323.0,73.0,,,,,,,,,,False,2024-07-29,2026-06-29,38.0,2026-08-05,19,False,,"Score 49/100 — structure 0/35, base 20/20, liquidity 15/15, institutions 6/15, lock-in 5/5, LM 3/5, momentum 0/5 • Lost both the pivot (₹314.0) and the 20-EMA — the two levels that defined the up-move; edge is gone • Tight base — held within 9.0% of listing close (the −10% cutoff was the grid-search optimum) • QIB 13x — thin institutional book (score-penalised, not disqualifying: stops manage the risk) • ₹30.5cr/day turnover ≈ 0.5% of free float changing hands daily — sleepy float • Lead manager ICICI Securities Ltd.: 63% of 38 issues above issue today, LM score 64/100"
Pune E-Stock Broking Ltd.,SME,PESB,BSE,INE510U01018,2024-03-15,EXIT,AVOID,48,253.5,261.0,3.0,123.02,257.44,0.4287925,-7.69,16,9.0,205.42,,,,,,Share India Capital Services Pvt.Ltd.,2024-04-12,2024-06-11,https://www.screener.in/company/544141/,https://www.tradingview.com/chart/?symbol=BSE%3A544141,0.2,456.0,51.11,,,,,,,,,,False,,2026-08-12,6.0,,0,False,,"Score 48/100 — structure 0/35, base 20/20, liquidity 0/15, institutions 15/15, lock-in 5/5, LM 5/5, momentum 3/5 • Lost both the pivot (₹261.0) and the 20-EMA — the two levels that defined the up-move; edge is gone • Tight base — held within 7.7% of listing close (the −10% cutoff was the grid-search optimum) • QIB 123x — heavy institutional sponsorship (biggest historical tails came from this group) • ₹0.4cr/day turnover ≈ 0.2% of free float changing hands daily — sleepy float • Lead manager Share India Capital Services Pvt.Ltd.: 62% of 16 issues above issue today, LM score 84/100 • Mega-pop (+214%) — day-1 buyers are extended; base needs extra proof"
Enfuse Solutions Ltd.,SME,ENFUSE,NSE,INE0S3X01014,2024-03-22,EXIT,AVOID,48,164.0,169.0,3.0,99.97,119.59,0.056096,0.31,12,4.0,70.83,,,,,,Hem Securities Ltd.,2024-04-19,2024-06-18,https://www.screener.in/company/ENFUSE/,https://www.tradingview.com/chart/?symbol=NSE%3AENFUSE,0.13,143.0,70.62,,,,,,,,,,False,,2026-08-10,7.0,,0,False,,"Score 48/100 — structure 0/35, base 20/20, liquidity 0/15, institutions 15/15, lock-in 5/5, LM 5/5, momentum 3/5 • Lost both the pivot (₹169.0) and the 20-EMA — the two levels that defined the up-move; edge is gone • Tight base — held within 0.3% of listing close (the −10% cutoff was the grid-search optimum) • QIB 100x — heavy institutional sponsorship (biggest historical tails came from this group) • ₹0.1cr/day turnover ≈ 0.1% of free float changing hands daily — sleepy float • Lead manager Hem Securities Ltd.: 62% of 68 issues above issue today, LM score 72/100 • Mega-pop (+67%) — day-1 buyers are extended; base needs extra proof"
Ganesh Green Bharat Ltd.,SME,GGBL,NSE,INE0R8C01018,2024-07-12,EXIT,AVOID,48,238.95,379.05,58.6,154.5,161.77,0.700299,5.0,521,1.0,25.76,,,,,,Hem Securities Ltd.,2024-08-09,2024-10-08,https://www.screener.in/company/GGBL/,https://www.tradingview.com/chart/?symbol=NSE%3AGGBL,0.43,597.0,73.42,,,,,,,,,,False,2025-06-19,2025-10-24,202.0,2026-05-21,2,False,,"Score 48/100 — structure 0/35, base 20/20, liquidity 0/15, institutions 15/15, lock-in 5/5, LM 5/5, momentum 3/5 • Lost both the pivot (₹379.1) and the 20-EMA — the two levels that defined the up-move; edge is gone • Tight base — held within 5.0% of listing close (the −10% cutoff was the grid-search optimum) • QIB 154x — heavy institutional sponsorship (biggest historical tails came from this group) • ₹0.7cr/day turnover ≈ 0.4% of free float changing hands daily — sleepy float • Lead manager Hem Securities Ltd.: 62% of 68 issues above issue today, LM score 72/100"
Rajputana Industries Ltd.,SME,RAJINDLTD,NSE,INE0PCU01012,2024-08-06,EXIT,AVOID,48,70.65,75.8,7.3,177.94,272.99,0.079936125,4.95,475,1.0,85.92,,,,,,Holani Consultants Pvt.Ltd.,2024-09-01,2024-10-31,https://www.screener.in/company/RAJINDLTD/,https://www.tradingview.com/chart/?symbol=NSE%3ARAJINDLTD,0.15,148.0,66.08,,,,,,,,,,False,2025-01-01,2026-07-16,22.0,2026-07-17,11,False,,"Score 48/100 — structure 0/35, base 20/20, liquidity 0/15, institutions 15/15, lock-in 5/5, LM 5/5, momentum 3/5 • Lost both the pivot (₹75.8) and the 20-EMA — the two levels that defined the up-move; edge is gone • Tight base — held within 5.0% of listing close (the −10% cutoff was the grid-search optimum) • QIB 178x — heavy institutional sponsorship (biggest historical tails came from this group) • ₹0.1cr/day turnover ≈ 0.1% of free float changing hands daily — sleepy float • Lead manager Holani Consultants Pvt.Ltd.: 64% of 11 issues above issue today, LM score 75/100"
TVS Supply Chain Solutions Ltd.,Mainboard,TVSSCS,NSE,INE395N01027,2023-08-23,EXIT,AVOID,47,123.33,208.6,69.1,1.37,1.98,7.040390509999999,-3.58,737,11.0,-37.4,,,,,,JM Financial Ltd.,2023-09-17,2023-11-16,https://www.screener.in/company/TVSSCS/,https://www.tradingview.com/chart/?symbol=NSE%3ATVSSCS,0.21,5392.0,43.03,,,,,,,,,,False,2024-02-20,2024-09-23,471.0,2026-08-12,17,False,,"Score 47/100 — structure 0/35, base 20/20, liquidity 15/15, institutions 2/15, lock-in 5/5, LM 5/5, momentum 0/5 • Lost both the pivot (₹208.6) and the 20-EMA — the two levels that defined the up-move; edge is gone • Tight base — held within 3.6% of listing close (the −10% cutoff was the grid-search optimum) • QIB 1x — thin institutional book (score-penalised, not disqualifying: stops manage the risk) • ₹7.0cr/day turnover ≈ 0.2% of free float changing hands daily — sleepy float • Lead manager JM Financial Ltd.: 69% of 26 issues above issue today, LM score 71/100"
Suraj Estate Developers Ltd.,Mainboard,SURAJEST,NSE,INE843S01025,2023-12-26,EXIT,AVOID,47,198.56,354.45,78.5,25.74,11.78,2.1755406627,-4.01,654,6.0,-44.84,,,,,,ITI Capital Ltd.,2024-01-20,2024-03-20,https://www.screener.in/company/SURAJEST/,https://www.tradingview.com/chart/?symbol=NSE%3ASURAJEST,0.73,983.0,69.8,,,,,,,,,,False,2024-02-21,2025-06-20,288.0,2026-08-13,16,True,,"Score 47/100 — structure 0/35, base 20/20, liquidity 10/15, institutions 11/15, lock-in 5/5, LM 1/5, momentum 0/5 • Lost both the pivot (₹354.4) and the 20-EMA — the two levels that defined the up-move; edge is gone • Tight base — held within 4.0% of listing close (the −10% cutoff was the grid-search optimum) • QIB 26x — decent institutional interest • ₹2.2cr/day turnover ≈ 0.7% of free float changing hands daily — sleepy float • 🔥 Volume thrust (≥5× avg) within the last 5 sessions (2026-08-13) — the institutional footprint that preceded most historical winners"
Arkade Developers Ltd.,Mainboard,ARKADE,NSE,INE0QRL01017,2024-09-24,EXIT,AVOID,47,131.01,190.0,45.0,172.6,80.78,6.00503728885,-21.02,471,172.0,2.35,,,,,,Unistone Capital Pvt.Ltd.,2024-10-20,2024-12-19,https://www.screener.in/company/ARKADE/,https://www.tradingview.com/chart/?symbol=NSE%3AARKADE,0.83,2417.0,71.19,,,,,,,,,,False,2024-12-03,2025-08-19,247.0,2026-07-13,7,False,,"Score 47/100 — structure 0/35, base 6/20, liquidity 15/15, institutions 15/15, lock-in 5/5, LM 3/5, momentum 3/5 • Lost both the pivot (₹190.0) and the 20-EMA — the two levels that defined the up-move; edge is gone • Base gave up -21.0% vs listing close — looser than the −10% ideal; demands a smaller position • QIB 173x — heavy institutional sponsorship (biggest historical tails came from this group) • ₹6.0cr/day turnover ≈ 0.8% of free float changing hands daily — healthy churn • Lead manager Unistone Capital Pvt.Ltd.: 56% of 25 issues above issue today, LM score 60/100"
Inventurus Knowledge Solutions Ltd.,Mainboard,IKS,NSE,INE115Q01022,2024-12-19,EXIT,AVOID,47,1791.6,2031.0,13.4,80.64,29.46,29.389662706999992,-24.73,412,4.0,34.81,,,,,,ICICI Securities Ltd.,2025-01-16,2025-03-17,https://www.screener.in/company/IKS/,https://www.tradingview.com/chart/?symbol=NSE%3AIKS,0.26,31959.0,63.72,,,,,,,,,,False,2025-03-17,2024-12-26,407.0,2026-07-02,10,False,,"Score 47/100 — structure 0/35, base 6/20, liquidity 15/15, institutions 15/15, lock-in 5/5, LM 3/5, momentum 3/5 • Lost both the pivot (₹2,031.0) and the 20-EMA — the two levels that defined the up-move; edge is gone • Base gave up -24.7% vs listing close — looser than the −10% ideal; demands a smaller position • QIB 81x — heavy institutional sponsorship (biggest historical tails came from this group) • ₹29.4cr/day turnover ≈ 0.3% of free float changing hands daily — sleepy float • Lead manager ICICI Securities Ltd.: 63% of 38 issues above issue today, LM score 64/100"
Hi-Green Carbon Ltd.,SME,HIGREEN,NSE,INE0PIC01017,2023-09-28,EXIT,AVOID,46,126.7,139.0,9.7,69.95,116.59,0.3435233333333333,-8.08,18,4.0,68.93,,,,,,Beeline Capital Advisors Pvt.Ltd.,2023-10-28,2023-12-27,https://www.screener.in/company/HIGREEN/,https://www.tradingview.com/chart/?symbol=NSE%3AHIGREEN,0.36,323.0,71.92,,,,,,,,,,False,,2026-08-10,8.0,,0,False,,"Score 46/100 — structure 0/35, base 20/20, liquidity 0/15, institutions 15/15, lock-in 5/5, LM 3/5, momentum 3/5 • Lost both the pivot (₹139.0) and the 20-EMA — the two levels that defined the up-move; edge is gone • Tight base — held within 8.1% of listing close (the −10% cutoff was the grid-search optimum) • QIB 70x — heavy institutional sponsorship (biggest historical tails came from this group) • ₹0.3cr/day turnover ≈ 0.4% of free float changing hands daily — sleepy float • Lead manager Beeline Capital Advisors Pvt.Ltd.: 53% of 57 issues above issue today, LM score 58/100 • Mega-pop (+83%) — day-1 buyers are extended; base needs extra proof"
Toss The Coin Ltd.,SME,TTC,BSE,INE0XAY01012,2024-12-17,EXIT,AVOID,46,195.0,363.05,86.2,147.69,710.15,0.06194115,5.0,325,1.0,7.14,,,,,,Beeline Capital Advisors Pvt.Ltd.,2025-01-11,2025-03-12,https://www.screener.in/company/544303/,https://www.tradingview.com/chart/?symbol=BSE%3A544303,0.37,36.9,58.67,,,,,,,,,,False,2025-04-17,2025-11-26,129.0,2026-07-29,12,False,,"Score 46/100 — structure 0/35, base 20/20, liquidity 0/15, institutions 15/15, lock-in 5/5, LM 3/5, momentum 3/5 • Lost both the pivot (₹363.1) and the 20-EMA — the two levels that defined the up-move; edge is gone • Tight base — held within 5.0% of listing close (the −10% cutoff was the grid-search optimum) • QIB 148x — heavy institutional sponsorship (biggest historical tails came from this group) • ₹0.1cr/day turnover ≈ 0.4% of free float changing hands daily — sleepy float • Lead manager Beeline Capital Advisors Pvt.Ltd.: 53% of 57 issues above issue today, LM score 58/100"
Anya Polytech & Fertilizers Ltd.,SME,ANYA,NSE,INE0SI601032,2025-01-02,EXIT,AVOID,46,14.7,17.95,22.1,150.8,307.39,0.04112625,-9.75,374,1.0,5.0,,,,,,Beeline Capital Advisors Pvt.Ltd.,2025-01-30,2025-03-31,https://www.screener.in/company/ANYA/,https://www.tradingview.com/chart/?symbol=NSE%3AANYA,0.07,180.0,65.4,,,,,,,,,,False,2025-03-26,2026-04-02,82.0,2026-02-23,8,False,,"Score 46/100 — structure 0/35, base 20/20, liquidity 0/15, institutions 15/15, lock-in 5/5, LM 3/5, momentum 3/5 • Lost both the pivot (₹17.9) and the 20-EMA — the two levels that defined the up-move; edge is gone • Tight base — held within 9.8% of listing close (the −10% cutoff was the grid-search optimum) • QIB 151x — heavy institutional sponsorship (biggest historical tails came from this group) • ₹0.0cr/day turnover ≈ 0.1% of free float changing hands daily — sleepy float • Lead manager Beeline Capital Advisors Pvt.Ltd.: 53% of 57 issues above issue today, LM score 58/100"
Essen Speciality Films Ltd.,SME,ESFL,NSE,INE0ITO01014,2023-07-06,EXIT,AVOID,45,125.95,147.0,16.7,45.26,49.64,31244.46005505,-24.15,40,15.0,17.71,,,,,,GYR Capital Advisors Pvt.Ltd.,2023-08-02,2023-10-01,https://www.screener.in/company/ESFL/,https://www.tradingview.com/chart/?symbol=NSE%3AESFL,0.54,315.0,70.86,,,,,,,,,,False,,2023-07-27,24.0,,0,False,,"Score 45/100 — structure 0/35, base 6/20, liquidity 15/15, institutions 11/15, lock-in 5/5, LM 5/5, momentum 3/5 • Lost both the pivot (₹147.0) and the 20-EMA — the two levels that defined the up-move; edge is gone • Base gave up -24.1% vs listing close — looser than the −10% ideal; demands a smaller position • QIB 45x — decent institutional interest • ₹31244.5cr/day turnover ≈ 0.5% of free float changing hands daily — sleepy float • Lead manager GYR Capital Advisors Pvt.Ltd.: 57% of 49 issues above issue today, LM score 72/100 • Listed +31% — the historical sweet-spot band"
Siyaram Recycling Industries Ltd.,SME,544047,BSE,INE0QSK01017,2023-12-21,EXIT,AVOID,45,36.28,57.75,59.2,96.43,268.05,0.139251075,4.99,652,1.0,-21.13,,,,,,Hem Securities Ltd.,2024-01-18,2024-03-18,https://www.screener.in/company/544047/,https://www.tradingview.com/chart/?symbol=BSE%3A544047,0.33,80.5,51.12,,,,,,,,,,False,2024-03-21,2026-02-04,133.0,2026-03-25,17,False,,"Score 45/100 — structure 0/35, base 20/20, liquidity 0/15, institutions 15/15, lock-in 5/5, LM 5/5, momentum 0/5 • Lost both the pivot (₹57.8) and the 20-EMA — the two levels that defined the up-move; edge is gone • Tight base — held within 5.0% of listing close (the −10% cutoff was the grid-search optimum) • QIB 96x — heavy institutional sponsorship (biggest historical tails came from this group) • ₹0.1cr/day turnover ≈ 0.3% of free float changing hands daily — sleepy float • Lead manager Hem Securities Ltd.: 62% of 68 issues above issue today, LM score 72/100"
Maxposure Ltd.,SME,MAXPOSURE,NSE,INE0ECC01022,2024-01-23,EXIT,AVOID,45,31.1,33.1,6.4,162.35,685.38,0.0211770833333333,-6.34,12,1.0,-5.76,,,,,,GYR Capital Advisors Pvt.Ltd.,2024-02-17,2024-04-17,https://www.screener.in/company/MAXPOSURE/,https://www.tradingview.com/chart/?symbol=NSE%3AMAXPOSURE,0.08,74.9,61.56,,,,,,,,,,False,2026-08-18,2026-08-07,6.0,2026-08-18,1,True,,"Score 45/100 — structure 0/35, base 20/20, liquidity 0/15, institutions 15/15, lock-in 5/5, LM 5/5, momentum 0/5 • Lost both the pivot (₹33.1) and the 20-EMA — the two levels that defined the up-move; edge is gone • Tight base — held within 6.3% of listing close (the −10% cutoff was the grid-search optimum) • QIB 162x — heavy institutional sponsorship (biggest historical tails came from this group) • ₹0.0cr/day turnover ≈ 0.1% of free float changing hands daily — sleepy float • 🔥 Volume thrust (≥5× avg) within the last 5 sessions (2026-08-18) — the institutional footprint that preceded most historical winners • Lead manager GYR Capital Advisors Pvt.Ltd.: 57% of 49 issues above issue today, LM score 72/100"
GEM Enviro Management Ltd.,SME,GEMENVIRO,BSE,INE0RUJ01013,2024-06-26,EXIT,AVOID,45,33.95,149.62,340.7,160.22,185.79,0.0259034,5.0,529,1.0,-54.73,,,,,,Share India Capital Services Pvt.Ltd.,2024-07-24,2024-09-22,https://www.screener.in/company/544199/,https://www.tradingview.com/chart/?symbol=BSE%3A544199,0.12,76.9,73.71,,,,,,,,,,False,2024-07-04,2024-11-28,422.0,2026-03-02,8,False,,"Score 45/100 — structure 0/35, base 20/20, liquidity 0/15, institutions 15/15, lock-in 5/5, LM 5/5, momentum 0/5 • Lost both the pivot (₹149.6) and the 20-EMA — the two levels that defined the up-move; edge is gone • Tight base — held within 5.0% of listing close (the −10% cutoff was the grid-search optimum) • QIB 160x — heavy institutional sponsorship (biggest historical tails came from this group) • ₹0.0cr/day turnover ≈ 0.1% of free float changing hands daily — sleepy float • Lead manager Share India Capital Services Pvt.Ltd.: 62% of 16 issues above issue today, LM score 84/100"
Orient Technologies Ltd.,Mainboard,ORIENTTECH,NSE,INE0PPK01015,2024-08-28,EXIT,AVOID,45,243.15,302.4,24.4,188.79,106.39,16.231640995950002,-18.3,490,1.0,18.03,,,,,,Elara Capital (India) Pvt.Ltd.,2024-09-24,2024-11-23,https://www.screener.in/company/ORIENTTECH/,https://www.tradingview.com/chart/?symbol=NSE%3AORIENTTECH,4.41,1146.0,70.66,,,,,,,,,,False,2024-11-05,2026-05-07,73.0,2026-07-15,12,False,,"Score 45/100 — structure 0/35, base 6/20, liquidity 15/15, institutions 15/15, lock-in 5/5, LM 1/5, momentum 3/5 • Lost both the pivot (₹302.4) and the 20-EMA — the two levels that defined the up-move; edge is gone • Base gave up -18.3% vs listing close — looser than the −10% ideal; demands a smaller position • QIB 189x — heavy institutional sponsorship (biggest historical tails came from this group) • ₹16.2cr/day turnover ≈ 4.4% of free float changing hands daily — crowded/manipulable, careful"
Sai Silks (Kalamandir) Ltd.,Mainboard,KALAMANDIR,NSE,INE438K01021,2023-09-27,EXIT,AVOID,44,86.48,247.0,185.6,12.17,3.45,4.10738916615,-9.41,713,1.0,-61.05,,,,,,Motilal Oswal Investment Advisors Ltd.,2023-10-27,2023-12-26,https://www.screener.in/company/KALAMANDIR/,https://www.tradingview.com/chart/?symbol=NSE%3AKALAMANDIR,0.78,1302.0,60.97,,,,,,,,,,False,2024-09-16,2024-02-09,622.0,2026-01-05,8,False,,"Score 44/100 — structure 0/35, base 20/20, liquidity 10/15, institutions 6/15, lock-in 5/5, LM 3/5, momentum 0/5 • Lost both the pivot (₹247.0) and the 20-EMA — the two levels that defined the up-move; edge is gone • Tight base — held within 9.4% of listing close (the −10% cutoff was the grid-search optimum) • QIB 12x — thin institutional book (score-penalised, not disqualifying: stops manage the risk) • ₹4.1cr/day turnover ≈ 0.8% of free float changing hands daily — sleepy float • Lead manager Motilal Oswal Investment Advisors Ltd.: 56% of 9 issues above issue today, LM score 56/100"
Aelea Commodities Ltd.,SME,ACLD,BSE,INE0T3401029,2024-07-22,EXIT,AVOID,44,141.2,173.25,22.7,104.22,140.84,0.28771965,-9.38,516,1.0,48.63,,,,,,Ekadrisht Capital Pvt.Ltd.,2024-08-17,2024-10-16,https://www.screener.in/company/544213/,https://www.tradingview.com/chart/?symbol=BSE%3A544213,0.27,279.0,63.74,,,,,,,,,,False,2024-10-28,2025-09-08,234.0,2026-05-27,9,False,,"Score 44/100 — structure 0/35, base 20/20, liquidity 0/15, institutions 15/15, lock-in 5/5, LM 1/5, momentum 3/5 • Lost both the pivot (₹173.2) and the 20-EMA — the two levels that defined the up-move; edge is gone • Tight base — held within 9.4% of listing close (the −10% cutoff was the grid-search optimum) • QIB 104x — heavy institutional sponsorship (biggest historical tails came from this group) • ₹0.3cr/day turnover ≈ 0.3% of free float changing hands daily — sleepy float"
Manba Finance Ltd.,Mainboard,MANBA,NSE,INE939X01013,2024-09-30,EXIT,AVOID,44,130.52,152.25,16.6,148.55,154.7,3.72754864525,-15.93,467,12.0,8.77,,,,,,Hem Securities Ltd.,2024-10-26,2024-12-25,https://www.screener.in/company/MANBA/,https://www.tradingview.com/chart/?symbol=NSE%3AMANBA,2.08,656.0,74.98,,,,,,,,,,False,2024-10-17,2025-06-26,284.0,2026-07-27,7,False,,"Score 44/100 — structure 0/35, base 6/20, liquidity 10/15, institutions 15/15, lock-in 5/5, LM 5/5, momentum 3/5 • Lost both the pivot (₹152.2) and the 20-EMA — the two levels that defined the up-move; edge is gone • Base gave up -15.9% vs listing close — looser than the −10% ideal; demands a smaller position • QIB 149x — heavy institutional sponsorship (biggest historical tails came from this group) • ₹3.7cr/day turnover ≈ 2.1% of free float changing hands daily — healthy churn • Lead manager Hem Securities Ltd.: 62% of 68 issues above issue today, LM score 72/100"
Ajax Engineering Ltd.,Mainboard,AJAXENGG,NSE,INE274Y01021,2025-02-17,EXIT,AVOID,44,566.4,609.0,7.5,13.04,4.84,4.3118733352500005,-4.93,371,14.0,-9.95,,,,,,ICICI Securities Ltd.,2025-03-14,2025-05-13,https://www.screener.in/company/AJAXENGG/,https://www.tradingview.com/chart/?symbol=NSE%3AAJAXENGG,0.33,6393.0,80.0,,,,,,,,,,False,2025-11-04,2026-07-15,26.0,2026-08-14,5,True,,"Score 44/100 — structure 0/35, base 20/20, liquidity 10/15, institutions 6/15, lock-in 5/5, LM 3/5, momentum 0/5 • Lost both the pivot (₹609.0) and the 20-EMA — the two levels that defined the up-move; edge is gone • Tight base — held within 4.9% of listing close (the −10% cutoff was the grid-search optimum) • QIB 13x — thin institutional book (score-penalised, not disqualifying: stops manage the risk) • ₹4.3cr/day turnover ≈ 0.3% of free float changing hands daily — sleepy float • 🔥 Volume thrust (≥5× avg) within the last 5 sessions (2026-08-14) — the institutional footprint that preceded most historical winners • Lead manager ICICI Securities Ltd.: 63% of 38 issues above issue today, LM score 64/100"
Saatvik Green Energy Ltd.,Mainboard,SAATVIKGL,NSE,INE13B501022,2025-09-26,EXIT,AVOID,44,401.0,465.0,16.0,11.41,5.09,4.14179232325,-4.67,221,7.0,-13.76,,,,,,Dam Capital Advisors Ltd.,2025-10-23,2025-12-22,https://www.screener.in/company/SAATVIKGL/,https://www.tradingview.com/chart/?symbol=NSE%3ASAATVIKGL,0.33,5126.0,75.99,,,,,,,,,,False,2025-12-23,2026-07-14,27.0,2026-08-17,4,True,,"Score 44/100 — structure 0/35, base 20/20, liquidity 10/15, institutions 6/15, lock-in 5/5, LM 3/5, momentum 0/5 • Lost both the pivot (₹465.0) and the 20-EMA — the two levels that defined the up-move; edge is gone • Tight base — held within 4.7% of listing close (the −10% cutoff was the grid-search optimum) • QIB 11x — thin institutional book (score-penalised, not disqualifying: stops manage the risk) • ₹4.1cr/day turnover ≈ 0.3% of free float changing hands daily — sleepy float • 🔥 Volume thrust (≥5× avg) within the last 5 sessions (2026-08-17) — the institutional footprint that preceded most historical winners • Lead manager Dam Capital Advisors Ltd.: 56% of 9 issues above issue today, LM score 59/100"
Refractory Shapes Ltd.,SME,REFRACTORY,NSE,INE0TNX01015,2024-05-14,EXIT,AVOID,43,26.1,78.75,201.7,90.59,177.76,0.020137,4.95,519,1.0,-15.81,,,,,,Shreni Shares Ltd.,2024-06-09,2024-08-08,https://www.screener.in/company/REFRACTORY/,https://www.tradingview.com/chart/?symbol=NSE%3AREFRACTORY,0.13,56.9,72.48,,,,,,,,,,False,2024-12-23,2025-01-31,341.0,2026-05-19,11,False,,"Score 43/100 — structure 0/35, base 20/20, liquidity 0/15, institutions 15/15, lock-in 5/5, LM 3/5, momentum 0/5 • Lost both the pivot (₹78.8) and the 20-EMA — the two levels that defined the up-move; edge is gone • Tight base — held within 5.0% of listing close (the −10% cutoff was the grid-search optimum) • QIB 91x — heavy institutional sponsorship (biggest historical tails came from this group) • ₹0.0cr/day turnover ≈ 0.1% of free float changing hands daily — sleepy float • Lead manager Shreni Shares Ltd.: 50% of 26 issues above issue today, LM score 55/100"
Dindigul Farm Product Ltd.,SME,DFPL,BSE,INE0S6R01027,2024-06-27,EXIT,AVOID,43,14.2,107.73,658.7,145.62,142.31,0.0328476,-9.31,504,1.0,-73.7,,,,,,Beeline Capital Advisors Pvt.Ltd.,2024-07-25,2024-09-23,https://www.screener.in/company/544201/,https://www.tradingview.com/chart/?symbol=BSE%3A544201,0.23,34.7,59.53,,,,,,,,,,False,2024-11-19,2024-07-30,481.0,2026-03-20,8,False,,"Score 43/100 — structure 0/35, base 20/20, liquidity 0/15, institutions 15/15, lock-in 5/5, LM 3/5, momentum 0/5 • Lost both the pivot (₹107.7) and the 20-EMA — the two levels that defined the up-move; edge is gone • Tight base — held within 9.3% of listing close (the −10% cutoff was the grid-search optimum) • QIB 146x — heavy institutional sponsorship (biggest historical tails came from this group) • ₹0.0cr/day turnover ≈ 0.2% of free float changing hands daily — sleepy float • Lead manager Beeline Capital Advisors Pvt.Ltd.: 53% of 57 issues above issue today, LM score 58/100"
V.L.Infraprojects Ltd.,SME,VLINFRA,NSE,INE0QXL01015,2024-07-30,EXIT,AVOID,43,25.85,83.75,224.0,203.73,442.65,0.02256675,-2.33,485,1.0,-38.45,,,,,,Beeline Capital Advisors Pvt.Ltd.,2024-08-25,2024-10-24,https://www.screener.in/company/VLINFRA/,https://www.tradingview.com/chart/?symbol=NSE%3AVLINFRA,0.15,40.8,65.7,,,,,,,,,,False,2025-01-13,2024-07-31,483.0,2026-04-23,9,False,,"Score 43/100 — structure 0/35, base 20/20, liquidity 0/15, institutions 15/15, lock-in 5/5, LM 3/5, momentum 0/5 • Lost both the pivot (₹83.8) and the 20-EMA — the two levels that defined the up-move; edge is gone • Tight base — held within 2.3% of listing close (the −10% cutoff was the grid-search optimum) • QIB 204x — heavy institutional sponsorship (biggest historical tails came from this group) • ₹0.0cr/day turnover ≈ 0.1% of free float changing hands daily — sleepy float • Lead manager Beeline Capital Advisors Pvt.Ltd.: 53% of 57 issues above issue today, LM score 58/100"
NTPC Green Energy Ltd.,Mainboard,NTPCGREEN,NSE,INE0ONG01011,2024-11-27,EXIT,AVOID,43,91.88,122.65,33.5,3.51,1.91,34.65948253515,-4.46,428,1.0,-14.93,,,,,,IDBI Capital Markets Services Ltd.,2024-12-25,2025-02-23,https://www.screener.in/company/NTPCGREEN/,https://www.tradingview.com/chart/?symbol=NSE%3ANTPCGREEN,0.4,77708.0,89.01,,,,,,,,,,False,2025-02-24,2025-01-16,392.0,2026-07-23,7,False,,"Score 43/100 — structure 0/35, base 20/20, liquidity 15/15, institutions 2/15, lock-in 5/5, LM 1/5, momentum 0/5 • Lost both the pivot (₹122.7) and the 20-EMA — the two levels that defined the up-move; edge is gone • Tight base — held within 4.5% of listing close (the −10% cutoff was the grid-search optimum) • QIB 4x — thin institutional book (score-penalised, not disqualifying: stops manage the risk) • ₹34.7cr/day turnover ≈ 0.4% of free float changing hands daily — sleepy float"
Nisus Finance Services Co.Ltd.,SME,NISUS,BSE,INE0DQN01013,2024-12-11,EXIT,AVOID,43,174.85,236.25,35.1,93.84,134.05,0.4563041,-4.99,417,1.0,-2.86,,,,,,Beeline Capital Advisors Pvt.Ltd.,2025-01-08,2025-03-09,https://www.screener.in/company/544296/,https://www.tradingview.com/chart/?symbol=BSE%3A544296,0.41,402.0,73.98,,,,,,,,,,False,2025-03-24,2026-04-17,86.0,2026-05-27,8,False,,"Score 43/100 — structure 0/35, base 20/20, liquidity 0/15, institutions 15/15, lock-in 5/5, LM 3/5, momentum 0/5 • Lost both the pivot (₹236.2) and the 20-EMA — the two levels that defined the up-move; edge is gone • Tight base — held within 5.0% of listing close (the −10% cutoff was the grid-search optimum) • QIB 94x — heavy institutional sponsorship (biggest historical tails came from this group) • ₹0.5cr/day turnover ≈ 0.4% of free float changing hands daily — sleepy float • Lead manager Beeline Capital Advisors Pvt.Ltd.: 53% of 57 issues above issue today, LM score 58/100"
Kay Cee Energy & Infra Ltd.,SME,KCEIL,NSE,INE0RCG01017,2024-01-05,EXIT,AVOID,42,75.85,264.6,248.8,127.71,738.96,0.155867375,-14.24,646,13.0,40.46,,,,,,GYR Capital Advisors Pvt.Ltd.,2024-02-02,2024-04-02,https://www.screener.in/company/KCEIL/,https://www.tradingview.com/chart/?symbol=NSE%3AKCEIL,0.43,99.2,63.41,,,,,,,,,,False,2024-07-04,2025-06-05,299.0,2026-05-21,9,False,,"Score 42/100 — structure 0/35, base 14/20, liquidity 0/15, institutions 15/15, lock-in 5/5, LM 5/5, momentum 3/5 • Lost both the pivot (₹264.6) and the 20-EMA — the two levels that defined the up-move; edge is gone • Base gave up -14.2% vs listing close — looser than the −10% ideal; demands a smaller position • QIB 128x — heavy institutional sponsorship (biggest historical tails came from this group) • ₹0.2cr/day turnover ≈ 0.4% of free float changing hands daily — sleepy float • Lead manager GYR Capital Advisors Pvt.Ltd.: 57% of 49 issues above issue today, LM score 72/100"
Yash Optics & Lens Ltd.,SME,YASHOPTICS,NSE,INE0TO601017,2024-04-08,EXIT,AVOID,42,109.5,111.3,1.6,19.88,30.83,0.057339,-1.62,16,2.0,35.19,,,,,,Shreni Shares Ltd.,2024-05-04,2024-07-03,https://www.screener.in/company/YASHOPTICS/,https://www.tradingview.com/chart/?symbol=NSE%3AYASHOPTICS,0.07,279.0,73.19,,,,,,,,,,False,,2026-07-29,13.0,,0,False,,"Score 42/100 — structure 0/35, base 20/20, liquidity 0/15, institutions 11/15, lock-in 5/5, LM 3/5, momentum 3/5 • Lost both the pivot (₹111.3) and the 20-EMA — the two levels that defined the up-move; edge is gone • Tight base — held within 1.6% of listing close (the −10% cutoff was the grid-search optimum) • QIB 20x — decent institutional interest • ₹0.1cr/day turnover ≈ 0.1% of free float changing hands daily — sleepy float • Lead manager Shreni Shares Ltd.: 50% of 26 issues above issue today, LM score 55/100 • Listed +37% — the historical sweet-spot band"
Denta Water & Infra Solutions Ltd.,Mainboard,DENTA,NSE,INE0R4L01018,2025-01-29,EXIT,AVOID,42,290.5,341.25,17.5,236.94,154.4,10.31265000825,-20.81,384,2.0,-1.19,,,,,,SMC Capitals Ltd.,2025-02-26,2025-04-27,https://www.screener.in/company/DENTA/,https://www.tradingview.com/chart/?symbol=NSE%3ADENTA,4.1,763.0,71.91,,,,,,,,,,False,2025-02-20,2026-07-30,15.0,2026-06-23,17,False,,"Score 42/100 — structure 0/35, base 6/20, liquidity 15/15, institutions 15/15, lock-in 5/5, LM 1/5, momentum 0/5 • Lost both the pivot (₹341.2) and the 20-EMA — the two levels that defined the up-move; edge is gone • Base gave up -20.8% vs listing close — looser than the −10% ideal; demands a smaller position • QIB 237x — heavy institutional sponsorship (biggest historical tails came from this group) • ₹10.3cr/day turnover ≈ 4.1% of free float changing hands daily — crowded/manipulable, careful"
Exim Routes Ltd.,SME,EXIMROUTES,NSE,INE19I001020,2025-12-19,EXIT,AVOID,42,109.0,115.5,6.0,19.11,10.83,0.1844412,-4.98,155,1.0,23.86,,,,,,Narnolia Financial Services Ltd.,2026-01-16,2026-03-17,https://www.screener.in/company/EXIMROUTES/,https://www.tradingview.com/chart/?symbol=NSE%3AEXIMROUTES,0.19,203.0,52.64,,,,,,,,,,False,2026-02-18,2026-07-27,12.0,2026-07-14,5,False,,"Score 42/100 — structure 0/35, base 20/20, liquidity 0/15, institutions 11/15, lock-in 5/5, LM 3/5, momentum 3/5 • Lost both the pivot (₹115.5) and the 20-EMA — the two levels that defined the up-move; edge is gone • Tight base — held within 5.0% of listing close (the −10% cutoff was the grid-search optimum) • QIB 19x — decent institutional interest • ₹0.2cr/day turnover ≈ 0.2% of free float changing hands daily — sleepy float • Lead manager Narnolia Financial Services Ltd.: 47% of 30 issues above issue today, LM score 57/100"
Pyramid Technoplast Ltd.,Mainboard,PYRAMID,NSE,INE0MIS01010,2023-08-29,EXIT,AVOID,41,163.18,188.0,15.2,9.94,14.98,6.755999387149998,-12.75,733,29.0,-1.7,,,,,,PNB Investment Services Ltd.,2023-09-24,2023-11-23,https://www.screener.in/company/PYRAMID/,https://www.tradingview.com/chart/?symbol=NSE%3APYRAMID,3.96,588.0,74.94,,,,,,,,,,False,2024-07-03,2026-07-27,18.0,2026-07-27,8,False,,"Score 41/100 — structure 0/35, base 14/20, liquidity 15/15, institutions 6/15, lock-in 5/5, LM 1/5, momentum 0/5 • Lost both the pivot (₹188.0) and the 20-EMA — the two levels that defined the up-move; edge is gone • Base gave up -12.8% vs listing close — looser than the −10% ideal; demands a smaller position • QIB 10x — thin institutional book (score-penalised, not disqualifying: stops manage the risk) • ₹6.8cr/day turnover ≈ 4.0% of free float changing hands daily — healthy churn"
Sadhav Shipping Ltd.,SME,SADHAV,NSE,INE0K5H01010,2024-03-01,EXIT,AVOID,41,116.95,118.0,0.9,,126.71,0.1615408125,-5.51,16,1.0,23.11,,,,,,ISK Advisors Pvt.Ltd.,,,https://www.screener.in/company/SADHAV/,https://www.tradingview.com/chart/?symbol=NSE%3ASADHAV,0.22,189.0,61.78,,,,,,,,,,False,2026-08-19,2026-08-18,2.0,2026-08-19,1,True,,"Score 41/100 — structure 0/35, base 20/20, liquidity 0/15, institutions 8/15, lock-in 5/5, LM 5/5, momentum 3/5 • Lost both the pivot (₹118.0) and the 20-EMA — the two levels that defined the up-move; edge is gone • Tight base — held within 5.5% of listing close (the −10% cutoff was the grid-search optimum) • ₹0.2cr/day turnover ≈ 0.2% of free float changing hands daily — sleepy float • 🔥 Volume thrust (≥5× avg) within the last 5 sessions (2026-08-19) — the institutional footprint that preceded most historical winners • Lead manager ISK Advisors Pvt.Ltd.: 80% of 5 issues above issue today, LM score 91/100 • Listed +19% — the historical sweet-spot band"
TBI Corn Ltd.,SME,TBI,NSE,INE0N2D01013,2024-06-07,EXIT,AVOID,41,59.05,207.9,252.1,81.41,161.12,0.1505643,1.97,545,1.0,-37.18,,,,,,Swastika Investmart Ltd.,2024-07-05,2024-09-03,https://www.screener.in/company/TBI/,https://www.tradingview.com/chart/?symbol=NSE%3ATBI,0.31,111.0,56.47,,,,,,,,,,False,2025-02-20,2024-12-11,417.0,2026-03-27,6,False,,"Score 41/100 — structure 0/35, base 20/20, liquidity 0/15, institutions 15/15, lock-in 5/5, LM 1/5, momentum 0/5 • Lost both the pivot (₹207.9) and the 20-EMA — the two levels that defined the up-move; edge is gone • Tight base — held within 2.0% of listing close (the −10% cutoff was the grid-search optimum) • QIB 81x — heavy institutional sponsorship (biggest historical tails came from this group) • ₹0.2cr/day turnover ≈ 0.3% of free float changing hands daily — sleepy float • Lead manager Swastika Investmart Ltd.: 17% of 12 issues above issue today, LM score 21/100"
Sahaj Solar Ltd.,SME,SAHAJSOLAR,NSE,INE0P4701011,2024-07-19,EXIT,AVOID,41,106.5,359.1,237.2,214.27,354.76,0.1358077,5.0,517,1.0,-40.83,,,,,,Kunvarji Finstock Pvt.Ltd.,2024-08-15,2024-10-14,https://www.screener.in/company/SAHAJSOLAR/,https://www.tradingview.com/chart/?symbol=NSE%3ASAHAJSOLAR,0.19,233.0,71.28,,,,,,,,,,False,2024-07-31,2025-03-28,343.0,2025-11-12,5,False,,"Score 41/100 — structure 0/35, base 20/20, liquidity 0/15, institutions 15/15, lock-in 5/5, LM 1/5, momentum 0/5 • Lost both the pivot (₹359.1) and the 20-EMA — the two levels that defined the up-move; edge is gone • Tight base — held within 5.0% of listing close (the −10% cutoff was the grid-search optimum) • QIB 214x — heavy institutional sponsorship (biggest historical tails came from this group) • ₹0.1cr/day turnover ≈ 0.2% of free float changing hands daily — sleepy float"
Beacon Trusteeship Ltd.,SME,BEACON,NSE,INE639X01027,2024-06-04,EXIT,AVOID,40,86.5,94.5,9.2,163.86,323.82,0.08908625,-10.95,544,8.0,44.17,,,,,,Beeline Capital Advisors Pvt.Ltd.,2024-06-30,2024-08-29,https://www.screener.in/company/BEACON/,https://www.tradingview.com/chart/?symbol=NSE%3ABEACON,0.1,159.0,46.15,,,,,,,,,,False,2024-09-23,2026-07-21,22.0,2026-05-08,7,False,,"Score 40/100 — structure 0/35, base 14/20, liquidity 0/15, institutions 15/15, lock-in 5/5, LM 3/5, momentum 3/5 • Lost both the pivot (₹94.5) and the 20-EMA — the two levels that defined the up-move; edge is gone • Base gave up -10.9% vs listing close — looser than the −10% ideal; demands a smaller position • QIB 164x — heavy institutional sponsorship (biggest historical tails came from this group) • ₹0.1cr/day turnover ≈ 0.1% of free float changing hands daily — sleepy float • Lead manager Beeline Capital Advisors Pvt.Ltd.: 53% of 57 issues above issue today, LM score 58/100"
Inspire Films Ltd.,SME,INSPIRE,NSE,INE0NDX01019,2023-10-05,EXIT,AVOID,39,9.0,9.05,0.6,25.27,89.16,0.0051571428571428,-5.0,7,2.0,-84.75,,,,,,Narnolia Financial Services Ltd.,2023-11-02,2024-01-01,https://www.screener.in/company/INSPIRE/,https://www.tradingview.com/chart/?symbol=NSE%3AINSPIRE,0.13,12.3,68.43,,,,,,,,,,False,,2026-08-13,4.0,,0,False,,"Score 39/100 — structure 0/35, base 20/20, liquidity 0/15, institutions 11/15, lock-in 5/5, LM 3/5, momentum 0/5 • Lost both the pivot (₹9.1) and the 20-EMA — the two levels that defined the up-move; edge is gone • Tight base — held within 5.0% of listing close (the −10% cutoff was the grid-search optimum) • QIB 25x — decent institutional interest • ₹0.0cr/day turnover ≈ 0.1% of free float changing hands daily — sleepy float • Lead manager Narnolia Financial Services Ltd.: 47% of 30 issues above issue today, LM score 57/100 • Discount listing (-85%) — historically the worst cohort"
Oneclick Logistics India Ltd.,SME,OLIL,NSE,INE0OPS01011,2023-10-11,EXIT,AVOID,39,399.1,422.0,5.7,,184.06,0.4121392222222222,-6.86,18,1.0,303.13,,,,,,Fedex Securities Pvt.Ltd.,,,https://www.screener.in/company/OLIL/,https://www.tradingview.com/chart/?symbol=NSE%3AOLIL,0.18,284.0,16.69,,,,,,,,,,False,,2026-08-14,4.0,,0,False,,"Score 39/100 — structure 0/35, base 20/20, liquidity 0/15, institutions 8/15, lock-in 5/5, LM 3/5, momentum 3/5 • Lost both the pivot (₹422.0) and the 20-EMA — the two levels that defined the up-move; edge is gone • Tight base — held within 6.9% of listing close (the −10% cutoff was the grid-search optimum) • ₹0.4cr/day turnover ≈ 0.2% of free float changing hands daily — sleepy float • Lead manager Fedex Securities Pvt.Ltd.: 43% of 23 issues above issue today, LM score 54/100 • Mega-pop (+326%) — day-1 buyers are extended; base needs extra proof"
Wise Travel India Ltd.,SME,WTICAB,NSE,INE623Y01011,2024-02-19,EXIT,AVOID,39,103.6,113.9,9.9,106.69,113.78,0.17993578125,-10.04,16,2.0,-29.52,,,,,,Share India Capital Services Pvt.Ltd.,2024-03-16,2024-05-15,https://www.screener.in/company/WTICAB/,https://www.tradingview.com/chart/?symbol=NSE%3AWTICAB,0.22,259.0,69.25,,,,,,,,,,False,,2026-08-11,7.0,,0,False,,"Score 39/100 — structure 0/35, base 14/20, liquidity 0/15, institutions 15/15, lock-in 5/5, LM 5/5, momentum 0/5 • Lost both the pivot (₹113.9) and the 20-EMA — the two levels that defined the up-move; edge is gone • Base gave up -10.0% vs listing close — looser than the −10% ideal; demands a smaller position • QIB 107x — heavy institutional sponsorship (biggest historical tails came from this group) • ₹0.2cr/day turnover ≈ 0.2% of free float changing hands daily — sleepy float • Lead manager Share India Capital Services Pvt.Ltd.: 62% of 16 issues above issue today, LM score 84/100 • Discount listing (-24%) — historically the worst cohort"
S A Tech Software India Ltd.,SME,SATECH,NSE,INE0BSN01013,2024-08-02,EXIT,AVOID,39,33.3,117.7,253.5,201.29,432.87,0.03566775,-13.3,503,1.0,-43.56,,,,,,GYR Capital Advisors Pvt.Ltd.,2024-08-30,2024-10-29,https://www.screener.in/company/SATECH/,https://www.tradingview.com/chart/?symbol=NSE%3ASATECH,0.27,42.9,69.64,,,,,,,,,,False,2025-05-12,2025-01-10,392.0,2026-03-25,7,False,,"Score 39/100 — structure 0/35, base 14/20, liquidity 0/15, institutions 15/15, lock-in 5/5, LM 5/5, momentum 0/5 • Lost both the pivot (₹117.7) and the 20-EMA — the two levels that defined the up-move; edge is gone • Base gave up -13.3% vs listing close — looser than the −10% ideal; demands a smaller position • QIB 201x — heavy institutional sponsorship (biggest historical tails came from this group) • ₹0.0cr/day turnover ≈ 0.3% of free float changing hands daily — sleepy float • Lead manager GYR Capital Advisors Pvt.Ltd.: 57% of 49 issues above issue today, LM score 72/100"
Utkarsh Small Finance Bank Ltd.,Mainboard,UTKARSHBNK,NSE,INE735W01017,2023-07-21,EXIT,AVOID,38,13.92,48.0,244.8,135.71,61.41,15883047.40367117,-71.15,14,1.0,-44.32,,,,,,ICICI Securities Ltd.,2023-08-18,2023-10-17,https://www.screener.in/company/UTKARSHBNK/,https://www.tradingview.com/chart/?symbol=NSE%3AUTKARSHBNK,3.33,2479.0,42.67,,,,,,,,,,False,,2023-07-24,12.0,,0,False,,"Score 38/100 — structure 0/35, base 0/20, liquidity 15/15, institutions 15/15, lock-in 5/5, LM 3/5, momentum 0/5 • Lost both the pivot (₹48.0) and the 20-EMA — the two levels that defined the up-move; edge is gone • Broken base (-71.2%) — distribution, not accumulation • QIB 136x — heavy institutional sponsorship (biggest historical tails came from this group) • ₹15883047.4cr/day turnover ≈ 3.3% of free float changing hands daily — healthy churn • Lead manager ICICI Securities Ltd.: 63% of 38 issues above issue today, LM score 64/100 • Mega-pop (+60%) — day-1 buyers are extended; base needs extra proof"
Drone Destination Ltd.,SME,DRONE,NSE,INE0P7201019,2023-07-21,EXIT,AVOID,38,38.2,107.95,182.6,50.46,131.71,188654.918645375,-63.47,29,6.0,-41.23,,,,,,Narnolia Financial Services Ltd.,2023-08-17,2023-10-16,https://www.screener.in/company/DRONE/,https://www.tradingview.com/chart/?symbol=NSE%3ADRONE,1.6,93.8,61.03,,,1-month high-low variation 308% (ST-ASM secondary criterion ≥75%),,,,,,,False,,2023-07-31,22.0,,0,False,,"Score 38/100 — structure 0/35, base 0/20, liquidity 15/15, institutions 15/15, lock-in 5/5, LM 3/5, momentum 0/5 • Lost both the pivot (₹108.0) and the 20-EMA — the two levels that defined the up-move; edge is gone • Broken base (-63.5%) — distribution, not accumulation • QIB 50x — heavy institutional sponsorship (biggest historical tails came from this group) • ₹188654.9cr/day turnover ≈ 1.6% of free float changing hands daily — healthy churn • ⚠ 1-month high-low variation 308% (ST-ASM secondary criterion ≥75%) • Lead manager Narnolia Financial Services Ltd.: 47% of 30 issues above issue today, LM score 57/100"
SAR Televenture Ltd.,SME,SARTELE,NSE,INE0PUC01020,2023-11-08,EXIT,AVOID,38,101.95,110.25,8.1,77.0,200.13,1.062903,-18.1,685,10.0,85.36,,,,,,Pantomath Capital Advisors Pvt.Ltd.,2023-12-06,2024-02-04,https://www.screener.in/company/SARTELE/,https://www.tradingview.com/chart/?symbol=NSE%3ASARTELE,0.35,506.0,45.3,,,,,,,,,,False,2024-05-22,2026-06-12,48.0,2026-06-17,13,False,,"Score 38/100 — structure 0/35, base 6/20, liquidity 6/15, institutions 15/15, lock-in 5/5, LM 3/5, momentum 3/5 • Lost both the pivot (₹110.2) and the 20-EMA — the two levels that defined the up-move; edge is gone • Base gave up -18.1% vs listing close — looser than the −10% ideal; demands a smaller position • QIB 77x — heavy institutional sponsorship (biggest historical tails came from this group) • ₹1.1cr/day turnover ≈ 0.3% of free float changing hands daily — sleepy float • Lead manager Pantomath Capital Advisors Pvt.Ltd.: 54% of 13 issues above issue today, LM score 47/100"
KP Green Engineering Ltd.,SME,KPGEL,BSE,INE0QVH01025,2024-03-22,EXIT,AVOID,38,257.7,339.2,31.6,31.86,20.74,3.4958052875,-24.8,16,1.0,78.96,,,,,,Beeline Capital Advisors Pvt.Ltd.,2024-04-19,2024-06-18,https://www.screener.in/company/544150/,https://www.tradingview.com/chart/?symbol=BSE%3A544150,0.73,1300.0,66.61,,,,,,,,,,False,2026-08-11,2026-07-31,14.0,2026-08-11,1,False,,"Score 38/100 — structure 0/35, base 6/20, liquidity 10/15, institutions 11/15, lock-in 5/5, LM 3/5, momentum 3/5 • Lost both the pivot (₹339.2) and the 20-EMA — the two levels that defined the up-move; edge is gone • Base gave up -24.8% vs listing close — looser than the −10% ideal; demands a smaller position • QIB 32x — decent institutional interest • ₹3.5cr/day turnover ≈ 0.7% of free float changing hands daily — sleepy float • Lead manager Beeline Capital Advisors Pvt.Ltd.: 53% of 57 issues above issue today, LM score 58/100 • Mega-pop (+130%) — day-1 buyers are extended; base needs extra proof"
One Mobikwik Systems Ltd.,Mainboard,MOBIKWIK,NSE,INE0HLU01028,2024-12-18,EXIT,AVOID,38,195.66,528.0,169.9,125.82,69.61,41.20623441965,-30.57,413,1.0,-29.87,,,,,,SBI Capital Markets Ltd.,2025-01-14,2025-03-15,https://www.screener.in/company/MOBIKWIK/,https://www.tradingview.com/chart/?symbol=NSE%3AMOBIKWIK,3.33,1541.0,25.08,,,,,,,,,,False,2025-03-18,2025-01-14,394.0,2026-08-03,15,False,,"Score 38/100 — structure 0/35, base 0/20, liquidity 15/15, institutions 15/15, lock-in 5/5, LM 3/5, momentum 0/5 • Lost both the pivot (₹528.0) and the 20-EMA — the two levels that defined the up-move; edge is gone • Broken base (-30.6%) — distribution, not accumulation • QIB 126x — heavy institutional sponsorship (biggest historical tails came from this group) • ₹41.2cr/day turnover ≈ 3.3% of free float changing hands daily — healthy churn • Lead manager SBI Capital Markets Ltd.: 50% of 6 issues above issue today, LM score 61/100"
All Time Plastics Ltd.,Mainboard,ALLTIME,NSE,INE0GV601021,2025-08-14,EXIT,AVOID,38,208.21,325.0,56.1,10.3,6.28,1.43323401675,-8.98,250,6.0,-24.29,,,,,,Intensive Fiscal Services Pvt.Ltd.,2025-09-10,2025-11-09,https://www.screener.in/company/ALLTIME/,https://www.tradingview.com/chart/?symbol=NSE%3AALLTIME,0.34,1404.0,70.15,,,,,,,,,,False,2025-10-23,2025-08-25,243.0,2026-06-15,5,False,,"Score 38/100 — structure 0/35, base 20/20, liquidity 6/15, institutions 6/15, lock-in 5/5, LM 1/5, momentum 0/5 • Lost both the pivot (₹325.0) and the 20-EMA — the two levels that defined the up-move; edge is gone • Tight base — held within 9.0% of listing close (the −10% cutoff was the grid-search optimum) • QIB 10x — thin institutional book (score-penalised, not disqualifying: stops manage the risk) • ₹1.4cr/day turnover ≈ 0.3% of free float changing hands daily — sleepy float"
Vishnusurya Projects & Infra Ltd.,SME,VISHNUINFR,NSE,INE0PQ001012,2023-10-10,EXIT,AVOID,37,148.7,159.2,7.1,,40.24,0.1984438888888889,-8.8,18,1.0,118.68,,,,,,Khandwala Securities Ltd.,,,https://www.screener.in/company/VISHNUINFR/,https://www.tradingview.com/chart/?symbol=NSE%3AVISHNUINFR,0.12,384.0,59.06,,,,,,,,,,False,2026-08-10,2026-08-10,8.0,2026-08-10,1,False,,"Score 37/100 — structure 0/35, base 20/20, liquidity 0/15, institutions 8/15, lock-in 5/5, LM 1/5, momentum 3/5 • Lost both the pivot (₹159.2) and the 20-EMA — the two levels that defined the up-move; edge is gone • Tight base — held within 8.8% of listing close (the −10% cutoff was the grid-search optimum) • ₹0.2cr/day turnover ≈ 0.1% of free float changing hands daily — sleepy float • Lead manager Khandwala Securities Ltd.: 20% of 10 issues above issue today, LM score 9/100 • Mega-pop (+134%) — day-1 buyers are extended; base needs extra proof"
SD Retail Ltd.,SME,SDREAMS,NSE,INE0X6F01017,2024-09-27,EXIT,AVOID,37,81.55,152.25,86.7,69.84,68.24,0.03870825,-13.19,439,1.0,-37.75,,,,,,Beeline Capital Advisors Pvt.Ltd.,2024-10-24,2024-12-23,https://www.screener.in/company/SDREAMS/,https://www.tradingview.com/chart/?symbol=NSE%3ASDREAMS,0.07,153.0,65.29,,,,,,,,,,False,2024-12-02,2025-02-05,350.0,2026-07-22,9,False,,"Score 37/100 — structure 0/35, base 14/20, liquidity 0/15, institutions 15/15, lock-in 5/5, LM 3/5, momentum 0/5 • Lost both the pivot (₹152.2) and the 20-EMA — the two levels that defined the up-move; edge is gone • Base gave up -13.2% vs listing close — looser than the −10% ideal; demands a smaller position • QIB 70x — heavy institutional sponsorship (biggest historical tails came from this group) • ₹0.0cr/day turnover ≈ 0.1% of free float changing hands daily — sleepy float • Lead manager Beeline Capital Advisors Pvt.Ltd.: 53% of 57 issues above issue today, LM score 58/100"
Neelam Linens & Garments (India) Ltd.,SME,NEELAM,NSE,INE0N1401016,2024-11-18,EXIT,AVOID,37,8.0,40.05,400.6,15.4,63.46,0.0349245,-4.99,310,2.0,-66.67,,,,,,Expert Global Consultants Pvt.Ltd.,2024-12-13,2025-02-11,https://www.screener.in/company/NEELAM/,https://www.tradingview.com/chart/?symbol=NSE%3ANEELAM,0.39,16.5,54.3,,,,,,,,,,False,2025-03-10,2025-02-06,254.0,2026-06-16,13,False,,"Score 37/100 — structure 0/35, base 20/20, liquidity 0/15, institutions 11/15, lock-in 5/5, LM 1/5, momentum 0/5 • Lost both the pivot (₹40.0) and the 20-EMA — the two levels that defined the up-move; edge is gone • Tight base — held within 5.0% of listing close (the −10% cutoff was the grid-search optimum) • QIB 15x — decent institutional interest • ₹0.0cr/day turnover ≈ 0.4% of free float changing hands daily — sleepy float • Lead manager Expert Global Consultants Pvt.Ltd.: 28% of 18 issues above issue today, LM score 38/100"
Hexaware Technologies Ltd.,Mainboard,HEXT,NSE,INE093A01041,2025-02-19,EXIT,AVOID,37,544.2,788.0,44.8,9.55,2.25,54.78273101850001,-22.59,369,1.0,-23.14,,,,,,Kotak Mahindra Capital Co.Ltd.,2025-03-18,2025-05-17,https://www.screener.in/company/HEXT/,https://www.tradingview.com/chart/?symbol=NSE%3AHEXT,0.59,33780.0,74.3,,,,,,,,,,False,2025-04-23,2025-12-19,163.0,2026-07-28,10,False,,"Score 37/100 — structure 0/35, base 6/20, liquidity 15/15, institutions 6/15, lock-in 5/5, LM 5/5, momentum 0/5 • Lost both the pivot (₹788.0) and the 20-EMA — the two levels that defined the up-move; edge is gone • Base gave up -22.6% vs listing close — looser than the −10% ideal; demands a smaller position • QIB 10x — thin institutional book (score-penalised, not disqualifying: stops manage the risk) • ₹54.8cr/day turnover ≈ 0.6% of free float changing hands daily — sleepy float • Lead manager Kotak Mahindra Capital Co.Ltd.: 74% of 27 issues above issue today, LM score 73/100"
Ivalue Infosolutions Ltd.,Mainboard,IVALUE,NSE,INE056801025,2025-09-25,EXIT,AVOID,37,279.65,298.35,6.7,3.18,1.59,8.16252371625,-11.05,222,11.0,-6.47,,,,,,IIFL Capital Services Ltd.,2025-10-22,2025-12-21,https://www.screener.in/company/IVALUE/,https://www.tradingview.com/chart/?symbol=NSE%3AIVALUE,0.79,1526.0,32.1,,,,,,,,,,False,2025-11-12,2026-07-10,29.0,2026-06-30,3,False,,"Score 37/100 — structure 0/35, base 14/20, liquidity 15/15, institutions 2/15, lock-in 5/5, LM 1/5, momentum 0/5 • Lost both the pivot (₹298.4) and the 20-EMA — the two levels that defined the up-move; edge is gone • Base gave up -11.1% vs listing close — looser than the −10% ideal; demands a smaller position • QIB 3x — thin institutional book (score-penalised, not disqualifying: stops manage the risk) • ₹8.2cr/day turnover ≈ 0.8% of free float changing hands daily — sleepy float • Lead manager IIFL Capital Services Ltd.: 30% of 10 issues above issue today, LM score 34/100"
Greenchef Appliances Ltd.,SME,GREENCHEF,NSE,INE0O7P01015,2023-07-06,EXIT,AVOID,36,51.8,109.2,110.8,17.11,44.84,32099.75385,-56.91,39,1.0,-40.46,,,,,,Hem Securities Ltd.,2023-08-02,2023-10-01,https://www.screener.in/company/GREENCHEF/,https://www.tradingview.com/chart/?symbol=NSE%3AGREENCHEF,0.62,121.0,73.52,,,1-month high-low variation 133% (ST-ASM secondary criterion ≥75%),,,,,,,False,,2023-07-25,25.0,,0,False,,"Score 36/100 — structure 0/35, base 0/20, liquidity 15/15, institutions 11/15, lock-in 5/5, LM 5/5, momentum 0/5 • Lost both the pivot (₹109.2) and the 20-EMA — the two levels that defined the up-move; edge is gone • Broken base (-56.9%) — distribution, not accumulation • QIB 17x — decent institutional interest • ₹32099.8cr/day turnover ≈ 0.6% of free float changing hands daily — sleepy float • ⚠ 1-month high-low variation 133% (ST-ASM secondary criterion ≥75%) • Lead manager Hem Securities Ltd.: 62% of 68 issues above issue today, LM score 72/100"
Sylvan Plyboard (India) Ltd.,SME,SYLVANPLY,NSE,INE01IH01015,2024-07-01,EXIT,AVOID,36,49.0,69.3,41.4,,81.95,0.058199,-4.98,413,1.0,-10.91,,,,,,Finshore Management Services Ltd.,,,https://www.screener.in/company/SYLVANPLY/,https://www.tradingview.com/chart/?symbol=NSE%3ASYLVANPLY,0.19,94.9,73.68,,,,,,,,,,False,2024-12-10,2025-11-17,122.0,2026-03-25,7,False,,"Score 36/100 — structure 0/35, base 20/20, liquidity 0/15, institutions 8/15, lock-in 5/5, LM 3/5, momentum 0/5 • Lost both the pivot (₹69.3) and the 20-EMA — the two levels that defined the up-move; edge is gone • Tight base — held within 5.0% of listing close (the −10% cutoff was the grid-search optimum) • ₹0.1cr/day turnover ≈ 0.2% of free float changing hands daily — sleepy float • Lead manager Finshore Management Services Ltd.: 32% of 22 issues above issue today, LM score 45/100"
Ola Electric Mobility Ltd.,Mainboard,OLAELEC,NSE,INE0LXG01040,2024-08-09,EXIT,AVOID,36,37.82,91.2,141.1,5.53,2.85,181.099441552,4.17,502,1.0,-50.24,,,,,,Kotak Mahindra Capital Co.Ltd.,2024-09-05,2024-11-04,https://www.screener.in/company/OLAELEC/,https://www.tradingview.com/chart/?symbol=NSE%3AOLAELEC,1.47,17879.0,32.96,ASM Long-Term Stage I,,,2026-07-11,2026-10-09,"NSE ASM Long-Term list, 20-Aug-2026",100% margin on all positions. Trading otherwise normal.,3-month move now +7% (cooled); 5-session move -5%,Exit when 3-month high-low / concentration criteria no longer met on quarterly review,False,2024-11-27,2024-12-02,424.0,2026-08-05,12,False,,"Score 36/100 — structure 0/35, base 20/20, liquidity 15/15, institutions 6/15, lock-in 5/5, LM 5/5, momentum 0/5 • Lost both the pivot (₹91.2) and the 20-EMA — the two levels that defined the up-move; edge is gone • Tight base — held within 4.2% of listing close (the −10% cutoff was the grid-search optimum) • QIB 6x — thin institutional book (score-penalised, not disqualifying: stops manage the risk) • ₹181.1cr/day turnover ≈ 1.5% of free float changing hands daily — healthy churn • 🚧 UNDER SURVEILLANCE: ASM Long-Term Stage I — price band capped, 100% margin, liquidity dries (historical band-lock episodes: −5.8% median over next 60 sessions, 41% win) • Lead manager Kotak Mahindra Capital Co.Ltd.: 74% of 27 issues above issue today, LM score 73/100"
Travels & Rentals Ltd.,SME,TRAVELS,BSE,INE0SG001011,2024-09-05,EXIT,AVOID,36,7.88,57.75,632.9,,607.52,0.0136362,-0.26,374,1.0,-80.3,,,,,,Finshore Management Services Ltd.,,,https://www.screener.in/company/544242/,https://www.tradingview.com/chart/?symbol=BSE%3A544242,0.14,17.5,49.03,,,,,,,,,,False,2025-03-06,2025-05-16,232.0,2026-06-15,6,False,,"Score 36/100 — structure 0/35, base 20/20, liquidity 0/15, institutions 8/15, lock-in 5/5, LM 3/5, momentum 0/5 • Lost both the pivot (₹57.8) and the 20-EMA — the two levels that defined the up-move; edge is gone • Tight base — held within 0.3% of listing close (the −10% cutoff was the grid-search optimum) • ₹0.0cr/day turnover ≈ 0.1% of free float changing hands daily — sleepy float • Lead manager Finshore Management Services Ltd.: 32% of 22 issues above issue today, LM score 45/100"
NeoPolitan Pizza & Foods Ltd.,SME,NPFL,BSE,INE471R01019,2024-10-09,EXIT,AVOID,36,6.5,20.21,210.9,,32.45,0.0147042,-1.04,356,1.0,-67.5,,,,,,Turnaround Corporate Advisors Pvt.Ltd.,,,https://www.screener.in/company/544269/,https://www.tradingview.com/chart/?symbol=BSE%3A544269,0.23,11.6,47.03,,,,,,,,,,False,2024-10-18,2024-12-18,307.0,2026-01-05,9,False,,"Score 36/100 — structure 0/35, base 20/20, liquidity 0/15, institutions 8/15, lock-in 5/5, LM 3/5, momentum 0/5 • Lost both the pivot (₹20.2) and the 20-EMA — the two levels that defined the up-move; edge is gone • Tight base — held within 1.0% of listing close (the −10% cutoff was the grid-search optimum) • ₹0.0cr/day turnover ≈ 0.2% of free float changing hands daily — sleepy float • Lead manager Turnaround Corporate Advisors Pvt.Ltd.: 50% of 4 issues above issue today, LM score 64/100"
Ventive Hospitality Ltd.,Mainboard,VENTIVE,NSE,INE781S01027,2024-12-30,EXIT,AVOID,36,574.5,749.0,30.4,9.58,6.12,1.2651302720000002,-13.07,406,27.0,-10.65,,,,,,JM Financial Ltd.,2025-01-24,2025-03-25,https://www.screener.in/company/VENTIVE/,https://www.tradingview.com/chart/?symbol=NSE%3AVENTIVE,0.08,13689.0,88.99,,,,,,,,,,False,2025-07-01,2026-02-02,135.0,2026-06-16,9,False,,"Score 36/100 — structure 0/35, base 14/20, liquidity 6/15, institutions 6/15, lock-in 5/5, LM 5/5, momentum 0/5 • Lost both the pivot (₹749.0) and the 20-EMA — the two levels that defined the up-move; edge is gone • Base gave up -13.1% vs listing close — looser than the −10% ideal; demands a smaller position • QIB 10x — thin institutional book (score-penalised, not disqualifying: stops manage the risk) • ₹1.3cr/day turnover ≈ 0.1% of free float changing hands daily — sleepy float • Lead manager JM Financial Ltd.: 69% of 26 issues above issue today, LM score 71/100"
Brigade Hotel Ventures Ltd.,Mainboard,BRIGHOTEL,NSE,INE03NU01014,2025-07-31,EXIT,AVOID,36,59.91,87.84,46.6,5.74,4.26,0.71690039365,-9.25,260,12.0,-33.43,,,,,,JM Financial Ltd.,2025-08-28,2025-10-27,https://www.screener.in/company/BRIGHOTEL/,https://www.tradingview.com/chart/?symbol=NSE%3ABRIGHOTEL,0.12,2311.0,74.09,,,,,,,,,,False,2025-10-27,2025-08-19,247.0,2025-12-31,3,False,,"Score 36/100 — structure 0/35, base 20/20, liquidity 0/15, institutions 6/15, lock-in 5/5, LM 5/5, momentum 0/5 • Lost both the pivot (₹87.8) and the 20-EMA — the two levels that defined the up-move; edge is gone • Tight base — held within 9.2% of listing close (the −10% cutoff was the grid-search optimum) • QIB 6x — thin institutional book (score-penalised, not disqualifying: stops manage the risk) • ₹0.7cr/day turnover ≈ 0.1% of free float changing hands daily — sleepy float • Lead manager JM Financial Ltd.: 69% of 26 issues above issue today, LM score 71/100"
Fabtech Technologies Ltd.,Mainboard,FABTECH,NSE,INE0HF201011,2025-10-07,EXIT,AVOID,36,146.33,192.5,31.6,2.02,2.01,1.4490684156,-5.0,215,3.0,-23.39,,,,,,Unistone Capital Pvt.Ltd.,2025-02-08,2025-04-08,https://www.screener.in/company/FABTECH/,https://www.tradingview.com/chart/?symbol=NSE%3AFABTECH,0.71,647.0,68.94,,,,,,,,,,False,2025-10-28,2025-10-21,204.0,2026-07-03,7,False,,"Score 36/100 — structure 0/35, base 20/20, liquidity 6/15, institutions 2/15, lock-in 5/5, LM 3/5, momentum 0/5 • Lost both the pivot (₹192.5) and the 20-EMA — the two levels that defined the up-move; edge is gone • Tight base — held within 5.0% of listing close (the −10% cutoff was the grid-search optimum) • QIB 2x — thin institutional book (score-penalised, not disqualifying: stops manage the risk) • ₹1.4cr/day turnover ≈ 0.7% of free float changing hands daily — sleepy float • Lead manager Unistone Capital Pvt.Ltd.: 56% of 25 issues above issue today, LM score 60/100"
Pentagon Rubber Ltd.,SME,PENTAGON,NSE,INE0ORS01017,2023-07-07,EXIT,AVOID,34,53.0,130.0,145.3,27.62,73.19,26314.009284,-59.92,31,9.0,-24.29,,,,,,Beeline Capital Advisors Pvt.Ltd.,2023-08-04,2023-10-03,https://www.screener.in/company/PENTAGON/,https://www.tradingview.com/chart/?symbol=NSE%3APENTAGON,1.01,40.8,70.04,,,1-month high-low variation 169% (ST-ASM secondary criterion ≥75%),,,,,,,False,,2023-07-20,21.0,,0,False,,"Score 34/100 — structure 0/35, base 0/20, liquidity 15/15, institutions 11/15, lock-in 5/5, LM 3/5, momentum 0/5 • Lost both the pivot (₹130.0) and the 20-EMA — the two levels that defined the up-move; edge is gone • Broken base (-59.9%) — distribution, not accumulation • QIB 28x — decent institutional interest • ₹26314.0cr/day turnover ≈ 1.0% of free float changing hands daily — healthy churn • ⚠ 1-month high-low variation 169% (ST-ASM secondary criterion ≥75%) • Lead manager Beeline Capital Advisors Pvt.Ltd.: 53% of 57 issues above issue today, LM score 58/100"
Basilic Fly Studio Ltd.,SME,BASILIC,NSE,INE0OCC01013,2023-09-11,EXIT,AVOID,34,189.9,195.0,2.7,116.34,246.97,0.7182048333333333,-15.75,18,1.0,95.77,,,,,,GYR Capital Advisors Pvt.Ltd.,2023-10-11,2023-12-10,https://www.screener.in/company/BASILIC/,https://www.tradingview.com/chart/?symbol=NSE%3ABASILIC,0.33,475.0,55.32,,,,,,,,,,False,2026-08-17,2026-08-10,8.0,2026-08-17,1,True,,"Score 34/100 — structure 0/35, base 6/20, liquidity 0/15, institutions 15/15, lock-in 5/5, LM 5/5, momentum 3/5 • Lost both the pivot (₹195.0) and the 20-EMA — the two levels that defined the up-move; edge is gone • Base gave up -15.8% vs listing close — looser than the −10% ideal; demands a smaller position • QIB 116x — heavy institutional sponsorship (biggest historical tails came from this group) • ₹0.7cr/day turnover ≈ 0.3% of free float changing hands daily — sleepy float • 🔥 Volume thrust (≥5× avg) within the last 5 sessions (2026-08-17) — the institutional footprint that preceded most historical winners • Lead manager GYR Capital Advisors Pvt.Ltd.: 57% of 49 issues above issue today, LM score 72/100"
Manoj Vaibhav Gems 'N' Jewellers Ltd.,Mainboard,MVGJL,NSE,INE0KNT01012,2023-10-03,EXIT,AVOID,34,146.84,222.0,51.2,1.08,1.91,1.2549868705000002,-6.26,710,3.0,-31.7,,,,,,Bajaj Capital Ltd.,2023-10-27,2023-12-26,https://www.screener.in/company/MVGJL/,https://www.tradingview.com/chart/?symbol=NSE%3AMVGJL,0.61,732.0,74.28,,,,,,,,,,False,2024-02-13,2025-07-24,264.0,2026-05-25,18,False,,"Score 34/100 — structure 0/35, base 20/20, liquidity 6/15, institutions 2/15, lock-in 5/5, LM 1/5, momentum 0/5 • Lost both the pivot (₹222.0) and the 20-EMA — the two levels that defined the up-move; edge is gone • Tight base — held within 6.3% of listing close (the −10% cutoff was the grid-search optimum) • QIB 1x — thin institutional book (score-penalised, not disqualifying: stops manage the risk) • ₹1.3cr/day turnover ≈ 0.6% of free float changing hands daily — sleepy float"
Envirotech Systems Ltd.,SME,ENVIRO,NSE,INE0SUH01015,2024-09-24,EXIT,AVOID,34,73.2,111.7,52.6,68.12,64.33,0.16328275,-20.28,467,1.0,30.71,,,,,,Share India Capital Services Pvt.Ltd.,2024-10-20,2024-12-19,https://www.screener.in/company/ENVIRO/,https://www.tradingview.com/chart/?symbol=NSE%3AENVIRO,0.37,138.0,68.85,,,,,,,,,,False,2025-04-30,2026-05-07,73.0,2026-08-04,10,False,,"Score 34/100 — structure 0/35, base 6/20, liquidity 0/15, institutions 15/15, lock-in 5/5, LM 5/5, momentum 3/5 • Lost both the pivot (₹111.7) and the 20-EMA — the two levels that defined the up-move; edge is gone • Base gave up -20.3% vs listing close — looser than the −10% ideal; demands a smaller position • QIB 68x — heavy institutional sponsorship (biggest historical tails came from this group) • ₹0.2cr/day turnover ≈ 0.4% of free float changing hands daily — sleepy float • Lead manager Share India Capital Services Pvt.Ltd.: 62% of 16 issues above issue today, LM score 84/100"
K.V.Toys India Ltd.,SME,KVTOYS,BSE,INE1IE301018,2025-12-15,EXIT,AVOID,34,276.1,336.0,21.7,193.25,247.16,0.2112399,-23.07,160,5.0,15.52,,,,,,GYR Capital Advisors Pvt.Ltd.,2026-01-12,2026-03-13,https://www.screener.in/company/544641/,https://www.tradingview.com/chart/?symbol=BSE%3A544641,0.28,169.0,58.5,,,,,,,,,,False,2026-04-20,2026-01-12,140.0,2026-07-07,3,False,,"Score 34/100 — structure 0/35, base 6/20, liquidity 0/15, institutions 15/15, lock-in 5/5, LM 5/5, momentum 3/5 • Lost both the pivot (₹336.0) and the 20-EMA — the two levels that defined the up-move; edge is gone • Base gave up -23.1% vs listing close — looser than the −10% ideal; demands a smaller position • QIB 193x — heavy institutional sponsorship (biggest historical tails came from this group) • ₹0.2cr/day turnover ≈ 0.3% of free float changing hands daily — sleepy float • Lead manager GYR Capital Advisors Pvt.Ltd.: 57% of 49 issues above issue today, LM score 72/100"
AccelerateBS India Ltd.,SME,543938,BSE,INE0POP01017,2023-07-19,EXIT,AVOID,33,100.0,114.97,15.0,,48.26,0.9471758933333334,-13.02,15,1.0,11.11,,,,,,Shreni Shares Ltd.,,,https://www.screener.in/company/543938/,https://www.tradingview.com/chart/?symbol=BSE%3A543938,7.65,34.4,71.02,,,,,,,,,,False,,2023-07-20,13.0,,0,False,,"Score 33/100 — structure 0/35, base 14/20, liquidity 0/15, institutions 8/15, lock-in 5/5, LM 3/5, momentum 3/5 • Lost both the pivot (₹115.0) and the 20-EMA — the two levels that defined the up-move; edge is gone • Base gave up -13.0% vs listing close — looser than the −10% ideal; demands a smaller position • ₹0.9cr/day turnover ≈ 7.7% of free float changing hands daily — crowded/manipulable, careful • Lead manager Shreni Shares Ltd.: 50% of 26 issues above issue today, LM score 55/100 • Listed +22% — the historical sweet-spot band"
Meson Valves India Ltd.,SME,QUESTFLOW,BSE,INE0OYE01013,2023-09-21,EXIT,AVOID,33,173.4,195.35,12.7,,173.16,0.0929275555555555,-12.87,18,9.0,70.0,,,,,,Shreni Shares Ltd.,,,https://www.screener.in/company/543982/,https://www.tradingview.com/chart/?symbol=BSE%3A543982,0.07,196.0,32.52,,,,,,,,,,False,,2026-08-10,8.0,,0,False,,"Score 33/100 — structure 0/35, base 14/20, liquidity 0/15, institutions 8/15, lock-in 5/5, LM 3/5, momentum 3/5 • Lost both the pivot (₹195.3) and the 20-EMA — the two levels that defined the up-move; edge is gone • Base gave up -12.9% vs listing close — looser than the −10% ideal; demands a smaller position • ₹0.1cr/day turnover ≈ 0.1% of free float changing hands daily — sleepy float • Lead manager Shreni Shares Ltd.: 50% of 26 issues above issue today, LM score 55/100 • Mega-pop (+92%) — day-1 buyers are extended; base needs extra proof"
Madhusudan Masala Ltd.,SME,MADHUSUDAN,NSE,INE0P6701019,2023-09-26,EXIT,AVOID,33,223.25,240.0,7.5,86.91,306.47,0.4932930555555556,-9.23,18,2.0,218.93,,,,,,Hem Securities Ltd.,2023-10-26,2023-12-25,https://www.screener.in/company/MADHUSUDAN/,https://www.tradingview.com/chart/?symbol=NSE%3AMADHUSUDAN,0.45,362.0,70.47,ESM Stage I,,,2026-07-11,2026-10-09,Enhanced Surveillance Measure (ESM) - Stage I (NSE list 20-Aug-2026),"Trade-to-trade settlement, 100% margin, 5% daily band (2% if already there). No intraday.",mcap ₹362cr still < ₹500cr pool boundary; 5-session move -2%,"Exit when price/volatility criteria normalise on review, or mcap sustainably exceeds the ₹500cr micro-cap pool",False,,2026-07-30,15.0,,0,False,,"Score 33/100 — structure 0/35, base 20/20, liquidity 0/15, institutions 15/15, lock-in 5/5, LM 5/5, momentum 3/5 • Lost both the pivot (₹240.0) and the 20-EMA — the two levels that defined the up-move; edge is gone • Tight base — held within 9.2% of listing close (the −10% cutoff was the grid-search optimum) • QIB 87x — heavy institutional sponsorship (biggest historical tails came from this group) • ₹0.5cr/day turnover ≈ 0.5% of free float changing hands daily — sleepy float • 🚧 UNDER SURVEILLANCE: ESM Stage I — price band capped, 100% margin, liquidity dries (historical band-lock episodes: −5.8% median over next 60 sessions, 41% win) • Lead manager Hem Securities Ltd.: 62% of 68 issues above issue today, LM score 72/100"
Atmastco Ltd.,SME,ATMASTCO,NSE,INE05DH01017,2024-02-23,EXIT,AVOID,33,140.55,151.75,8.0,,17.19,0.173261875,-7.69,16,10.0,82.53,,,,,,Affinity Global Capital Market Pvt.Ltd.,,,https://www.screener.in/company/ATMASTCO/,https://www.tradingview.com/chart/?symbol=NSE%3AATMASTCO,0.14,359.0,66.14,,,,,,,,,,False,,2026-08-13,5.0,,0,False,,"Score 33/100 — structure 0/35, base 20/20, liquidity 0/15, institutions 2/15, lock-in 5/5, LM 3/5, momentum 3/5 • Lost both the pivot (₹151.8) and the 20-EMA — the two levels that defined the up-move; edge is gone • Tight base — held within 7.7% of listing close (the −10% cutoff was the grid-search optimum) • ₹0.2cr/day turnover ≈ 0.1% of free float changing hands daily — sleepy float • Lead manager Affinity Global Capital Market Pvt.Ltd.: 38% of 8 issues above issue today, LM score 41/100 • Mega-pop (+96%) — day-1 buyers are extended; base needs extra proof"
Leapfrog Engineering Services Ltd.,SME,LESL,BSE,INE0X6O01027,2026-06-24,EXIT,AVOID,33,21.75,23.1,6.2,20.32,2.46,0.314094,-13.42,39,1.0,-5.43,,,,,,Finshore Management Services Ltd.,,,https://www.screener.in/company/544797/,https://www.tradingview.com/chart/?symbol=BSE%3A544797,0.3,315.0,67.26,,,,,,,,,,False,,2026-07-09,28.0,,0,False,,"Score 33/100 — structure 0/35, base 14/20, liquidity 0/15, institutions 11/15, lock-in 5/5, LM 3/5, momentum 0/5 • Lost both the pivot (₹23.1) and the 20-EMA — the two levels that defined the up-move; edge is gone • Base gave up -13.4% vs listing close — looser than the −10% ideal; demands a smaller position • QIB 20x — decent institutional interest • ₹0.3cr/day turnover ≈ 0.3% of free float changing hands daily — sleepy float • Lead manager Finshore Management Services Ltd.: 32% of 22 issues above issue today, LM score 45/100"
Atharva Polyplast Ltd.,SME,ATHARVA,BSE,INE226801012,2026-07-07,EXIT,AVOID,33,71.13,72.45,1.9,3.58,7.99,0.6665206,-0.62,33,1.0,18.55,,,,,,Horizon Management Pvt.Ltd.,2026-08-02,2026-10-01,https://www.screener.in/company/544812/,https://www.tradingview.com/chart/?symbol=BSE%3A544812,,,,,,,,,,,,,False,,2026-07-08,31.0,,0,False,,"Score 33/100 — structure 0/35, base 20/20, liquidity 0/15, institutions 2/15, lock-in 5/5, LM 3/5, momentum 3/5 • Lost both the pivot (₹72.5) and the 20-EMA — the two levels that defined the up-move; edge is gone • Tight base — held within 0.6% of listing close (the −10% cutoff was the grid-search optimum) • QIB 4x — thin institutional book (score-penalised, not disqualifying: stops manage the risk) • Illiquid — ₹0.67cr/day; exits are the real risk • Lead manager Horizon Management Pvt.Ltd.: 50% of 22 issues above issue today, LM score 52/100 • Listed +15% — the historical sweet-spot band"
Emiac Technologies Ltd.,SME,EMIAC,BSE,INE1OSW01015,2026-04-13,EXIT,AVOID,32,88.93,111.0,24.8,1.02,2.59,0.4981158,-8.63,83,3.0,-9.26,,,,,,Smart Horizon Capital Advisors Pvt.Ltd.,2026-05-08,2026-07-07,https://www.screener.in/company/544747/,https://www.tradingview.com/chart/?symbol=BSE%3A544747,0.83,113.0,50.0,,,,,,,,,,False,2026-07-06,2026-04-23,75.0,2026-07-20,2,False,,"Score 32/100 — structure 0/35, base 20/20, liquidity 0/15, institutions 2/15, lock-in 5/5, LM 5/5, momentum 0/5 • Lost both the pivot (₹111.0) and the 20-EMA — the two levels that defined the up-move; edge is gone • Tight base — held within 8.6% of listing close (the −10% cutoff was the grid-search optimum) • QIB 1x — thin institutional book (score-penalised, not disqualifying: stops manage the risk) • ₹0.5cr/day turnover ≈ 0.8% of free float changing hands daily — healthy churn • Lead manager Smart Horizon Capital Advisors Pvt.Ltd.: 74% of 27 issues above issue today, LM score 82/100"
Yasons Chemex Care Ltd.,SME,YCCL,NSE,INE08S201019,2023-08-03,EXIT,AVOID,31,9.65,33.6,248.2,,57.33,37885.3579575,-72.8,10,1.0,-75.88,,,,,,Fedex Securities Pvt.Ltd.,,,https://www.screener.in/company/YCCL/,https://www.tradingview.com/chart/?symbol=NSE%3AYCCL,1.34,18.6,51.47,,,,,,,,,,False,,2023-08-04,8.0,,0,False,,"Score 31/100 — structure 0/35, base 0/20, liquidity 15/15, institutions 8/15, lock-in 5/5, LM 3/5, momentum 0/5 • Lost both the pivot (₹33.6) and the 20-EMA — the two levels that defined the up-move; edge is gone • Broken base (-72.8%) — distribution, not accumulation • ₹37885.4cr/day turnover ≈ 1.3% of free float changing hands daily — healthy churn • Lead manager Fedex Securities Pvt.Ltd.: 43% of 23 issues above issue today, LM score 54/100 • Discount listing (-20%) — historically the worst cohort"
Sunita Tools Ltd.,SME,SUNITATOOL,BSE,INE0Q1S01010,2023-10-11,EXIT,AVOID,31,911.65,996.2,9.3,,12.79,1.403272327777778,-8.49,18,1.0,528.72,,,,,,Aryaman Financial Services Ltd.,,,https://www.screener.in/company/544001/,https://www.tradingview.com/chart/?symbol=BSE%3A544001,0.6,584.0,62.75,,2%,,,,,,,,False,,2026-08-11,7.0,,0,False,,"Score 31/100 — structure 0/35, base 20/20, liquidity 6/15, institutions 2/15, lock-in 5/5, LM 3/5, momentum 3/5 • Lost both the pivot (₹996.2) and the 20-EMA — the two levels that defined the up-move; edge is gone • Tight base — held within 8.5% of listing close (the −10% cutoff was the grid-search optimum) • ₹1.4cr/day turnover ≈ 0.6% of free float changing hands daily — sleepy float • 🚧 Trading pinned to a 2% daily band — behaves like a surveillance cage even if not yet listed; volume typically dries −20% • Lead manager Aryaman Financial Services Ltd.: 47% of 15 issues above issue today, LM score 41/100 • Mega-pop (+587%) — day-1 buyers are extended; base needs extra proof"
Trust Fintech Ltd.,SME,TRUST,NSE,INE0SWN01019,2024-04-04,EXIT,AVOID,31,24.95,30.0,20.2,65.38,75.84,0.0460040526315789,-15.79,19,6.0,-75.3,,,,,,Corporate Capitalventures Pvt.Ltd.,2024-05-02,2024-07-01,https://www.screener.in/company/TRUST/,https://www.tradingview.com/chart/?symbol=NSE%3ATRUST,0.23,58.4,69.01,,,,,,,,,,False,,2026-08-04,12.0,,0,False,,"Score 31/100 — structure 0/35, base 6/20, liquidity 0/15, institutions 15/15, lock-in 5/5, LM 5/5, momentum 0/5 • Lost both the pivot (₹30.0) and the 20-EMA — the two levels that defined the up-move; edge is gone • Base gave up -15.8% vs listing close — looser than the −10% ideal; demands a smaller position • QIB 65x — heavy institutional sponsorship (biggest historical tails came from this group) • ₹0.0cr/day turnover ≈ 0.2% of free float changing hands daily — sleepy float • Lead manager Corporate Capitalventures Pvt.Ltd.: 73% of 11 issues above issue today, LM score 83/100 • Discount listing (-72%) — historically the worst cohort"
Energy-Mission Machineries (India) Ltd.,SME,EMMIL,NSE,INE0S1L01013,2024-05-16,EXIT,AVOID,31,124.0,384.3,209.9,161.92,222.46,0.07328975,-24.53,557,3.0,-10.14,,,,,,Hem Securities Ltd.,2024-06-13,2024-08-12,https://www.screener.in/company/EMMIL/,https://www.tradingview.com/chart/?symbol=NSE%3AEMMIL,0.2,141.0,73.76,,,,,,,,,,False,2024-07-30,2024-08-29,485.0,2026-07-09,19,False,,"Score 31/100 — structure 0/35, base 6/20, liquidity 0/15, institutions 15/15, lock-in 5/5, LM 5/5, momentum 0/5 • Lost both the pivot (₹384.3) and the 20-EMA — the two levels that defined the up-move; edge is gone • Base gave up -24.5% vs listing close — looser than the −10% ideal; demands a smaller position • QIB 162x — heavy institutional sponsorship (biggest historical tails came from this group) • ₹0.1cr/day turnover ≈ 0.2% of free float changing hands daily — sleepy float • Lead manager Hem Securities Ltd.: 62% of 68 issues above issue today, LM score 72/100"
Premier Roadlines Ltd.,SME,PRLIND,NSE,INE0CFG01012,2024-05-17,EXIT,AVOID,31,42.8,91.35,113.4,89.95,82.18,0.18413275,-24.85,551,1.0,-36.12,,,,,,Hem Securities Ltd.,2024-06-14,2024-08-13,https://www.screener.in/company/PRLIND/,https://www.tradingview.com/chart/?symbol=NSE%3APRLIND,0.69,97.4,73.7,,,,,,,,,,False,2024-11-12,2025-07-28,254.0,2026-07-21,10,False,,"Score 31/100 — structure 0/35, base 6/20, liquidity 0/15, institutions 15/15, lock-in 5/5, LM 5/5, momentum 0/5 • Lost both the pivot (₹91.3) and the 20-EMA — the two levels that defined the up-move; edge is gone • Base gave up -24.9% vs listing close — looser than the −10% ideal; demands a smaller position • QIB 90x — heavy institutional sponsorship (biggest historical tails came from this group) • ₹0.2cr/day turnover ≈ 0.7% of free float changing hands daily — sleepy float • Lead manager Hem Securities Ltd.: 62% of 68 issues above issue today, LM score 72/100"
Godavari Biorefineries Ltd.,Mainboard,GODAVARIB,NSE,INE497S01012,2024-10-30,EXIT,AVOID,31,245.8,354.45,44.2,2.76,1.61,15.892671773500002,-20.13,446,2.0,-30.17,,,,,,Equirus Capital Ltd.,2024-11-26,2025-01-25,https://www.screener.in/company/GODAVARIB/,https://www.tradingview.com/chart/?symbol=NSE%3AGODAVARIB,3.16,1278.0,63.31,,,,,,,,,,False,2025-05-26,2024-12-04,422.0,2026-08-11,12,False,,"Score 31/100 — structure 0/35, base 6/20, liquidity 15/15, institutions 2/15, lock-in 5/5, LM 3/5, momentum 0/5 • Lost both the pivot (₹354.4) and the 20-EMA — the two levels that defined the up-move; edge is gone • Base gave up -20.1% vs listing close — looser than the −10% ideal; demands a smaller position • QIB 3x — thin institutional book (score-penalised, not disqualifying: stops manage the risk) • ₹15.9cr/day turnover ≈ 3.2% of free float changing hands daily — healthy churn • Lead manager Equirus Capital Ltd.: 44% of 9 issues above issue today, LM score 50/100"
NACDAC Infrastructure Ltd.,SME,NACDAC,BSE,INE0LB101011,2024-12-24,EXIT,AVOID,31,24.5,69.82,185.0,236.39,1544.73,0.0244706,-22.66,333,1.0,-30.0,,,,,,GYR Capital Advisors Pvt.Ltd.,2025-01-19,2025-03-20,https://www.screener.in/company/544313/,https://www.tradingview.com/chart/?symbol=BSE%3A544313,0.31,25.2,69.84,,,,,,,,,,False,2025-04-21,2025-01-15,317.0,2026-06-17,7,False,,"Score 31/100 — structure 0/35, base 6/20, liquidity 0/15, institutions 15/15, lock-in 5/5, LM 5/5, momentum 0/5 • Lost both the pivot (₹69.8) and the 20-EMA — the two levels that defined the up-move; edge is gone • Base gave up -22.7% vs listing close — looser than the −10% ideal; demands a smaller position • QIB 236x — heavy institutional sponsorship (biggest historical tails came from this group) • ₹0.0cr/day turnover ≈ 0.3% of free float changing hands daily — sleepy float • Lead manager GYR Capital Advisors Pvt.Ltd.: 57% of 49 issues above issue today, LM score 72/100"
B.A.G.Convergence Ltd.,SME,BAGDIGITAL,NSE,INE17CQ01015,2025-10-08,EXIT,AVOID,31,105.3,106.05,0.7,1.38,1.27,0.3457432,-9.71,190,8.0,21.03,,,,,,Inventure Merchant Banker Services Pvt.Ltd.,2025-11-05,2026-01-04,https://www.screener.in/company/BAGDIGITAL/,https://www.tradingview.com/chart/?symbol=NSE%3ABAGDIGITAL,0.42,227.0,65.94,,,,,,,,,,False,2026-01-12,2026-08-05,8.0,2026-07-17,4,False,,"Score 31/100 — structure 0/35, base 20/20, liquidity 0/15, institutions 2/15, lock-in 5/5, LM 1/5, momentum 3/5 • Lost both the pivot (₹106.0) and the 20-EMA — the two levels that defined the up-move; edge is gone • Tight base — held within 9.7% of listing close (the −10% cutoff was the grid-search optimum) • QIB 1x — thin institutional book (score-penalised, not disqualifying: stops manage the risk) • ₹0.3cr/day turnover ≈ 0.4% of free float changing hands daily — sleepy float • Lead manager Inventure Merchant Banker Services Pvt.Ltd.: 30% of 10 issues above issue today, LM score 22/100"
Yudiz Solutions Ltd.,SME,YUDIZ,NSE,INE09FA01019,2023-08-17,EXIT,AVOID,30,22.95,23.0,0.2,2.81,3.78,0.00975275,-3.26,16,1.0,-86.09,,,,,,Narnolia Financial Services Ltd.,2023-09-10,2023-11-09,https://www.screener.in/company/YUDIZ/,https://www.tradingview.com/chart/?symbol=NSE%3AYUDIZ,0.14,26.6,73.67,,,,,,,,,,False,,2026-07-30,14.0,,0,False,,"Score 30/100 — structure 0/35, base 20/20, liquidity 0/15, institutions 2/15, lock-in 5/5, LM 3/5, momentum 0/5 • Lost both the pivot (₹23.0) and the 20-EMA — the two levels that defined the up-move; edge is gone • Tight base — held within 3.3% of listing close (the −10% cutoff was the grid-search optimum) • QIB 3x — thin institutional book (score-penalised, not disqualifying: stops manage the risk) • ₹0.0cr/day turnover ≈ 0.1% of free float changing hands daily — sleepy float • Lead manager Narnolia Financial Services Ltd.: 47% of 30 issues above issue today, LM score 57/100 • Discount listing (-86%) — historically the worst cohort"
Shanti Spintex Ltd.,SME,544059,BSE,INE0QZQ01019,2023-12-27,EXIT,AVOID,30,35.25,79.8,126.4,14.34,19.21,0.0900821,-11.03,524,9.0,-49.64,,,,,,Hem Securities Ltd.,2024-01-21,2024-03-21,https://www.screener.in/company/544059/,https://www.tradingview.com/chart/?symbol=BSE%3A544059,0.58,62.5,73.57,,,,,,,,,,False,2024-03-13,2025-01-08,278.0,2026-08-10,15,False,,"Score 30/100 — structure 0/35, base 14/20, liquidity 0/15, institutions 6/15, lock-in 5/5, LM 5/5, momentum 0/5 • Lost both the pivot (₹79.8) and the 20-EMA — the two levels that defined the up-move; edge is gone • Base gave up -11.0% vs listing close — looser than the −10% ideal; demands a smaller position • QIB 14x — thin institutional book (score-penalised, not disqualifying: stops manage the risk) • ₹0.1cr/day turnover ≈ 0.6% of free float changing hands daily — sleepy float • Lead manager Hem Securities Ltd.: 62% of 68 issues above issue today, LM score 72/100"
Manilam Industries India Ltd.,SME,MANILAM,NSE,INE1ERK01013,2026-02-27,EXIT,AVOID,30,47.0,55.2,17.4,2.24,4.68,0.0538755,-4.96,88,6.0,-31.88,,,,,,NEXGEN Financial Solutions Pvt.Ltd.,2026-03-27,2026-05-26,https://www.screener.in/company/MANILAM/,https://www.tradingview.com/chart/?symbol=NSE%3AMANILAM,0.12,101.0,61.93,,,,,,,,,,False,2026-04-28,2026-07-16,9.0,2026-07-16,3,False,,"Score 30/100 — structure 0/35, base 20/20, liquidity 0/15, institutions 2/15, lock-in 5/5, LM 3/5, momentum 0/5 • Lost both the pivot (₹55.2) and the 20-EMA — the two levels that defined the up-move; edge is gone • Tight base — held within 5.0% of listing close (the −10% cutoff was the grid-search optimum) • QIB 2x — thin institutional book (score-penalised, not disqualifying: stops manage the risk) • ₹0.1cr/day turnover ≈ 0.1% of free float changing hands daily — sleepy float • Lead manager NEXGEN Financial Solutions Pvt.Ltd.: 50% of 4 issues above issue today, LM score 60/100"
Om Power Transmission Ltd.,Mainboard,OMPOWER,NSE,INE25E901019,2026-04-17,EXIT,AVOID,30,162.7,195.3,20.0,3.65,2.63,1.8432178709,-13.57,87,1.0,-7.03,,,,,,Beeline Capital Advisors Pvt.Ltd.,2026-05-14,2026-07-13,https://www.screener.in/company/OMPOWER/,https://www.tradingview.com/chart/?symbol=NSE%3AOMPOWER,1.04,573.0,69.05,,,,,,,,,,False,,2026-04-20,85.0,,0,False,,"Score 30/100 — structure 0/35, base 14/20, liquidity 6/15, institutions 2/15, lock-in 5/5, LM 3/5, momentum 0/5 • Lost both the pivot (₹195.3) and the 20-EMA — the two levels that defined the up-move; edge is gone • Base gave up -13.6% vs listing close — looser than the −10% ideal; demands a smaller position • QIB 4x — thin institutional book (score-penalised, not disqualifying: stops manage the risk) • ₹1.8cr/day turnover ≈ 1.0% of free float changing hands daily — healthy churn • Lead manager Beeline Capital Advisors Pvt.Ltd.: 53% of 57 issues above issue today, LM score 58/100"
Vraj Iron & Steel Ltd.,Mainboard,VRAJ,NSE,INE0S2V01010,2024-07-03,EXIT,AVOID,29,122.45,252.0,105.8,173.99,88.33,0.27497786495,-16.33,528,1.0,-40.85,,,,,,Aryaman Financial Services Ltd.,,,https://www.screener.in/company/VRAJ/,https://www.tradingview.com/chart/?symbol=NSE%3AVRAJ,0.27,406.0,74.96,,,In ESM-eligible pool (mcap ₹406cr < ₹500cr) — sharp rallies can trigger 100% margin + 2%/5% band,,,,,,,False,2024-09-10,2024-09-23,471.0,2026-07-15,9,False,,"Score 29/100 — structure 0/35, base 6/20, liquidity 0/15, institutions 15/15, lock-in 5/5, LM 3/5, momentum 0/5 • Lost both the pivot (₹252.0) and the 20-EMA — the two levels that defined the up-move; edge is gone • Base gave up -16.3% vs listing close — looser than the −10% ideal; demands a smaller position • QIB 174x — heavy institutional sponsorship (biggest historical tails came from this group) • ₹0.3cr/day turnover ≈ 0.3% of free float changing hands daily — sleepy float • ⚠ In ESM-eligible pool (mcap ₹406cr < ₹500cr) — sharp rallies can trigger 100% margin + 2%/5% band • Lead manager Aryaman Financial Services Ltd.: 47% of 15 issues above issue today, LM score 41/100"
Positron Energy Ltd.,SME,POSITRON,NSE,INE0S3H01017,2024-08-20,EXIT,AVOID,29,162.95,498.75,206.1,231.41,289.59,0.11032155,-18.83,496,1.0,-34.82,,,,,,Beeline Capital Advisors Pvt.Ltd.,2024-09-15,2024-11-14,https://www.screener.in/company/POSITRON/,https://www.tradingview.com/chart/?symbol=NSE%3APOSITRON,0.31,126.0,72.2,,,,,,,,,,False,2025-02-11,2024-08-21,494.0,2026-04-01,7,False,,"Score 29/100 — structure 0/35, base 6/20, liquidity 0/15, institutions 15/15, lock-in 5/5, LM 3/5, momentum 0/5 • Lost both the pivot (₹498.8) and the 20-EMA — the two levels that defined the up-move; edge is gone • Base gave up -18.8% vs listing close — looser than the −10% ideal; demands a smaller position • QIB 231x — heavy institutional sponsorship (biggest historical tails came from this group) • ₹0.1cr/day turnover ≈ 0.3% of free float changing hands daily — sleepy float • Lead manager Beeline Capital Advisors Pvt.Ltd.: 53% of 57 issues above issue today, LM score 58/100"
Shiv Texchem Ltd.,SME,SHIVTEXCHEM,BSE,INE0YRO01015,2024-10-15,EXIT,AVOID,29,111.9,250.95,124.3,86.7,109.67,0.0602089,-17.41,454,1.0,-32.59,,,,,,Vivro Financial Services Pvt.Ltd.,2024-11-10,2025-01-09,https://www.screener.in/company/544272/,https://www.tradingview.com/chart/?symbol=BSE%3A544272,0.09,264.0,73.65,,,,,,,,,,False,2025-06-16,2025-07-31,257.0,2026-05-29,8,False,,"Score 29/100 — structure 0/35, base 6/20, liquidity 0/15, institutions 15/15, lock-in 5/5, LM 3/5, momentum 0/5 • Lost both the pivot (₹250.9) and the 20-EMA — the two levels that defined the up-move; edge is gone • Base gave up -17.4% vs listing close — looser than the −10% ideal; demands a smaller position • QIB 87x — heavy institutional sponsorship (biggest historical tails came from this group) • ₹0.1cr/day turnover ≈ 0.1% of free float changing hands daily — sleepy float • Lead manager Vivro Financial Services Pvt.Ltd.: 64% of 11 issues above issue today, LM score 67/100"
Technichem Organics Ltd.,SME,TECHNICHEM,BSE,INE0ZHT01012,2025-01-07,EXIT,AVOID,29,45.0,60.11,33.6,101.49,297.53,0.0425272,-18.48,304,1.0,-18.18,,,,,,Shreni Shares Ltd.,2025-02-02,2025-04-03,https://www.screener.in/company/544327/,https://www.tradingview.com/chart/?symbol=BSE%3A544327,0.19,78.0,71.95,,,,,,,,,,False,2025-06-04,2025-12-03,104.0,2026-06-09,8,False,,"Score 29/100 — structure 0/35, base 6/20, liquidity 0/15, institutions 15/15, lock-in 5/5, LM 3/5, momentum 0/5 • Lost both the pivot (₹60.1) and the 20-EMA — the two levels that defined the up-move; edge is gone • Base gave up -18.5% vs listing close — looser than the −10% ideal; demands a smaller position • QIB 101x — heavy institutional sponsorship (biggest historical tails came from this group) • ₹0.0cr/day turnover ≈ 0.2% of free float changing hands daily — sleepy float • Lead manager Shreni Shares Ltd.: 50% of 26 issues above issue today, LM score 55/100"
Zeal Global Services Ltd.,SME,ZEAL,NSE,INE0PPS01018,2023-08-09,EXIT,AVOID,28,61.75,62.0,0.4,,3.97,0.0195,-0.82,12,4.0,-40.05,,,,,,Expert Global Consultants Pvt.Ltd.,,,https://www.screener.in/company/ZEAL/,https://www.tradingview.com/chart/?symbol=NSE%3AZEAL,0.09,84.5,73.4,,,,,,,,,,False,,2026-08-03,7.0,,0,False,,"Score 28/100 — structure 0/35, base 20/20, liquidity 0/15, institutions 2/15, lock-in 5/5, LM 1/5, momentum 0/5 • Lost both the pivot (₹62.0) and the 20-EMA — the two levels that defined the up-move; edge is gone • Tight base — held within 0.8% of listing close (the −10% cutoff was the grid-search optimum) • ₹0.0cr/day turnover ≈ 0.1% of free float changing hands daily — sleepy float • Lead manager Expert Global Consultants Pvt.Ltd.: 28% of 18 issues above issue today, LM score 38/100 • Discount listing (-40%) — historically the worst cohort"
Shanthala FMCG Products Ltd.,SME,SHANTHALA,NSE,INE0Q9Q01017,2023-11-03,EXIT,AVOID,28,16.05,113.4,606.5,,3.83,0.0216306,-4.97,527,7.0,-82.36,,,,,,First Overseas Capital Ltd.,,,https://www.screener.in/company/SHANTHALA/,https://www.tradingview.com/chart/?symbol=NSE%3ASHANTHALA,0.45,10.8,61.91,,,,,,,,,,False,2024-02-28,2023-12-01,508.0,2026-07-22,15,False,,"Score 28/100 — structure 0/35, base 20/20, liquidity 0/15, institutions 2/15, lock-in 5/5, LM 1/5, momentum 0/5 • Lost both the pivot (₹113.4) and the 20-EMA — the two levels that defined the up-move; edge is gone • Tight base — held within 5.0% of listing close (the −10% cutoff was the grid-search optimum) • ₹0.0cr/day turnover ≈ 0.5% of free float changing hands daily — sleepy float • Lead manager First Overseas Capital Ltd.: 12% of 8 issues above issue today, LM score 8/100"
Transteel Seating Technologies Ltd.,SME,TRANSTEEL,NSE,INE0NVI01020,2023-11-06,EXIT,AVOID,28,89.2,93.3,4.6,12.15,35.05,1.07615075,-9.32,686,1.0,27.43,,,,,,Gretex Corporate Services Ltd.,2023-12-05,2024-02-03,https://www.screener.in/company/TRANSTEEL/,https://www.tradingview.com/chart/?symbol=NSE%3ATRANSTEEL,0.73,183.0,37.81,ASM Short-Term Stage I,,,2026-08-19,2026-08-26,"NSE ASM Short-Term list, 20-Aug-2026",50–100% additional margin for a SHORT window.,3-month move now -31% (cooled); 5-session move -2%,Auto-exit after the 5- or 15-day window unless re-triggered (e.g. another +25%/5-session burst),False,2024-09-26,2025-05-05,322.0,2026-08-13,10,True,,"Score 28/100 — structure 0/35, base 20/20, liquidity 6/15, institutions 6/15, lock-in 5/5, LM 3/5, momentum 3/5 • Lost both the pivot (₹93.3) and the 20-EMA — the two levels that defined the up-move; edge is gone • Tight base — held within 9.3% of listing close (the −10% cutoff was the grid-search optimum) • QIB 12x — thin institutional book (score-penalised, not disqualifying: stops manage the risk) • ₹1.1cr/day turnover ≈ 0.7% of free float changing hands daily — sleepy float • 🔥 Volume thrust (≥5× avg) within the last 5 sessions (2026-08-13) — the institutional footprint that preceded most historical winners • 🚧 UNDER SURVEILLANCE: ASM Short-Term Stage I — price band capped, 100% margin, liquidity dries (historical band-lock episodes: −5.8% median over next 60 sessions, 41% win)"
Maitreya Medicare Ltd.,SME,MAITREYA,NSE,INE0PLQ01011,2023-11-07,EXIT,AVOID,28,118.5,164.0,38.4,85.41,314.13,0.0692413,-26.25,644,41.0,44.51,,,,,,GYR Capital Advisors Pvt.Ltd.,2023-12-06,2024-02-04,https://www.screener.in/company/MAITREYA/,https://www.tradingview.com/chart/?symbol=NSE%3AMAITREYA,0.32,75.2,73.11,,,,,,,,,,False,2024-02-27,2026-06-01,50.0,2026-07-27,10,False,,"Score 28/100 — structure 0/35, base 0/20, liquidity 0/15, institutions 15/15, lock-in 5/5, LM 5/5, momentum 3/5 • Lost both the pivot (₹164.0) and the 20-EMA — the two levels that defined the up-move; edge is gone • Broken base (-26.2%) — distribution, not accumulation • QIB 85x — heavy institutional sponsorship (biggest historical tails came from this group) • ₹0.1cr/day turnover ≈ 0.3% of free float changing hands daily — sleepy float • Lead manager GYR Capital Advisors Pvt.Ltd.: 57% of 49 issues above issue today, LM score 72/100"
AIK Pipes & Polymers Ltd.,SME,AIKPIPES,BSE,INE0QFT01015,2024-01-02,EXIT,AVOID,28,25.89,105.0,305.6,,42.97,0.01165688,-5.0,583,1.0,-70.91,,,,,,Shreni Shares Ltd.,,,https://www.screener.in/company/544072/,https://www.tradingview.com/chart/?symbol=BSE%3A544072,0.26,17.3,73.5,,5%,,,,,,,,False,2024-05-16,2025-01-07,335.0,2026-02-05,7,False,,"Score 28/100 — structure 0/35, base 20/20, liquidity 0/15, institutions 8/15, lock-in 5/5, LM 3/5, momentum 0/5 • Lost both the pivot (₹105.0) and the 20-EMA — the two levels that defined the up-move; edge is gone • Tight base — held within 5.0% of listing close (the −10% cutoff was the grid-search optimum) • ₹0.0cr/day turnover ≈ 0.3% of free float changing hands daily — sleepy float • 🚧 Trading pinned to a 5% daily band — behaves like a surveillance cage even if not yet listed; volume typically dries −20% • Lead manager Shreni Shares Ltd.: 50% of 26 issues above issue today, LM score 55/100"
Konstelec Engineers Ltd.,SME,KONSTELEC,NSE,INE0QEI01011,2024-01-30,EXIT,AVOID,28,56.0,62.5,11.6,113.8,235.85,0.2400046875,-8.05,16,2.0,-20.0,,,,,,Beeline Capital Advisors Pvt.Ltd.,2024-02-24,2024-04-24,https://www.screener.in/company/KONSTELEC/,https://www.tradingview.com/chart/?symbol=NSE%3AKONSTELEC,0.78,88.6,66.81,ESM Stage I,,,2026-07-11,2026-10-09,Enhanced Surveillance Measure (ESM) - Stage I (NSE list 20-Aug-2026),"Trade-to-trade settlement, 100% margin, 5% daily band (2% if already there). No intraday.",mcap ₹89cr still < ₹500cr pool boundary; 5-session move -7%,"Exit when price/volatility criteria normalise on review, or mcap sustainably exceeds the ₹500cr micro-cap pool",False,,2026-08-12,6.0,,0,False,,"Score 28/100 — structure 0/35, base 20/20, liquidity 0/15, institutions 15/15, lock-in 5/5, LM 3/5, momentum 0/5 • Lost both the pivot (₹62.5) and the 20-EMA — the two levels that defined the up-move; edge is gone • Tight base — held within 8.1% of listing close (the −10% cutoff was the grid-search optimum) • QIB 114x — heavy institutional sponsorship (biggest historical tails came from this group) • ₹0.2cr/day turnover ≈ 0.8% of free float changing hands daily — sleepy float • 🚧 UNDER SURVEILLANCE: ESM Stage I — price band capped, 100% margin, liquidity dries (historical band-lock episodes: −5.8% median over next 60 sessions, 41% win) • Lead manager Beeline Capital Advisors Pvt.Ltd.: 53% of 57 issues above issue today, LM score 58/100"
Kizi Apparels Ltd.,SME,KIZI,BSE,INE0RMR01013,2024-08-06,EXIT,AVOID,28,17.55,24.3,38.5,,115.21,0.0643389,-11.73,349,1.0,-16.43,,,,,,Interactive Financial Services Ltd.,,,https://www.screener.in/company/544221/,https://www.tradingview.com/chart/?symbol=BSE%3A544221,0.81,17.3,59.3,,,,,,,,,,False,2025-03-20,2025-05-19,194.0,2026-07-16,10,False,,"Score 28/100 — structure 0/35, base 14/20, liquidity 0/15, institutions 8/15, lock-in 5/5, LM 1/5, momentum 0/5 • Lost both the pivot (₹24.3) and the 20-EMA — the two levels that defined the up-move; edge is gone • Base gave up -11.7% vs listing close — looser than the −10% ideal; demands a smaller position • ₹0.1cr/day turnover ≈ 0.8% of free float changing hands daily — healthy churn • Lead manager Interactive Financial Services Ltd.: 30% of 23 issues above issue today, LM score 24/100"
Picturepost Studios Ltd.,SME,PPSL,NSE,INE0YAL01017,2024-08-09,EXIT,AVOID,28,3.0,31.5,950.0,101.19,189.96,0.08565,3.97,483,1.0,-87.5,,,,,,Shreni Shares Ltd.,2024-09-06,2024-11-05,https://www.screener.in/company/PPSL/,https://www.tradingview.com/chart/?symbol=NSE%3APPSL,2.75,8.64,68.39,ASM Short-Term Stage I,5%,,2026-08-05 (est. from band-lock),2026-08-12,"NSE ASM Short-Term list, 20-Aug-2026",50–100% additional margin for a SHORT window.,3-month move now -53% (cooled); 5-session move -5%,Auto-exit after the 5- or 15-day window unless re-triggered (e.g. another +25%/5-session burst),False,2024-08-21,2025-03-07,341.0,2026-07-14,19,False,,"Score 28/100 — structure 0/35, base 20/20, liquidity 0/15, institutions 15/15, lock-in 5/5, LM 3/5, momentum 0/5 • Lost both the pivot (₹31.5) and the 20-EMA — the two levels that defined the up-move; edge is gone • Tight base — held within 4.0% of listing close (the −10% cutoff was the grid-search optimum) • QIB 101x — heavy institutional sponsorship (biggest historical tails came from this group) • ₹0.1cr/day turnover ≈ 2.8% of free float changing hands daily — healthy churn • 🚧 UNDER SURVEILLANCE: ASM Short-Term Stage I — price band capped, 100% margin, liquidity dries (historical band-lock episodes: −5.8% median over next 60 sessions, 41% win) • Lead manager Shreni Shares Ltd.: 50% of 26 issues above issue today, LM score 55/100"
ECOS (India) Mobility & Hospitality Ltd.,Mainboard,ECOSMOBLTY,NSE,INE06HJ01020,2024-09-04,EXIT,AVOID,28,112.31,456.0,306.0,136.85,44.98,0.8192364184,-7.02,485,1.0,-66.37,,,,,,Equirus Capital Ltd.,2024-10-01,2024-11-30,https://www.screener.in/company/ECOSMOBLTY/,https://www.tradingview.com/chart/?symbol=NSE%3AECOSMOBLTY,0.35,675.0,67.79,ESM Stage I,,,2026-07-11,2026-10-09,Enhanced Surveillance Measure (ESM) - Stage I (NSE list 20-Aug-2026),"Trade-to-trade settlement, 100% margin, 5% daily band (2% if already there). No intraday.",mcap ₹675cr ≥ ₹500cr pool boundary; 3-month move now -14% (cooled); 5-session move -6%,"Exit when price/volatility criteria normalise on review, or mcap sustainably exceeds the ₹500cr micro-cap pool",False,2025-01-20,2024-10-01,465.0,2026-05-26,12,False,,"Score 28/100 — structure 0/35, base 20/20, liquidity 0/15, institutions 15/15, lock-in 5/5, LM 3/5, momentum 0/5 • Lost both the pivot (₹456.0) and the 20-EMA — the two levels that defined the up-move; edge is gone • Tight base — held within 7.0% of listing close (the −10% cutoff was the grid-search optimum) • QIB 137x — heavy institutional sponsorship (biggest historical tails came from this group) • ₹0.8cr/day turnover ≈ 0.3% of free float changing hands daily — sleepy float • 🚧 UNDER SURVEILLANCE: ESM Stage I — price band capped, 100% margin, liquidity dries (historical band-lock episodes: −5.8% median over next 60 sessions, 41% win) • Lead manager Equirus Capital Ltd.: 44% of 9 issues above issue today, LM score 50/100"
Clear Secured Services Ltd.,SME,CSSL,NSE,INE1EF801010,2025-12-08,EXIT,AVOID,28,92.05,119.0,29.3,9.98,6.47,0.1155105,-14.42,170,10.0,-30.27,,,,,,Horizon Management Pvt.Ltd.,2026-01-02,2026-03-03,https://www.screener.in/company/CSSL/,https://www.tradingview.com/chart/?symbol=NSE%3ACSSL,0.18,238.0,73.03,,,,,,,,,,False,2026-03-25,2025-12-22,159.0,2026-07-09,5,False,,"Score 28/100 — structure 0/35, base 14/20, liquidity 0/15, institutions 6/15, lock-in 5/5, LM 3/5, momentum 0/5 • Lost both the pivot (₹119.0) and the 20-EMA — the two levels that defined the up-move; edge is gone • Base gave up -14.4% vs listing close — looser than the −10% ideal; demands a smaller position • QIB 10x — thin institutional book (score-penalised, not disqualifying: stops manage the risk) • ₹0.1cr/day turnover ≈ 0.2% of free float changing hands daily — sleepy float • Lead manager Horizon Management Pvt.Ltd.: 50% of 22 issues above issue today, LM score 52/100"
Safety Controls & Devices Ltd.,SME,SCDL,BSE,INE0UMH01018,2026-04-13,EXIT,AVOID,28,65.17,84.4,29.5,1.31,1.27,0.39937312,-6.32,89,17.0,-18.54,,,,,,Sobhagya Capital Options Pvt.Ltd.,2026-05-08,2026-07-08,https://www.screener.in/company/544746/,https://www.tradingview.com/chart/?symbol=BSE%3A544746,0.56,129.0,46.4,,,,,,,,,,False,2026-06-30,2026-06-30,37.0,2026-08-17,4,True,,"Score 28/100 — structure 0/35, base 20/20, liquidity 0/15, institutions 2/15, lock-in 5/5, LM 1/5, momentum 0/5 • Lost both the pivot (₹84.4) and the 20-EMA — the two levels that defined the up-move; edge is gone • Tight base — held within 6.3% of listing close (the −10% cutoff was the grid-search optimum) • QIB 1x — thin institutional book (score-penalised, not disqualifying: stops manage the risk) • ₹0.4cr/day turnover ≈ 0.6% of free float changing hands daily — sleepy float • 🔥 Volume thrust (≥5× avg) within the last 5 sessions (2026-08-17) — the institutional footprint that preceded most historical winners • Lead manager Sobhagya Capital Options Pvt.Ltd.: 11% of 9 issues above issue today, LM score 25/100"
Kaushalya Logistics Ltd.,SME,KLL,NSE,INE0Q2V01012,2024-01-08,EXIT,AVOID,27,21.8,105.0,381.7,92.62,274.61,0.0772932,-21.33,638,1.0,-70.93,,,,,,Khandwala Securities Ltd.,2024-02-03,2024-04-03,https://www.screener.in/company/KLL/,https://www.tradingview.com/chart/?symbol=NSE%3AKLL,0.67,42.5,73.65,,,,,,,,,,False,2024-02-29,2025-02-06,370.0,2026-08-04,19,False,,"Score 27/100 — structure 0/35, base 6/20, liquidity 0/15, institutions 15/15, lock-in 5/5, LM 1/5, momentum 0/5 • Lost both the pivot (₹105.0) and the 20-EMA — the two levels that defined the up-move; edge is gone • Base gave up -21.3% vs listing close — looser than the −10% ideal; demands a smaller position • QIB 93x — heavy institutional sponsorship (biggest historical tails came from this group) • ₹0.1cr/day turnover ≈ 0.7% of free float changing hands daily — sleepy float • Lead manager Khandwala Securities Ltd.: 20% of 10 issues above issue today, LM score 9/100"
Jay Bee Laminations Ltd.,SME,JAYBEE,NSE,INE0SMY01017,2024-09-03,EXIT,AVOID,27,87.1,291.25,234.4,72.35,84.76,0.1538745,-22.75,486,1.0,-40.34,,,,,,Swaraj shares & securities Pvt.Ltd.,2024-09-29,2024-11-28,https://www.screener.in/company/JAYBEE/,https://www.tradingview.com/chart/?symbol=NSE%3AJAYBEE,0.26,186.0,70.61,,,,,,,,,,False,2024-10-25,2025-04-28,326.0,2025-11-04,9,False,,"Score 27/100 — structure 0/35, base 6/20, liquidity 0/15, institutions 15/15, lock-in 5/5, LM 1/5, momentum 0/5 • Lost both the pivot (₹291.2) and the 20-EMA — the two levels that defined the up-move; edge is gone • Base gave up -22.8% vs listing close — looser than the −10% ideal; demands a smaller position • QIB 72x — heavy institutional sponsorship (biggest historical tails came from this group) • ₹0.2cr/day turnover ≈ 0.3% of free float changing hands daily — sleepy float • Lead manager Swaraj shares & securities Pvt.Ltd.: 0% of 3 issues above issue today, LM score 23/100"
Aeron Composite Ltd.,SME,AERON,NSE,INE0WL801011,2024-09-04,EXIT,AVOID,27,74.0,157.5,112.8,27.82,27.61,0.08076425,-21.62,482,1.0,-40.8,,,,,,Hem Securities Ltd.,2024-10-02,2024-12-01,https://www.screener.in/company/AERON/,https://www.tradingview.com/chart/?symbol=NSE%3AAERON,0.23,128.0,73.63,,,,,,,,,,False,2024-11-27,2025-01-23,384.0,2026-05-21,6,False,,"Score 27/100 — structure 0/35, base 6/20, liquidity 0/15, institutions 11/15, lock-in 5/5, LM 5/5, momentum 0/5 • Lost both the pivot (₹157.5) and the 20-EMA — the two levels that defined the up-move; edge is gone • Base gave up -21.6% vs listing close — looser than the −10% ideal; demands a smaller position • QIB 28x — decent institutional interest • ₹0.1cr/day turnover ≈ 0.2% of free float changing hands daily — sleepy float • Lead manager Hem Securities Ltd.: 62% of 68 issues above issue today, LM score 72/100"
Biopol Chemicals Ltd.,SME,BIOPOL,NSE,INE0XW001014,2026-02-13,EXIT,AVOID,27,97.9,111.0,13.4,21.05,22.26,0.8991423,-19.67,125,38.0,-9.35,,,,,,Smart Horizon Capital Advisors Pvt.Ltd.,,,https://www.screener.in/company/BIOPOL/,https://www.tradingview.com/chart/?symbol=NSE%3ABIOPOL,2.4,106.0,65.81,,,,,,,,,,False,2026-04-16,2026-05-12,69.0,2026-04-28,2,False,,"Score 27/100 — structure 0/35, base 6/20, liquidity 0/15, institutions 11/15, lock-in 5/5, LM 5/5, momentum 0/5 • Lost both the pivot (₹111.0) and the 20-EMA — the two levels that defined the up-move; edge is gone • Base gave up -19.7% vs listing close — looser than the −10% ideal; demands a smaller position • QIB 21x — decent institutional interest • ₹0.9cr/day turnover ≈ 2.4% of free float changing hands daily — healthy churn • Lead manager Smart Horizon Capital Advisors Pvt.Ltd.: 74% of 27 issues above issue today, LM score 82/100"
Marinetrans India Ltd.,SME,MARINETRAN,NSE,INE0P1P01017,2023-12-08,EXIT,AVOID,26,16.1,31.5,95.7,,31.92,0.009398,-3.23,372,1.0,-38.08,,,,,,Swaraj shares &amp; securities Pvt.Ltd.,,,https://www.screener.in/company/MARINETRAN/,https://www.tradingview.com/chart/?symbol=NSE%3AMARINETRAN,0.14,20.5,67.09,,5%,,,,,,,,False,2024-03-21,2024-06-20,258.0,2025-03-05,7,False,,"Score 26/100 — structure 0/35, base 20/20, liquidity 0/15, institutions 8/15, lock-in 5/5, LM 1/5, momentum 0/5 • Lost both the pivot (₹31.5) and the 20-EMA — the two levels that defined the up-move; edge is gone • Tight base — held within 3.2% of listing close (the −10% cutoff was the grid-search optimum) • ₹0.0cr/day turnover ≈ 0.1% of free float changing hands daily — sleepy float • 🚧 Trading pinned to a 5% daily band — behaves like a surveillance cage even if not yet listed; volume typically dries −20% • Lead manager Swaraj shares &amp; securities Pvt.Ltd.: 40% of 5 issues above issue today, LM score 23/100"
Aesthetik Engineers Ltd.,SME,AESTHETIK,NSE,INE0TSF01011,2024-08-16,EXIT,AVOID,26,71.2,115.7,62.5,207.31,498.68,0.04790725,-42.91,455,1.0,22.76,,,,,,Narnolia Financial Services Ltd.,2024-09-12,2024-11-11,https://www.screener.in/company/AESTHETIK/,https://www.tradingview.com/chart/?symbol=NSE%3AAESTHETIK,0.13,123.0,69.57,,,,,,,,,,False,2025-02-05,2025-10-24,163.0,2026-05-19,10,False,,"Score 26/100 — structure 0/35, base 0/20, liquidity 0/15, institutions 15/15, lock-in 5/5, LM 3/5, momentum 3/5 • Lost both the pivot (₹115.7) and the 20-EMA — the two levels that defined the up-move; edge is gone • Broken base (-42.9%) — distribution, not accumulation • QIB 207x — heavy institutional sponsorship (biggest historical tails came from this group) • ₹0.0cr/day turnover ≈ 0.1% of free float changing hands daily — sleepy float • Lead manager Narnolia Financial Services Ltd.: 47% of 30 issues above issue today, LM score 57/100"
Deepak Chemtex Ltd.,SME,544036,BSE,INE0RDM01013,2023-12-06,EXIT,AVOID,25,80.0,159.6,99.5,96.8,279.7,0.05610776,-36.71,643,244.0,0.0,,,,,,Hem Securities Ltd.,2024-01-05,2024-03-05,https://www.screener.in/company/544036/,https://www.tradingview.com/chart/?symbol=BSE%3A544036,0.23,89.7,73.05,,,,,,,,,,False,2024-03-05,2025-07-29,245.0,2026-06-01,10,False,,"Score 25/100 — structure 0/35, base 0/20, liquidity 0/15, institutions 15/15, lock-in 5/5, LM 5/5, momentum 0/5 • Lost both the pivot (₹159.6) and the 20-EMA — the two levels that defined the up-move; edge is gone • Broken base (-36.7%) — distribution, not accumulation • QIB 97x — heavy institutional sponsorship (biggest historical tails came from this group) • ₹0.1cr/day turnover ≈ 0.2% of free float changing hands daily — sleepy float • Lead manager Hem Securities Ltd.: 62% of 68 issues above issue today, LM score 72/100"
Storage Technologies & Automation Ltd.,SME,STAL,BSE,INE0RGM01016,2024-05-08,EXIT,AVOID,25,31.62,155.59,392.1,117.86,195.72,0.07079276,-31.07,549,24.0,-59.46,,,,,,Oneview Corporate Advisors Pvt.Ltd.,2024-06-05,2024-08-04,https://www.screener.in/company/544171/,https://www.tradingview.com/chart/?symbol=BSE%3A544171,0.57,43.0,70.36,,,,,,,,,,False,2024-08-08,2024-12-09,402.0,2026-08-04,15,False,,"Score 25/100 — structure 0/35, base 0/20, liquidity 0/15, institutions 15/15, lock-in 5/5, LM 5/5, momentum 0/5 • Lost both the pivot (₹155.6) and the 20-EMA — the two levels that defined the up-move; edge is gone • Broken base (-31.1%) — distribution, not accumulation • QIB 118x — heavy institutional sponsorship (biggest historical tails came from this group) • ₹0.1cr/day turnover ≈ 0.6% of free float changing hands daily — sleepy float • Lead manager Oneview Corporate Advisors Pvt.Ltd.: 67% of 6 issues above issue today, LM score 86/100"
Amkay Products Ltd.,SME,AMKAY,BSE,INE0QSB01016,2024-05-08,EXIT,AVOID,25,43.0,109.72,155.2,173.04,521.94,0.0254317,-47.5,413,1.0,-21.82,,,,,,Hem Securities Ltd.,2024-06-05,2024-08-04,https://www.screener.in/company/544169/,https://www.tradingview.com/chart/?symbol=BSE%3A544169,0.21,37.2,73.44,,,,,,,,,,False,2024-08-09,2024-05-09,411.0,2026-05-19,10,False,,"Score 25/100 — structure 0/35, base 0/20, liquidity 0/15, institutions 15/15, lock-in 5/5, LM 5/5, momentum 0/5 • Lost both the pivot (₹109.7) and the 20-EMA — the two levels that defined the up-move; edge is gone • Broken base (-47.5%) — distribution, not accumulation • QIB 173x — heavy institutional sponsorship (biggest historical tails came from this group) • ₹0.0cr/day turnover ≈ 0.2% of free float changing hands daily — sleepy float • Lead manager Hem Securities Ltd.: 62% of 68 issues above issue today, LM score 72/100"
Shivalic Power Control Ltd.,SME,SPCL,NSE,INE0T7B01010,2024-07-01,EXIT,AVOID,25,60.15,326.55,442.9,170.32,178.25,0.1148805,-25.4,530,1.0,-39.85,,,,,,Corporate Capitalventures Pvt.Ltd.,2024-07-27,2024-09-25,https://www.screener.in/company/SPCL/,https://www.tradingview.com/chart/?symbol=NSE%3ASPCL,0.26,148.0,71.34,,,,,,,,,,False,2025-11-17,2024-07-22,515.0,2026-03-27,4,False,,"Score 25/100 — structure 0/35, base 0/20, liquidity 0/15, institutions 15/15, lock-in 5/5, LM 5/5, momentum 0/5 • Lost both the pivot (₹326.6) and the 20-EMA — the two levels that defined the up-move; edge is gone • Broken base (-25.4%) — distribution, not accumulation • QIB 170x — heavy institutional sponsorship (biggest historical tails came from this group) • ₹0.1cr/day turnover ≈ 0.3% of free float changing hands daily — sleepy float • Lead manager Corporate Capitalventures Pvt.Ltd.: 73% of 11 issues above issue today, LM score 83/100"
Chetana Education Ltd.,SME,CHETANA,NSE,INE0U1T01012,2024-07-31,EXIT,AVOID,25,44.95,103.8,130.9,101.22,137.89,0.05481,-27.02,466,24.0,-47.12,,,,,,Hem Securities Ltd.,2024-08-28,2024-10-27,https://www.screener.in/company/CHETANA/,https://www.tradingview.com/chart/?symbol=NSE%3ACHETANA,0.22,96.9,74.02,,,,,,,,,,False,2024-09-03,2025-05-12,281.0,2026-05-11,7,False,,"Score 25/100 — structure 0/35, base 0/20, liquidity 0/15, institutions 15/15, lock-in 5/5, LM 5/5, momentum 0/5 • Lost both the pivot (₹103.8) and the 20-EMA — the two levels that defined the up-move; edge is gone • Broken base (-27.0%) — distribution, not accumulation • QIB 101x — heavy institutional sponsorship (biggest historical tails came from this group) • ₹0.1cr/day turnover ≈ 0.2% of free float changing hands daily — sleepy float • Lead manager Hem Securities Ltd.: 62% of 68 issues above issue today, LM score 72/100"
Brace Port Logistics Ltd.,SME,BRACEPORT,NSE,INE0R4Z01018,2024-08-26,EXIT,AVOID,25,65.0,159.6,145.5,450.04,564.55,0.063384,-40.16,431,1.0,-18.75,,,,,,Holani Consultants Pvt.Ltd.,2024-09-21,2024-11-20,https://www.screener.in/company/BRACEPORT/,https://www.tradingview.com/chart/?symbol=NSE%3ABRACEPORT,0.27,73.5,70.17,,,,,,,,,,False,2024-11-11,2024-08-27,429.0,2026-08-17,8,True,,"Score 25/100 — structure 0/35, base 0/20, liquidity 0/15, institutions 15/15, lock-in 5/5, LM 5/5, momentum 0/5 • Lost both the pivot (₹159.6) and the 20-EMA — the two levels that defined the up-move; edge is gone • Broken base (-40.2%) — distribution, not accumulation • QIB 450x — heavy institutional sponsorship (biggest historical tails came from this group) • ₹0.1cr/day turnover ≈ 0.3% of free float changing hands daily — sleepy float • 🔥 Volume thrust (≥5× avg) within the last 5 sessions (2026-08-17) — the institutional footprint that preceded most historical winners • Lead manager Holani Consultants Pvt.Ltd.: 64% of 11 issues above issue today, LM score 75/100"
Pranik Logistics Ltd.,SME,PRANIK,NSE,INE0VJG01014,2024-10-17,EXIT,AVOID,25,42.05,82.95,97.3,35.67,152.66,0.0813324,-18.02,352,1.0,-45.39,,,,,,Narnolia Financial Services Ltd.,2024-11-20,2025-01-19,https://www.screener.in/company/PRANIK/,https://www.tradingview.com/chart/?symbol=NSE%3APRANIK,0.65,46.8,73.76,,,,,,,,,,False,2025-03-26,2025-10-28,128.0,2026-07-14,13,False,,"Score 25/100 — structure 0/35, base 6/20, liquidity 0/15, institutions 11/15, lock-in 5/5, LM 3/5, momentum 0/5 • Lost both the pivot (₹83.0) and the 20-EMA — the two levels that defined the up-move; edge is gone • Base gave up -18.0% vs listing close — looser than the −10% ideal; demands a smaller position • QIB 36x — decent institutional interest • ₹0.1cr/day turnover ≈ 0.7% of free float changing hands daily — sleepy float • Lead manager Narnolia Financial Services Ltd.: 47% of 30 issues above issue today, LM score 57/100"
Emerald Tyre Manufacturers Ltd.,SME,ETML,NSE,INE0RHD01013,2024-12-12,EXIT,AVOID,25,82.65,189.5,129.3,195.95,368.05,0.1223553,-31.4,402,1.0,-13.0,,,,,,GYR Capital Advisors Pvt.Ltd.,2025-01-09,2025-03-10,https://www.screener.in/company/ETML/,https://www.tradingview.com/chart/?symbol=NSE%3AETML,0.15,160.0,50.31,,,,,,,,,,False,2025-03-17,2024-12-13,400.0,2026-06-09,12,False,,"Score 25/100 — structure 0/35, base 0/20, liquidity 0/15, institutions 15/15, lock-in 5/5, LM 5/5, momentum 0/5 • Lost both the pivot (₹189.5) and the 20-EMA — the two levels that defined the up-move; edge is gone • Broken base (-31.4%) — distribution, not accumulation • QIB 196x — heavy institutional sponsorship (biggest historical tails came from this group) • ₹0.1cr/day turnover ≈ 0.1% of free float changing hands daily — sleepy float • Lead manager GYR Capital Advisors Pvt.Ltd.: 57% of 49 issues above issue today, LM score 72/100"
Helloji Holidays Ltd.,SME,HELLOJI,BSE,INE1FJE01010,2025-12-09,EXIT,AVOID,25,114.95,123.9,7.8,34.4,21.27,0.0824088,-15.25,67,1.0,-2.58,,,,,,Khambatta Securities Ltd.,2026-01-06,2026-03-07,https://www.screener.in/company/544630/,https://www.tradingview.com/chart/?symbol=BSE%3A544630,0.68,39.4,69.97,,,,,,,,,,False,2026-07-14,2026-06-30,11.0,2026-07-14,1,False,,"Score 25/100 — structure 0/35, base 6/20, liquidity 0/15, institutions 11/15, lock-in 5/5, LM 3/5, momentum 0/5 • Lost both the pivot (₹123.9) and the 20-EMA — the two levels that defined the up-move; edge is gone • Base gave up -15.2% vs listing close — looser than the −10% ideal; demands a smaller position • QIB 34x — decent institutional interest • ₹0.1cr/day turnover ≈ 0.7% of free float changing hands daily — sleepy float • Lead manager Khambatta Securities Ltd.: 56% of 9 issues above issue today, LM score 58/100"
Gabion Technologies India Ltd.,SME,GTIL,BSE,INE1H1501013,2026-01-13,EXIT,AVOID,25,72.19,93.45,29.5,271.13,573.45,0.2222668,-32.02,146,2.0,-10.88,,,,,,GYR Capital Advisors Pvt.Ltd.,2026-02-07,2026-04-08,https://www.screener.in/company/544675/,https://www.tradingview.com/chart/?symbol=BSE%3A544675,0.8,96.9,73.93,,,,,,,,,,False,2026-03-30,2026-01-16,143.0,2026-07-15,4,False,,"Score 25/100 — structure 0/35, base 0/20, liquidity 0/15, institutions 15/15, lock-in 5/5, LM 5/5, momentum 0/5 • Lost both the pivot (₹93.5) and the 20-EMA — the two levels that defined the up-move; edge is gone • Broken base (-32.0%) — distribution, not accumulation • QIB 271x — heavy institutional sponsorship (biggest historical tails came from this group) • ₹0.2cr/day turnover ≈ 0.8% of free float changing hands daily — sleepy float • Lead manager GYR Capital Advisors Pvt.Ltd.: 57% of 49 issues above issue today, LM score 72/100"
Value 360 Communications Ltd.,SME,VALUE360,NSE,INE1E7Y01018,2026-05-11,EXIT,AVOID,25,76.65,82.3,7.4,17.0,1.17,0.5772846,-18.17,71,25.0,-21.79,,,,,,Horizon Management Pvt.Ltd.,,,https://www.screener.in/company/VALUE360/,https://www.tradingview.com/chart/?symbol=NSE%3AVALUE360,1.12,121.0,59.51,,,,,,,,,,False,2026-06-12,2026-07-01,35.0,2026-08-14,4,True,,"Score 25/100 — structure 0/35, base 6/20, liquidity 0/15, institutions 11/15, lock-in 5/5, LM 3/5, momentum 0/5 • Lost both the pivot (₹82.3) and the 20-EMA — the two levels that defined the up-move; edge is gone • Base gave up -18.2% vs listing close — looser than the −10% ideal; demands a smaller position • QIB 17x — decent institutional interest • ₹0.6cr/day turnover ≈ 1.1% of free float changing hands daily — healthy churn • 🔥 Volume thrust (≥5× avg) within the last 5 sessions (2026-08-14) — the institutional footprint that preceded most historical winners • Lead manager Horizon Management Pvt.Ltd.: 50% of 22 issues above issue today, LM score 52/100"
Interiors & More Ltd.,SME,INM,NSE,INE0OPC01015,2024-02-23,EXIT,AVOID,24,164.05,180.05,9.8,3.54,8.3,0.0361731818181818,-11.11,11,1.0,-27.73,,,,,,Gretex Corporate Services Ltd.,2024-03-22,2024-05-21,https://www.screener.in/company/INM/,https://www.tradingview.com/chart/?symbol=NSE%3AINM,0.05,230.0,69.47,,,,,,,,,,False,,2026-07-31,9.0,,0,False,,"Score 24/100 — structure 0/35, base 14/20, liquidity 0/15, institutions 2/15, lock-in 5/5, LM 3/5, momentum 0/5 • Lost both the pivot (₹180.1) and the 20-EMA — the two levels that defined the up-move; edge is gone • Base gave up -11.1% vs listing close — looser than the −10% ideal; demands a smaller position • QIB 4x — thin institutional book (score-penalised, not disqualifying: stops manage the risk) • ₹0.0cr/day turnover ≈ 0.1% of free float changing hands daily — sleepy float • Lead manager Gretex Corporate Services Ltd.: 41% of 22 issues above issue today, LM score 48/100 • Discount listing (-21%) — historically the worst cohort"
Quest Laboratories Ltd.,SME,QUESTLAB,NSE,INE0TNW01017,2024-05-23,EXIT,AVOID,23,86.9,159.0,83.0,57.2,61.57,0.1452948,-30.78,545,18.0,-10.41,,,,,,Shreni Shares Ltd.,2024-06-20,2024-08-19,https://www.screener.in/company/QUESTLAB/,https://www.tradingview.com/chart/?symbol=NSE%3AQUESTLAB,0.29,146.0,66.78,,,,,,,,,,False,2024-08-28,2024-06-25,522.0,2026-07-16,22,False,,"Score 23/100 — structure 0/35, base 0/20, liquidity 0/15, institutions 15/15, lock-in 5/5, LM 3/5, momentum 0/5 • Lost both the pivot (₹159.0) and the 20-EMA — the two levels that defined the up-move; edge is gone • Broken base (-30.8%) — distribution, not accumulation • QIB 57x — heavy institutional sponsorship (biggest historical tails came from this group) • ₹0.1cr/day turnover ≈ 0.3% of free float changing hands daily — sleepy float • Lead manager Shreni Shares Ltd.: 50% of 26 issues above issue today, LM score 55/100"
Rulka Electricals Ltd.,SME,RULKA,NSE,INE0R7301013,2024-05-24,EXIT,AVOID,23,104.0,551.25,430.0,204.22,469.47,0.043899075,-34.49,547,26.0,-55.74,,,,,,Beeline Capital Advisors Pvt.Ltd.,2024-06-21,2024-08-20,https://www.screener.in/company/RULKA/,https://www.tradingview.com/chart/?symbol=NSE%3ARULKA,0.24,45.8,60.05,,,,,,,,,,False,2024-10-30,2024-07-16,510.0,2026-07-13,10,False,,"Score 23/100 — structure 0/35, base 0/20, liquidity 0/15, institutions 15/15, lock-in 5/5, LM 3/5, momentum 0/5 • Lost both the pivot (₹551.2) and the 20-EMA — the two levels that defined the up-move; edge is gone • Broken base (-34.5%) — distribution, not accumulation • QIB 204x — heavy institutional sponsorship (biggest historical tails came from this group) • ₹0.0cr/day turnover ≈ 0.2% of free float changing hands daily — sleepy float • Lead manager Beeline Capital Advisors Pvt.Ltd.: 53% of 57 issues above issue today, LM score 58/100"
Manglam Infra & Engineering Ltd.,SME,MIEL,NSE,INE0R3101011,2024-07-31,EXIT,AVOID,23,12.7,111.7,779.5,163.04,275.25,0.006581,-41.81,471,1.0,-77.32,,,,,,Unistone Capital Pvt.Ltd.,2024-08-28,2024-10-27,https://www.screener.in/company/MIEL/,https://www.tradingview.com/chart/?symbol=NSE%3AMIEL,0.11,22.8,71.97,,,,,,,,,,False,2025-01-23,2024-08-01,469.0,2026-06-10,12,False,,"Score 23/100 — structure 0/35, base 0/20, liquidity 0/15, institutions 15/15, lock-in 5/5, LM 3/5, momentum 0/5 • Lost both the pivot (₹111.7) and the 20-EMA — the two levels that defined the up-move; edge is gone • Broken base (-41.8%) — distribution, not accumulation • QIB 163x — heavy institutional sponsorship (biggest historical tails came from this group) • ₹0.0cr/day turnover ≈ 0.1% of free float changing hands daily — sleepy float • Lead manager Unistone Capital Pvt.Ltd.: 56% of 25 issues above issue today, LM score 60/100"
Brandman Retail Ltd.,SME,BRANDMAN,NSE,INE0XUD01014,2026-02-11,EXIT,AVOID,23,158.7,192.15,21.1,85.24,80.1,0.5495586,-37.55,128,1.0,-9.83,,,,,,Gretex Corporate Services Ltd.,2026-03-10,2026-05-09,https://www.screener.in/company/BRANDMAN/,https://www.tradingview.com/chart/?symbol=NSE%3ABRANDMAN,0.54,314.0,69.02,,,,,,,,,,False,2026-08-19,2026-08-12,6.0,2026-08-19,1,True,,"Score 23/100 — structure 0/35, base 0/20, liquidity 0/15, institutions 15/15, lock-in 5/5, LM 3/5, momentum 0/5 • Lost both the pivot (₹192.2) and the 20-EMA — the two levels that defined the up-move; edge is gone • Broken base (-37.5%) — distribution, not accumulation • QIB 85x — heavy institutional sponsorship (biggest historical tails came from this group) • ₹0.5cr/day turnover ≈ 0.5% of free float changing hands daily — sleepy float • 🔥 Volume thrust (≥5× avg) within the last 5 sessions (2026-08-19) — the institutional footprint that preceded most historical winners • Lead manager Gretex Corporate Services Ltd.: 41% of 22 issues above issue today, LM score 48/100"
Amir Chand Jagdish Kumar (Exports) Ltd.,Mainboard,AMIRCHAND,NSE,INE05TO01019,2026-04-02,EXIT,AVOID,23,182.56,200.0,9.6,1.18,3.05,10.352741086699998,-34.99,96,81.0,-13.89,,,,,,Emkay Global Financial Services Ltd.,2026-04-28,2026-06-27,https://www.screener.in/company/AMIRCHAND/,https://www.tradingview.com/chart/?symbol=NSE%3AAMIRCHAND,,,,,,,,,,,,,False,2026-06-30,2026-08-04,12.0,2026-06-30,1,False,,"Score 23/100 — structure 0/35, base 0/20, liquidity 15/15, institutions 2/15, lock-in 5/5, LM 1/5, momentum 0/5 • Lost both the pivot (₹200.0) and the 20-EMA — the two levels that defined the up-move; edge is gone • Broken base (-35.0%) — distribution, not accumulation • QIB 1x — thin institutional book (score-penalised, not disqualifying: stops manage the risk) • Lead manager Emkay Global Financial Services Ltd.: 33% of 3 issues above issue today, LM score 33/100"
Harikanta Overseas Ltd.,SME,HARIKANTA,BSE,INE1UYW01010,2026-06-02,EXIT,AVOID,23,70.61,79.75,12.9,21.33,1.07,0.3693018,-23.95,55,4.0,-22.41,,,,,,Interactive Financial Services Ltd.,,,https://www.screener.in/company/544769/,https://www.tradingview.com/chart/?symbol=BSE%3A544769,1.62,71.5,70.66,,,,,,,,,,False,2026-06-29,2026-07-27,16.0,2026-07-27,2,False,,"Score 23/100 — structure 0/35, base 6/20, liquidity 0/15, institutions 11/15, lock-in 5/5, LM 1/5, momentum 0/5 • Lost both the pivot (₹79.8) and the 20-EMA — the two levels that defined the up-move; edge is gone • Base gave up -23.9% vs listing close — looser than the −10% ideal; demands a smaller position • QIB 21x — decent institutional interest • ₹0.4cr/day turnover ≈ 1.6% of free float changing hands daily — healthy churn • Lead manager Interactive Financial Services Ltd.: 30% of 23 issues above issue today, LM score 24/100"
Ahasolar Technologies Ltd.,SME,543941,BSE,INE0NEV01011,2023-07-21,EXIT,AVOID,22,72.5,213.15,194.0,,34.05,1.0422680210526316,-66.69,19,1.0,-53.82,,,,,,Beeline Capital Advisors Pvt.Ltd.,,,https://www.screener.in/company/543941/,https://www.tradingview.com/chart/?symbol=BSE%3A543941,2.15,24.7,36.95,,,,,,,,,,False,,2023-07-24,17.0,,0,False,,"Score 22/100 — structure 0/35, base 0/20, liquidity 6/15, institutions 8/15, lock-in 5/5, LM 3/5, momentum 0/5 • Lost both the pivot (₹213.2) and the 20-EMA — the two levels that defined the up-move; edge is gone • Broken base (-66.7%) — distribution, not accumulation • ₹1.0cr/day turnover ≈ 2.1% of free float changing hands daily — healthy churn • Lead manager Beeline Capital Advisors Pvt.Ltd.: 53% of 57 issues above issue today, LM score 58/100 • Listed +29% — the historical sweet-spot band"
Baba Food Processing (India) Ltd.,SME,BABAFP,NSE,INE0QW501012,2023-11-15,EXIT,AVOID,22,22.25,76.0,241.6,147.02,69.12,0.010672,-12.53,605,7.0,-70.72,,,,,,Horizon Management Pvt.Ltd.,,,https://www.screener.in/company/BABAFP/,https://www.tradingview.com/chart/?symbol=NSE%3ABABAFP,0.1,36.1,73.5,ASM Long-Term Stage I,,,2026-07-11,2026-10-09,"NSE ASM Long-Term list, 20-Aug-2026",100% margin on all positions. Trading otherwise normal.,3-month move now -11% (cooled); 5-session move -7%,Exit when 3-month high-low / concentration criteria no longer met on quarterly review,False,2024-12-24,2023-11-24,597.0,2026-06-16,7,False,,"Score 22/100 — structure 0/35, base 14/20, liquidity 0/15, institutions 15/15, lock-in 5/5, LM 3/5, momentum 0/5 • Lost both the pivot (₹76.0) and the 20-EMA — the two levels that defined the up-move; edge is gone • Base gave up -12.5% vs listing close — looser than the −10% ideal; demands a smaller position • QIB 147x — heavy institutional sponsorship (biggest historical tails came from this group) • ₹0.0cr/day turnover ≈ 0.1% of free float changing hands daily — sleepy float • 🚧 UNDER SURVEILLANCE: ASM Long-Term Stage I — price band capped, 100% margin, liquidity dries (historical band-lock episodes: −5.8% median over next 60 sessions, 41% win) • Lead manager Horizon Management Pvt.Ltd.: 50% of 22 issues above issue today, LM score 52/100"
Benchmark Computer Solutions Ltd.,SME,544052,BSE,INE0Q2Z01013,2023-12-21,EXIT,AVOID,22,32.72,81.0,147.6,,239.17,0.0257955,-14.57,425,4.0,-50.42,,,,,,Beeline Capital Advisors Pvt.Ltd.,,,https://www.screener.in/company/544052/,https://www.tradingview.com/chart/?symbol=BSE%3A544052,0.35,24.9,72.26,,5%,,,,,,,,False,2024-03-27,2023-12-28,420.0,2026-05-27,13,False,,"Score 22/100 — structure 0/35, base 14/20, liquidity 0/15, institutions 8/15, lock-in 5/5, LM 3/5, momentum 0/5 • Lost both the pivot (₹81.0) and the 20-EMA — the two levels that defined the up-move; edge is gone • Base gave up -14.6% vs listing close — looser than the −10% ideal; demands a smaller position • ₹0.0cr/day turnover ≈ 0.3% of free float changing hands daily — sleepy float • 🚧 Trading pinned to a 5% daily band — behaves like a surveillance cage even if not yet listed; volume typically dries −20% • Lead manager Beeline Capital Advisors Pvt.Ltd.: 53% of 57 issues above issue today, LM score 58/100"
Aspire & Innovative Advertising Ltd.,SME,ASPIRE,NSE,INE0S7801010,2024-04-03,EXIT,AVOID,22,13.25,15.1,14.0,5.21,10.82,0.0229429411764705,-13.58,17,1.0,-75.46,,,,,,Hem Securities Ltd.,2024-05-01,2024-06-30,https://www.screener.in/company/ASPIRE/,https://www.tradingview.com/chart/?symbol=NSE%3AASPIRE,0.38,21.1,72.35,,5%,,,,,,,,False,2026-08-18,2026-08-10,8.0,2026-08-18,1,True,,"Score 22/100 — structure 0/35, base 14/20, liquidity 0/15, institutions 6/15, lock-in 5/5, LM 5/5, momentum 0/5 • Lost both the pivot (₹15.1) and the 20-EMA — the two levels that defined the up-move; edge is gone • Base gave up -13.6% vs listing close — looser than the −10% ideal; demands a smaller position • QIB 5x — thin institutional book (score-penalised, not disqualifying: stops manage the risk) • ₹0.0cr/day turnover ≈ 0.4% of free float changing hands daily — sleepy float • 🔥 Volume thrust (≥5× avg) within the last 5 sessions (2026-08-18) — the institutional footprint that preceded most historical winners • 🚧 Trading pinned to a 5% daily band — behaves like a surveillance cage even if not yet listed; volume typically dries −20%"
Radiowalla Network Ltd.,SME,RADIOWALLA,NSE,INE430U01019,2024-04-05,EXIT,AVOID,22,24.55,27.7,12.8,87.96,213.63,0.0076352,-11.37,15,1.0,-67.7,,,,,,Narnolia Financial Services Ltd.,2024-05-03,2024-07-02,https://www.screener.in/company/RADIOWALLA/,https://www.tradingview.com/chart/?symbol=NSE%3ARADIOWALLA,0.07,17.7,41.54,ESM Stage II,2%,,2026-08-05 (est. from band-lock),2026-09-04,Enhanced Surveillance Measure (ESM) - Stage II (NSE list 20-Aug-2026),"Trade-to-trade, 100% margin, 2% daily band — the tightest cage (Amanta situation). Liquidity typically dries hard.",mcap ₹18cr still < ₹500cr pool boundary; 5-session move -4%,First step down to Stage I after ~1 month without triggers; full exit needs 90+ days and criteria normalisation,False,,2026-08-04,10.0,,0,False,,"Score 22/100 — structure 0/35, base 14/20, liquidity 0/15, institutions 15/15, lock-in 5/5, LM 3/5, momentum 0/5 • Lost both the pivot (₹27.7) and the 20-EMA — the two levels that defined the up-move; edge is gone • Base gave up -11.4% vs listing close — looser than the −10% ideal; demands a smaller position • QIB 88x — heavy institutional sponsorship (biggest historical tails came from this group) • ₹0.0cr/day turnover ≈ 0.1% of free float changing hands daily — sleepy float • 🚧 UNDER SURVEILLANCE: ESM Stage II — price band capped, 100% margin, liquidity dries (historical band-lock episodes: −5.8% median over next 60 sessions, 41% win) • Lead manager Narnolia Financial Services Ltd.: 47% of 30 issues above issue today, LM score 57/100"
Magenta Lifecare Ltd.,SME,MAGENTA,BSE,INE0QZ901011,2024-06-12,EXIT,AVOID,22,7.84,47.25,502.7,,1007.35,0.0081136,-22.01,223,1.0,-77.6,,,,,,Fedex Securities Pvt.Ltd.,,,https://www.screener.in/company/544188/,https://www.tradingview.com/chart/?symbol=BSE%3A544188,0.3,5.8,59.59,,,,,,,,,,False,2025-03-28,2024-06-13,221.0,2025-03-28,1,False,,"Score 22/100 — structure 0/35, base 6/20, liquidity 0/15, institutions 8/15, lock-in 5/5, LM 3/5, momentum 0/5 • Lost both the pivot (₹47.2) and the 20-EMA — the two levels that defined the up-move; edge is gone • Base gave up -22.0% vs listing close — looser than the −10% ideal; demands a smaller position • ₹0.0cr/day turnover ≈ 0.3% of free float changing hands daily — sleepy float • Lead manager Fedex Securities Pvt.Ltd.: 43% of 23 issues above issue today, LM score 54/100"
United Cotfab Ltd.,SME,COTFAB,BSE,INE0S0I01011,2024-06-24,EXIT,AVOID,22,13.23,78.75,495.2,,110.13,0.0233336,-18.1,452,11.0,-81.1,,,,,,Beeline Capital Advisors Pvt.Ltd.,,,https://www.screener.in/company/544195/,https://www.tradingview.com/chart/?symbol=BSE%3A544195,0.31,24.1,69.89,,,,,,,,,,False,2024-11-05,2024-07-09,440.0,2026-07-27,10,False,,"Score 22/100 — structure 0/35, base 6/20, liquidity 0/15, institutions 8/15, lock-in 5/5, LM 3/5, momentum 0/5 • Lost both the pivot (₹78.8) and the 20-EMA — the two levels that defined the up-move; edge is gone • Base gave up -18.1% vs listing close — looser than the −10% ideal; demands a smaller position • ₹0.0cr/day turnover ≈ 0.3% of free float changing hands daily — sleepy float • Lead manager Beeline Capital Advisors Pvt.Ltd.: 53% of 57 issues above issue today, LM score 58/100"
Flywings Simulator Training Centre Ltd.,SME,FWSTC,NSE,INE0SQZ01015,2025-12-12,EXIT,AVOID,22,190.5,204.75,7.5,1.56,1.47,0.6016677,-14.04,137,1.0,-0.26,,,,,,Sobhagya Capital Options Pvt.Ltd.,2026-01-09,2026-03-10,https://www.screener.in/company/FWSTC/,https://www.tradingview.com/chart/?symbol=NSE%3AFWSTC,0.75,196.0,59.87,,,,,,,,,,False,2026-03-17,2025-12-15,135.0,2026-07-24,10,False,,"Score 22/100 — structure 0/35, base 14/20, liquidity 0/15, institutions 2/15, lock-in 5/5, LM 1/5, momentum 0/5 • Lost both the pivot (₹204.8) and the 20-EMA — the two levels that defined the up-move; edge is gone • Base gave up -14.0% vs listing close — looser than the −10% ideal; demands a smaller position • QIB 2x — thin institutional book (score-penalised, not disqualifying: stops manage the risk) • ₹0.6cr/day turnover ≈ 0.8% of free float changing hands daily — sleepy float • Lead manager Sobhagya Capital Options Pvt.Ltd.: 11% of 9 issues above issue today, LM score 25/100"
Vahh Chemicals Ltd.,SME,VAHH,BSE,INE0H3U01013,2026-06-11,EXIT,AVOID,22,49.02,71.0,44.8,,86.65,0.063602,-21.8,45,4.0,-18.3,,,,,,Marwadi Chandarana Intermediaries Brokers Pvt.Ltd.,,,https://www.screener.in/company/544778/,https://www.tradingview.com/chart/?symbol=BSE%3A544778,0.41,43.4,64.63,,,,,,,,,,False,,2026-06-17,40.0,,0,False,,"Score 22/100 — structure 0/35, base 6/20, liquidity 0/15, institutions 8/15, lock-in 5/5, LM 3/5, momentum 0/5 • Lost both the pivot (₹71.0) and the 20-EMA — the two levels that defined the up-move; edge is gone • Base gave up -21.8% vs listing close — looser than the −10% ideal; demands a smaller position • ₹0.1cr/day turnover ≈ 0.4% of free float changing hands daily — sleepy float • Lead manager Marwadi Chandarana Intermediaries Brokers Pvt.Ltd.: 33% of 12 issues above issue today, LM score 41/100"
Indian Emulsifiers Ltd.,SME,IEML,NSE,INE0RRU01016,2024-05-22,EXIT,AVOID,21,40.6,451.5,1012.1,175.95,320.55,0.175000125,-40.09,556,1.0,-69.24,,,,,,Ekadrisht Capital Pvt.Ltd.,2024-06-16,2024-08-15,https://www.screener.in/company/IEML/,https://www.tradingview.com/chart/?symbol=NSE%3AIEML,0.34,77.6,32.64,,,,,,,,,,False,2024-08-22,2024-06-25,532.0,2026-05-29,11,False,,"Score 21/100 — structure 0/35, base 0/20, liquidity 0/15, institutions 15/15, lock-in 5/5, LM 1/5, momentum 0/5 • Lost both the pivot (₹451.5) and the 20-EMA — the two levels that defined the up-move; edge is gone • Broken base (-40.1%) — distribution, not accumulation • QIB 176x — heavy institutional sponsorship (biggest historical tails came from this group) • ₹0.2cr/day turnover ≈ 0.3% of free float changing hands daily — sleepy float"
Shree Tirupati Balajee Agro Trading Co.Ltd.,Mainboard,BALAJEE,NSE,INE0S2G01011,2024-09-12,EXIT,AVOID,21,26.77,94.5,253.0,150.87,86.7,0.08023762795,-26.88,479,1.0,-67.75,,,,,,PNB Investment Services Ltd.,2024-10-09,2024-12-08,https://www.screener.in/company/BALAJEE/,https://www.tradingview.com/chart/?symbol=NSE%3ABALAJEE,0.1,219.0,65.42,,,In ESM-eligible pool (mcap ₹219cr < ₹500cr) — sharp rallies can trigger 100% margin + 2%/5% band,,,,,,,False,2024-12-02,2024-09-13,477.0,2026-07-13,13,False,,"Score 21/100 — structure 0/35, base 0/20, liquidity 0/15, institutions 15/15, lock-in 5/5, LM 1/5, momentum 0/5 • Lost both the pivot (₹94.5) and the 20-EMA — the two levels that defined the up-move; edge is gone • Broken base (-26.9%) — distribution, not accumulation • QIB 151x — heavy institutional sponsorship (biggest historical tails came from this group) • ₹0.1cr/day turnover ≈ 0.1% of free float changing hands daily — sleepy float • ⚠ In ESM-eligible pool (mcap ₹219cr < ₹500cr) — sharp rallies can trigger 100% margin + 2%/5% band"
Mehul Telecom Ltd.,SME,MTL,BSE,INE1K0V01011,2026-04-24,EXIT,AVOID,21,87.99,113.4,28.9,32.5,31.82,0.1878589199999999,-27.78,70,1.0,-10.21,,,,,,Cumulative Capital Pvt.Ltd.,2026-05-22,2026-07-21,https://www.screener.in/company/544751/,https://www.tradingview.com/chart/?symbol=BSE%3A544751,0.62,92.0,68.74,,,,,,,,,,False,2026-07-16,2026-04-27,68.0,2026-08-05,2,False,,"Score 21/100 — structure 0/35, base 0/20, liquidity 0/15, institutions 11/15, lock-in 5/5, LM 5/5, momentum 0/5 • Lost both the pivot (₹113.4) and the 20-EMA — the two levels that defined the up-move; edge is gone • Broken base (-27.8%) — distribution, not accumulation • QIB 32x — decent institutional interest • ₹0.2cr/day turnover ≈ 0.6% of free float changing hands daily — sleepy float • Lead manager Cumulative Capital Pvt.Ltd.: 75% of 8 issues above issue today, LM score 80/100"
Shree Marutinandan Tubes Ltd.,SME,SHREE,BSE,INE0QIS01011,2024-01-19,EXIT,AVOID,20,44.83,57.0,27.1,,46.21,0.0150882142857142,-21.79,14,3.0,-68.65,,,,,,Swastika Investmart Ltd.,,,https://www.screener.in/company/544083/,https://www.tradingview.com/chart/?symbol=BSE%3A544083,0.21,16.1,58.3,,,,,,,,,,False,,2026-08-04,10.0,,0,False,,"Score 20/100 — structure 0/35, base 6/20, liquidity 0/15, institutions 8/15, lock-in 5/5, LM 1/5, momentum 0/5 • Lost both the pivot (₹57.0) and the 20-EMA — the two levels that defined the up-move; edge is gone • Base gave up -21.8% vs listing close — looser than the −10% ideal; demands a smaller position • ₹0.0cr/day turnover ≈ 0.2% of free float changing hands daily — sleepy float • Lead manager Swastika Investmart Ltd.: 17% of 12 issues above issue today, LM score 21/100 • Discount listing (-66%) — historically the worst cohort"
Teerth Gopicon Ltd.,SME,TGL,NSE,INE0K6601012,2024-04-16,EXIT,AVOID,20,16.35,20.35,24.5,,70.18,0.0307891052631578,-15.28,19,9.0,-85.27,,,,,,Interactive Financial Services Ltd.,,,https://www.screener.in/company/TGL/,https://www.tradingview.com/chart/?symbol=NSE%3ATGL,0.36,24.1,63.37,,,,,,,,,,False,,2026-08-07,9.0,,0,False,,"Score 20/100 — structure 0/35, base 6/20, liquidity 0/15, institutions 8/15, lock-in 5/5, LM 1/5, momentum 0/5 • Lost both the pivot (₹20.4) and the 20-EMA — the two levels that defined the up-move; edge is gone • Base gave up -15.3% vs listing close — looser than the −10% ideal; demands a smaller position • ₹0.0cr/day turnover ≈ 0.4% of free float changing hands daily — sleepy float • Lead manager Interactive Financial Services Ltd.: 30% of 23 issues above issue today, LM score 24/100 • Discount listing (-83%) — historically the worst cohort"
Mandeep Auto Industries Ltd.,SME,MANDEEP,NSE,INE0R3T01013,2024-05-21,EXIT,AVOID,20,17.85,65.35,266.1,,75.54,0.0270455,-24.64,414,32.0,-73.36,,,,,,Jawa Capital Services Pvt.Ltd.,,,https://www.screener.in/company/MANDEEP/,https://www.tradingview.com/chart/?symbol=NSE%3AMANDEEP,0.37,22.0,67.04,,,,,,,,,,False,2024-07-05,2024-07-05,381.0,2026-08-13,6,True,,"Score 20/100 — structure 0/35, base 6/20, liquidity 0/15, institutions 8/15, lock-in 5/5, LM 1/5, momentum 0/5 • Lost both the pivot (₹65.3) and the 20-EMA — the two levels that defined the up-move; edge is gone • Base gave up -24.6% vs listing close — looser than the −10% ideal; demands a smaller position • ₹0.0cr/day turnover ≈ 0.4% of free float changing hands daily — sleepy float • 🔥 Volume thrust (≥5× avg) within the last 5 sessions (2026-08-13) — the institutional footprint that preceded most historical winners • Lead manager Jawa Capital Services Pvt.Ltd.: 25% of 8 issues above issue today, LM score 13/100"
Mangal Compusolution Ltd.,SME,MANGALCOMP,BSE,INE0RU901015,2024-11-21,EXIT,AVOID,20,43.65,45.0,3.1,,33.87,0.16241775,-20.35,261,104.0,-3.0,,,,,,Jawa Capital Services Pvt.Ltd.,,,https://www.screener.in/company/544287/,https://www.tradingview.com/chart/?symbol=BSE%3A544287,0.88,58.5,73.5,,,,,,,,,,False,2025-03-07,2026-08-11,2.0,2026-04-28,8,False,,"Score 20/100 — structure 0/35, base 6/20, liquidity 0/15, institutions 8/15, lock-in 5/5, LM 1/5, momentum 0/5 • Lost both the pivot (₹45.0) and the 20-EMA — the two levels that defined the up-move; edge is gone • Base gave up -20.4% vs listing close — looser than the −10% ideal; demands a smaller position • ₹0.2cr/day turnover ≈ 0.9% of free float changing hands daily — healthy churn • Lead manager Jawa Capital Services Pvt.Ltd.: 25% of 8 issues above issue today, LM score 13/100"
Teja Engineering Industries Ltd.,SME,TEJA,NSE,INE0R1301019,2026-07-07,EXIT,AVOID,20,352.15,438.9,24.6,,1.06,2.03667885,-11.11,33,1.0,60.07,,,,,,Interactive Financial Services Ltd.,,,https://www.screener.in/company/TEJA/,https://www.tradingview.com/chart/?symbol=NSE%3ATEJA,1.56,278.0,67.17,ASM Long-Term Stage II,,1-month high-low variation 120% (ST-ASM secondary criterion ≥75%),2026-08-19,2026-11-17,"NSE ASM Long-Term list, 20-Aug-2026",Trade-to-trade + 100% margin. No intraday netting.,5-session move -43%,Stage-down when criteria cool; sequential exit via Stage I,False,2026-07-21,2026-07-08,31.0,2026-07-24,2,False,,"Score 20/100 — structure 0/35, base 14/20, liquidity 10/15, institutions 2/15, lock-in 5/5, LM 1/5, momentum 3/5 • Lost both the pivot (₹438.9) and the 20-EMA — the two levels that defined the up-move; edge is gone • Base gave up -11.1% vs listing close — looser than the −10% ideal; demands a smaller position • ₹2.0cr/day turnover ≈ 1.6% of free float changing hands daily — healthy churn • 🚧 UNDER SURVEILLANCE: ASM Long-Term Stage II — price band capped, 100% margin, liquidity dries (historical band-lock episodes: −5.8% median over next 60 sessions, 41% win) • ⚠ 1-month high-low variation 120% (ST-ASM secondary criterion ≥75%) • Lead manager Interactive Financial Services Ltd.: 30% of 23 issues above issue today, LM score 24/100"
Vruddhi Engineering Works Ltd.,SME,VRUDDHI,BSE,INE0OMZ01013,2024-04-03,EXIT,AVOID,19,201.6,225.0,11.6,1.05,13.88,0.0411739583333333,-15.56,12,2.0,188.0,,,,,,Fedex Securities Pvt.Ltd.,,,https://www.screener.in/company/544157/,https://www.tradingview.com/chart/?symbol=BSE%3A544157,0.27,50.2,72.05,,,,,,,,,,False,2026-08-07,2026-07-31,9.0,2026-08-07,1,True,,"Score 19/100 — structure 0/35, base 6/20, liquidity 0/15, institutions 2/15, lock-in 5/5, LM 3/5, momentum 3/5 • Lost both the pivot (₹225.0) and the 20-EMA — the two levels that defined the up-move; edge is gone • Base gave up -15.6% vs listing close — looser than the −10% ideal; demands a smaller position • QIB 1x — thin institutional book (score-penalised, not disqualifying: stops manage the risk) • ₹0.0cr/day turnover ≈ 0.3% of free float changing hands daily — sleepy float • 🔥 Volume thrust (≥5× avg) within the last 5 sessions (2026-08-07) — the institutional footprint that preceded most historical winners • Lead manager Fedex Securities Pvt.Ltd.: 43% of 23 issues above issue today, LM score 54/100"
Akme Fintrade (India) Ltd.,Mainboard,AFIL,NSE,INE916Y01027,2024-06-26,EXIT,AVOID,19,9.41,10.16,8.0,28.12,39.44,0.66962196295,-32.17,333,275.0,-92.16,,,,,,Gretex Corporate Services Ltd.,,,https://www.screener.in/company/AFIL/,https://www.tradingview.com/chart/?symbol=NSE%3AAFIL,0.26,408.0,39.02,,,In ESM-eligible pool (mcap ₹408cr < ₹500cr) — sharp rallies can trigger 100% margin + 2%/5% band,,,,,,,False,2025-05-22,2026-06-16,46.0,2026-05-21,6,False,,"Score 19/100 — structure 0/35, base 0/20, liquidity 0/15, institutions 11/15, lock-in 5/5, LM 3/5, momentum 0/5 • Lost both the pivot (₹10.2) and the 20-EMA — the two levels that defined the up-move; edge is gone • Broken base (-32.2%) — distribution, not accumulation • QIB 28x — decent institutional interest • ₹0.7cr/day turnover ≈ 0.3% of free float changing hands daily — sleepy float • ⚠ In ESM-eligible pool (mcap ₹408cr < ₹500cr) — sharp rallies can trigger 100% margin + 2%/5% band • Lead manager Gretex Corporate Services Ltd.: 41% of 22 issues above issue today, LM score 48/100"
Vdeal System Ltd.,SME,VDEAL,NSE,INE0U2M01015,2024-09-03,EXIT,AVOID,19,153.4,178.5,16.4,,70.96,0.04728075,-28.29,442,1.0,36.96,,,,,,Affinity Global Capital Market Pvt.Ltd.,,,https://www.screener.in/company/VDEAL/,https://www.tradingview.com/chart/?symbol=NSE%3AVDEAL,0.18,77.4,67.0,,,,,,,,,,False,2024-12-02,2026-06-16,41.0,2026-06-24,11,False,,"Score 19/100 — structure 0/35, base 0/20, liquidity 0/15, institutions 8/15, lock-in 5/5, LM 3/5, momentum 3/5 • Lost both the pivot (₹178.5) and the 20-EMA — the two levels that defined the up-move; edge is gone • Broken base (-28.3%) — distribution, not accumulation • ₹0.0cr/day turnover ≈ 0.2% of free float changing hands daily — sleepy float • Lead manager Affinity Global Capital Market Pvt.Ltd.: 38% of 8 issues above issue today, LM score 41/100"
Methodhub Software Ltd.,SME,METHODHUB,BSE,INE0QZR01017,2025-12-12,EXIT,AVOID,19,70.0,162.9,132.7,27.55,21.11,0.25154463,-30.63,169,5.0,-63.92,,,,,,Horizon Management Pvt.Ltd.,,,https://www.screener.in/company/544637/,https://www.tradingview.com/chart/?symbol=BSE%3A544637,0.25,127.0,26.85,,,,,,,,,,False,2026-05-27,2025-12-19,163.0,2026-05-27,1,False,,"Score 19/100 — structure 0/35, base 0/20, liquidity 0/15, institutions 11/15, lock-in 5/5, LM 3/5, momentum 0/5 • Lost both the pivot (₹162.9) and the 20-EMA — the two levels that defined the up-move; edge is gone • Broken base (-30.6%) — distribution, not accumulation • QIB 28x — decent institutional interest • ₹0.3cr/day turnover ≈ 0.2% of free float changing hands daily — sleepy float • Lead manager Horizon Management Pvt.Ltd.: 50% of 22 issues above issue today, LM score 52/100"
Sampark India Logistics Ltd.,SME,SILL,BSE,INE147701010,2026-07-07,EXIT,AVOID,19,89.0,93.45,5.0,1.55,3.81,0.2994148,-20.81,33,2.0,5.95,,,,,,Finshore Management Services Ltd.,2026-08-02,2026-10-01,https://www.screener.in/company/544810/,https://www.tradingview.com/chart/?symbol=BSE%3A544810,0.98,108.0,71.94,,,,,,,,,,False,,2026-07-31,14.0,,0,False,,"Score 19/100 — structure 0/35, base 6/20, liquidity 0/15, institutions 2/15, lock-in 5/5, LM 3/5, momentum 3/5 • Lost both the pivot (₹93.5) and the 20-EMA — the two levels that defined the up-move; edge is gone • Base gave up -20.8% vs listing close — looser than the −10% ideal; demands a smaller position • QIB 2x — thin institutional book (score-penalised, not disqualifying: stops manage the risk) • ₹0.3cr/day turnover ≈ 1.0% of free float changing hands daily — healthy churn • Lead manager Finshore Management Services Ltd.: 32% of 22 issues above issue today, LM score 45/100 • Listed +6% — the historical sweet-spot band"
Divyadhan Recycling Industries Ltd.,SME,DIVYADHAN,NSE,INE0QYI01019,2024-10-04,EXIT,AVOID,18,46.4,52.7,13.6,29.39,28.91,0.0368775,-13.47,22,1.0,-27.5,,,,,,Narnolia Financial Services Ltd.,2024-11-03,2025-01-03,https://www.screener.in/company/DIVYADHAN/,https://www.tradingview.com/chart/?symbol=NSE%3ADIVYADHAN,0.17,66.4,69.94,ESM Stage I,,,2026-07-21 (est. from band-lock),2026-10-19,Enhanced Surveillance Measure (ESM) - Stage I (NSE list 20-Aug-2026),"Trade-to-trade settlement, 100% margin, 5% daily band (2% if already there). No intraday.",mcap ₹66cr still < ₹500cr pool boundary; 5-session move -14%,"Exit when price/volatility criteria normalise on review, or mcap sustainably exceeds the ₹500cr micro-cap pool",False,,2026-07-31,9.0,,0,False,,"Score 18/100 — structure 0/35, base 14/20, liquidity 0/15, institutions 11/15, lock-in 5/5, LM 3/5, momentum 0/5 • Lost both the pivot (₹52.7) and the 20-EMA — the two levels that defined the up-move; edge is gone • Base gave up -13.5% vs listing close — looser than the −10% ideal; demands a smaller position • QIB 29x — decent institutional interest • ₹0.0cr/day turnover ≈ 0.2% of free float changing hands daily — sleepy float • 🚧 UNDER SURVEILLANCE: ESM Stage I — price band capped, 100% margin, liquidity dries (historical band-lock episodes: −5.8% median over next 60 sessions, 41% win) • Lead manager Narnolia Financial Services Ltd.: 47% of 30 issues above issue today, LM score 57/100"
Royal Sense Ltd.,SME,ROYAL,BSE,INE0QQG01019,2024-03-19,EXIT,AVOID,17,85.9,103.0,19.9,,8.43,0.0249446153846153,-17.43,13,1.0,26.32,,,,,,Expert Global Consultants Pvt.Ltd.,,,https://www.screener.in/company/544143/,https://www.tradingview.com/chart/?symbol=BSE%3A544143,0.13,48.2,62.24,,,,,,,,,,False,2026-08-11,2026-07-31,11.0,2026-08-11,1,True,,"Score 17/100 — structure 0/35, base 6/20, liquidity 0/15, institutions 2/15, lock-in 5/5, LM 1/5, momentum 3/5 • Lost both the pivot (₹103.0) and the 20-EMA — the two levels that defined the up-move; edge is gone • Base gave up -17.4% vs listing close — looser than the −10% ideal; demands a smaller position • ₹0.0cr/day turnover ≈ 0.1% of free float changing hands daily — sleepy float • 🔥 Volume thrust (≥5× avg) within the last 5 sessions (2026-08-11) — the institutional footprint that preceded most historical winners • Lead manager Expert Global Consultants Pvt.Ltd.: 28% of 18 issues above issue today, LM score 38/100 • Mega-pop (+51%) — day-1 buyers are extended; base needs extra proof"
Tolins Tyres Ltd.,Mainboard,TOLINS,NSE,INE0RWQ01014,2024-09-16,EXIT,AVOID,17,96.27,239.4,148.7,26.72,17.83,0.40017031985,-33.5,477,53.0,-57.4,,,,,,Saffron Capital Advisors Pvt.Ltd.,2024-10-12,2024-12-12,https://www.screener.in/company/TOLINS/,https://www.tradingview.com/chart/?symbol=NSE%3ATOLINS,0.32,379.0,68.53,,,In ESM-eligible pool (mcap ₹379cr < ₹500cr) — sharp rallies can trigger 100% margin + 2%/5% band,,,,,,,False,2024-11-18,2024-12-03,423.0,2026-08-13,13,True,,"Score 17/100 — structure 0/35, base 0/20, liquidity 0/15, institutions 11/15, lock-in 5/5, LM 1/5, momentum 0/5 • Lost both the pivot (₹239.4) and the 20-EMA — the two levels that defined the up-move; edge is gone • Broken base (-33.5%) — distribution, not accumulation • QIB 27x — decent institutional interest • ₹0.4cr/day turnover ≈ 0.3% of free float changing hands daily — sleepy float • 🔥 Volume thrust (≥5× avg) within the last 5 sessions (2026-08-13) — the institutional footprint that preceded most historical winners • ⚠ In ESM-eligible pool (mcap ₹379cr < ₹500cr) — sharp rallies can trigger 100% margin + 2%/5% band"
Organic Recycling Systems Ltd.,SME,ORGANICREC,BSE,INE0MIO01019,2023-10-06,EXIT,AVOID,16,164.05,234.5,42.9,,3.17,1.46895875,-30.81,18,8.0,-17.97,,,,,,Arihant Capital Markets Ltd.,,,https://www.screener.in/company/543997/,https://www.tradingview.com/chart/?symbol=BSE%3A543997,0.72,249.0,15.07,,,,,,,,,,False,,2026-08-07,9.0,,0,False,,"Score 16/100 — structure 0/35, base 0/20, liquidity 6/15, institutions 2/15, lock-in 5/5, LM 3/5, momentum 0/5 • Lost both the pivot (₹234.5) and the 20-EMA — the two levels that defined the up-move; edge is gone • Broken base (-30.8%) — distribution, not accumulation • ₹1.5cr/day turnover ≈ 0.7% of free float changing hands daily — sleepy float • Lead manager Arihant Capital Markets Ltd.: 50% of 6 issues above issue today, LM score 63/100 • Listed +16% — the historical sweet-spot band"
Hamps Bio Ltd.,SME,HAMPS,BSE,INE0QBD01018,2024-12-20,EXIT,AVOID,16,22.5,101.74,352.2,,1047.96,0.021875,-47.71,258,1.0,-55.88,,,,,,Marwadi Chandarana Intermediaries Brokers Pvt.Ltd.,,,https://www.screener.in/company/544312/,https://www.tradingview.com/chart/?symbol=BSE%3A544312,0.36,21.3,71.99,,,,,,,,,,False,2025-07-23,2024-12-23,256.0,2026-04-09,4,False,,"Score 16/100 — structure 0/35, base 0/20, liquidity 0/15, institutions 8/15, lock-in 5/5, LM 3/5, momentum 0/5 • Lost both the pivot (₹101.7) and the 20-EMA — the two levels that defined the up-move; edge is gone • Broken base (-47.7%) — distribution, not accumulation • ₹0.0cr/day turnover ≈ 0.4% of free float changing hands daily — sleepy float • Lead manager Marwadi Chandarana Intermediaries Brokers Pvt.Ltd.: 33% of 12 issues above issue today, LM score 41/100"
SSMD Agrotech India Ltd.,SME,SSMD,BSE,INE1U2R01013,2025-12-02,EXIT,AVOID,16,55.0,76.65,39.4,5.33,1.46,0.0261019,-32.16,158,1.0,-54.55,,,,,,3Dimension Capital Services Ltd.,,,https://www.screener.in/company/544621/,https://www.tradingview.com/chart/?symbol=BSE%3A544621,0.16,53.7,68.24,,,,,,,,,,False,,2025-12-03,156.0,,0,False,,"Score 16/100 — structure 0/35, base 0/20, liquidity 0/15, institutions 6/15, lock-in 5/5, LM 5/5, momentum 0/5 • Lost both the pivot (₹76.7) and the 20-EMA — the two levels that defined the up-move; edge is gone • Broken base (-32.2%) — distribution, not accumulation • QIB 5x — thin institutional book (score-penalised, not disqualifying: stops manage the risk) • ₹0.0cr/day turnover ≈ 0.2% of free float changing hands daily — sleepy float • Lead manager 3Dimension Capital Services Ltd.: 60% of 5 issues above issue today, LM score 75/100"
Diensten Tech Ltd.,SME,DTL,NSE,INE0JRD01019,2024-07-03,EXIT,AVOID,15,120.0,252.0,110.0,9.6,37.72,0.0441909,-37.32,389,1.0,20.0,,,,,,Corporate Professionals Capital Pvt.Ltd.,2024-07-31,2024-09-29,https://www.screener.in/company/DTL/,https://www.tradingview.com/chart/?symbol=NSE%3ADTL,0.15,95.8,70.85,,,,,,,,,,False,2024-09-30,2024-07-04,387.0,2026-03-04,10,False,,"Score 15/100 — structure 0/35, base 0/20, liquidity 0/15, institutions 6/15, lock-in 5/5, LM 1/5, momentum 3/5 • Lost both the pivot (₹252.0) and the 20-EMA — the two levels that defined the up-move; edge is gone • Broken base (-37.3%) — distribution, not accumulation • QIB 10x — thin institutional book (score-penalised, not disqualifying: stops manage the risk) • ₹0.0cr/day turnover ≈ 0.1% of free float changing hands daily — sleepy float"
3C IT Solutions & Telecoms (India) Ltd.,SME,3CIT,BSE,INE0R7D01018,2024-06-12,EXIT,AVOID,14,15.25,45.16,196.1,,19.73,0.0070061,-22.72,372,1.0,-70.67,,,,,,Kreo Capital Pvt.Ltd.,,,https://www.screener.in/company/544190/,https://www.tradingview.com/chart/?symbol=BSE%3A544190,0.14,9.18,51.67,,,,,,,,,,False,2024-09-05,2024-06-13,370.0,2025-09-29,7,False,,"Score 14/100 — structure 0/35, base 6/20, liquidity 0/15, institutions 2/15, lock-in 5/5, LM 1/5, momentum 0/5 • Lost both the pivot (₹45.2) and the 20-EMA — the two levels that defined the up-move; edge is gone • Base gave up -22.7% vs listing close — looser than the −10% ideal; demands a smaller position • ₹0.0cr/day turnover ≈ 0.1% of free float changing hands daily — sleepy float • Lead manager Kreo Capital Pvt.Ltd.: 0% of 3 issues above issue today, LM score 19/100"
Paramatrix Technologies Ltd.,SME,PARAMATRIX,NSE,INE0S2W01018,2024-09-04,EXIT,AVOID,14,58.5,120.8,106.5,,10.25,0.020163,-20.07,330,1.0,-46.82,,,,,,Inventure Merchant Banker Services Pvt.Ltd.,,,https://www.screener.in/company/PARAMATRIX/,https://www.tradingview.com/chart/?symbol=NSE%3APARAMATRIX,0.07,64.4,57.05,,,,,,,,,,False,2025-01-10,2024-09-05,328.0,2026-03-23,10,False,,"Score 14/100 — structure 0/35, base 6/20, liquidity 0/15, institutions 2/15, lock-in 5/5, LM 1/5, momentum 0/5 • Lost both the pivot (₹120.8) and the 20-EMA — the two levels that defined the up-move; edge is gone • Base gave up -20.1% vs listing close — looser than the −10% ideal; demands a smaller position • ₹0.0cr/day turnover ≈ 0.1% of free float changing hands daily — sleepy float • Lead manager Inventure Merchant Banker Services Pvt.Ltd.: 30% of 10 issues above issue today, LM score 22/100"
Stanbik Agro Ltd.,SME,STANBIK,BSE,INE16QA01011,2025-12-19,EXIT,AVOID,14,24.8,33.33,34.4,,1.48,0.0407664,-17.49,71,1.0,-17.33,,,,,,Grow House Wealth Management Pvt.Ltd.,,,https://www.screener.in/company/544659/,https://www.tradingview.com/chart/?symbol=BSE%3A544659,0.3,37.2,68.52,,,,,,,,,,False,2026-01-29,2026-06-25,6.0,2026-06-23,2,False,,"Score 14/100 — structure 0/35, base 6/20, liquidity 0/15, institutions 2/15, lock-in 5/5, LM 1/5, momentum 0/5 • Lost both the pivot (₹33.3) and the 20-EMA — the two levels that defined the up-move; edge is gone • Base gave up -17.5% vs listing close — looser than the −10% ideal; demands a smaller position • ₹0.0cr/day turnover ≈ 0.3% of free float changing hands daily — sleepy float"
Dachepalli Publishers Ltd.,SME,DACHEPALLI,BSE,INE1F9M01018,2025-12-30,EXIT,AVOID,14,79.0,85.65,8.4,1.29,1.7,0.15625536,-20.24,144,2.0,-22.55,,,,,,Synfinx Capital Pvt.Ltd.,2026-01-24,2026-03-25,https://www.screener.in/company/544667/,https://www.tradingview.com/chart/?symbol=BSE%3A544667,0.36,123.0,64.78,,,,,,,,,,False,2026-03-12,2026-06-25,36.0,2026-08-11,6,True,,"Score 14/100 — structure 0/35, base 6/20, liquidity 0/15, institutions 2/15, lock-in 5/5, LM 1/5, momentum 0/5 • Lost both the pivot (₹85.7) and the 20-EMA — the two levels that defined the up-move; edge is gone • Base gave up -20.2% vs listing close — looser than the −10% ideal; demands a smaller position • QIB 1x — thin institutional book (score-penalised, not disqualifying: stops manage the risk) • ₹0.2cr/day turnover ≈ 0.4% of free float changing hands daily — sleepy float • 🔥 Volume thrust (≥5× avg) within the last 5 sessions (2026-08-11) — the institutional footprint that preceded most historical winners"
PAN HR Solutions Ltd.,SME,PANHR,BSE,INE1N9E01015,2026-02-13,EXIT,AVOID,14,55.35,80.0,44.5,6.57,8.88,0.067034,-44.88,77,33.0,-29.04,,,,,,Marwadi Chandarana Intermediaries Brokers Pvt.Ltd.,2026-03-14,2026-05-14,https://www.screener.in/company/544698/,https://www.tradingview.com/chart/?symbol=BSE%3A544698,0.46,42.0,62.9,,,,,,,,,,False,2026-04-21,2026-04-21,43.0,2026-08-04,2,False,,"Score 14/100 — structure 0/35, base 0/20, liquidity 0/15, institutions 6/15, lock-in 5/5, LM 3/5, momentum 0/5 • Lost both the pivot (₹80.0) and the 20-EMA — the two levels that defined the up-move; edge is gone • Broken base (-44.9%) — distribution, not accumulation • QIB 7x — thin institutional book (score-penalised, not disqualifying: stops manage the risk) • ₹0.1cr/day turnover ≈ 0.5% of free float changing hands daily — sleepy float • Lead manager Marwadi Chandarana Intermediaries Brokers Pvt.Ltd.: 33% of 12 issues above issue today, LM score 41/100"
GP Eco Solutions India Ltd.,SME,GPECO,NSE,INE0S7E01015,2024-06-24,EXIT,AVOID,13,380.8,393.75,3.4,236.64,591.09,0.55426465,-28.89,535,1.0,305.11,,,,,,Corporate Capitalventures Pvt.Ltd.,2024-07-20,2024-09-18,https://www.screener.in/company/GPECO/,https://www.tradingview.com/chart/?symbol=NSE%3AGPECO,0.29,469.0,59.42,ESM Stage I,,,2026-07-11,2026-10-09,Enhanced Surveillance Measure (ESM) - Stage I (NSE list 20-Aug-2026),"Trade-to-trade settlement, 100% margin, 5% daily band (2% if already there). No intraday.",mcap ₹469cr still < ₹500cr pool boundary; 3-month move now +2% (cooled); 5-session move -4%,"Exit when price/volatility criteria normalise on review, or mcap sustainably exceeds the ₹500cr micro-cap pool",False,2024-10-29,2026-05-22,62.0,2026-05-29,8,False,,"Score 13/100 — structure 0/35, base 0/20, liquidity 0/15, institutions 15/15, lock-in 5/5, LM 5/5, momentum 3/5 • Lost both the pivot (₹393.8) and the 20-EMA — the two levels that defined the up-move; edge is gone • Broken base (-28.9%) — distribution, not accumulation • QIB 237x — heavy institutional sponsorship (biggest historical tails came from this group) • ₹0.6cr/day turnover ≈ 0.3% of free float changing hands daily — sleepy float • 🚧 UNDER SURVEILLANCE: ESM Stage I — price band capped, 100% margin, liquidity dries (historical band-lock episodes: −5.8% median over next 60 sessions, 41% win) • Lead manager Corporate Capitalventures Pvt.Ltd.: 73% of 11 issues above issue today, LM score 83/100"
Winny Immigration & Education Services Ltd.,SME,WINNY,NSE,INE0S9101013,2024-06-27,EXIT,AVOID,13,33.7,252.0,647.8,,148.14,0.01860475,-14.19,275,6.0,-75.93,,,,,,Interactive Financial Services Ltd.,,,https://www.screener.in/company/WINNY/,https://www.tradingview.com/chart/?symbol=NSE%3AWINNY,0.55,6.97,58.51,GSM 0,5%,,2026-03-13 (est. from band-lock),2026-06-11,Shortlisted under Graded Surveillance Measure (NSE GSM list 20-Aug-2026 08:07:01),"Fundamentals-vs-price mismatch framework: T2T, 100% margin; higher stages add buyer-pays Additional Surveillance Deposit, trading once-a-week, up to near-freeze.",3-month move now -57% (cooled); 5-session move -0%,Exit needs improved fundamentals relative to price (PE/book/net-worth tests) on quarterly review,False,2024-10-22,2025-04-02,140.0,2026-07-17,11,False,,"Score 13/100 — structure 0/35, base 14/20, liquidity 0/15, institutions 8/15, lock-in 5/5, LM 1/5, momentum 0/5 • Lost both the pivot (₹252.0) and the 20-EMA — the two levels that defined the up-move; edge is gone • Base gave up -14.2% vs listing close — looser than the −10% ideal; demands a smaller position • ₹0.0cr/day turnover ≈ 0.6% of free float changing hands daily — sleepy float • 🚧 UNDER SURVEILLANCE: GSM 0 — price band capped, 100% margin, liquidity dries (historical band-lock episodes: −5.8% median over next 60 sessions, 41% win) • Lead manager Interactive Financial Services Ltd.: 30% of 23 issues above issue today, LM score 24/100"
Jeyyam Global Foods Ltd.,SME,JEYYAM,NSE,INE0RXB01022,2024-09-09,EXIT,AVOID,12,22.9,64.05,179.7,54.62,75.18,0.386476,-18.81,479,14.0,-62.46,,,,,,Corpwis Advisors Pvt.Ltd.,2024-10-05,2024-12-04,https://www.screener.in/company/JEYYAM/,https://www.tradingview.com/chart/?symbol=NSE%3AJEYYAM,0.99,109.0,65.53,ESM Stage I,,,2026-07-11,2026-10-09,Enhanced Surveillance Measure (ESM) - Stage I (NSE list 20-Aug-2026),"Trade-to-trade settlement, 100% margin, 5% daily band (2% if already there). No intraday.",mcap ₹109cr still < ₹500cr pool boundary; 3-month move now -28% (cooled); 5-session move -8%,"Exit when price/volatility criteria normalise on review, or mcap sustainably exceeds the ₹500cr micro-cap pool",False,2024-12-05,2025-12-15,164.0,2026-08-17,15,True,,"Score 12/100 — structure 0/35, base 6/20, liquidity 0/15, institutions 15/15, lock-in 5/5, LM 1/5, momentum 0/5 • Lost both the pivot (₹64.0) and the 20-EMA — the two levels that defined the up-move; edge is gone • Base gave up -18.8% vs listing close — looser than the −10% ideal; demands a smaller position • QIB 55x — heavy institutional sponsorship (biggest historical tails came from this group) • ₹0.4cr/day turnover ≈ 1.0% of free float changing hands daily — healthy churn • 🔥 Volume thrust (≥5× avg) within the last 5 sessions (2026-08-17) — the institutional footprint that preceded most historical winners • 🚧 UNDER SURVEILLANCE: ESM Stage I — price band capped, 100% margin, liquidity dries (historical band-lock episodes: −5.8% median over next 60 sessions, 41% win)"
Kasturi Metal Composite Ltd.,SME,KASTURI,BSE,INE0T1301023,2026-02-03,EXIT,AVOID,12,52.75,64.5,22.3,4.0,12.92,0.1420178,-30.02,101,1.0,-17.58,,,,,,Hem Securities Ltd.,2026-02-28,2026-04-29,https://www.screener.in/company/544688/,https://www.tradingview.com/chart/?symbol=BSE%3A544688,0.75,57.8,67.9,,,,,,,,,,False,2026-04-09,2026-03-11,77.0,2026-07-31,4,False,,"Score 12/100 — structure 0/35, base 0/20, liquidity 0/15, institutions 2/15, lock-in 5/5, LM 5/5, momentum 0/5 • Lost both the pivot (₹64.5) and the 20-EMA — the two levels that defined the up-move; edge is gone • Broken base (-30.0%) — distribution, not accumulation • QIB 4x — thin institutional book (score-penalised, not disqualifying: stops manage the risk) • ₹0.1cr/day turnover ≈ 0.8% of free float changing hands daily — sleepy float • Lead manager Hem Securities Ltd.: 62% of 68 issues above issue today, LM score 72/100"
Kahan Packaging Ltd.,SME,KAHAN,BSE,INE04T901017,2023-09-15,EXIT,AVOID,10,19.5,61.92,217.5,,713.73,0.0834882133333333,-68.51,15,7.0,-75.62,,,,,,Hem Securities Ltd.,,,https://www.screener.in/company/543979/,https://www.tradingview.com/chart/?symbol=BSE%3A543979,1.72,19.3,73.49,,5%,,,,,,,,False,2026-08-19,2026-08-06,7.0,2026-08-19,1,True,,"Score 10/100 — structure 0/35, base 0/20, liquidity 0/15, institutions 8/15, lock-in 5/5, LM 5/5, momentum 0/5 • Lost both the pivot (₹61.9) and the 20-EMA — the two levels that defined the up-move; edge is gone • Broken base (-68.5%) — distribution, not accumulation • ₹0.1cr/day turnover ≈ 1.7% of free float changing hands daily — healthy churn • 🔥 Volume thrust (≥5× avg) within the last 5 sessions (2026-08-19) — the institutional footprint that preceded most historical winners • 🚧 Trading pinned to a 5% daily band — behaves like a surveillance cage even if not yet listed; volume typically dries −20% • Lead manager Hem Securities Ltd.: 62% of 68 issues above issue today, LM score 72/100"
Medicamen Organics Ltd.,SME,MEDIORG,NSE,INE0PE401018,2024-06-28,EXIT,AVOID,10,24.3,144.7,495.5,173.03,688.51,0.0324495,-55.63,475,1.0,-28.53,,,,,,GYR Capital Advisors Pvt.Ltd.,2024-07-26,2024-09-24,https://www.screener.in/company/MEDIORG/,https://www.tradingview.com/chart/?symbol=NSE%3AMEDIORG,0.23,29.6,54.89,ASM Long-Term Stage I,5%,,2026-07-17 (est. from band-lock),2026-10-15,"NSE ASM Long-Term list, 20-Aug-2026",100% margin on all positions. Trading otherwise normal.,3-month move now -16% (cooled); 5-session move +5%,Exit when 3-month high-low / concentration criteria no longer met on quarterly review,False,2025-01-13,2024-07-01,473.0,2026-06-01,7,False,,"Score 10/100 — structure 0/35, base 0/20, liquidity 0/15, institutions 15/15, lock-in 5/5, LM 5/5, momentum 0/5 • Lost both the pivot (₹144.7) and the 20-EMA — the two levels that defined the up-move; edge is gone • Broken base (-55.6%) — distribution, not accumulation • QIB 173x — heavy institutional sponsorship (biggest historical tails came from this group) • ₹0.0cr/day turnover ≈ 0.2% of free float changing hands daily — sleepy float • 🚧 UNDER SURVEILLANCE: ASM Long-Term Stage I — price band capped, 100% margin, liquidity dries (historical band-lock episodes: −5.8% median over next 60 sessions, 41% win) • Lead manager GYR Capital Advisors Pvt.Ltd.: 57% of 49 issues above issue today, LM score 72/100"
Owais Metal & Mineral Processing Ltd.,SME,OWAIS,NSE,INE0R8M01017,2024-03-04,EXIT,AVOID,8,64.35,99.45,54.5,92.06,158.8,0.1945803125,-33.66,16,2.0,-26.03,,,,,,Gretex Corporate Services Ltd.,2024-03-30,2024-05-29,https://www.screener.in/company/OWAIS/,https://www.tradingview.com/chart/?symbol=NSE%3AOWAIS,0.45,123.0,72.16,ESM Stage I,5%,,2026-08-07 (est. from band-lock),2026-11-05,Enhanced Surveillance Measure (ESM) - Stage I (NSE list 20-Aug-2026),"Trade-to-trade settlement, 100% margin, 5% daily band (2% if already there). No intraday.",mcap ₹123cr still < ₹500cr pool boundary; 5-session move -22%,"Exit when price/volatility criteria normalise on review, or mcap sustainably exceeds the ₹500cr micro-cap pool",False,,2026-08-03,13.0,,0,False,,"Score 8/100 — structure 0/35, base 0/20, liquidity 0/15, institutions 15/15, lock-in 5/5, LM 3/5, momentum 0/5 • Lost both the pivot (₹99.5) and the 20-EMA — the two levels that defined the up-move; edge is gone • Broken base (-33.7%) — distribution, not accumulation • QIB 92x — heavy institutional sponsorship (biggest historical tails came from this group) • ₹0.2cr/day turnover ≈ 0.5% of free float changing hands daily — sleepy float • 🚧 UNDER SURVEILLANCE: ESM Stage I — price band capped, 100% margin, liquidity dries (historical band-lock episodes: −5.8% median over next 60 sessions, 41% win) • Lead manager Gretex Corporate Services Ltd.: 41% of 22 issues above issue today, LM score 48/100"
Finelistings Technologies Ltd.,SME,FTL,BSE,INE0QOQ01013,2024-05-14,EXIT,AVOID,8,11.55,133.35,1054.5,,38.23,0.00612255,-60.65,437,1.0,-90.61,,,,,,Fedex Securities Pvt.Ltd.,,,https://www.screener.in/company/544173/,https://www.tradingview.com/chart/?symbol=BSE%3A544173,0.28,4.2,49.98,,5%,,,,,,,,False,2024-08-08,2024-05-15,435.0,2026-03-27,5,False,,"Score 8/100 — structure 0/35, base 0/20, liquidity 0/15, institutions 8/15, lock-in 5/5, LM 3/5, momentum 0/5 • Lost both the pivot (₹133.3) and the 20-EMA — the two levels that defined the up-move; edge is gone • Broken base (-60.6%) — distribution, not accumulation • ₹0.0cr/day turnover ≈ 0.3% of free float changing hands daily — sleepy float • 🚧 Trading pinned to a 5% daily band — behaves like a surveillance cage even if not yet listed; volume typically dries −20% • Lead manager Fedex Securities Pvt.Ltd.: 43% of 23 issues above issue today, LM score 54/100"
Dhariwalcorp Ltd.,SME,DHARIWAL,NSE,INE0YRN01025,2024-08-08,EXIT,AVOID,8,17.95,78.7,338.4,76.93,125.81,0.75312975,-55.53,131,14.0,-83.07,,,,,,Shreni Shares Ltd.,2024-09-05,2024-11-04,https://www.screener.in/company/DHARIWAL/,https://www.tradingview.com/chart/?symbol=NSE%3ADHARIWAL,1.01,171.0,63.65,ASM Short-Term Stage I,,1-month high-low variation 92% (ST-ASM secondary criterion ≥75%),2026-08-07,2026-08-14,"NSE ASM Short-Term list, 20-Aug-2026",50–100% additional margin for a SHORT window.,3-month move now -46% (cooled); 5-session move -11%,Auto-exit after the 5- or 15-day window unless re-triggered (e.g. another +25%/5-session burst),False,2026-02-25,2026-02-26,116.0,2026-08-06,7,False,,"Score 8/100 — structure 0/35, base 0/20, liquidity 0/15, institutions 15/15, lock-in 5/5, LM 3/5, momentum 0/5 • Lost both the pivot (₹78.7) and the 20-EMA — the two levels that defined the up-move; edge is gone • Broken base (-55.5%) — distribution, not accumulation • QIB 77x — heavy institutional sponsorship (biggest historical tails came from this group) • ₹0.8cr/day turnover ≈ 1.0% of free float changing hands daily — healthy churn • 🚧 UNDER SURVEILLANCE: ASM Short-Term Stage I — price band capped, 100% margin, liquidity dries (historical band-lock episodes: −5.8% median over next 60 sessions, 41% win) • ⚠ 1-month high-low variation 92% (ST-ASM secondary criterion ≥75%)"
Solve Plastic Products Ltd.,SME,BALCO,NSE,INE0U0201016,2024-08-21,EXIT,AVOID,8,18.85,107.1,468.2,,33.86,0.0045879,-49.53,362,1.0,-79.29,,,,,,Finshore Management Services Ltd.,,,https://www.screener.in/company/BALCO/,https://www.tradingview.com/chart/?symbol=NSE%3ABALCO,0.15,7.86,63.35,,5%,,,,,,,,False,2025-02-17,2024-08-22,360.0,2026-02-27,6,False,,"Score 8/100 — structure 0/35, base 0/20, liquidity 0/15, institutions 8/15, lock-in 5/5, LM 3/5, momentum 0/5 • Lost both the pivot (₹107.1) and the 20-EMA — the two levels that defined the up-move; edge is gone • Broken base (-49.5%) — distribution, not accumulation • ₹0.0cr/day turnover ≈ 0.1% of free float changing hands daily — sleepy float • 🚧 Trading pinned to a 5% daily band — behaves like a surveillance cage even if not yet listed; volume typically dries −20% • Lead manager Finshore Management Services Ltd.: 32% of 22 issues above issue today, LM score 45/100"
Resourceful Automobile Ltd.,SME,RAL,BSE,INE0SK201011,2024-08-29,EXIT,AVOID,6,37.69,122.85,225.9,,417.13,0.01288176,-52.78,276,1.0,-67.79,,,,,,Swastika Investmart Ltd.,,,https://www.screener.in/company/544236/,https://www.tradingview.com/chart/?symbol=BSE%3A544236,0.25,10.0,61.41,,5%,,,,,,,,False,2025-03-19,2024-08-30,274.0,2026-02-02,4,False,,"Score 6/100 — structure 0/35, base 0/20, liquidity 0/15, institutions 8/15, lock-in 5/5, LM 1/5, momentum 0/5 • Lost both the pivot (₹122.8) and the 20-EMA — the two levels that defined the up-move; edge is gone • Broken base (-52.8%) — distribution, not accumulation • ₹0.0cr/day turnover ≈ 0.2% of free float changing hands daily — sleepy float • 🚧 Trading pinned to a 5% daily band — behaves like a surveillance cage even if not yet listed; volume typically dries −20% • Lead manager Swastika Investmart Ltd.: 17% of 12 issues above issue today, LM score 21/100"
Baweja Studios Ltd.,SME,BAWEJA,NSE,INE0JFJ01011,2024-02-06,EXIT,AVOID,1,23.2,27.05,16.6,2.17,2.45,0.0399112,-18.11,15,1.0,-87.11,,,,,,Fedex Securities Pvt.Ltd.,2024-03-03,2024-05-02,https://www.screener.in/company/BAWEJA/,https://www.tradingview.com/chart/?symbol=NSE%3ABAWEJA,0.29,43.3,70.69,ESM Stage I,,,2026-07-11,2026-10-09,Enhanced Surveillance Measure (ESM) - Stage I (NSE list 20-Aug-2026),"Trade-to-trade settlement, 100% margin, 5% daily band (2% if already there). No intraday.",mcap ₹43cr still < ₹500cr pool boundary; 5-session move -5%,"Exit when price/volatility criteria normalise on review, or mcap sustainably exceeds the ₹500cr micro-cap pool",False,,2026-07-31,13.0,,0,False,,"Score 1/100 — structure 0/35, base 6/20, liquidity 0/15, institutions 2/15, lock-in 5/5, LM 3/5, momentum 0/5 • Lost both the pivot (₹27.1) and the 20-EMA — the two levels that defined the up-move; edge is gone • Base gave up -18.1% vs listing close — looser than the −10% ideal; demands a smaller position • QIB 2x — thin institutional book (score-penalised, not disqualifying: stops manage the risk) • ₹0.0cr/day turnover ≈ 0.3% of free float changing hands daily — sleepy float • 🚧 UNDER SURVEILLANCE: ESM Stage I — price band capped, 100% margin, liquidity dries (historical band-lock episodes: −5.8% median over next 60 sessions, 41% win) • Lead manager Fedex Securities Pvt.Ltd.: 43% of 23 issues above issue today, LM score 54/100"
Yashhtej Industries (India) Ltd.,SME,YASHHTEJ,BSE,INE1O6P01016,2026-02-25,EXIT,AVOID,0,53.98,88.0,63.0,,1.35,0.08713674,-58.44,119,32.0,-50.93,,,,,,ERUDORE CAPITAL PRIVATE LIMITED,,,https://www.screener.in/company/544708/,https://www.tradingview.com/chart/?symbol=BSE%3A544708,0.18,120.0,64.99,,5%,,,,,,,,False,2026-03-13,2026-04-17,86.0,2026-03-27,3,False,,"Score 0/100 — structure 0/35, base 0/20, liquidity 0/15, institutions 2/15, lock-in 5/5, LM 1/5, momentum 0/5 • Lost both the pivot (₹88.0) and the 20-EMA — the two levels that defined the up-move; edge is gone • Broken base (-58.4%) — distribution, not accumulation • ₹0.1cr/day turnover ≈ 0.2% of free float changing hands daily — sleepy float • 🚧 Trading pinned to a 5% daily band — behaves like a surveillance cage even if not yet listed; volume typically dries −20%"
LG Electronics India Ltd.,Mainboard,LGEINDIA,NSE,INE324D01010,2025-10-14,AVOID,AVOID,61,1632.8,1749.0,7.1,166.51,38.03,155.350525769,-6.44,210,,43.23,,,,,,Morgan Stanley India Co.Pvt.Ltd.,2025-11-10,2026-01-07,https://www.screener.in/company/LGEINDIA/,https://www.tradingview.com/chart/?symbol=NSE%3ALGEINDIA,0.92,111621.0,85.0,,,,,,,,,,False,2026-01-08,,,2026-08-14,4,True,,"Score 61/100 — structure 0/35, base 20/20, liquidity 15/15, institutions 15/15, lock-in 5/5, LM 1/5, momentum 5/5 • Never reclaimed the listing-day high in 210 sessions — this cohort's median outcome is deeply negative • Tight base — held within 6.4% of listing close (the −10% cutoff was the grid-search optimum) • QIB 167x — heavy institutional sponsorship (biggest historical tails came from this group) • ₹155.4cr/day turnover ≈ 0.9% of free float changing hands daily — healthy churn • 🔥 Volume thrust (≥5× avg) within the last 5 sessions (2026-08-14) — the institutional footprint that preceded most historical winners"
Tata Technologies Ltd.,Mainboard,TATATECH,NSE,INE142M01025,2023-11-30,AVOID,AVOID,59,823.95,1400.0,69.9,203.41,51.18,194.10393273375004,-12.33,671,,64.79,,,,,,JM Financial Ltd.,2023-12-28,2024-02-26,https://www.screener.in/company/TATATECH/,https://www.tradingview.com/chart/?symbol=NSE%3ATATATECH,1.29,35249.0,55.17,,,,,,,,,,False,2024-04-02,,,2026-08-07,11,False,,"Score 59/100 — structure 0/35, base 14/20, liquidity 15/15, institutions 15/15, lock-in 5/5, LM 5/5, momentum 5/5 • Never reclaimed the listing-day high in 671 sessions — this cohort's median outcome is deeply negative • Base gave up -12.3% vs listing close — looser than the −10% ideal; demands a smaller position • QIB 203x — heavy institutional sponsorship (biggest historical tails came from this group) • ₹194.1cr/day turnover ≈ 1.3% of free float changing hands daily — healthy churn • Lead manager JM Financial Ltd.: 69% of 26 issues above issue today, LM score 71/100"
P N Gadgil Jewellers Ltd.,Mainboard,PNGJL,NSE,INE953R01016,2024-09-17,AVOID,AVOID,55,609.45,848.0,39.1,136.85,44.13,49.8727299945,-14.14,476,,26.97,,,,,,Motilal Oswal Investment Advisors Ltd.,2024-10-13,2024-12-12,https://www.screener.in/company/PNGJL/,https://www.tradingview.com/chart/?symbol=NSE%3APNGJL,2.2,9009.0,76.62,,,,,,,,,,False,2024-12-09,,,2026-07-27,9,False,,"Score 55/100 — structure 0/35, base 14/20, liquidity 15/15, institutions 15/15, lock-in 5/5, LM 3/5, momentum 3/5 • Never reclaimed the listing-day high in 476 sessions — this cohort's median outcome is deeply negative • Base gave up -14.1% vs listing close — looser than the −10% ideal; demands a smaller position • QIB 137x — heavy institutional sponsorship (biggest historical tails came from this group) • ₹49.9cr/day turnover ≈ 2.2% of free float changing hands daily — healthy churn • Lead manager Motilal Oswal Investment Advisors Ltd.: 56% of 9 issues above issue today, LM score 56/100"
CMR Green Technologies Ltd.,Mainboard,CMRGREEN,NSE,INE00WV01027,2026-06-10,AVOID,AVOID,55,213.75,268.96,25.8,270.46,88.69,18.822753367,-11.57,51,,11.33,,,,,,Equirus Capital Ltd.,2026-07-07,2026-09-05,https://www.screener.in/company/CMRGREEN/,https://www.tradingview.com/chart/?symbol=NSE%3ACMRGREEN,2.44,4665.0,84.0,,,,,,,,,,False,,,,,0,False,,"Score 55/100 — structure 0/35, base 14/20, liquidity 15/15, institutions 15/15, lock-in 5/5, LM 3/5, momentum 3/5 • Never reclaimed the listing-day high in 51 sessions — this cohort's median outcome is deeply negative • Base gave up -11.6% vs listing close — looser than the −10% ideal; demands a smaller position • QIB 270x — heavy institutional sponsorship (biggest historical tails came from this group) • ₹18.8cr/day turnover ≈ 2.4% of free float changing hands daily — healthy churn • Lead manager Equirus Capital Ltd.: 44% of 9 issues above issue today, LM score 50/100"
Ceigall India Ltd.,Mainboard,CEIGALL,NSE,INE0AG901020,2024-08-08,AVOID,AVOID,54,312.8,424.8,35.8,31.26,10.14,10.95687625225,-4.87,503,,-22.0,,,,,,ICICI Securities Ltd.,2024-09-04,2024-11-03,https://www.screener.in/company/CEIGALL/,https://www.tradingview.com/chart/?symbol=NSE%3ACEIGALL,1.08,5548.0,82.05,,,,,,,,,,False,2025-06-10,,,2026-05-07,9,False,,"Score 54/100 — structure 0/35, base 20/20, liquidity 15/15, institutions 11/15, lock-in 5/5, LM 3/5, momentum 0/5 • Never reclaimed the listing-day high in 503 sessions — this cohort's median outcome is deeply negative • Tight base — held within 4.9% of listing close (the −10% cutoff was the grid-search optimum) • QIB 31x — decent institutional interest • ₹11.0cr/day turnover ≈ 1.1% of free float changing hands daily — healthy churn • Lead manager ICICI Securities Ltd.: 63% of 38 issues above issue today, LM score 64/100"
Vikram Solar Ltd.,Mainboard,VIKRAMSOLR,NSE,INE078V01014,2025-08-26,AVOID,AVOID,54,171.99,381.65,121.9,145.1,39.73,122.93933429875004,-12.32,243,,-48.2,,,,,,JM Financial Ltd.,2025-09-20,2025-11-19,https://www.screener.in/company/VIKRAMSOLR/,https://www.tradingview.com/chart/?symbol=NSE%3AVIKRAMSOLR,5.22,6177.0,63.01,,,,,,,,,,False,2026-01-21,,,2026-08-17,6,True,,"Score 54/100 — structure 0/35, base 14/20, liquidity 15/15, institutions 15/15, lock-in 5/5, LM 5/5, momentum 0/5 • Never reclaimed the listing-day high in 243 sessions — this cohort's median outcome is deeply negative • Base gave up -12.3% vs listing close — looser than the −10% ideal; demands a smaller position • QIB 145x — heavy institutional sponsorship (biggest historical tails came from this group) • ₹122.9cr/day turnover ≈ 5.2% of free float changing hands daily — crowded/manipulable, careful • 🔥 Volume thrust (≥5× avg) within the last 5 sessions (2026-08-17) — the institutional footprint that preceded most historical winners • Lead manager JM Financial Ltd.: 69% of 26 issues above issue today, LM score 71/100"
ideaForge Technology Ltd.,Mainboard,IDEAFORGE,NSE,INE349Y01013,2023-07-07,AVOID,AVOID,53,806.6,1343.95,66.6,125.81,58.23,2382011.2299323394,-39.77,24,,20.03,,,,,,JM Financial Ltd.,2023-08-04,2023-10-03,https://www.screener.in/company/IDEAFORGE/,https://www.tradingview.com/chart/?symbol=NSE%3AIDEAFORGE,0.84,4009.0,25.26,,,,,,,,,,False,,,,,0,False,,"Score 53/100 — structure 10/35, base 0/20, liquidity 15/15, institutions 15/15, lock-in 5/5, LM 5/5, momentum 3/5 • Broken base (-39.8%) — distribution, not accumulation • QIB 126x — heavy institutional sponsorship (biggest historical tails came from this group) • ₹2382011.2cr/day turnover ≈ 0.8% of free float changing hands daily — healthy churn • Lead manager JM Financial Ltd.: 69% of 26 issues above issue today, LM score 71/100 • Mega-pop (+93%) — day-1 buyers are extended; base needs extra proof"
Solarworld Energy Solutions Ltd.,Mainboard,SOLARWORLD,NSE,INE0TY101024,2025-09-30,AVOID,AVOID,52,149.82,388.5,159.3,74.24,37.97,6.8092912161,-14.51,219,,-57.32,,,,,,Nuvama Wealth Management Ltd.,2025-10-25,2025-12-24,https://www.screener.in/company/SOLARWORLD/,https://www.tradingview.com/chart/?symbol=NSE%3ASOLARWORLD,1.37,1333.0,65.77,,,,,,,,,,False,2025-10-29,,,2026-08-04,9,False,,"Score 52/100 — structure 0/35, base 14/20, liquidity 15/15, institutions 15/15, lock-in 5/5, LM 3/5, momentum 0/5 • Never reclaimed the listing-day high in 219 sessions — this cohort's median outcome is deeply negative • Base gave up -14.5% vs listing close — looser than the −10% ideal; demands a smaller position • QIB 74x — heavy institutional sponsorship (biggest historical tails came from this group) • ₹6.8cr/day turnover ≈ 1.4% of free float changing hands daily — healthy churn • Lead manager Nuvama Wealth Management Ltd.: 50% of 10 issues above issue today, LM score 45/100"
Mobilise App Lab Ltd.,SME,MOBILISE,NSE,INE1YNB01019,2026-03-02,AVOID,AVOID,52,105.25,67.3,-36.1,49.16,70.29,0.121828,-33.14,104,24.0,31.56,,,,,,Corporate Capitalventures Pvt.Ltd.,2026-03-28,2026-05-27,https://www.screener.in/company/MOBILISE/,https://www.tradingview.com/chart/?symbol=NSE%3AMOBILISE,0.4,101.0,70.68,,,,,,,,,,False,2026-04-16,2026-04-09,79.0,2026-04-16,1,False,,"Score 52/100 — structure 28/35, base 0/20, liquidity 0/15, institutions 11/15, lock-in 5/5, LM 5/5, momentum 3/5 • Reclaimed the pivot on session 24 and holds above — trend intact; manage, don't add • Broken base (-33.1%) — distribution, not accumulation • QIB 49x — decent institutional interest • ₹0.1cr/day turnover ≈ 0.4% of free float changing hands daily — sleepy float • Lead manager Corporate Capitalventures Pvt.Ltd.: 73% of 11 issues above issue today, LM score 83/100"
Motisons Jewellers Ltd.,Mainboard,MOTISONS,NSE,INE0FRK01020,2023-12-26,AVOID,AVOID,49,16.59,32.25,94.4,135.01,213.54,94.50546818125,-20.59,439,,-69.84,,,,,,Holani Consultants Pvt.Ltd.,2024-01-20,2024-03-20,https://www.screener.in/company/MOTISONS/,https://www.tradingview.com/chart/?symbol=NSE%3AMOTISONS,12.34,1901.0,57.12,,,,,,,,,,False,2025-01-02,,,2026-08-14,16,True,,"Score 49/100 — structure 0/35, base 6/20, liquidity 15/15, institutions 15/15, lock-in 5/5, LM 5/5, momentum 3/5 • Never reclaimed the listing-day high in 439 sessions — this cohort's median outcome is deeply negative • Base gave up -20.6% vs listing close — looser than the −10% ideal; demands a smaller position • QIB 135x — heavy institutional sponsorship (biggest historical tails came from this group) • ₹94.5cr/day turnover ≈ 12.3% of free float changing hands daily — crowded/manipulable, careful • 🔥 Volume thrust (≥5× avg) within the last 5 sessions (2026-08-14) — the institutional footprint that preceded most historical winners • Lead manager Holani Consultants Pvt.Ltd.: 64% of 11 issues above issue today, LM score 75/100"
Shri Techtex Ltd.,SME,SHRITECH,NSE,INE0OMF01015,2023-08-04,AVOID,AVOID,48,56.7,85.2,50.3,58.03,103.0,269484.7751436364,-33.45,11,,-7.05,,,,,,Beeline Capital Advisors Pvt.Ltd.,2023-09-01,2023-10-31,https://www.screener.in/company/SHRITECH/,https://www.tradingview.com/chart/?symbol=NSE%3ASHRITECH,4.51,154.0,70.34,,,,,,,,,,False,,,,,0,False,,"Score 48/100 — structure 10/35, base 0/20, liquidity 15/15, institutions 15/15, lock-in 5/5, LM 3/5, momentum 0/5 • Broken base (-33.5%) — distribution, not accumulation • QIB 58x — heavy institutional sponsorship (biggest historical tails came from this group) • ₹269484.8cr/day turnover ≈ 4.5% of free float changing hands daily — crowded/manipulable, careful • Lead manager Beeline Capital Advisors Pvt.Ltd.: 53% of 57 issues above issue today, LM score 58/100 • Listed +33% — the historical sweet-spot band"
Muthoot Microfin Ltd.,Mainboard,MUTHOOTMF,NSE,INE046W01019,2023-12-26,AVOID,AVOID,48,213.21,281.0,31.8,18.35,8.68,17.0887541826,-14.54,654,,-26.73,,,,,,ICICI Securities Ltd.,2024-01-20,2024-03-20,https://www.screener.in/company/MUTHOOTMF/,https://www.tradingview.com/chart/?symbol=NSE%3AMUTHOOTMF,0.99,3544.0,55.47,,,,,,,,,,False,2024-01-30,,,2026-07-10,14,False,,"Score 48/100 — structure 0/35, base 14/20, liquidity 15/15, institutions 11/15, lock-in 5/5, LM 3/5, momentum 0/5 • Never reclaimed the listing-day high in 654 sessions — this cohort's median outcome is deeply negative • Base gave up -14.5% vs listing close — looser than the −10% ideal; demands a smaller position • QIB 18x — decent institutional interest • ₹17.1cr/day turnover ≈ 1.0% of free float changing hands daily — healthy churn • Lead manager ICICI Securities Ltd.: 63% of 38 issues above issue today, LM score 64/100"
Unicommerce eSolutions Ltd.,Mainboard,UNIECOM,NSE,INE00U401027,2024-08-13,AVOID,AVOID,48,88.64,255.99,188.8,138.75,93.66,4.236624845650001,-10.94,500,,-17.93,,,,,,IIFL Capital Services Ltd.,2024-09-07,2024-11-06,https://www.screener.in/company/UNIECOM/,https://www.tradingview.com/chart/?symbol=NSE%3AUNIECOM,0.67,967.0,36.01,,,,,,,,,,False,2025-05-06,,,2026-08-12,9,False,,"Score 48/100 — structure 0/35, base 14/20, liquidity 10/15, institutions 15/15, lock-in 5/5, LM 1/5, momentum 3/5 • Never reclaimed the listing-day high in 500 sessions — this cohort's median outcome is deeply negative • Base gave up -10.9% vs listing close — looser than the −10% ideal; demands a smaller position • QIB 139x — heavy institutional sponsorship (biggest historical tails came from this group) • ₹4.2cr/day turnover ≈ 0.7% of free float changing hands daily — sleepy float • Lead manager IIFL Capital Services Ltd.: 30% of 10 issues above issue today, LM score 34/100"
Studds Accessories Ltd.,Mainboard,STUDDS,NSE,INE00Q601028,2025-11-07,AVOID,AVOID,48,448.0,585.0,30.6,159.99,51.31,2.669957122,-10.23,194,,-23.42,,,,,,IIFL Capital Services Ltd.,2025-12-04,2026-02-02,https://www.screener.in/company/STUDDS/,https://www.tradingview.com/chart/?symbol=NSE%3ASTUDDS,0.4,1770.0,61.75,,,,,,,,,,False,2026-03-18,,,2026-06-10,4,False,,"Score 48/100 — structure 0/35, base 14/20, liquidity 10/15, institutions 15/15, lock-in 5/5, LM 1/5, momentum 3/5 • Never reclaimed the listing-day high in 194 sessions — this cohort's median outcome is deeply negative • Base gave up -10.2% vs listing close — looser than the −10% ideal; demands a smaller position • QIB 160x — heavy institutional sponsorship (biggest historical tails came from this group) • ₹2.7cr/day turnover ≈ 0.4% of free float changing hands daily — sleepy float • Lead manager IIFL Capital Services Ltd.: 30% of 10 issues above issue today, LM score 34/100"
Ideal Technoplast Industries Ltd.,SME,IDEALTECHO,NSE,INE0T9I01011,2024-08-28,AVOID,AVOID,47,189.0,138.7,-26.6,,111.82,0.104751375,-33.99,360,1.0,56.2,,,,,,Swastika Investmart Ltd.,,,https://www.screener.in/company/IDEALTECHO/,https://www.tradingview.com/chart/?symbol=NSE%3AIDEALTECHO,0.44,93.5,73.52,,,,,,,,,,False,2025-01-07,2025-07-15,162.0,2026-07-21,13,False,,"Score 47/100 — structure 28/35, base 0/20, liquidity 0/15, institutions 8/15, lock-in 5/5, LM 1/5, momentum 5/5 • Reclaimed the pivot on session 1 and holds above — trend intact; manage, don't add • Broken base (-34.0%) — distribution, not accumulation • ₹0.1cr/day turnover ≈ 0.4% of free float changing hands daily — sleepy float • Lead manager Swastika Investmart Ltd.: 17% of 12 issues above issue today, LM score 21/100"
Trualt Bioenergy Ltd.,Mainboard,TRUALT,NSE,INE0MWH01014,2025-10-03,AVOID,AVOID,47,462.6,549.0,18.7,165.16,52.69,20.682173952,-24.31,217,,-6.73,,,,,,Dam Capital Advisors Ltd.,2025-10-29,2025-12-28,https://www.screener.in/company/TRUALT/,https://www.tradingview.com/chart/?symbol=NSE%3ATRUALT,1.8,4051.0,70.55,,,,,,,,,,False,2025-11-10,,,2026-07-29,5,False,,"Score 47/100 — structure 0/35, base 6/20, liquidity 15/15, institutions 15/15, lock-in 5/5, LM 3/5, momentum 3/5 • Never reclaimed the listing-day high in 217 sessions — this cohort's median outcome is deeply negative • Base gave up -24.3% vs listing close — looser than the −10% ideal; demands a smaller position • QIB 165x — heavy institutional sponsorship (biggest historical tails came from this group) • ₹20.7cr/day turnover ≈ 1.8% of free float changing hands daily — healthy churn • Lead manager Dam Capital Advisors Ltd.: 56% of 9 issues above issue today, LM score 59/100"
Divine Power Energy Ltd.,SME,DPEL,NSE,INE0SCO01019,2024-07-02,AVOID,AVOID,46,576.95,162.75,-71.8,135.84,304.19,2.3911245,-45.5,524,292.0,1342.38,,,,,,Khambatta Securities Ltd.,2024-07-28,2024-09-26,https://www.screener.in/company/DPEL/,https://www.tradingview.com/chart/?symbol=NSE%3ADPEL,0.47,1422.0,63.2,,,,,,,,,,False,2024-09-27,2025-09-11,231.0,2026-07-02,17,False,,"Score 46/100 — structure 8/35, base 0/20, liquidity 10/15, institutions 15/15, lock-in 5/5, LM 3/5, momentum 5/5 • Broken base (-45.5%) — distribution, not accumulation • QIB 136x — heavy institutional sponsorship (biggest historical tails came from this group) • ₹2.4cr/day turnover ≈ 0.5% of free float changing hands daily — sleepy float • Lead manager Khambatta Securities Ltd.: 56% of 9 issues above issue today, LM score 58/100"
Purple United Sales Ltd.,SME,PURPLEUTED,NSE,INE0P5R01014,2024-12-18,AVOID,AVOID,45,391.65,208.95,-46.6,86.3,111.98,1.1306111875,-29.65,411,1.0,210.83,,,,,,Expert Global Consultants Pvt.Ltd.,2025-01-14,2025-03-15,https://www.screener.in/company/PURPLEUTED/,https://www.tradingview.com/chart/?symbol=NSE%3APURPLEUTED,0.95,339.0,63.82,ESM Stage I,,,2026-07-11,2026-10-09,Enhanced Surveillance Measure (ESM) - Stage I (NSE list 20-Aug-2026),"Trade-to-trade settlement, 100% margin, 5% daily band (2% if already there). No intraday.",mcap ₹339cr still < ₹500cr pool boundary; 3-month move now +0% (cooled); 5-session move +16%,"Exit when price/volatility criteria normalise on review, or mcap sustainably exceeds the ₹500cr micro-cap pool",False,2025-03-18,2025-05-09,316.0,2026-05-11,7,False,,"Score 45/100 — structure 28/35, base 0/20, liquidity 6/15, institutions 15/15, lock-in 5/5, LM 1/5, momentum 5/5 • Reclaimed the pivot on session 1 and holds above — trend intact; manage, don't add • Broken base (-29.6%) — distribution, not accumulation • QIB 86x — heavy institutional sponsorship (biggest historical tails came from this group) • ₹1.1cr/day turnover ≈ 0.9% of free float changing hands daily — healthy churn • 🚧 UNDER SURVEILLANCE: ESM Stage I — price band capped, 100% margin, liquidity dries (historical band-lock episodes: −5.8% median over next 60 sessions, 41% win) • Lead manager Expert Global Consultants Pvt.Ltd.: 28% of 18 issues above issue today, LM score 38/100"
Seshaasai Technologies Ltd.,Mainboard,STYL,NSE,INE04VU01023,2025-09-30,AVOID,AVOID,45,401.35,437.45,9.0,189.49,48.93,7.907223733000001,-19.8,219,,-5.12,,,,,,IIFL Capital Services Ltd.,2025-10-25,2025-12-24,https://www.screener.in/company/STYL/,https://www.tradingview.com/chart/?symbol=NSE%3ASTYL,0.69,6137.0,81.8,,,,,,,,,,False,2026-05-18,,,2026-05-20,2,False,,"Score 45/100 — structure 0/35, base 6/20, liquidity 15/15, institutions 15/15, lock-in 5/5, LM 1/5, momentum 3/5 • Never reclaimed the listing-day high in 219 sessions — this cohort's median outcome is deeply negative • Base gave up -19.8% vs listing close — looser than the −10% ideal; demands a smaller position • QIB 189x — heavy institutional sponsorship (biggest historical tails came from this group) • ₹7.9cr/day turnover ≈ 0.7% of free float changing hands daily — sleepy float • Lead manager IIFL Capital Services Ltd.: 30% of 10 issues above issue today, LM score 34/100"
Pace Digitek Ltd.,Mainboard,PACEDIGITK,NSE,INE0S3G01027,2025-10-06,AVOID,AVOID,45,175.37,231.0,31.7,1.69,1.45,20.44598712535,-7.24,216,,-19.92,,,,,,Unistone Capital Pvt.Ltd.,2025-10-30,2025-12-29,https://www.screener.in/company/PACEDIGITK/,https://www.tradingview.com/chart/?symbol=NSE%3APACEDIGITK,1.63,3797.0,69.52,,,,,,,,,,False,2026-04-01,,,2026-06-23,3,False,,"Score 45/100 — structure 0/35, base 20/20, liquidity 15/15, institutions 2/15, lock-in 5/5, LM 3/5, momentum 0/5 • Never reclaimed the listing-day high in 216 sessions — this cohort's median outcome is deeply negative • Tight base — held within 7.2% of listing close (the −10% cutoff was the grid-search optimum) • QIB 2x — thin institutional book (score-penalised, not disqualifying: stops manage the risk) • ₹20.4cr/day turnover ≈ 1.6% of free float changing hands daily — healthy churn • Lead manager Unistone Capital Pvt.Ltd.: 56% of 25 issues above issue today, LM score 60/100"
Bharat Coking Coal Ltd.,Mainboard,BHARATCOAL,NSE,INE05XR01022,2026-01-19,AVOID,AVOID,45,33.27,45.09,35.5,310.81,107.48,15.993155874150002,-23.21,145,,44.65,,,,,,IDBI Capital Markets Services Ltd.,2026-02-12,2026-04-13,https://www.screener.in/company/BHARATCOAL/,https://www.tradingview.com/chart/?symbol=NSE%3ABHARATCOAL,1.01,15349.0,90.0,,,,,,,,,,False,2026-03-12,,,2026-05-15,3,False,,"Score 45/100 — structure 0/35, base 6/20, liquidity 15/15, institutions 15/15, lock-in 5/5, LM 1/5, momentum 3/5 • Never reclaimed the listing-day high in 145 sessions — this cohort's median outcome is deeply negative • Base gave up -23.2% vs listing close — looser than the −10% ideal; demands a smaller position • QIB 311x — heavy institutional sponsorship (biggest historical tails came from this group) • ₹16.0cr/day turnover ≈ 1.0% of free float changing hands daily — healthy churn"
Orkla India Ltd.,Mainboard,ORKLAINDIA,NSE,INE16NZ01023,2025-11-06,AVOID,AVOID,44,550.35,760.0,38.1,117.63,34.25,5.64053208125,-17.17,195,,-24.61,,,,,,ICICI Securities Ltd.,2025-12-02,2026-01-31,https://www.screener.in/company/ORKLAINDIA/,https://www.tradingview.com/chart/?symbol=NSE%3AORKLAINDIA,0.29,7541.0,75.0,,,,,,,,,,False,2026-03-06,,,2026-05-20,2,False,,"Score 44/100 — structure 0/35, base 6/20, liquidity 15/15, institutions 15/15, lock-in 5/5, LM 3/5, momentum 0/5 • Never reclaimed the listing-day high in 195 sessions — this cohort's median outcome is deeply negative • Base gave up -17.2% vs listing close — looser than the −10% ideal; demands a smaller position • QIB 118x — heavy institutional sponsorship (biggest historical tails came from this group) • ₹5.6cr/day turnover ≈ 0.3% of free float changing hands daily — sleepy float • Lead manager ICICI Securities Ltd.: 63% of 38 issues above issue today, LM score 64/100"
Pine Labs Ltd.,Mainboard,PINELABS,NSE,INE15B701018,2025-11-14,AVOID,AVOID,44,159.73,284.0,77.8,3.97,1.81,375.8732803408,-12.51,189,,-27.72,,,,,,Axis Capital Ltd.,2025-12-11,2026-02-09,https://www.screener.in/company/PINELABS/,https://www.tradingview.com/chart/?symbol=NSE%3APINELABS,2.11,18178.0,,,,,,,,,,,False,2026-04-08,,,2026-05-27,7,False,,"Score 44/100 — structure 0/35, base 14/20, liquidity 15/15, institutions 2/15, lock-in 5/5, LM 5/5, momentum 3/5 • Never reclaimed the listing-day high in 189 sessions — this cohort's median outcome is deeply negative • Base gave up -12.5% vs listing close — looser than the −10% ideal; demands a smaller position • QIB 4x — thin institutional book (score-penalised, not disqualifying: stops manage the risk) • ₹375.9cr/day turnover ≈ 2.1% of free float changing hands daily — healthy churn • Lead manager Axis Capital Ltd.: 82% of 22 issues above issue today, LM score 81/100"
Northern Arc Capital Ltd.,Mainboard,NORTHARC,NSE,INE850M01015,2024-09-24,AVOID,AVOID,43,292.6,350.0,19.6,242.73,80.97,20.23056537925,-29.92,471,,11.25,,,,,,ICICI Securities Ltd.,2024-10-19,2024-12-18,https://www.screener.in/company/NORTHARC/,https://www.tradingview.com/chart/?symbol=NSE%3ANORTHARC,0.44,4544.0,,,,,,,,,,,False,2025-04-11,,,2026-05-11,6,False,,"Score 43/100 — structure 0/35, base 0/20, liquidity 15/15, institutions 15/15, lock-in 5/5, LM 3/5, momentum 5/5 • Never reclaimed the listing-day high in 471 sessions — this cohort's median outcome is deeply negative • Broken base (-29.9%) — distribution, not accumulation • QIB 243x — heavy institutional sponsorship (biggest historical tails came from this group) • ₹20.2cr/day turnover ≈ 0.4% of free float changing hands daily — sleepy float • Lead manager ICICI Securities Ltd.: 63% of 38 issues above issue today, LM score 64/100"
RNFI Services Ltd.,SME,RNFI,NSE,INE0SA001017,2024-07-29,AVOID,AVOID,42,270.75,199.95,-26.1,140.66,161.67,1.40276835,-33.58,505,107.0,157.86,,,,,,Choice Capital Advisors Pvt.Ltd.,2024-08-24,2024-10-23,https://www.screener.in/company/RNFI/,https://www.tradingview.com/chart/?symbol=NSE%3ARNFI,0.57,699.0,64.35,,,,,,,,,,False,2024-08-08,2025-01-01,397.0,2026-06-09,12,False,,"Score 42/100 — structure 8/35, base 0/20, liquidity 6/15, institutions 15/15, lock-in 5/5, LM 5/5, momentum 3/5 • Broken base (-33.6%) — distribution, not accumulation • QIB 141x — heavy institutional sponsorship (biggest historical tails came from this group) • ₹1.4cr/day turnover ≈ 0.6% of free float changing hands daily — sleepy float • Lead manager Choice Capital Advisors Pvt.Ltd.: 73% of 11 issues above issue today, LM score 78/100"
Patel Retail Ltd.,Mainboard,PATELRMART,NSE,INE0R8B01010,2025-08-26,AVOID,AVOID,42,232.32,305.0,31.3,272.14,78.04,2.2395003991,-23.44,243,,-8.89,,,,,,Fedex Securities Pvt.Ltd.,,,https://www.screener.in/company/PATELRMART/,https://www.tradingview.com/chart/?symbol=NSE%3APATELRMART,0.99,791.0,70.0,,,,,,,,,,False,2025-11-14,,,2026-07-03,6,False,,"Score 42/100 — structure 0/35, base 6/20, liquidity 10/15, institutions 15/15, lock-in 5/5, LM 3/5, momentum 3/5 • Never reclaimed the listing-day high in 243 sessions — this cohort's median outcome is deeply negative • Base gave up -23.4% vs listing close — looser than the −10% ideal; demands a smaller position • QIB 272x — heavy institutional sponsorship (biggest historical tails came from this group) • ₹2.2cr/day turnover ≈ 1.0% of free float changing hands daily — healthy churn • Lead manager Fedex Securities Pvt.Ltd.: 43% of 23 issues above issue today, LM score 54/100"
Horizon Reclaim (India) Ltd.,SME,HORIZON,BSE,INE1SEO01013,2026-06-19,AVOID,AVOID,42,119.05,158.0,32.7,186.72,211.52,0.7566486,-10.66,44,,15.58,,,,,,GYR Capital Advisors Pvt.Ltd.,2026-07-16,2026-09-14,https://www.screener.in/company/544794/,https://www.tradingview.com/chart/?symbol=BSE%3A544794,0.99,238.0,69.97,,,,,,,,,,False,,,,,0,False,,"Score 42/100 — structure 0/35, base 14/20, liquidity 0/15, institutions 15/15, lock-in 5/5, LM 5/5, momentum 3/5 • Never reclaimed the listing-day high in 44 sessions — this cohort's median outcome is deeply negative • Base gave up -10.7% vs listing close — looser than the −10% ideal; demands a smaller position • QIB 187x — heavy institutional sponsorship (biggest historical tails came from this group) • ₹0.8cr/day turnover ≈ 1.0% of free float changing hands daily — healthy churn • Lead manager GYR Capital Advisors Pvt.Ltd.: 57% of 49 issues above issue today, LM score 72/100"
Stallion India Fluorochemicals Ltd.,Mainboard,STALLION,NSE,INE0RYC01010,2025-01-23,AVOID,AVOID,41,226.85,126.0,-44.5,172.93,131.49,45.894957239350006,-52.38,388,128.0,152.06,,,,,,Sarthi Capital Advisors Pvt.Ltd.,2025-02-20,2025-04-21,https://www.screener.in/company/STALLION/,https://www.tradingview.com/chart/?symbol=NSE%3ASTALLION,2.98,2665.0,47.8,,5%,,,,,,,,False,2025-07-02,2026-04-08,92.0,2026-07-21,10,False,,"Score 41/100 — structure 8/35, base 0/20, liquidity 15/15, institutions 15/15, lock-in 5/5, LM 3/5, momentum 3/5 • Broken base (-52.4%) — distribution, not accumulation • QIB 173x — heavy institutional sponsorship (biggest historical tails came from this group) • ₹45.9cr/day turnover ≈ 3.0% of free float changing hands daily — healthy churn • 🚧 Trading pinned to a 5% daily band — behaves like a surveillance cage even if not yet listed; volume typically dries −20% • Lead manager Sarthi Capital Advisors Pvt.Ltd.: 50% of 6 issues above issue today, LM score 56/100"
Protean eGov Technologies Ltd.,Mainboard,PROTEAN,NSE,INE004A01022,2023-11-13,AVOID,AVOID,40,548.15,1535.0,180.0,46.94,17.11,19.3021698905,-15.29,378,,-30.79,,,,,,ICICI Securities Ltd.,2023-12-13,2024-02-11,https://www.screener.in/company/PROTEAN/,https://www.tradingview.com/chart/?symbol=NSE%3APROTEAN,0.8,2229.0,,,,,,,,,,,False,2025-05-19,,,2026-05-22,8,False,,"Score 40/100 — structure 0/35, base 6/20, liquidity 15/15, institutions 11/15, lock-in 5/5, LM 3/5, momentum 0/5 • Never reclaimed the listing-day high in 378 sessions — this cohort's median outcome is deeply negative • Base gave up -15.3% vs listing close — looser than the −10% ideal; demands a smaller position • QIB 47x — decent institutional interest • ₹19.3cr/day turnover ≈ 0.8% of free float changing hands daily — sleepy float • Lead manager ICICI Securities Ltd.: 63% of 38 issues above issue today, LM score 64/100"
E to E Transportation Infrastructure Ltd.,SME,E2ERAIL,NSE,INE1CEJ01017,2026-01-02,AVOID,AVOID,40,297.8,347.1,16.6,236.3,368.17,2.3145314,-38.62,155,,71.15,,,,,,Hem Securities Ltd.,2026-01-30,2026-03-31,https://www.screener.in/company/E2ERAIL/,https://www.tradingview.com/chart/?symbol=NSE%3AE2ERAIL,0.69,516.0,32.54,,,,,,,,,,False,2026-04-07,,,2026-08-19,7,True,,"Score 40/100 — structure 0/35, base 0/20, liquidity 10/15, institutions 15/15, lock-in 5/5, LM 5/5, momentum 5/5 • Never reclaimed the listing-day high in 155 sessions — this cohort's median outcome is deeply negative • Broken base (-38.6%) — distribution, not accumulation • QIB 236x — heavy institutional sponsorship (biggest historical tails came from this group) • ₹2.3cr/day turnover ≈ 0.7% of free float changing hands daily — sleepy float • 🔥 Volume thrust (≥5× avg) within the last 5 sessions (2026-08-19) — the institutional footprint that preceded most historical winners • Lead manager Hem Securities Ltd.: 62% of 68 issues above issue today, LM score 72/100"
Shree Balaji (Mala) Textiles Ltd.,SME,MALA,BSE,INE1N3Y01016,2026-07-29,AVOID,AVOID,40,68.3,139.65,104.5,113.55,139.78,2.289835866666667,-50.89,15,,-2.43,,,,,,GYR Capital Advisors Pvt.Ltd.,2026-08-25,2026-10-25,https://www.screener.in/company/544835/,https://www.tradingview.com/chart/?symbol=BSE%3A544835,9.54,64.8,72.74,,,,,,,,,,False,2026-08-12,,,2026-08-12,1,False,,"Score 40/100 — structure 10/35, base 0/20, liquidity 10/15, institutions 15/15, lock-in 0/5, LM 5/5, momentum 0/5 • Broken base (-50.9%) — distribution, not accumulation • QIB 114x — heavy institutional sponsorship (biggest historical tails came from this group) • ₹2.3cr/day turnover ≈ 9.5% of free float changing hands daily — crowded/manipulable, careful • ⚠ Anchor 30-day lock-in expires 2026-08-25 (5d) — historical median drift −2.4% into expiry; no fresh entries • Lead manager GYR Capital Advisors Pvt.Ltd.: 57% of 49 issues above issue today, LM score 72/100 • Mega-pop (+90%) — day-1 buyers are extended; base needs extra proof"
Flair Writing Industries Ltd.,Mainboard,FLAIR,NSE,INE00Y201027,2023-12-01,AVOID,AVOID,39,253.0,514.4,103.3,122.02,34.68,3.9859324535,-24.56,670,,-16.78,,,,,,Nuvama Wealth Management Ltd.,2023-12-29,2024-02-27,https://www.screener.in/company/FLAIR/,https://www.tradingview.com/chart/?symbol=NSE%3AFLAIR,0.7,2677.0,78.59,,,,,,,,,,False,2024-09-10,,,2026-05-22,14,False,,"Score 39/100 — structure 0/35, base 6/20, liquidity 10/15, institutions 15/15, lock-in 5/5, LM 3/5, momentum 0/5 • Never reclaimed the listing-day high in 670 sessions — this cohort's median outcome is deeply negative • Base gave up -24.6% vs listing close — looser than the −10% ideal; demands a smaller position • QIB 122x — heavy institutional sponsorship (biggest historical tails came from this group) • ₹4.0cr/day turnover ≈ 0.7% of free float changing hands daily — sleepy float • Lead manager Nuvama Wealth Management Ltd.: 50% of 10 issues above issue today, LM score 45/100"
Sunlite Recycling Industries Ltd.,SME,SUNLITE,NSE,INE0U2N01013,2024-08-20,AVOID,AVOID,38,495.25,209.45,-57.7,109.05,207.95,0.805192425,-28.24,478,281.0,371.67,,,,,,Hem Securities Ltd.,2024-09-15,2024-11-14,https://www.screener.in/company/SUNLITE/,https://www.tradingview.com/chart/?symbol=NSE%3ASUNLITE,0.48,641.0,74.47,,,,,,,,,,False,2025-05-20,2025-11-03,196.0,2026-04-27,9,False,,"Score 38/100 — structure 8/35, base 0/20, liquidity 0/15, institutions 15/15, lock-in 5/5, LM 5/5, momentum 5/5 • Broken base (-28.2%) — distribution, not accumulation • QIB 109x — heavy institutional sponsorship (biggest historical tails came from this group) • ₹0.8cr/day turnover ≈ 0.5% of free float changing hands daily — sleepy float • Lead manager Hem Securities Ltd.: 62% of 68 issues above issue today, LM score 72/100"
Vision Infra Equipment Solutions Ltd.,SME,VIESL,NSE,INE0TR001017,2024-09-13,AVOID,AVOID,38,311.2,215.25,-30.8,60.94,47.93,0.8119888,-26.13,478,66.0,90.92,,,,,,Hem Securities Ltd.,2024-10-11,2024-12-10,https://www.screener.in/company/VIESL/,https://www.tradingview.com/chart/?symbol=NSE%3AVIESL,0.35,766.0,69.69,,,,,,,,,,False,2024-12-18,2026-01-29,137.0,2026-05-12,6,False,,"Score 38/100 — structure 8/35, base 0/20, liquidity 0/15, institutions 15/15, lock-in 5/5, LM 5/5, momentum 5/5 • Broken base (-26.1%) — distribution, not accumulation • QIB 61x — heavy institutional sponsorship (biggest historical tails came from this group) • ₹0.8cr/day turnover ≈ 0.3% of free float changing hands daily — sleepy float • Lead manager Hem Securities Ltd.: 62% of 68 issues above issue today, LM score 72/100"
Quality Power Electrical Equipments Ltd.,Mainboard,QPOWER,NSE,INE0SII01026,2025-02-24,AVOID,AVOID,38,1334.9,430.75,-67.7,1.03,1.05,24.9121938075,-30.96,366,58.0,214.09,,,,,,Pantomath Capital Advisors Pvt.Ltd.,2025-03-21,2025-05-20,https://www.screener.in/company/QPOWER/,https://www.tradingview.com/chart/?symbol=NSE%3AQPOWER,0.98,9691.0,73.91,,,,,,,,,,False,2025-05-21,2025-05-29,304.0,2026-08-12,5,False,,"Score 38/100 — structure 8/35, base 0/20, liquidity 15/15, institutions 2/15, lock-in 5/5, LM 3/5, momentum 5/5 • Broken base (-31.0%) — distribution, not accumulation • QIB 1x — thin institutional book (score-penalised, not disqualifying: stops manage the risk) • ₹24.9cr/day turnover ≈ 1.0% of free float changing hands daily — healthy churn • Lead manager Pantomath Capital Advisors Pvt.Ltd.: 54% of 13 issues above issue today, LM score 47/100"
Jinkushal Industries Ltd.,Mainboard,JKIPL,NSE,INE1FF001016,2025-10-03,AVOID,AVOID,38,99.77,126.95,27.2,35.7,45.54,0.2964952775499999,-12.86,217,,-17.55,,,,,,GYR Capital Advisors Pvt.Ltd.,2025-10-29,2025-12-28,https://www.screener.in/company/JKIPL/,https://www.tradingview.com/chart/?symbol=NSE%3AJKIPL,0.32,365.0,74.99,,,In ESM-eligible pool (mcap ₹365cr < ₹500cr) — sharp rallies can trigger 100% margin + 2%/5% band,,,,,,,False,2026-01-29,,,2026-08-18,7,True,,"Score 38/100 — structure 0/35, base 14/20, liquidity 0/15, institutions 11/15, lock-in 5/5, LM 5/5, momentum 3/5 • Never reclaimed the listing-day high in 217 sessions — this cohort's median outcome is deeply negative • Base gave up -12.9% vs listing close — looser than the −10% ideal; demands a smaller position • QIB 36x — decent institutional interest • ₹0.3cr/day turnover ≈ 0.3% of free float changing hands daily — sleepy float • 🔥 Volume thrust (≥5× avg) within the last 5 sessions (2026-08-18) — the institutional footprint that preceded most historical winners • ⚠ In ESM-eligible pool (mcap ₹365cr < ₹500cr) — sharp rallies can trigger 100% margin + 2%/5% band"
Msafe Equipments Ltd.,SME,MSAFE,BSE,INE2B5L01011,2026-02-04,AVOID,AVOID,38,241.9,151.2,-37.5,117.97,116.77,0.879192,-30.07,134,61.0,96.67,,,,,,Seren Capital Pvt.Ltd.,2026-03-06,2026-05-05,https://www.screener.in/company/544695/,https://www.tradingview.com/chart/?symbol=BSE%3A544695,0.77,470.0,73.23,,,,,,,,,,True,2026-04-21,2026-06-04,54.0,2026-06-22,3,False,,"Score 38/100 — structure 8/35, base 0/20, liquidity 0/15, institutions 15/15, lock-in 5/5, LM 5/5, momentum 5/5 • Broken base (-30.1%) — distribution, not accumulation • QIB 118x — heavy institutional sponsorship (biggest historical tails came from this group) • ₹0.9cr/day turnover ≈ 0.8% of free float changing hands daily — sleepy float • Lead manager Seren Capital Pvt.Ltd.: 75% of 8 issues above issue today, LM score 73/100"
IC Electricals Co.Ltd.,SME,ICELCO,NSE,INE0XE501015,2026-07-10,AVOID,AVOID,38,136.75,174.3,27.5,241.75,291.96,1.1928075,-24.84,30,,38.13,,,,,,NEXGEN Financial Solutions Pvt.Ltd.,2026-08-07,2026-10-06,https://www.screener.in/company/ICELCO/,https://www.tradingview.com/chart/?symbol=NSE%3AICELCO,1.13,262.0,60.94,,,,,,,,,,False,,,,,0,False,,"Score 38/100 — structure 0/35, base 6/20, liquidity 6/15, institutions 15/15, lock-in 5/5, LM 3/5, momentum 3/5 • Never reclaimed the listing-day high in 30 sessions — this cohort's median outcome is deeply negative • Base gave up -24.8% vs listing close — looser than the −10% ideal; demands a smaller position • QIB 242x — heavy institutional sponsorship (biggest historical tails came from this group) • ₹1.2cr/day turnover ≈ 1.1% of free float changing hands daily — healthy churn • Lead manager NEXGEN Financial Solutions Pvt.Ltd.: 50% of 4 issues above issue today, LM score 60/100 • Mega-pop (+68%) — day-1 buyers are extended; base needs extra proof"
Kross Ltd.,Mainboard,KROSS,NSE,INE0O6601022,2024-09-16,AVOID,AVOID,37,210.36,270.89,28.8,24.55,12.74,9.0815538736,-39.19,477,,-12.35,,,,,,Equirus Capital Ltd.,2024-10-11,2024-12-10,https://www.screener.in/company/KROSS/,https://www.tradingview.com/chart/?symbol=NSE%3AKROSS,2.21,1356.0,68.57,,,,,,,,,,False,2024-11-06,,,2026-07-20,14,False,,"Score 37/100 — structure 0/35, base 0/20, liquidity 15/15, institutions 11/15, lock-in 5/5, LM 3/5, momentum 3/5 • Never reclaimed the listing-day high in 477 sessions — this cohort's median outcome is deeply negative • Broken base (-39.2%) — distribution, not accumulation • QIB 25x — decent institutional interest • ₹9.1cr/day turnover ≈ 2.2% of free float changing hands daily — healthy churn • Lead manager Equirus Capital Ltd.: 44% of 9 issues above issue today, LM score 50/100"
Aztec Fluids & Machinery Ltd.,SME,AZTEC,BSE,INE0SCB01016,2024-05-17,AVOID,AVOID,36,95.0,90.0,-5.3,107.93,152.58,0.15043125,-26.32,520,40.0,41.79,,,,,,Hem Securities Ltd.,2024-06-14,2024-08-13,https://www.screener.in/company/544177/,https://www.tradingview.com/chart/?symbol=BSE%3A544177,0.45,128.0,74.76,,,,,,,,,,False,2024-07-16,2026-06-17,40.0,2026-06-30,15,False,,"Score 36/100 — structure 8/35, base 0/20, liquidity 0/15, institutions 15/15, lock-in 5/5, LM 5/5, momentum 3/5 • Broken base (-26.3%) — distribution, not accumulation • QIB 108x — heavy institutional sponsorship (biggest historical tails came from this group) • ₹0.2cr/day turnover ≈ 0.5% of free float changing hands daily — sleepy float • Lead manager Hem Securities Ltd.: 62% of 68 issues above issue today, LM score 72/100"
Garuda Construction & Engineering Ltd.,Mainboard,GARUDA,NSE,INE0JVO01026,2024-10-15,AVOID,AVOID,36,182.25,120.99,-33.6,1.24,5.6,19.9152760587,-27.56,457,49.0,91.84,,,,,,Corpwis Advisors Pvt.Ltd.,2024-11-10,2025-01-09,https://www.screener.in/company/GARUDA/,https://www.tradingview.com/chart/?symbol=NSE%3AGARUDA,3.46,1703.0,67.56,,,,,,,,,,False,2024-11-25,2025-07-04,278.0,2026-08-10,17,False,,"Score 36/100 — structure 8/35, base 0/20, liquidity 15/15, institutions 2/15, lock-in 5/5, LM 1/5, momentum 5/5 • Broken base (-27.6%) — distribution, not accumulation • QIB 1x — thin institutional book (score-penalised, not disqualifying: stops manage the risk) • ₹19.9cr/day turnover ≈ 3.5% of free float changing hands daily — healthy churn • Lead manager Corpwis Advisors Pvt.Ltd.: 38% of 8 issues above issue today, LM score 25/100"
Mamata Machinery Ltd.,Mainboard,MAMATA,NSE,INE0TO701015,2024-12-27,AVOID,AVOID,36,405.5,630.0,55.4,235.88,136.48,3.456074023,-40.71,407,,66.87,,,,,,Beeline Capital Advisors Pvt.Ltd.,2025-01-22,2025-03-23,https://www.screener.in/company/MAMATA/,https://www.tradingview.com/chart/?symbol=NSE%3AMAMATA,0.9,1054.0,62.45,,,,,,,,,,False,2025-01-15,,,2025-09-10,7,False,,"Score 36/100 — structure 0/35, base 0/20, liquidity 10/15, institutions 15/15, lock-in 5/5, LM 3/5, momentum 3/5 • Never reclaimed the listing-day high in 407 sessions — this cohort's median outcome is deeply negative • Broken base (-40.7%) — distribution, not accumulation • QIB 236x — heavy institutional sponsorship (biggest historical tails came from this group) • ₹3.5cr/day turnover ≈ 0.9% of free float changing hands daily — healthy churn • Lead manager Beeline Capital Advisors Pvt.Ltd.: 53% of 57 issues above issue today, LM score 58/100"
Arisinfra Solutions Ltd.,Mainboard,ARISINFRA,NSE,INE0H9P01028,2025-06-25,AVOID,AVOID,36,139.32,208.5,49.7,1.5,1.96,17.733102432800003,-22.01,286,,-37.24,,,,,,JM Financial Ltd.,2025-07-22,2025-09-20,https://www.screener.in/company/ARISINFRA/,https://www.tradingview.com/chart/?symbol=NSE%3AARISINFRA,,,,,,,,,,,,,False,2025-09-08,,,2026-07-23,5,False,,"Score 36/100 — structure 0/35, base 6/20, liquidity 15/15, institutions 2/15, lock-in 5/5, LM 5/5, momentum 3/5 • Never reclaimed the listing-day high in 286 sessions — this cohort's median outcome is deeply negative • Base gave up -22.0% vs listing close — looser than the −10% ideal; demands a smaller position • QIB 2x — thin institutional book (score-penalised, not disqualifying: stops manage the risk) • Lead manager JM Financial Ltd.: 69% of 26 issues above issue today, LM score 71/100"
Regaal Resources Ltd.,Mainboard,REGAAL,NSE,INE0MHO01029,2025-08-20,AVOID,AVOID,36,95.84,145.7,52.0,190.96,93.42,3.42059098515,-33.48,247,,-6.04,,,,,,Pantomath Capital Advisors Pvt.Ltd.,2025-09-16,2025-11-15,https://www.screener.in/company/REGAAL/,https://www.tradingview.com/chart/?symbol=NSE%3AREGAAL,1.23,1007.0,71.32,,,,,,,,,,False,2025-10-23,,,2026-08-18,7,True,,"Score 36/100 — structure 0/35, base 0/20, liquidity 10/15, institutions 15/15, lock-in 5/5, LM 3/5, momentum 3/5 • Never reclaimed the listing-day high in 247 sessions — this cohort's median outcome is deeply negative • Broken base (-33.5%) — distribution, not accumulation • QIB 191x — heavy institutional sponsorship (biggest historical tails came from this group) • ₹3.4cr/day turnover ≈ 1.2% of free float changing hands daily — healthy churn • 🔥 Volume thrust (≥5× avg) within the last 5 sessions (2026-08-18) — the institutional footprint that preceded most historical winners • Lead manager Pantomath Capital Advisors Pvt.Ltd.: 54% of 13 issues above issue today, LM score 47/100"
PhysicsWallah Ltd.,Mainboard,PWL,NSE,INE0LP301011,2025-11-18,AVOID,AVOID,36,121.95,161.99,32.8,2.86,1.49,168.52865853785,-21.91,187,,11.88,,,,,,Kotak Mahindra Capital Co.Ltd.,2025-12-13,2026-02-11,https://www.screener.in/company/PWL/,https://www.tradingview.com/chart/?symbol=NSE%3APWL,1.64,35266.0,71.27,,,,,,,,,,False,2026-01-22,,,2026-08-18,8,True,,"Score 36/100 — structure 0/35, base 6/20, liquidity 15/15, institutions 2/15, lock-in 5/5, LM 5/5, momentum 3/5 • Never reclaimed the listing-day high in 187 sessions — this cohort's median outcome is deeply negative • Base gave up -21.9% vs listing close — looser than the −10% ideal; demands a smaller position • QIB 3x — thin institutional book (score-penalised, not disqualifying: stops manage the risk) • ₹168.5cr/day turnover ≈ 1.6% of free float changing hands daily — healthy churn • 🔥 Volume thrust (≥5× avg) within the last 5 sessions (2026-08-18) — the institutional footprint that preceded most historical winners • Lead manager Kotak Mahindra Capital Co.Ltd.: 74% of 27 issues above issue today, LM score 73/100"
Sudeep Pharma Ltd.,Mainboard,SUDEEPPHRM,NSE,INE0QPI01025,2025-11-28,AVOID,AVOID,36,1107.8,795.0,-28.2,213.08,65.56,41.50961407925,-29.74,179,131.0,86.81,,,,,,ICICI Securities Ltd.,2025-12-26,2026-02-24,https://www.screener.in/company/SUDEEPPHRM/,https://www.tradingview.com/chart/?symbol=NSE%3ASUDEEPPHRM,1.56,13096.0,76.16,ASM Short-Term Stage I,,,2026-08-13,2026-08-20,"NSE ASM Short-Term list, 20-Aug-2026",50–100% additional margin for a SHORT window.,3-month move now +66% (cooled); 5-session move +1%,Auto-exit after the 5- or 15-day window unless re-triggered (e.g. another +25%/5-session burst),False,2026-01-13,2026-06-15,47.0,2026-08-05,5,False,,"Score 36/100 — structure 8/35, base 0/20, liquidity 15/15, institutions 15/15, lock-in 5/5, LM 3/5, momentum 5/5 • Broken base (-29.7%) — distribution, not accumulation • QIB 213x — heavy institutional sponsorship (biggest historical tails came from this group) • ₹41.5cr/day turnover ≈ 1.6% of free float changing hands daily — healthy churn • 🚧 UNDER SURVEILLANCE: ASM Short-Term Stage I — price band capped, 100% margin, liquidity dries (historical band-lock episodes: −5.8% median over next 60 sessions, 41% win) • Lead manager ICICI Securities Ltd.: 63% of 38 issues above issue today, LM score 64/100"
Committed Cargo Care Ltd.,SME,COMMITTED,NSE,INE597Z01014,2023-10-18,AVOID,AVOID,35,347.4,86.1,-75.2,,85.33,1.7572736,-35.66,589,271.0,351.17,,,,,,Fedex Securities Pvt.Ltd.,,,https://www.screener.in/company/COMMITTED/,https://www.tradingview.com/chart/?symbol=NSE%3ACOMMITTED,1.2,406.0,64.09,,,,,,,,,,True,2024-02-07,2024-12-16,317.0,2026-08-07,25,False,,"Score 35/100 — structure 8/35, base 0/20, liquidity 6/15, institutions 8/15, lock-in 5/5, LM 3/5, momentum 5/5 • Broken base (-35.7%) — distribution, not accumulation • ₹1.8cr/day turnover ≈ 1.2% of free float changing hands daily — healthy churn • Lead manager Fedex Securities Pvt.Ltd.: 43% of 23 issues above issue today, LM score 54/100"
Jaro Institute of Technology Management & Research Ltd.,Mainboard,JARO,NSE,INE00YJ01010,2025-09-30,AVOID,AVOID,35,440.05,890.0,102.2,37.19,16.53,4.7678998662500005,-19.97,219,,-50.56,,,,,,Nuvama Wealth Management Ltd.,,,https://www.screener.in/company/JARO/,https://www.tradingview.com/chart/?symbol=NSE%3AJARO,1.21,978.0,61.43,,,,,,,,,,False,2025-11-17,,,2026-05-14,7,False,,"Score 35/100 — structure 0/35, base 6/20, liquidity 10/15, institutions 11/15, lock-in 5/5, LM 3/5, momentum 0/5 • Never reclaimed the listing-day high in 219 sessions — this cohort's median outcome is deeply negative • Base gave up -20.0% vs listing close — looser than the −10% ideal; demands a smaller position • QIB 37x — decent institutional interest • ₹4.8cr/day turnover ≈ 1.2% of free float changing hands daily — healthy churn • Lead manager Nuvama Wealth Management Ltd.: 50% of 10 issues above issue today, LM score 45/100"
Plaza Wires Ltd.,Mainboard,PLAZACABLE,NSE,INE0INJ01017,2023-10-12,AVOID,AVOID,34,52.18,80.2,53.7,42.84,113.74,0.3232285257,4.99,703,1.0,-3.37,,,,,,Pantomath Capital Advisors Pvt.Ltd.,2023-11-08,2024-01-07,https://www.screener.in/company/PLAZACABLE/,https://www.tradingview.com/chart/?symbol=NSE%3APLAZACABLE,0.48,231.0,69.83,,5%,In ESM-eligible pool (mcap ₹231cr < ₹500cr) — sharp rallies can trigger 100% margin + 2%/5% band,,,,,,,False,2023-11-07,2024-12-17,413.0,2026-08-17,13,True,,"Score 34/100 — structure 0/35, base 20/20, liquidity 0/15, institutions 11/15, lock-in 5/5, LM 3/5, momentum 3/5 • Tight base — held within 5.0% of listing close (the −10% cutoff was the grid-search optimum) • QIB 43x — decent institutional interest • ₹0.3cr/day turnover ≈ 0.5% of free float changing hands daily — sleepy float • 🔥 Volume thrust (≥5× avg) within the last 5 sessions (2026-08-17) — the institutional footprint that preceded most historical winners • 🚧 Trading pinned to a 5% daily band — behaves like a surveillance cage even if not yet listed; volume typically dries −20% • ⚠ In ESM-eligible pool (mcap ₹231cr < ₹500cr) — sharp rallies can trigger 100% margin + 2%/5% band"
Gandhar Oil Refinery (India) Ltd.,Mainboard,GANDHAR,NSE,INE717W01049,2023-11-30,AVOID,AVOID,34,254.09,344.05,35.4,129.06,45.99,139.52511264330002,-16.06,671,,50.35,,,,,,ICICI Securities Ltd.,2023-12-28,2024-02-26,https://www.screener.in/company/GANDHAR/,https://www.tradingview.com/chart/?symbol=NSE%3AGANDHAR,16.65,2406.0,66.6,ASM Long-Term Stage I,,,2026-07-28,2026-10-26,"NSE ASM Long-Term list, 20-Aug-2026",100% margin on all positions. Trading otherwise normal.,3-month move now +55% (cooled); 5-session move +4%,Exit when 3-month high-low / concentration criteria no longer met on quarterly review,False,2024-05-23,,,2026-07-24,18,False,,"Score 34/100 — structure 0/35, base 6/20, liquidity 15/15, institutions 15/15, lock-in 5/5, LM 3/5, momentum 5/5 • Never reclaimed the listing-day high in 671 sessions — this cohort's median outcome is deeply negative • Base gave up -16.1% vs listing close — looser than the −10% ideal; demands a smaller position • QIB 129x — heavy institutional sponsorship (biggest historical tails came from this group) • ₹139.5cr/day turnover ≈ 16.6% of free float changing hands daily — crowded/manipulable, careful • 🚧 UNDER SURVEILLANCE: ASM Long-Term Stage I — price band capped, 100% margin, liquidity dries (historical band-lock episodes: −5.8% median over next 60 sessions, 41% win) • Lead manager ICICI Securities Ltd.: 63% of 38 issues above issue today, LM score 64/100"
Winsol Engineers Ltd.,SME,WINSOL,NSE,INE0S3D01016,2024-05-14,AVOID,AVOID,34,115.4,383.25,232.1,207.23,472.41,0.0876884,-20.42,560,1.0,53.87,,,,,,Beeline Capital Advisors Pvt.Ltd.,2024-06-09,2024-08-08,https://www.screener.in/company/WINSOL/,https://www.tradingview.com/chart/?symbol=NSE%3AWINSOL,0.26,131.0,73.73,,,,,,,,,,False,2024-11-14,2024-07-25,510.0,2026-05-26,5,False,,"Score 34/100 — structure 0/35, base 6/20, liquidity 0/15, institutions 15/15, lock-in 5/5, LM 3/5, momentum 5/5 • Base gave up -20.4% vs listing close — looser than the −10% ideal; demands a smaller position • QIB 207x — heavy institutional sponsorship (biggest historical tails came from this group) • ₹0.1cr/day turnover ≈ 0.3% of free float changing hands daily — sleepy float • Lead manager Beeline Capital Advisors Pvt.Ltd.: 53% of 57 issues above issue today, LM score 58/100"
Rappid Valves (India) Ltd.,SME,RAPPID,NSE,INE0MVO01012,2024-09-30,AVOID,AVOID,34,320.4,327.6,2.2,55.97,123.52,0.5204007,-20.61,459,5.0,44.32,,,,,,Shreni Shares Ltd.,2024-10-25,2024-12-24,https://www.screener.in/company/RAPPID/,https://www.tradingview.com/chart/?symbol=NSE%3ARAPPID,0.63,159.0,51.69,,,,,,,,,,False,2024-11-29,2026-08-11,7.0,2026-07-31,12,False,,"Score 34/100 — structure 0/35, base 6/20, liquidity 0/15, institutions 15/15, lock-in 5/5, LM 3/5, momentum 5/5 • Base gave up -20.6% vs listing close — looser than the −10% ideal; demands a smaller position • QIB 56x — heavy institutional sponsorship (biggest historical tails came from this group) • ₹0.5cr/day turnover ≈ 0.6% of free float changing hands daily — sleepy float • Lead manager Shreni Shares Ltd.: 50% of 26 issues above issue today, LM score 55/100"
Suraksha Diagnostic Ltd.,Mainboard,SURAKSHA,NSE,INE877V01027,2024-12-06,AVOID,AVOID,34,305.15,449.0,47.1,1.74,1.17,9.988347294499995,-21.25,421,,-30.8,,,,,,ICICI Securities Ltd.,2025-01-03,2025-03-04,https://www.screener.in/company/SURAKSHA/,https://www.tradingview.com/chart/?symbol=NSE%3ASURAKSHA,1.29,1577.0,49.1,,,,,,,,,,False,2025-03-04,,,2026-08-13,8,True,,"Score 34/100 — structure 0/35, base 6/20, liquidity 15/15, institutions 2/15, lock-in 5/5, LM 3/5, momentum 3/5 • Never reclaimed the listing-day high in 421 sessions — this cohort's median outcome is deeply negative • Base gave up -21.2% vs listing close — looser than the −10% ideal; demands a smaller position • QIB 2x — thin institutional book (score-penalised, not disqualifying: stops manage the risk) • ₹10.0cr/day turnover ≈ 1.3% of free float changing hands daily — healthy churn • 🔥 Volume thrust (≥5× avg) within the last 5 sessions (2026-08-13) — the institutional footprint that preceded most historical winners • Lead manager ICICI Securities Ltd.: 63% of 38 issues above issue today, LM score 64/100"
Kalpataru Ltd.,Mainboard,KALPATARU,NSE,INE227J01012,2025-07-01,AVOID,AVOID,34,288.35,452.8,57.0,3.12,1.78,6.68349058,-20.13,282,,-30.35,,,,,,ICICI Securities Ltd.,2025-07-26,2025-09-24,https://www.screener.in/company/KALPATARU/,https://www.tradingview.com/chart/?symbol=NSE%3AKALPATARU,0.62,5913.0,81.34,,,,,,,,,,False,2025-09-11,,,2026-07-28,14,False,,"Score 34/100 — structure 0/35, base 6/20, liquidity 15/15, institutions 2/15, lock-in 5/5, LM 3/5, momentum 3/5 • Never reclaimed the listing-day high in 282 sessions — this cohort's median outcome is deeply negative • Base gave up -20.1% vs listing close — looser than the −10% ideal; demands a smaller position • QIB 3x — thin institutional book (score-penalised, not disqualifying: stops manage the risk) • ₹6.7cr/day turnover ≈ 0.6% of free float changing hands daily — sleepy float • Lead manager ICICI Securities Ltd.: 63% of 38 issues above issue today, LM score 64/100"
Taurian MPS Ltd.,SME,TAURIAN,NSE,INE0XWS01018,2025-09-16,AVOID,AVOID,34,457.25,460.0,0.6,15.89,8.48,0.854186,,2,,167.4,,,,,,Gretex Corporate Services Ltd.,2025-10-11,2025-12-10,https://www.screener.in/company/TAURIAN/,https://www.tradingview.com/chart/?symbol=NSE%3ATAURIAN,0.59,386.0,63.8,,,,,,,,,,False,,,,,0,False,,"Score 34/100 — structure 10/35, base 0/20, liquidity 0/15, institutions 11/15, lock-in 5/5, LM 3/5, momentum 5/5 • QIB 16x — decent institutional interest • ₹0.9cr/day turnover ≈ 0.6% of free float changing hands daily — sleepy float • Lead manager Gretex Corporate Services Ltd.: 41% of 22 issues above issue today, LM score 48/100 • Mega-pop (+169%) — day-1 buyers are extended; base needs extra proof"
True Colors Ltd.,SME,TRUECOLORS,BSE,INE1LDV01015,2025-09-30,AVOID,AVOID,34,152.05,152.8,0.5,43.41,32.23,0.1806135,,2,,-20.39,,,,,,GYR Capital Advisors Pvt.Ltd.,2025-10-25,2025-12-24,https://www.screener.in/company/544531/,https://www.tradingview.com/chart/?symbol=BSE%3A544531,0.16,366.0,68.89,,,,,,,,,,False,,,,,0,False,,"Score 34/100 — structure 10/35, base 0/20, liquidity 0/15, institutions 11/15, lock-in 5/5, LM 5/5, momentum 3/5 • QIB 43x — decent institutional interest • ₹0.2cr/day turnover ≈ 0.2% of free float changing hands daily — sleepy float • Lead manager GYR Capital Advisors Pvt.Ltd.: 57% of 49 issues above issue today, LM score 72/100 • Discount listing (-22%) — historically the worst cohort"
M P K Steels (I) Ltd.,SME,MPKSTEELS,BSE,INE1PJP01015,2025-10-06,AVOID,AVOID,34,96.0,100.05,4.2,19.95,1.53,0.046424,,1,,21.52,,,,,,Gretex Corporate Services Ltd.,,,https://www.screener.in/company/544553/,https://www.tradingview.com/chart/?symbol=BSE%3A544553,0.14,99.3,66.52,,,,,,,,,,False,,,,,0,False,,"Score 34/100 — structure 10/35, base 0/20, liquidity 0/15, institutions 11/15, lock-in 5/5, LM 3/5, momentum 5/5 • QIB 20x — decent institutional interest • ₹0.0cr/day turnover ≈ 0.1% of free float changing hands daily — sleepy float • Lead manager Gretex Corporate Services Ltd.: 41% of 22 issues above issue today, LM score 48/100 • Listed +18% — the historical sweet-spot band"
Kratikal Tech Ltd.,SME,KRATIKAL,BSE,INE1L0M01019,2026-07-07,AVOID,AVOID,34,174.0,199.0,14.4,145.82,154.37,0.43627525,-16.09,33,,28.89,,,,,,Beeline Capital Advisors Pvt.Ltd.,2026-08-02,2026-10-01,https://www.screener.in/company/544811/,https://www.tradingview.com/chart/?symbol=BSE%3A544811,0.52,190.0,53.15,,,,,,,,,,False,,,,,0,False,,"Score 34/100 — structure 0/35, base 6/20, liquidity 0/15, institutions 15/15, lock-in 5/5, LM 3/5, momentum 5/5 • Never reclaimed the listing-day high in 33 sessions — this cohort's median outcome is deeply negative • Base gave up -16.1% vs listing close — looser than the −10% ideal; demands a smaller position • QIB 146x — heavy institutional sponsorship (biggest historical tails came from this group) • ₹0.4cr/day turnover ≈ 0.5% of free float changing hands daily — sleepy float • Lead manager Beeline Capital Advisors Pvt.Ltd.: 53% of 57 issues above issue today, LM score 58/100 • Listed +42% — the historical sweet-spot band"
Digikore Studios Ltd.,SME,DIGIKORE,NSE,INE0QJ901011,2023-10-04,AVOID,AVOID,33,35.15,49.1,39.7,65.63,194.62,0.5436156666666667,-30.62,18,,-79.44,,,,,,Sarthi Capital Advisors Pvt.Ltd.,2023-10-29,2023-12-28,https://www.screener.in/company/DIGIKORE/,https://www.tradingview.com/chart/?symbol=NSE%3ADIGIKORE,2.57,44.5,58.46,,,,,,,,,,False,,,,,0,False,,"Score 33/100 — structure 10/35, base 0/20, liquidity 0/15, institutions 15/15, lock-in 5/5, LM 3/5, momentum 0/5 • Broken base (-30.6%) — distribution, not accumulation • QIB 66x — heavy institutional sponsorship (biggest historical tails came from this group) • ₹0.5cr/day turnover ≈ 2.6% of free float changing hands daily — healthy churn • Lead manager Sarthi Capital Advisors Pvt.Ltd.: 50% of 6 issues above issue today, LM score 56/100 • Discount listing (-72%) — historically the worst cohort"
Presstonic Engineering Ltd.,SME,PRESSTONIC,NSE,INE0R1601012,2023-12-18,AVOID,AVOID,33,33.95,147.0,333.0,,159.7,0.1414216,-14.22,654,10.0,-52.85,,,,,,Finshore Management Services Ltd.,,,https://www.screener.in/company/PRESSTONIC/,https://www.tradingview.com/chart/?symbol=NSE%3APRESSTONIC,0.53,53.3,44.03,,,,,,,,,,False,2024-05-06,2024-05-06,562.0,2026-04-08,19,False,,"Score 33/100 — structure 0/35, base 14/20, liquidity 0/15, institutions 8/15, lock-in 5/5, LM 3/5, momentum 3/5 • Base gave up -14.2% vs listing close — looser than the −10% ideal; demands a smaller position • ₹0.1cr/day turnover ≈ 0.5% of free float changing hands daily — sleepy float • Lead manager Finshore Management Services Ltd.: 32% of 22 issues above issue today, LM score 45/100"
Nephro Care India Ltd.,SME,NEPHROCARE,NSE,INE0SUN01013,2024-07-05,AVOID,AVOID,33,86.9,179.55,106.6,245.14,505.8,0.253152,4.98,525,1.0,-3.44,,,,,,Corporate Capitalventures Pvt.Ltd.,2024-08-02,2024-10-01,https://www.screener.in/company/NEPHROCARE/,https://www.tradingview.com/chart/?symbol=NSE%3ANEPHROCARE,0.5,137.0,61.71,ESM Stage I,5%,,2026-07-30 (est. from band-lock),2026-10-28,Enhanced Surveillance Measure (ESM) - Stage I (NSE list 20-Aug-2026),"Trade-to-trade settlement, 100% margin, 5% daily band (2% if already there). No intraday.",mcap ₹137cr still < ₹500cr pool boundary; 3-month move now +7% (cooled); 5-session move -6%,"Exit when price/volatility criteria normalise on review, or mcap sustainably exceeds the ₹500cr micro-cap pool",False,2024-07-18,2025-01-20,389.0,2026-08-13,17,True,,"Score 33/100 — structure 0/35, base 20/20, liquidity 0/15, institutions 15/15, lock-in 5/5, LM 5/5, momentum 3/5 • Tight base — held within 5.0% of listing close (the −10% cutoff was the grid-search optimum) • QIB 245x — heavy institutional sponsorship (biggest historical tails came from this group) • ₹0.3cr/day turnover ≈ 0.5% of free float changing hands daily — sleepy float • 🔥 Volume thrust (≥5× avg) within the last 5 sessions (2026-08-13) — the institutional footprint that preceded most historical winners • 🚧 UNDER SURVEILLANCE: ESM Stage I — price band capped, 100% margin, liquidity dries (historical band-lock episodes: −5.8% median over next 60 sessions, 41% win) • Lead manager Corporate Capitalventures Pvt.Ltd.: 73% of 11 issues above issue today, LM score 83/100"
HVAX Technologies Ltd.,SME,HVAX,NSE,INE0TO501019,2024-10-07,AVOID,AVOID,33,661.5,677.25,2.4,14.02,24.31,0.0502656,-11.55,20,1.0,44.43,,,,,,Fedex Securities Pvt.Ltd.,2024-11-01,2024-12-31,https://www.screener.in/company/HVAX/,https://www.tradingview.com/chart/?symbol=NSE%3AHVAX,0.08,167.0,66.65,,,,,,,,,,False,,2026-07-14,18.0,,0,False,,"Score 33/100 — structure 0/35, base 14/20, liquidity 0/15, institutions 6/15, lock-in 5/5, LM 3/5, momentum 5/5 • Base gave up -11.6% vs listing close — looser than the −10% ideal; demands a smaller position • QIB 14x — thin institutional book (score-penalised, not disqualifying: stops manage the risk) • ₹0.1cr/day turnover ≈ 0.1% of free float changing hands daily — sleepy float • Lead manager Fedex Securities Pvt.Ltd.: 43% of 23 issues above issue today, LM score 54/100 • Listed +47% — the historical sweet-spot band"
DAM Capital Advisors Ltd.,Mainboard,DAMCAPITAL,NSE,INE284H01025,2024-12-27,AVOID,AVOID,33,145.54,456.9,213.9,166.33,57.65,4.02589103285,-33.87,407,,-48.57,,,,,,Nuvama Wealth Management Ltd.,2025-01-22,2025-03-23,https://www.screener.in/company/DAMCAPITAL/,https://www.tradingview.com/chart/?symbol=NSE%3ADAMCAPITAL,0.62,1029.0,40.0,,,,,,,,,,False,2025-03-24,,,2026-07-15,9,False,,"Score 33/100 — structure 0/35, base 0/20, liquidity 10/15, institutions 15/15, lock-in 5/5, LM 3/5, momentum 0/5 • Never reclaimed the listing-day high in 407 sessions — this cohort's median outcome is deeply negative • Broken base (-33.9%) — distribution, not accumulation • QIB 166x — heavy institutional sponsorship (biggest historical tails came from this group) • ₹4.0cr/day turnover ≈ 0.6% of free float changing hands daily — sleepy float • Lead manager Nuvama Wealth Management Ltd.: 50% of 10 issues above issue today, LM score 45/100"
Indo Farm Equipment Ltd.,Mainboard,INDOFARM,NSE,INE622H01018,2025-01-07,AVOID,AVOID,33,138.06,287.0,107.9,242.4,159.23,2.97329747025,-37.64,400,,-35.79,,,,,,Aryaman Financial Services Ltd.,2025-02-02,2025-04-02,https://www.screener.in/company/INDOFARM/,https://www.tradingview.com/chart/?symbol=NSE%3AINDOFARM,1.37,700.0,70.62,,,,,,,,,,False,2025-07-17,,,2026-07-03,11,False,,"Score 33/100 — structure 0/35, base 0/20, liquidity 10/15, institutions 15/15, lock-in 5/5, LM 3/5, momentum 0/5 • Never reclaimed the listing-day high in 400 sessions — this cohort's median outcome is deeply negative • Broken base (-37.6%) — distribution, not accumulation • QIB 242x — heavy institutional sponsorship (biggest historical tails came from this group) • ₹3.0cr/day turnover ≈ 1.4% of free float changing hands daily — healthy churn • Lead manager Aryaman Financial Services Ltd.: 47% of 15 issues above issue today, LM score 41/100"
Laxmi Dental Ltd.,Mainboard,LAXMIDENTL,NSE,INE0WO601020,2025-01-20,AVOID,AVOID,33,198.18,584.0,194.7,110.38,63.1,3.0183552337,-43.11,391,,-53.7,,,,,,Nuvama Wealth Management Ltd.,2025-02-14,2025-04-15,https://www.screener.in/company/LAXMIDENTL/,https://www.tradingview.com/chart/?symbol=NSE%3ALAXMIDENTL,0.45,1111.0,41.8,,,,,,,,,,False,2025-03-07,,,2026-05-25,14,False,,"Score 33/100 — structure 0/35, base 0/20, liquidity 10/15, institutions 15/15, lock-in 5/5, LM 3/5, momentum 0/5 • Never reclaimed the listing-day high in 391 sessions — this cohort's median outcome is deeply negative • Broken base (-43.1%) — distribution, not accumulation • QIB 110x — heavy institutional sponsorship (biggest historical tails came from this group) • ₹3.0cr/day turnover ≈ 0.5% of free float changing hands daily — sleepy float • Lead manager Nuvama Wealth Management Ltd.: 50% of 10 issues above issue today, LM score 45/100"
Virtual Galaxy Infotech Ltd.,SME,VGINFOTECH,NSE,INE0VRH01015,2025-05-19,AVOID,AVOID,33,149.95,153.95,2.7,,163.65,0.5508125,,2,,5.6,,,,,,Smart Horizon Capital Advisors Pvt.Ltd.,2025-06-14,2025-08-13,https://www.screener.in/company/VGINFOTECH/,https://www.tradingview.com/chart/?symbol=NSE%3AVGINFOTECH,0.43,375.0,65.0,,,,,,,,,,False,,,,,0,False,,"Score 33/100 — structure 10/35, base 0/20, liquidity 0/15, institutions 8/15, lock-in 5/5, LM 5/5, momentum 5/5 • ₹0.6cr/day turnover ≈ 0.4% of free float changing hands daily — sleepy float • Lead manager Smart Horizon Capital Advisors Pvt.Ltd.: 74% of 27 issues above issue today, LM score 82/100 • Listed +6% — the historical sweet-spot band"
Unified Data-Tech Solutions Ltd.,SME,UNIFIED,BSE,INE1ABX01018,2025-05-29,AVOID,AVOID,33,378.0,379.8,0.5,,49.24,0.923104,,2,,38.46,,,,,,Hem Securities Ltd.,2025-06-26,2025-08-25,https://www.screener.in/company/544406/,https://www.tradingview.com/chart/?symbol=BSE%3A544406,0.31,760.0,60.39,,,,,,,,,,False,,,,,0,False,,"Score 33/100 — structure 10/35, base 0/20, liquidity 0/15, institutions 8/15, lock-in 5/5, LM 5/5, momentum 5/5 • ₹0.9cr/day turnover ≈ 0.3% of free float changing hands daily — sleepy float • Lead manager Hem Securities Ltd.: 62% of 68 issues above issue today, LM score 72/100 • Listed +38% — the historical sweet-spot band"
Smarten Power Systems Ltd.,SME,SMARTEN,NSE,INE14GK01016,2025-07-14,AVOID,AVOID,33,58.3,55.55,-4.7,,5.45,0.233061,,2,1.0,-41.7,,,,,,Arihant Capital Markets Ltd.,,,https://www.screener.in/company/SMARTEN/,https://www.tradingview.com/chart/?symbol=NSE%3ASMARTEN,0.66,91.3,67.1,ESM Stage I,,,2026-07-11,2026-10-09,Enhanced Surveillance Measure (ESM) - Stage I (NSE list 20-Aug-2026),"Trade-to-trade settlement, 100% margin, 5% daily band (2% if already there). No intraday.",mcap ₹91cr still < ₹500cr pool boundary,"Exit when price/volatility criteria normalise on review, or mcap sustainably exceeds the ₹500cr micro-cap pool",False,,2026-08-20,0.0,,0,False,,"Score 33/100 — structure 35/35, base 0/20, liquidity 0/15, institutions 2/15, lock-in 5/5, LM 3/5, momentum 3/5 • Reclaimed the pivot on session 1 and holds above — trend intact; manage, don't add • ₹0.2cr/day turnover ≈ 0.7% of free float changing hands daily — sleepy float • 🚧 UNDER SURVEILLANCE: ESM Stage I — price band capped, 100% margin, liquidity dries (historical band-lock episodes: −5.8% median over next 60 sessions, 41% win) • Lead manager Arihant Capital Markets Ltd.: 50% of 6 issues above issue today, LM score 63/100 • Discount listing (-44%) — historically the worst cohort"
Sampat Aluminium Ltd.,SME,SAMPAT,BSE,INE10XS01012,2025-09-24,AVOID,AVOID,33,38.25,39.7,3.8,87.02,118.93,0.0273288,,2,,-68.12,,,,,,Marwadi Chandarana Intermediaries Brokers Pvt.Ltd.,2025-10-22,2025-12-21,https://www.screener.in/company/544520/,https://www.tradingview.com/chart/?symbol=BSE%3A544520,0.23,32.4,63.67,,,,,,,,,,False,,,,,0,False,,"Score 33/100 — structure 10/35, base 0/20, liquidity 0/15, institutions 15/15, lock-in 5/5, LM 3/5, momentum 0/5 • QIB 87x — heavy institutional sponsorship (biggest historical tails came from this group) • ₹0.0cr/day turnover ≈ 0.2% of free float changing hands daily — sleepy float • Lead manager Marwadi Chandarana Intermediaries Brokers Pvt.Ltd.: 33% of 12 issues above issue today, LM score 41/100 • Discount listing (-68%) — historically the worst cohort"
Purple Wave Infocom Ltd.,SME,PURPLEWAVE,BSE,INE0VDK01019,2025-12-05,AVOID,AVOID,33,297.15,138.0,-53.6,11.85,5.29,1.50821275,-16.51,164,145.0,135.83,,,,,,Smart Horizon Capital Advisors Pvt.Ltd.,2026-01-03,2026-03-04,https://www.screener.in/company/544627/,https://www.tradingview.com/chart/?symbol=BSE%3A544627,2.9,262.0,71.92,,5%,"SME LT-ASM risk: +157% in 3 months (criterion: ≥±90%, indicative) | 1-month high-low variation 169% (ST-ASM secondary criterion ≥75%)",,,,,,,False,2026-02-09,2026-07-27,18.0,2026-07-15,7,False,,"Score 33/100 — structure 8/35, base 6/20, liquidity 6/15, institutions 6/15, lock-in 5/5, LM 5/5, momentum 5/5 • Base gave up -16.5% vs listing close — looser than the −10% ideal; demands a smaller position • QIB 12x — thin institutional book (score-penalised, not disqualifying: stops manage the risk) • ₹1.5cr/day turnover ≈ 2.9% of free float changing hands daily — healthy churn • 🚧 Trading pinned to a 5% daily band — behaves like a surveillance cage even if not yet listed; volume typically dries −20% • ⚠ SME LT-ASM risk: +157% in 3 months (criterion: ≥±90%, indicative) • ⚠ 1-month high-low variation 169% (ST-ASM secondary criterion ≥75%)"
H.R.Hygiene Products Ltd.,SME,HRHYGIENE,BSE,INE17DP01015,2026-08-05,AVOID,AVOID,33,78.35,91.0,16.1,2.81,5.04,3.361912933333333,-27.03,12,,-10.97,,,,,,Marwadi Chandarana Intermediaries Brokers Pvt.Ltd.,2026-09-02,2026-11-01,https://www.screener.in/company/544848/,https://www.tradingview.com/chart/?symbol=BSE%3A544848,3.34,153.0,48.54,,,,,,,,,,False,,,,,0,False,,"Score 33/100 — structure 10/35, base 0/20, liquidity 10/15, institutions 2/15, lock-in 5/5, LM 3/5, momentum 3/5 • Broken base (-27.0%) — distribution, not accumulation • QIB 3x — thin institutional book (score-penalised, not disqualifying: stops manage the risk) • ₹3.4cr/day turnover ≈ 3.3% of free float changing hands daily — healthy churn • Lead manager Marwadi Chandarana Intermediaries Brokers Pvt.Ltd.: 33% of 12 issues above issue today, LM score 41/100"
Sham Foam Ltd.,SME,SHAMFOAM,BSE,INE0Z9N01013,2026-08-18,AVOID,AVOID,33,89.25,109.0,22.1,,2.39,7.0781383333333325,,3,,-31.35,,,,,,Corporate Makers Capital Ltd.,,,,,,,,,,,,,,,,,False,,,,,0,False,,"Score 33/100 — structure 10/35, base 0/20, liquidity 15/15, institutions 2/15, lock-in 5/5, LM 1/5, momentum 0/5 • Lead manager Corporate Makers Capital Ltd.: 17% of 12 issues above issue today, LM score 28/100 • Discount listing (-20%) — historically the worst cohort"
Updater Services Ltd.,Mainboard,UDS,NSE,INE851I01011,2023-10-04,AVOID,AVOID,32,212.75,298.65,40.4,4.5,2.1,7.474402704750001,-17.12,709,47.0,-29.08,,,,,,IIFL Capital Services Ltd.,2023-10-28,2023-12-27,https://www.screener.in/company/UDS/,https://www.tradingview.com/chart/?symbol=NSE%3AUDS,1.31,1414.0,59.09,,,,,,,,,,False,2023-12-13,2025-05-12,317.0,2026-06-05,13,False,,"Score 32/100 — structure 0/35, base 6/20, liquidity 15/15, institutions 2/15, lock-in 5/5, LM 1/5, momentum 3/5 • Base gave up -17.1% vs listing close — looser than the −10% ideal; demands a smaller position • QIB 4x — thin institutional book (score-penalised, not disqualifying: stops manage the risk) • ₹7.5cr/day turnover ≈ 1.3% of free float changing hands daily — healthy churn • Lead manager IIFL Capital Services Ltd.: 30% of 10 issues above issue today, LM score 34/100"
Rockingdeals Circular Economy Ltd.,SME,ROCKINGDCE,NSE,INE0PTR01012,2023-11-30,AVOID,AVOID,32,180.4,315.0,74.6,47.38,149.93,0.089931375,-18.73,653,16.0,28.86,,,,,,Corporate Capitalventures Pvt.Ltd.,2023-12-28,2024-02-26,https://www.screener.in/company/ROCKINGDCE/,https://www.tradingview.com/chart/?symbol=NSE%3AROCKINGDCE,0.13,150.0,50.95,,,,,,,,,,False,2024-06-13,2023-12-28,633.0,2026-05-27,13,False,,"Score 32/100 — structure 0/35, base 6/20, liquidity 0/15, institutions 11/15, lock-in 5/5, LM 5/5, momentum 5/5 • Base gave up -18.7% vs listing close — looser than the −10% ideal; demands a smaller position • QIB 47x — decent institutional interest • ₹0.1cr/day turnover ≈ 0.1% of free float changing hands daily — sleepy float • Lead manager Corporate Capitalventures Pvt.Ltd.: 73% of 11 issues above issue today, LM score 83/100"
Modern Diagnostic & Research Centre Ltd.,SME,MDRC,BSE,INE1HK501016,2026-01-07,AVOID,AVOID,32,51.8,100.0,93.1,193.51,263.37,0.05390424,-21.89,125,,-42.44,,,,,,Beeline Capital Advisors Pvt.Ltd.,2026-02-03,2026-04-04,https://www.screener.in/company/544673/,https://www.tradingview.com/chart/?symbol=BSE%3A544673,0.26,74.0,72.85,,,,,,,,,,False,2026-06-01,,,2026-08-14,2,True,,"Score 32/100 — structure 0/35, base 6/20, liquidity 0/15, institutions 15/15, lock-in 5/5, LM 3/5, momentum 3/5 • Never reclaimed the listing-day high in 125 sessions — this cohort's median outcome is deeply negative • Base gave up -21.9% vs listing close — looser than the −10% ideal; demands a smaller position • QIB 194x — heavy institutional sponsorship (biggest historical tails came from this group) • ₹0.1cr/day turnover ≈ 0.3% of free float changing hands daily — sleepy float • 🔥 Volume thrust (≥5× avg) within the last 5 sessions (2026-08-14) — the institutional footprint that preceded most historical winners • Lead manager Beeline Capital Advisors Pvt.Ltd.: 53% of 57 issues above issue today, LM score 58/100"
CSM Technologies Ltd.,Mainboard,CSM,NSE,INE0ZK601013,2026-07-02,AVOID,AVOID,32,99.37,113.0,13.7,1.02,1.14,4.3905410943000005,-12.18,36,,-12.06,,,,,,Keynote Financial Services Ltd.,2026-07-30,2026-09-28,https://www.screener.in/company/CSM/,https://www.tradingview.com/chart/?symbol=NSE%3ACSM,2.89,518.0,71.18,,,,,,,,,,False,,,,,0,False,,"Score 32/100 — structure 0/35, base 14/20, liquidity 10/15, institutions 2/15, lock-in 5/5, LM 1/5, momentum 0/5 • Never reclaimed the listing-day high in 36 sessions — this cohort's median outcome is deeply negative • Base gave up -12.2% vs listing close — looser than the −10% ideal; demands a smaller position • QIB 1x — thin institutional book (score-penalised, not disqualifying: stops manage the risk) • ₹4.4cr/day turnover ≈ 2.9% of free float changing hands daily — healthy churn"
Silverstorm Parks & Resorts Ltd.,SME,SSPRL,BSE,INE1EJ401023,2026-07-31,AVOID,AVOID,32,130.35,133.0,2.0,1.81,1.69,3.952277,-13.0,15,8.0,-1.99,,,,,,Vivro Financial Services Pvt.Ltd.,2026-08-28,2026-10-27,https://www.screener.in/company/544840/,https://www.tradingview.com/chart/?symbol=BSE%3A544840,2.74,294.0,50.97,,,,,,,,,,False,,2026-08-12,6.0,,0,False,,"Score 32/100 — structure 0/35, base 14/20, liquidity 10/15, institutions 2/15, lock-in 0/5, LM 3/5, momentum 3/5 • Base gave up -13.0% vs listing close — looser than the −10% ideal; demands a smaller position • QIB 2x — thin institutional book (score-penalised, not disqualifying: stops manage the risk) • ₹4.0cr/day turnover ≈ 2.7% of free float changing hands daily — healthy churn • ⚠ Anchor 30-day lock-in expires 2026-08-28 (8d) — historical median drift −2.4% into expiry; no fresh entries • Lead manager Vivro Financial Services Pvt.Ltd.: 64% of 11 issues above issue today, LM score 67/100"
Srivari Spices & Foods Ltd.,SME,SSFL,NSE,INE0ON201012,2023-08-18,AVOID,AVOID,31,240.0,267.0,11.3,79.1,320.1,0.2788893055555556,-15.4,18,,471.43,,,,,,GYR Capital Advisors Pvt.Ltd.,2023-09-13,2023-11-12,https://www.screener.in/company/SSFL/,https://www.tradingview.com/chart/?symbol=NSE%3ASSFL,0.32,198.0,58.28,ESM Stage I,,,2026-07-11,2026-10-09,Enhanced Surveillance Measure (ESM) - Stage I (NSE list 20-Aug-2026),"Trade-to-trade settlement, 100% margin, 5% daily band (2% if already there). No intraday.",mcap ₹198cr still < ₹500cr pool boundary; 5-session move +2%,"Exit when price/volatility criteria normalise on review, or mcap sustainably exceeds the ₹500cr micro-cap pool",False,,,,,0,False,,"Score 31/100 — structure 10/35, base 6/20, liquidity 0/15, institutions 15/15, lock-in 5/5, LM 5/5, momentum 5/5 • Base gave up -15.4% vs listing close — looser than the −10% ideal; demands a smaller position • QIB 79x — heavy institutional sponsorship (biggest historical tails came from this group) • ₹0.3cr/day turnover ≈ 0.3% of free float changing hands daily — sleepy float • 🚧 UNDER SURVEILLANCE: ESM Stage I — price band capped, 100% margin, liquidity dries (historical band-lock episodes: −5.8% median over next 60 sessions, 41% win) • Lead manager GYR Capital Advisors Pvt.Ltd.: 57% of 49 issues above issue today, LM score 72/100 • Mega-pop (+519%) — day-1 buyers are extended; base needs extra proof"
Shree OSFM E-Mobility Ltd.,SME,SHREEOSFM,NSE,INE02S501018,2023-12-21,AVOID,AVOID,31,60.3,68.25,13.2,,7.93,0.05581725,4.98,637,1.0,-7.23,,,,,,First Overseas Capital Ltd.,,,https://www.screener.in/company/SHREEOSFM/,https://www.tradingview.com/chart/?symbol=NSE%3ASHREEOSFM,0.13,91.5,52.24,,,,,,,,,,False,2024-02-23,2026-05-20,63.0,2026-07-29,16,False,,"Score 31/100 — structure 0/35, base 20/20, liquidity 0/15, institutions 2/15, lock-in 5/5, LM 1/5, momentum 3/5 • Tight base — held within 5.0% of listing close (the −10% cutoff was the grid-search optimum) • ₹0.1cr/day turnover ≈ 0.1% of free float changing hands daily — sleepy float • Lead manager First Overseas Capital Ltd.: 12% of 8 issues above issue today, LM score 8/100"
Electro Force (India) Ltd.,SME,EFORCE,NSE,INE0Q1W01012,2023-12-27,AVOID,AVOID,31,22.1,105.0,375.1,,4.21,0.0144456,2.0,637,1.0,-76.24,,,,,,First Overseas Capital Ltd.,,,https://www.screener.in/company/EFORCE/,https://www.tradingview.com/chart/?symbol=NSE%3AEFORCE,0.08,49.1,62.89,,,,,,,,,,False,2024-01-30,2023-12-28,635.0,2026-07-08,8,False,,"Score 31/100 — structure 0/35, base 20/20, liquidity 0/15, institutions 2/15, lock-in 5/5, LM 1/5, momentum 3/5 • Tight base — held within 2.0% of listing close (the −10% cutoff was the grid-search optimum) • ₹0.0cr/day turnover ≈ 0.1% of free float changing hands daily — sleepy float • Lead manager First Overseas Capital Ltd.: 12% of 8 issues above issue today, LM score 8/100"
Docmode Health Technologies Ltd.,SME,DHTL,NSE,INE0OGG01015,2024-02-02,AVOID,AVOID,31,33.1,33.9,2.4,,210.37,0.0458324,-9.6,10,4.0,-58.1,,,,,,Fedex Securities Pvt.Ltd.,,,https://www.screener.in/company/DHTL/,https://www.tradingview.com/chart/?symbol=NSE%3ADHTL,0.64,9.92,29.5,,5%,,,,,,,,False,2026-08-13,2026-08-10,5.0,2026-08-14,2,True,,"Score 31/100 — structure 0/35, base 20/20, liquidity 0/15, institutions 8/15, lock-in 5/5, LM 3/5, momentum 3/5 • Tight base — held within 9.6% of listing close (the −10% cutoff was the grid-search optimum) • ₹0.0cr/day turnover ≈ 0.6% of free float changing hands daily — sleepy float • 🔥 Volume thrust (≥5× avg) within the last 5 sessions (2026-08-14) — the institutional footprint that preceded most historical winners • 🚧 Trading pinned to a 5% daily band — behaves like a surveillance cage even if not yet listed; volume typically dries −20% • Lead manager Fedex Securities Pvt.Ltd.: 43% of 23 issues above issue today, LM score 54/100 • Discount listing (-57%) — historically the worst cohort"
Deepak Builders & Engineers India Ltd.,Mainboard,DBEIL,NSE,INE0OPA01019,2024-10-28,AVOID,AVOID,31,89.94,200.0,122.4,13.91,28.91,0.7324489767,-14.11,404,40.0,-55.69,,,,,,Fedex Securities Pvt.Ltd.,2024-11-22,2025-01-21,https://www.screener.in/company/DBEIL/,https://www.tradingview.com/chart/?symbol=NSE%3ADBEIL,0.07,327.0,71.84,,,In ESM-eligible pool (mcap ₹327cr < ₹500cr) — sharp rallies can trigger 100% margin + 2%/5% band,,,,,,,False,2024-12-06,2024-12-26,363.0,2026-06-17,10,True,,"Score 31/100 — structure 0/35, base 14/20, liquidity 0/15, institutions 6/15, lock-in 5/5, LM 3/5, momentum 3/5 • Base gave up -14.1% vs listing close — looser than the −10% ideal; demands a smaller position • QIB 14x — thin institutional book (score-penalised, not disqualifying: stops manage the risk) • ₹0.7cr/day turnover ≈ 0.1% of free float changing hands daily — sleepy float • 🔥 Volume thrust (≥5× avg) within the last 5 sessions (2026-06-17) — the institutional footprint that preceded most historical winners • ⚠ In ESM-eligible pool (mcap ₹327cr < ₹500cr) — sharp rallies can trigger 100% margin + 2%/5% band • Lead manager Fedex Securities Pvt.Ltd.: 43% of 23 issues above issue today, LM score 54/100"
Parmeshwar Metal Ltd.,SME,PARMESHWAR,BSE,INE0QQJ01021,2025-01-09,AVOID,AVOID,31,195.0,196.0,0.5,,425.12,0.5755375,,2,,219.67,,,,,,Beeline Capital Advisors Pvt.Ltd.,2025-02-05,2025-04-06,https://www.screener.in/company/544330/,https://www.tradingview.com/chart/?symbol=BSE%3A544330,0.69,292.0,72.03,,,,,,,,,,False,,,,,0,False,,"Score 31/100 — structure 10/35, base 0/20, liquidity 0/15, institutions 8/15, lock-in 5/5, LM 3/5, momentum 5/5 • ₹0.6cr/day turnover ≈ 0.7% of free float changing hands daily — sleepy float • Lead manager Beeline Capital Advisors Pvt.Ltd.: 53% of 57 issues above issue today, LM score 58/100 • Mega-pop (+220%) — day-1 buyers are extended; base needs extra proof"
Fabtech Technologies Cleanrooms Ltd.,SME,FABCLEAN,BSE,INE0HSD01011,2025-01-10,AVOID,AVOID,31,407.0,419.0,2.9,,476.37,0.278739,,2,,378.82,,,,,,Vivro Financial Services Pvt.Ltd.,2025-02-08,2025-04-08,https://www.screener.in/company/544332/,https://www.tradingview.com/chart/?symbol=BSE%3A544332,0.18,501.0,68.49,,,,,,,,,,False,,,,,0,False,,"Score 31/100 — structure 10/35, base 0/20, liquidity 0/15, institutions 8/15, lock-in 5/5, LM 3/5, momentum 5/5 • ₹0.3cr/day turnover ≈ 0.2% of free float changing hands daily — sleepy float • Lead manager Vivro Financial Services Pvt.Ltd.: 64% of 11 issues above issue today, LM score 67/100 • Mega-pop (+393%) — day-1 buyers are extended; base needs extra proof"
Delta Autocorp Ltd.,SME,DELTIC,NSE,INE0XRN01019,2025-01-14,AVOID,AVOID,31,35.4,35.4,0.0,,238.75,0.06462,,2,,-72.77,,,,,,GYR Capital Advisors Pvt.Ltd.,2025-02-08,2025-04-09,https://www.screener.in/company/DELTIC/,https://www.tradingview.com/chart/?symbol=NSE%3ADELTIC,0.42,52.8,71.0,,,,,,,,,,False,,,,,0,False,,"Score 31/100 — structure 10/35, base 0/20, liquidity 0/15, institutions 8/15, lock-in 5/5, LM 5/5, momentum 3/5 • ₹0.1cr/day turnover ≈ 0.4% of free float changing hands daily — sleepy float • Lead manager GYR Capital Advisors Pvt.Ltd.: 57% of 49 issues above issue today, LM score 72/100 • Discount listing (-73%) — historically the worst cohort"
Sat Kartar Shopping Ltd.,SME,SATKARTAR,NSE,INE0NB801022,2025-01-17,AVOID,AVOID,31,117.0,120.9,3.3,,239.46,0.193048,,2,,44.44,,,,,,Narnolia Financial Services Ltd.,2025-02-16,2025-04-18,https://www.screener.in/company/SATKARTAR/,https://www.tradingview.com/chart/?symbol=NSE%3ASATKARTAR,0.29,191.0,63.62,,,,,,,,,,False,,,,,0,False,,"Score 31/100 — structure 10/35, base 0/20, liquidity 0/15, institutions 8/15, lock-in 5/5, LM 3/5, momentum 5/5 • ₹0.2cr/day turnover ≈ 0.3% of free float changing hands daily — sleepy float • Lead manager Narnolia Financial Services Ltd.: 47% of 30 issues above issue today, LM score 57/100 • Listed +49% — the historical sweet-spot band"
Rikhav Securities Ltd.,SME,RIKHAV,BSE,INE0CFH01028,2025-01-22,AVOID,AVOID,31,45.45,45.45,0.0,,196.18,0.079064,,1,,-47.15,,,,,,Smart Horizon Capital Advisors Pvt.Ltd.,2025-02-19,2025-04-20,https://www.screener.in/company/544340/,https://www.tradingview.com/chart/?symbol=BSE%3A544340,0.13,174.0,64.06,,,,,,,,,,False,,,,,0,False,,"Score 31/100 — structure 10/35, base 0/20, liquidity 0/15, institutions 8/15, lock-in 5/5, LM 5/5, momentum 3/5 • ₹0.1cr/day turnover ≈ 0.1% of free float changing hands daily — sleepy float • Lead manager Smart Horizon Capital Advisors Pvt.Ltd.: 74% of 27 issues above issue today, LM score 82/100 • Discount listing (-47%) — historically the worst cohort"
Desco Infratech Ltd.,SME,DESCO,BSE,INE0TGG01014,2025-04-01,AVOID,AVOID,31,185.25,191.8,3.5,,58.99,0.3676075,,2,,23.5,,,,,,Smart Horizon Capital Advisors Pvt.Ltd.,2025-04-26,2025-06-25,https://www.screener.in/company/544387/,https://www.tradingview.com/chart/?symbol=BSE%3A544387,0.62,138.0,58.31,,,,,,,,,,False,,,,,0,False,,"Score 31/100 — structure 10/35, base 0/20, liquidity 0/15, institutions 8/15, lock-in 5/5, LM 5/5, momentum 3/5 • ₹0.4cr/day turnover ≈ 0.6% of free float changing hands daily — sleepy float • Lead manager Smart Horizon Capital Advisors Pvt.Ltd.: 74% of 27 issues above issue today, LM score 82/100 • Listed +23% — the historical sweet-spot band"
Srigee DLM Ltd.,SME,SRIGEE,BSE,INE0RJ901010,2025-05-12,AVOID,AVOID,31,84.7,86.95,2.7,,343.18,0.075117,,2,,-14.44,,,,,,GYR Capital Advisors Pvt.Ltd.,2025-06-07,2025-08-06,https://www.screener.in/company/544399/,https://www.tradingview.com/chart/?symbol=BSE%3A544399,0.28,50.9,45.37,,,,,,,,,,False,,,,,0,False,,"Score 31/100 — structure 10/35, base 0/20, liquidity 0/15, institutions 8/15, lock-in 5/5, LM 5/5, momentum 3/5 • ₹0.1cr/day turnover ≈ 0.3% of free float changing hands daily — sleepy float • Lead manager GYR Capital Advisors Pvt.Ltd.: 57% of 49 issues above issue today, LM score 72/100 • Discount listing (-12%) — historically the worst cohort"
Dar Credit & Capital Ltd.,SME,DCCL,NSE,INE04Q901010,2025-05-28,AVOID,AVOID,31,46.4,46.4,0.0,,74.07,0.00928,,1,,-22.67,,,,,,GYR Capital Advisors Pvt.Ltd.,2025-06-25,2025-08-24,https://www.screener.in/company/DCCL/,https://www.tradingview.com/chart/?symbol=NSE%3ADCCL,0.05,66.2,69.14,,,,,,,,,,False,,,,,0,False,,"Score 31/100 — structure 10/35, base 0/20, liquidity 0/15, institutions 8/15, lock-in 5/5, LM 5/5, momentum 3/5 • ₹0.0cr/day turnover ≈ 0.1% of free float changing hands daily — sleepy float • Lead manager GYR Capital Advisors Pvt.Ltd.: 57% of 49 issues above issue today, LM score 72/100 • Discount listing (-23%) — historically the worst cohort"
Ace Alpha Tech Ltd.,SME,ACEALPHA,BSE,INE0S9X01011,2025-07-03,AVOID,AVOID,31,132.0,133.15,0.9,,71.23,0.144825,,1,,91.3,,,,,,Narnolia Financial Services Ltd.,2025-07-31,2025-09-29,https://www.screener.in/company/544431/,https://www.tradingview.com/chart/?symbol=BSE%3A544431,0.11,234.0,43.9,,,,,,,,,,False,,,,,0,False,,"Score 31/100 — structure 10/35, base 0/20, liquidity 0/15, institutions 8/15, lock-in 5/5, LM 3/5, momentum 5/5 • ₹0.1cr/day turnover ≈ 0.1% of free float changing hands daily — sleepy float • Lead manager Narnolia Financial Services Ltd.: 47% of 30 issues above issue today, LM score 57/100 • Mega-pop (+93%) — day-1 buyers are extended; base needs extra proof"
Systematic Industries Ltd.,SME,SYSTEMATIC,BSE,INE1KLZ01011,2025-10-01,AVOID,AVOID,31,232.75,238.7,2.6,9.85,4.66,0.8464485,,2,,19.36,,,,,,Hem Securities Ltd.,2025-10-29,2025-12-28,https://www.screener.in/company/544541/,https://www.tradingview.com/chart/?symbol=BSE%3A544541,0.62,528.0,73.42,,,,,,,,,,False,,,,,0,False,,"Score 31/100 — structure 10/35, base 0/20, liquidity 0/15, institutions 6/15, lock-in 5/5, LM 5/5, momentum 5/5 • QIB 10x — thin institutional book (score-penalised, not disqualifying: stops manage the risk) • ₹0.8cr/day turnover ≈ 0.6% of free float changing hands daily — sleepy float • Lead manager Hem Securities Ltd.: 62% of 68 issues above issue today, LM score 72/100 • Listed +22% — the historical sweet-spot band"
Telge Projects Ltd.,SME,TELGE,BSE,INE0SRP01014,2025-10-03,AVOID,AVOID,31,182.0,184.0,1.1,5.41,2.61,0.04392,,1,,73.33,,,,,,Smart Horizon Capital Advisors Pvt.Ltd.,2025-10-29,2025-12-28,https://www.screener.in/company/544544/,https://www.tradingview.com/chart/?symbol=BSE%3A544544,0.09,173.0,72.16,,,,,,,,,,False,,,,,0,False,,"Score 31/100 — structure 10/35, base 0/20, liquidity 0/15, institutions 6/15, lock-in 5/5, LM 5/5, momentum 5/5 • QIB 5x — thin institutional book (score-penalised, not disqualifying: stops manage the risk) • ₹0.0cr/day turnover ≈ 0.1% of free float changing hands daily — sleepy float • Lead manager Smart Horizon Capital Advisors Pvt.Ltd.: 74% of 27 issues above issue today, LM score 82/100 • Mega-pop (+75%) — day-1 buyers are extended; base needs extra proof"
Excelsoft Technologies Ltd.,Mainboard,EXCELSOFT,NSE,INE606N01019,2025-11-26,AVOID,AVOID,31,70.88,142.59,101.2,50.06,31.87,4.9471258662,-34.98,181,,-40.93,,,,,,Anand Rathi Advisors Ltd.,2025-12-23,2026-02-21,https://www.screener.in/company/EXCELSOFT/,https://www.tradingview.com/chart/?symbol=NSE%3AEXCELSOFT,1.33,815.0,59.08,,,,,,,,,,False,2026-05-22,,,2026-08-03,3,False,,"Score 31/100 — structure 0/35, base 0/20, liquidity 10/15, institutions 15/15, lock-in 5/5, LM 1/5, momentum 0/5 • Never reclaimed the listing-day high in 181 sessions — this cohort's median outcome is deeply negative • Broken base (-35.0%) — distribution, not accumulation • QIB 50x — heavy institutional sponsorship (biggest historical tails came from this group) • ₹4.9cr/day turnover ≈ 1.3% of free float changing hands daily — healthy churn"
PNGS Reva Diamond Jewellery Ltd.,Mainboard,PNGSREVA,NSE,INE1RDG01013,2026-03-04,AVOID,AVOID,31,552.5,433.0,-21.6,1.1,1.29,45.2152905515,-21.24,115,40.0,43.13,,,,,,Smart Horizon Capital Advisors Pvt.Ltd.,2026-03-28,2026-05-27,https://www.screener.in/company/PNGSREVA/,https://www.tradingview.com/chart/?symbol=NSE%3APNGSREVA,7.93,1817.0,64.77,ASM Short-Term Stage I,,,2026-08-14,2026-08-21,"NSE ASM Short-Term list, 20-Aug-2026",50–100% additional margin for a SHORT window.,3-month move now +38% (cooled); 5-session move -9%,Auto-exit after the 5- or 15-day window unless re-triggered (e.g. another +25%/5-session burst),False,2026-04-07,2026-08-03,13.0,2026-08-04,3,False,,"Score 31/100 — structure 8/35, base 6/20, liquidity 15/15, institutions 2/15, lock-in 5/5, LM 5/5, momentum 5/5 • Base gave up -21.2% vs listing close — looser than the −10% ideal; demands a smaller position • QIB 1x — thin institutional book (score-penalised, not disqualifying: stops manage the risk) • ₹45.2cr/day turnover ≈ 7.9% of free float changing hands daily — crowded/manipulable, careful • 🚧 UNDER SURVEILLANCE: ASM Short-Term Stage I — price band capped, 100% margin, liquidity dries (historical band-lock episodes: −5.8% median over next 60 sessions, 41% win) • Lead manager Smart Horizon Capital Advisors Pvt.Ltd.: 74% of 27 issues above issue today, LM score 82/100"
Ramdevbaba Solvent Ltd.,SME,RBS,NSE,INE0RJH01010,2024-04-23,AVOID,AVOID,30,94.9,117.6,23.9,65.95,88.1,0.2074924,-31.89,568,1.0,11.65,,,,,,Choice Capital Advisors Pvt.Ltd.,2024-05-19,2024-07-18,https://www.screener.in/company/RBS/,https://www.tradingview.com/chart/?symbol=NSE%3ARBS,0.28,216.0,64.39,,,,,,,,,,False,2024-08-19,2025-10-29,191.0,2026-07-27,7,False,,"Score 30/100 — structure 0/35, base 0/20, liquidity 0/15, institutions 15/15, lock-in 5/5, LM 5/5, momentum 5/5 • Broken base (-31.9%) — distribution, not accumulation • QIB 66x — heavy institutional sponsorship (biggest historical tails came from this group) • ₹0.2cr/day turnover ≈ 0.3% of free float changing hands daily — sleepy float • Lead manager Choice Capital Advisors Pvt.Ltd.: 73% of 11 issues above issue today, LM score 78/100"
Unilex Colours & Chemicals Ltd.,SME,UNILEX,NSE,INE0B2801011,2024-10-03,AVOID,AVOID,30,28.4,89.0,213.4,15.58,26.49,0.0202648,-23.43,378,,-67.36,,,,,,Hem Securities Ltd.,2024-10-30,2024-12-29,https://www.screener.in/company/UNILEX/,https://www.tradingview.com/chart/?symbol=NSE%3AUNILEX,0.2,38.1,73.56,,,,,,,,,,False,2025-02-03,,,2026-08-05,11,False,,"Score 30/100 — structure 0/35, base 6/20, liquidity 0/15, institutions 11/15, lock-in 5/5, LM 5/5, momentum 3/5 • Never reclaimed the listing-day high in 378 sessions — this cohort's median outcome is deeply negative • Base gave up -23.4% vs listing close — looser than the −10% ideal; demands a smaller position • QIB 16x — decent institutional interest • ₹0.0cr/day turnover ≈ 0.2% of free float changing hands daily — sleepy float • Lead manager Hem Securities Ltd.: 62% of 68 issues above issue today, LM score 72/100"
Snehaa Organics Ltd.,SME,SNEHAA,NSE,INE1OIC01018,2025-09-05,AVOID,AVOID,30,45.85,45.85,0.0,42.19,27.48,0.036455,,1,,-62.42,,,,,,Fast Track Finsec Pvt.Ltd.,,,https://www.screener.in/company/SNEHAA/,https://www.tradingview.com/chart/?symbol=NSE%3ASNEHAA,0.3,46.7,73.68,,,,,,,,,,False,,,,,0,False,,"Score 30/100 — structure 10/35, base 0/20, liquidity 0/15, institutions 11/15, lock-in 5/5, LM 1/5, momentum 3/5 • QIB 42x — decent institutional interest • ₹0.0cr/day turnover ≈ 0.3% of free float changing hands daily — sleepy float • Lead manager Fast Track Finsec Pvt.Ltd.: 33% of 9 issues above issue today, LM score 33/100 • Discount listing (-63%) — historically the worst cohort"
Chatterbox Technologies Ltd.,SME,CHTR,BSE,INE1B4801017,2025-10-03,AVOID,AVOID,30,42.29,46.0,8.8,38.2,37.04,0.0753078,,2,,-63.23,,,,,,Expert Global Consultants Pvt.Ltd.,2025-10-29,2025-12-28,https://www.screener.in/company/544546/,https://www.tradingview.com/chart/?symbol=BSE%3A544546,0.32,65.1,60.39,,,,,,,,,,False,,,,,0,False,,"Score 30/100 — structure 10/35, base 0/20, liquidity 0/15, institutions 11/15, lock-in 5/5, LM 1/5, momentum 3/5 • QIB 38x — decent institutional interest • ₹0.1cr/day turnover ≈ 0.3% of free float changing hands daily — sleepy float • Lead manager Expert Global Consultants Pvt.Ltd.: 28% of 18 issues above issue today, LM score 38/100 • Discount listing (-60%) — historically the worst cohort"
NSB BPO Solutions Ltd.,SME,NSBBPO,BSE,INE0SLP01017,2025-10-10,AVOID,AVOID,30,65.45,67.8,3.6,25.49,1.0,0.020103,,1,,-45.91,,,,,,Inventure Merchant Banker Services Pvt.Ltd.,,,https://www.screener.in/company/544571/,https://www.tradingview.com/chart/?symbol=BSE%3A544571,0.02,135.0,33.63,,,,,,,,,,False,,,,,0,False,,"Score 30/100 — structure 10/35, base 0/20, liquidity 0/15, institutions 11/15, lock-in 5/5, LM 1/5, momentum 3/5 • QIB 25x — decent institutional interest • ₹0.0cr/day turnover ≈ 0.0% of free float changing hands daily — sleepy float • Lead manager Inventure Merchant Banker Services Pvt.Ltd.: 30% of 10 issues above issue today, LM score 22/100 • Discount listing (-44%) — historically the worst cohort"
Curis Lifesciences Ltd.,SME,CURIS,NSE,INE1BZN01016,2025-11-14,AVOID,AVOID,30,124.0,147.9,19.3,96.17,52.57,0.0672705,-24.11,167,,-3.12,,,,,,Finaax Capital Advisors Private Limited,2025-12-11,2026-02-09,https://www.screener.in/company/CURIS/,https://www.tradingview.com/chart/?symbol=NSE%3ACURIS,0.24,89.7,68.03,,,,,,,,,,False,2026-03-05,,,2026-07-16,4,False,,"Score 30/100 — structure 0/35, base 6/20, liquidity 0/15, institutions 15/15, lock-in 5/5, LM 1/5, momentum 3/5 • Never reclaimed the listing-day high in 167 sessions — this cohort's median outcome is deeply negative • Base gave up -24.1% vs listing close — looser than the −10% ideal; demands a smaller position • QIB 96x — heavy institutional sponsorship (biggest historical tails came from this group) • ₹0.1cr/day turnover ≈ 0.2% of free float changing hands daily — sleepy float"
Gallard Steel Ltd.,SME,GALLARD,BSE,INE0BUQ01012,2025-11-26,AVOID,AVOID,30,196.65,234.25,19.1,228.48,263.01,0.3175855,-25.72,163,1.0,31.1,,,,,,Seren Capital Pvt.Ltd.,2025-12-25,2026-02-23,https://www.screener.in/company/544616/,https://www.tradingview.com/chart/?symbol=BSE%3A544616,0.59,176.0,67.16,,,,,,,,,,False,2026-03-04,2025-11-27,161.0,2026-08-13,3,True,,"Score 30/100 — structure 0/35, base 0/20, liquidity 0/15, institutions 15/15, lock-in 5/5, LM 5/5, momentum 5/5 • Broken base (-25.7%) — distribution, not accumulation • QIB 228x — heavy institutional sponsorship (biggest historical tails came from this group) • ₹0.3cr/day turnover ≈ 0.6% of free float changing hands daily — sleepy float • 🔥 Volume thrust (≥5× avg) within the last 5 sessions (2026-08-13) — the institutional footprint that preceded most historical winners • Lead manager Seren Capital Pvt.Ltd.: 75% of 8 issues above issue today, LM score 73/100"
ROX Hi-Tech Ltd.,SME,ROXHITECH,NSE,INE0PDJ01013,2023-11-16,AVOID,AVOID,29,53.2,141.75,166.4,106.25,153.09,0.299034,0.88,673,1.0,-35.9,,,,,,Swaraj shares & securities Pvt.Ltd.,2023-12-15,2024-02-13,https://www.screener.in/company/ROXHITECH/,https://www.tradingview.com/chart/?symbol=NSE%3AROXHITECH,0.62,134.0,58.76,ASM Short-Term Stage I,,,2026-08-18,2026-08-25,"NSE ASM Short-Term list, 20-Aug-2026",50–100% additional margin for a SHORT window.,3-month move now +54% (cooled); 5-session move -3%,Auto-exit after the 5- or 15-day window unless re-triggered (e.g. another +25%/5-session burst),False,2024-04-18,2024-07-08,517.0,2026-07-21,6,False,,"Score 29/100 — structure 0/35, base 20/20, liquidity 0/15, institutions 15/15, lock-in 5/5, LM 1/5, momentum 3/5 • Tight base — held within 0.9% of listing close (the −10% cutoff was the grid-search optimum) • QIB 106x — heavy institutional sponsorship (biggest historical tails came from this group) • ₹0.3cr/day turnover ≈ 0.6% of free float changing hands daily — sleepy float • 🚧 UNDER SURVEILLANCE: ASM Short-Term Stage I — price band capped, 100% margin, liquidity dries (historical band-lock episodes: −5.8% median over next 60 sessions, 41% win) • Lead manager Swaraj shares & securities Pvt.Ltd.: 0% of 3 issues above issue today, LM score 23/100"
Credo Brands Marketing Ltd.,Mainboard,MUFTI,NSE,INE220Q01020,2023-12-27,AVOID,AVOID,29,77.19,324.8,320.8,104.95,36.35,0.97434312215,-21.17,653,,-72.43,,,,,,Dam Capital Advisors Ltd.,2024-01-21,2024-03-21,https://www.screener.in/company/MUFTI/,https://www.tradingview.com/chart/?symbol=NSE%3AMUFTI,0.41,507.0,54.99,,,,,,,,,,False,2024-08-07,,,2026-05-22,10,False,,"Score 29/100 — structure 0/35, base 6/20, liquidity 0/15, institutions 15/15, lock-in 5/5, LM 3/5, momentum 0/5 • Never reclaimed the listing-day high in 653 sessions — this cohort's median outcome is deeply negative • Base gave up -21.2% vs listing close — looser than the −10% ideal; demands a smaller position • QIB 105x — heavy institutional sponsorship (biggest historical tails came from this group) • ₹1.0cr/day turnover ≈ 0.4% of free float changing hands daily — sleepy float • Lead manager Dam Capital Advisors Ltd.: 56% of 9 issues above issue today, LM score 59/100"
Rapid Multimodal Logistics Ltd.,SME,RAPID,BSE,INE0QA901010,2024-08-30,AVOID,AVOID,29,138.0,108.15,-21.6,,349.91,0.0342636,-47.92,323,254.0,64.29,,,,,,Gretex Corporate Services Ltd.,,,https://www.screener.in/company/544237/,https://www.tradingview.com/chart/?symbol=BSE%3A544237,0.25,50.7,73.47,,,,,,,,,,False,2025-06-02,2026-01-14,49.0,2026-01-21,9,False,,"Score 29/100 — structure 8/35, base 0/20, liquidity 0/15, institutions 8/15, lock-in 5/5, LM 3/5, momentum 5/5 • Broken base (-47.9%) — distribution, not accumulation • ₹0.0cr/day turnover ≈ 0.2% of free float changing hands daily — sleepy float • Lead manager Gretex Corporate Services Ltd.: 41% of 22 issues above issue today, LM score 48/100"
Concord Enviro Systems Ltd.,Mainboard,CEWATER,NSE,INE037Z01029,2024-12-27,AVOID,AVOID,29,271.75,860.0,216.5,17.32,7.84,3.2687734914999997,-32.32,407,,-61.23,,,,,,Motilal Oswal Investment Advisors Ltd.,2025-01-22,2025-03-23,https://www.screener.in/company/CEWATER/,https://www.tradingview.com/chart/?symbol=NSE%3ACEWATER,1.18,548.0,51.43,,,,,,,,,,False,2025-05-26,,,2026-08-17,11,True,,"Score 29/100 — structure 0/35, base 0/20, liquidity 10/15, institutions 11/15, lock-in 5/5, LM 3/5, momentum 0/5 • Never reclaimed the listing-day high in 407 sessions — this cohort's median outcome is deeply negative • Broken base (-32.3%) — distribution, not accumulation • QIB 17x — decent institutional interest • ₹3.3cr/day turnover ≈ 1.2% of free float changing hands daily — healthy churn • 🔥 Volume thrust (≥5× avg) within the last 5 sessions (2026-08-17) — the institutional footprint that preceded most historical winners • Lead manager Motilal Oswal Investment Advisors Ltd.: 56% of 9 issues above issue today, LM score 56/100"
Indobell Insulations Ltd.,SME,INDOBELL,BSE,INE0FK501019,2025-01-13,AVOID,AVOID,29,71.04,71.9,1.2,,55.38,0.0732607,,2,,54.43,,,,,,Finshore Management Services Ltd.,,,https://www.screener.in/company/544334/,https://www.tradingview.com/chart/?symbol=BSE%3A544334,0.46,43.2,65.0,,,,,,,,,,False,,,,,0,False,,"Score 29/100 — structure 10/35, base 0/20, liquidity 0/15, institutions 8/15, lock-in 5/5, LM 3/5, momentum 3/5 • ₹0.1cr/day turnover ≈ 0.5% of free float changing hands daily — sleepy float • Lead manager Finshore Management Services Ltd.: 32% of 22 issues above issue today, LM score 45/100 • Mega-pop (+55%) — day-1 buyers are extended; base needs extra proof"
B.R.Goyal Infrastructure Ltd.,SME,BRGIL,BSE,INE00ST01011,2025-01-14,AVOID,AVOID,29,198.0,200.0,1.0,,82.87,0.275785,,2,,46.67,,,,,,Beeline Capital Advisors Pvt.Ltd.,2025-02-08,2025-04-09,https://www.screener.in/company/544335/,https://www.tradingview.com/chart/?symbol=BSE%3A544335,0.22,453.0,73.6,,,,,,,,,,False,,,,,0,False,,"Score 29/100 — structure 10/35, base 0/20, liquidity 0/15, institutions 8/15, lock-in 5/5, LM 3/5, momentum 3/5 • ₹0.3cr/day turnover ≈ 0.2% of free float changing hands daily — sleepy float • Lead manager Beeline Capital Advisors Pvt.Ltd.: 53% of 57 issues above issue today, LM score 58/100 • Listed +48% — the historical sweet-spot band"
Kabra Jewels Ltd.,SME,KKJEWELS,NSE,INE0XOW01017,2025-01-22,AVOID,AVOID,29,102.05,106.55,4.4,,251.82,0.082085,,1,,-20.27,,,,,,Marwadi Chandarana Intermediaries Brokers Pvt.Ltd.,2025-02-19,2025-04-20,https://www.screener.in/company/KKJEWELS/,https://www.tradingview.com/chart/?symbol=NSE%3AKKJEWELS,0.2,109.0,62.75,,,,,,,,,,False,,,,,0,False,,"Score 29/100 — structure 10/35, base 0/20, liquidity 0/15, institutions 8/15, lock-in 5/5, LM 3/5, momentum 3/5 • ₹0.1cr/day turnover ≈ 0.2% of free float changing hands daily — sleepy float • Lead manager Marwadi Chandarana Intermediaries Brokers Pvt.Ltd.: 33% of 12 issues above issue today, LM score 41/100 • Discount listing (-17%) — historically the worst cohort"
Landmark Immigration Consultants Ltd.,SME,LGLL,BSE,INE12QA01010,2025-01-23,AVOID,AVOID,29,11.54,11.54,0.0,,61.05,0.0073504,,1,,-83.97,,,,,,Shreni Shares Ltd.,2025-02-18,2025-04-19,https://www.screener.in/company/544341/,https://www.tradingview.com/chart/?symbol=BSE%3A544341,0.11,22.6,72.44,,,,,,,,,,False,,,,,0,False,,"Score 29/100 — structure 10/35, base 0/20, liquidity 0/15, institutions 8/15, lock-in 5/5, LM 3/5, momentum 3/5 • ₹0.0cr/day turnover ≈ 0.1% of free float changing hands daily — sleepy float • Lead manager Shreni Shares Ltd.: 50% of 26 issues above issue today, LM score 55/100 • Discount listing (-84%) — historically the worst cohort"
EMA Partners India Ltd.,SME,EMAPARTNER,NSE,INE0ZOL01023,2025-01-24,AVOID,AVOID,29,84.2,86.95,3.3,,154.8,0.0628425,,2,,-32.1,,,,,,Indorient Financial Services Ltd.,2025-02-21,2025-04-22,https://www.screener.in/company/EMAPARTNER/,https://www.tradingview.com/chart/?symbol=NSE%3AEMAPARTNER,0.09,184.0,65.76,,,,,,,,,,False,,,,,0,False,,"Score 29/100 — structure 10/35, base 0/20, liquidity 0/15, institutions 8/15, lock-in 5/5, LM 3/5, momentum 3/5 • ₹0.1cr/day turnover ≈ 0.1% of free float changing hands daily — sleepy float • Lead manager Indorient Financial Services Ltd.: 42% of 12 issues above issue today, LM score 52/100 • Discount listing (-34%) — historically the worst cohort"
GB Logistics Commerce Ltd.,SME,GBLOGISTIC,BSE,INE0RWU01016,2025-01-31,AVOID,AVOID,29,25.0,25.92,3.7,,129.1,0.016356,,2,,-75.49,,,,,,SKI Capital Services Ltd.,2025-03-02,2025-05-02,https://www.screener.in/company/544348/,https://www.tradingview.com/chart/?symbol=BSE%3A544348,0.17,19.7,52.4,,,,,,,,,,False,,,,,0,False,,"Score 29/100 — structure 10/35, base 0/20, liquidity 0/15, institutions 8/15, lock-in 5/5, LM 3/5, momentum 3/5 • ₹0.0cr/day turnover ≈ 0.2% of free float changing hands daily — sleepy float • Lead manager SKI Capital Services Ltd.: 40% of 5 issues above issue today, LM score 56/100 • Discount listing (-75%) — historically the worst cohort"
Mayasheel Ventures Ltd.,SME,MAYASHEEL,NSE,INE0ZTO01018,2025-06-27,AVOID,AVOID,29,37.5,37.5,0.0,,162.97,0.044235,,1,,-20.21,,,,,,Narnolia Financial Services Ltd.,2025-07-26,2025-09-24,https://www.screener.in/company/MAYASHEEL/,https://www.tradingview.com/chart/?symbol=NSE%3AMAYASHEEL,0.17,82.2,67.78,,,,,,,,,,False,,,,,0,False,,"Score 29/100 — structure 10/35, base 0/20, liquidity 0/15, institutions 8/15, lock-in 5/5, LM 3/5, momentum 3/5 • ₹0.0cr/day turnover ≈ 0.2% of free float changing hands daily — sleepy float • Lead manager Narnolia Financial Services Ltd.: 47% of 30 issues above issue today, LM score 57/100 • Discount listing (-25%) — historically the worst cohort"
Moving Media Entertainment Ltd.,SME,MMEL,NSE,INE0XM301010,2025-07-03,AVOID,AVOID,29,24.8,24.8,0.0,,51.43,0.124725,,2,,-64.57,,,,,,Gretex Corporate Services Ltd.,2025-07-31,2025-09-29,https://www.screener.in/company/MMEL/,https://www.tradingview.com/chart/?symbol=NSE%3AMMEL,0.63,46.5,57.38,,,,,,,,,,False,,,,,0,False,,"Score 29/100 — structure 10/35, base 0/20, liquidity 0/15, institutions 8/15, lock-in 5/5, LM 3/5, momentum 3/5 • ₹0.1cr/day turnover ≈ 0.6% of free float changing hands daily — sleepy float • Lead manager Gretex Corporate Services Ltd.: 41% of 22 issues above issue today, LM score 48/100 • Discount listing (-65%) — historically the worst cohort"
Adcounty Media India Ltd.,SME,ADCOUNTY,BSE,INE0W1601012,2025-07-04,AVOID,AVOID,29,77.77,80.33,3.3,,190.36,0.8370492,,2,,-8.51,,,,,,Narnolia Financial Services Ltd.,2025-08-03,2025-10-05,https://www.screener.in/company/544435/,https://www.tradingview.com/chart/?symbol=BSE%3A544435,1.4,178.0,65.52,,,,,,,,,,False,,,,,0,False,,"Score 29/100 — structure 10/35, base 0/20, liquidity 0/15, institutions 8/15, lock-in 5/5, LM 3/5, momentum 3/5 • ₹0.8cr/day turnover ≈ 1.4% of free float changing hands daily — healthy churn • Lead manager Narnolia Financial Services Ltd.: 47% of 30 issues above issue today, LM score 57/100 • Discount listing (-5%) — historically the worst cohort"
Chemkart India Ltd.,SME,CHEMKART,BSE,INE0VWL01017,2025-07-14,AVOID,AVOID,29,181.3,187.0,3.1,13.69,4.44,0.153705,,1,,-26.9,,,,,,Smart Horizon Capital Advisors Pvt.Ltd.,2025-08-09,2025-10-08,https://www.screener.in/company/544442/,https://www.tradingview.com/chart/?symbol=BSE%3A544442,0.27,231.0,74.66,,,,,,,,,,False,,,,,0,False,,"Score 29/100 — structure 10/35, base 0/20, liquidity 0/15, institutions 6/15, lock-in 5/5, LM 5/5, momentum 3/5 • QIB 14x — thin institutional book (score-penalised, not disqualifying: stops manage the risk) • ₹0.2cr/day turnover ≈ 0.3% of free float changing hands daily — sleepy float • Lead manager Smart Horizon Capital Advisors Pvt.Ltd.: 74% of 27 issues above issue today, LM score 82/100 • Discount listing (-27%) — historically the worst cohort"
Sellowrap Industries Ltd.,SME,SELLOWRAP,NSE,INE0IJF01013,2025-08-01,AVOID,AVOID,29,68.0,71.0,4.4,18.76,46.58,0.099696,,2,,-18.07,,,,,,Gretex Corporate Services Ltd.,,,https://www.screener.in/company/SELLOWRAP/,https://www.tradingview.com/chart/?symbol=NSE%3ASELLOWRAP,0.34,94.8,69.22,,,,,,,,,,False,,,,,0,False,,"Score 29/100 — structure 10/35, base 0/20, liquidity 0/15, institutions 11/15, lock-in 5/5, LM 3/5, momentum 0/5 • QIB 19x — decent institutional interest • ₹0.1cr/day turnover ≈ 0.3% of free float changing hands daily — sleepy float • Lead manager Gretex Corporate Services Ltd.: 41% of 22 issues above issue today, LM score 48/100 • Discount listing (-14%) — historically the worst cohort"
Gem Aromatics Ltd.,Mainboard,GEMAROMA,NSE,INE06XZ01023,2025-08-26,AVOID,AVOID,29,177.39,349.6,97.1,53.76,21.55,1.9382285537,-27.88,243,,-45.42,,,,,,Motilal Oswal Investment Advisors Ltd.,2025-09-20,2025-11-19,https://www.screener.in/company/GEMAROMA/,https://www.tradingview.com/chart/?symbol=NSE%3AGEMAROMA,0.48,916.0,57.44,,,,,,,,,,False,2025-10-23,,,2026-07-08,7,False,,"Score 29/100 — structure 0/35, base 0/20, liquidity 6/15, institutions 15/15, lock-in 5/5, LM 3/5, momentum 0/5 • Never reclaimed the listing-day high in 243 sessions — this cohort's median outcome is deeply negative • Broken base (-27.9%) — distribution, not accumulation • QIB 54x — heavy institutional sponsorship (biggest historical tails came from this group) • ₹1.9cr/day turnover ≈ 0.5% of free float changing hands daily — sleepy float • Lead manager Motilal Oswal Investment Advisors Ltd.: 56% of 9 issues above issue today, LM score 56/100"
ARC Insulation & Insulators Ltd.,SME,ARCIIL,NSE,INE0YDV01010,2025-08-29,AVOID,AVOID,29,36.9,39.8,7.9,15.12,13.42,0.029695,,2,,-70.48,,,,,,Gretex Corporate Services Ltd.,2025-09-28,2025-11-28,https://www.screener.in/company/ARCIIL/,https://www.tradingview.com/chart/?symbol=NSE%3AARCIIL,0.22,38.0,64.51,,,,,,,,,,False,,,,,0,False,,"Score 29/100 — structure 10/35, base 0/20, liquidity 0/15, institutions 11/15, lock-in 5/5, LM 3/5, momentum 0/5 • QIB 15x — decent institutional interest • ₹0.0cr/day turnover ≈ 0.2% of free float changing hands daily — sleepy float • Lead manager Gretex Corporate Services Ltd.: 41% of 22 issues above issue today, LM score 48/100 • Discount listing (-68%) — historically the worst cohort"
BharatRohan Airborne Innovations Ltd.,SME,BHARATROHAN,BSE,INE0QMV01017,2025-09-30,AVOID,AVOID,29,120.0,120.1,0.1,8.33,7.46,0.06239,,2,,41.18,,,,,,Smart Horizon Capital Advisors Pvt.Ltd.,2025-10-25,2025-12-24,https://www.screener.in/company/544535/,https://www.tradingview.com/chart/?symbol=BSE%3A544535,0.04,241.0,40.27,,,,,,,,,,False,,,,,0,False,,"Score 29/100 — structure 10/35, base 0/20, liquidity 0/15, institutions 6/15, lock-in 5/5, LM 5/5, momentum 3/5 • QIB 8x — thin institutional book (score-penalised, not disqualifying: stops manage the risk) • ₹0.1cr/day turnover ≈ 0.0% of free float changing hands daily — sleepy float • Lead manager Smart Horizon Capital Advisors Pvt.Ltd.: 74% of 27 issues above issue today, LM score 82/100 • Listed +41% — the historical sweet-spot band"
Suba Hotels Ltd.,SME,SUBAHOTELS,NSE,INE0RYR01018,2025-10-07,AVOID,AVOID,29,108.75,112.55,3.5,20.98,11.2,0.511782,,2,,-2.03,,,,,,Unistone Capital Pvt.Ltd.,2025-11-01,2025-12-31,https://www.screener.in/company/SUBAHOTELS/,https://www.tradingview.com/chart/?symbol=NSE%3ASUBAHOTELS,0.49,277.0,60.93,,,,,,,,,,False,,,,,0,False,,"Score 29/100 — structure 10/35, base 0/20, liquidity 0/15, institutions 11/15, lock-in 5/5, LM 3/5, momentum 0/5 • QIB 21x — decent institutional interest • ₹0.5cr/day turnover ≈ 0.5% of free float changing hands daily — sleepy float • Lead manager Unistone Capital Pvt.Ltd.: 56% of 25 issues above issue today, LM score 60/100"
Avana Electrosystems Ltd.,SME,AVANA,NSE,INE1KU201016,2026-01-20,AVOID,AVOID,29,147.4,81.35,-44.8,54.97,92.76,0.2627665,-20.36,140,51.0,149.83,,,,,,Indcap Advisors Pvt.Ltd.,2026-02-14,2026-04-15,https://www.screener.in/company/AVANA/,https://www.tradingview.com/chart/?symbol=NSE%3AAVANA,0.29,318.0,73.64,ESM Stage I,,,2026-07-11,2026-10-09,Enhanced Surveillance Measure (ESM) - Stage I (NSE list 20-Aug-2026),"Trade-to-trade settlement, 100% margin, 5% daily band (2% if already there). No intraday.",mcap ₹318cr still < ₹500cr pool boundary; 3-month move now +3% (cooled); 5-session move +2%,"Exit when price/volatility criteria normalise on review, or mcap sustainably exceeds the ₹500cr micro-cap pool",False,2026-04-10,2026-04-09,88.0,2026-04-10,1,False,,"Score 29/100 — structure 8/35, base 6/20, liquidity 0/15, institutions 15/15, lock-in 5/5, LM 5/5, momentum 5/5 • Base gave up -20.4% vs listing close — looser than the −10% ideal; demands a smaller position • QIB 55x — heavy institutional sponsorship (biggest historical tails came from this group) • ₹0.3cr/day turnover ≈ 0.3% of free float changing hands daily — sleepy float • 🚧 UNDER SURVEILLANCE: ESM Stage I — price band capped, 100% margin, liquidity dries (historical band-lock episodes: −5.8% median over next 60 sessions, 41% win) • Lead manager Indcap Advisors Pvt.Ltd.: 67% of 3 issues above issue today, LM score 73/100"
AVP Infracon Ltd.,SME,AVPINFRA,NSE,INE0R9401019,2024-03-20,AVOID,AVOID,28,57.45,71.55,24.5,1.05,15.15,0.2457535,-16.81,16,,-23.4,,,,,,Share India Capital Services Pvt.Ltd.,2024-04-17,2024-06-16,https://www.screener.in/company/AVPINFRA/,https://www.tradingview.com/chart/?symbol=NSE%3AAVPINFRA,0.43,150.0,62.41,,,,,,,,,,False,,,,,0,False,,"Score 28/100 — structure 10/35, base 6/20, liquidity 0/15, institutions 2/15, lock-in 5/5, LM 5/5, momentum 0/5 • Base gave up -16.8% vs listing close — looser than the −10% ideal; demands a smaller position • QIB 1x — thin institutional book (score-penalised, not disqualifying: stops manage the risk) • ₹0.2cr/day turnover ≈ 0.4% of free float changing hands daily — sleepy float • Lead manager Share India Capital Services Pvt.Ltd.: 62% of 16 issues above issue today, LM score 84/100 • Discount listing (-6%) — historically the worst cohort"
Grill Splendour Services Ltd.,SME,BIRDYS,NSE,INE0PC901019,2024-04-23,AVOID,AVOID,28,84.1,91.5,8.8,,8.55,2.57217,,2,,-29.92,,,,,,Inventure Merchant Banker Services Pvt.Ltd.,,,https://www.screener.in/company/BIRDYS/,https://www.tradingview.com/chart/?symbol=NSE%3ABIRDYS,5.61,58.2,26.87,,,,,,,,,,False,,,,,0,False,,"Score 28/100 — structure 10/35, base 0/20, liquidity 10/15, institutions 2/15, lock-in 5/5, LM 1/5, momentum 0/5 • ₹2.6cr/day turnover ≈ 5.6% of free float changing hands daily — crowded/manipulable, careful • Lead manager Inventure Merchant Banker Services Pvt.Ltd.: 30% of 10 issues above issue today, LM score 22/100 • Discount listing (-24%) — historically the worst cohort"
Emmforce Autotech Ltd.,SME,EMMFORCE,BSE,INE0SDC01012,2024-04-30,AVOID,AVOID,28,187.45,195.51,4.3,160.58,252.71,0.3388566,-32.41,569,1.0,91.28,,,,,,Beeline Capital Advisors Pvt.Ltd.,2024-05-26,2024-07-25,https://www.screener.in/company/544166/,https://www.tradingview.com/chart/?symbol=BSE%3A544166,0.35,394.0,74.5,,,,,,,,,,False,2024-12-12,2026-08-17,3.0,2026-07-03,9,False,,"Score 28/100 — structure 0/35, base 0/20, liquidity 0/15, institutions 15/15, lock-in 5/5, LM 3/5, momentum 5/5 • Broken base (-32.4%) — distribution, not accumulation • QIB 161x — heavy institutional sponsorship (biggest historical tails came from this group) • ₹0.3cr/day turnover ≈ 0.3% of free float changing hands daily — sleepy float • Lead manager Beeline Capital Advisors Pvt.Ltd.: 53% of 57 issues above issue today, LM score 58/100"
CapitalNumbers Infotech Ltd.,SME,CNINFOTECH,BSE,INE0WXM01011,2025-01-27,AVOID,AVOID,28,84.12,87.0,3.4,,95.54,0.1067362,,2,,-68.02,,,,,,GYR Capital Advisors Pvt.Ltd.,2025-02-22,2025-04-23,https://www.screener.in/company/544343/,https://www.tradingview.com/chart/?symbol=BSE%3A544343,0.2,203.0,74.98,,,,,,,,,,False,,,,,0,False,,"Score 28/100 — structure 10/35, base 0/20, liquidity 0/15, institutions 8/15, lock-in 5/5, LM 5/5, momentum 0/5 • ₹0.1cr/day turnover ≈ 0.2% of free float changing hands daily — sleepy float • Lead manager GYR Capital Advisors Pvt.Ltd.: 57% of 49 issues above issue today, LM score 72/100 • Discount listing (-67%) — historically the worst cohort"
Monolithisch India Ltd.,SME,MONOLITH,NSE,INE1DV401010,2025-06-19,AVOID,AVOID,28,1007.6,1008.0,0.0,,127.88,4.353020625,,2,,604.62,,,,,,Hem Securities Ltd.,2025-07-16,2025-09-14,https://www.screener.in/company/MONOLITH/,https://www.tradingview.com/chart/?symbol=NSE%3AMONOLITH,0.77,2190.0,74.27,ASM Long-Term Stage I,,,2026-07-11,2026-10-09,"NSE ASM Long-Term list, 20-Aug-2026",100% margin on all positions. Trading otherwise normal.,,Exit when 3-month high-low / concentration criteria no longer met on quarterly review,False,,,,,0,False,,"Score 28/100 — structure 10/35, base 0/20, liquidity 10/15, institutions 8/15, lock-in 5/5, LM 5/5, momentum 5/5 • ₹4.4cr/day turnover ≈ 0.8% of free float changing hands daily — sleepy float • 🚧 UNDER SURVEILLANCE: ASM Long-Term Stage I — price band capped, 100% margin, liquidity dries (historical band-lock episodes: −5.8% median over next 60 sessions, 41% win) • Lead manager Hem Securities Ltd.: 62% of 68 issues above issue today, LM score 72/100 • Mega-pop (+605%) — day-1 buyers are extended; base needs extra proof"
Goldline Pharmaceutical Ltd.,SME,GLPL,BSE,INE1CLW01015,2026-05-19,AVOID,AVOID,28,41.19,60.0,45.7,180.22,598.69,0.2615379,-27.06,62,,-4.21,,,,,,Cumulative Capital Pvt.Ltd.,2026-06-14,2026-08-13,https://www.screener.in/company/544759/,https://www.tradingview.com/chart/?symbol=BSE%3A544759,1.63,37.4,57.29,,,,,,,,,,False,2026-07-28,,,2026-07-28,1,False,,"Score 28/100 — structure 0/35, base 0/20, liquidity 0/15, institutions 15/15, lock-in 5/5, LM 5/5, momentum 3/5 • Never reclaimed the listing-day high in 62 sessions — this cohort's median outcome is deeply negative • Broken base (-27.1%) — distribution, not accumulation • QIB 180x — heavy institutional sponsorship (biggest historical tails came from this group) • ₹0.3cr/day turnover ≈ 1.6% of free float changing hands daily — healthy churn • Lead manager Cumulative Capital Pvt.Ltd.: 75% of 8 issues above issue today, LM score 80/100"
Alpine Texworld Ltd.,Mainboard,ALPINETEX,NSE,INE1JCQ01037,2026-07-21,AVOID,AVOID,28,59.41,105.0,76.7,1.09,1.28,2.0889125635,-44.61,23,,-43.42,,,,,,D&A Financial Services Pvt.Ltd.,,,https://www.screener.in/company/ALPINETEX/,https://www.tradingview.com/chart/?symbol=NSE%3AALPINETEX,2.65,225.0,68.56,,,,,,,,,,False,,,,,0,False,,"Score 28/100 — structure 10/35, base 0/20, liquidity 10/15, institutions 2/15, lock-in 5/5, LM 1/5, momentum 0/5 • Broken base (-44.6%) — distribution, not accumulation • QIB 1x — thin institutional book (score-penalised, not disqualifying: stops manage the risk) • ₹2.1cr/day turnover ≈ 2.6% of free float changing hands daily — healthy churn"
Tridhya Tech Ltd.,SME,TRIDHYA,NSE,INE0LWY01029,2023-07-13,AVOID,AVOID,27,8.2,44.1,437.8,15.62,54.48,40827.67637175,-81.41,22,,-80.48,,,,,,Interactive Financial Services Ltd.,2023-08-09,2023-10-08,https://www.screener.in/company/TRIDHYA/,https://www.tradingview.com/chart/?symbol=NSE%3ATRIDHYA,1.1,19.1,61.74,ESM Stage I,,1-month high-low variation 455% (ST-ASM secondary criterion ≥75%),2026-07-11,2026-10-09,Enhanced Surveillance Measure (ESM) - Stage I (NSE list 20-Aug-2026),"Trade-to-trade settlement, 100% margin, 5% daily band (2% if already there). No intraday.",mcap ₹19cr still < ₹500cr pool boundary; 5-session move -81%,"Exit when price/volatility criteria normalise on review, or mcap sustainably exceeds the ₹500cr micro-cap pool",False,,,,,0,False,,"Score 27/100 — structure 10/35, base 0/20, liquidity 15/15, institutions 11/15, lock-in 5/5, LM 1/5, momentum 0/5 • Broken base (-81.4%) — distribution, not accumulation • QIB 16x — decent institutional interest • ₹40827.7cr/day turnover ≈ 1.1% of free float changing hands daily — healthy churn • 🚧 UNDER SURVEILLANCE: ESM Stage I — price band capped, 100% margin, liquidity dries (historical band-lock episodes: −5.8% median over next 60 sessions, 41% win) • ⚠ 1-month high-low variation 455% (ST-ASM secondary criterion ≥75%) • Lead manager Interactive Financial Services Ltd.: 30% of 23 issues above issue today, LM score 24/100"
Shoora Designs Ltd.,SME,SHOORA,BSE,INE0OJZ01019,2023-08-29,AVOID,AVOID,27,80.0,82.0,2.5,,62.83,0.012056625,,4,,66.67,,,,,,Swaraj shares &amp; securities Pvt.Ltd.,,,https://www.screener.in/company/543970/,https://www.tradingview.com/chart/?symbol=BSE%3A543970,0.04,35.9,26.01,,,,,,,,,,False,,,,,0,False,,"Score 27/100 — structure 10/35, base 0/20, liquidity 0/15, institutions 8/15, lock-in 5/5, LM 1/5, momentum 3/5 • ₹0.0cr/day turnover ≈ 0.0% of free float changing hands daily — sleepy float • Lead manager Swaraj shares &amp; securities Pvt.Ltd.: 40% of 5 issues above issue today, LM score 23/100 • Mega-pop (+71%) — day-1 buyers are extended; base needs extra proof"
Valiant Laboratories Ltd.,Mainboard,VALIANTLAB,NSE,INE0JWS01017,2023-10-06,AVOID,AVOID,27,91.66,170.25,85.7,20.83,20.95,0.6613513289,-4.79,707,5.0,-34.53,,,,,,Unistone Capital Pvt.Ltd.,2023-11-04,2024-01-03,https://www.screener.in/company/VALIANTLAB/,https://www.tradingview.com/chart/?symbol=NSE%3AVALIANTLAB,0.56,497.0,74.94,ASM Short-Term Stage I,5%,In ESM-eligible pool (mcap ₹497cr < ₹500cr) — sharp rallies can trigger 100% margin + 2%/5% band,2026-08-03 (est. from band-lock),2026-08-10,"NSE ASM Short-Term list, 20-Aug-2026",50–100% additional margin for a SHORT window.,3-month move now +21% (cooled); 5-session move +17%,Auto-exit after the 5- or 15-day window unless re-triggered (e.g. another +25%/5-session burst),False,2024-01-16,2024-01-11,641.0,2026-08-19,22,True,,"Score 27/100 — structure 0/35, base 20/20, liquidity 0/15, institutions 11/15, lock-in 5/5, LM 3/5, momentum 3/5 • Tight base — held within 4.8% of listing close (the −10% cutoff was the grid-search optimum) • QIB 21x — decent institutional interest • ₹0.7cr/day turnover ≈ 0.6% of free float changing hands daily — sleepy float • 🔥 Volume thrust (≥5× avg) within the last 5 sessions (2026-08-19) — the institutional footprint that preceded most historical winners • 🚧 UNDER SURVEILLANCE: ASM Short-Term Stage I — price band capped, 100% margin, liquidity dries (historical band-lock episodes: −5.8% median over next 60 sessions, 41% win) • ⚠ In ESM-eligible pool (mcap ₹497cr < ₹500cr) — sharp rallies can trigger 100% margin + 2%/5% band"
WomanCart Ltd.,SME,WOMANCART,NSE,INE0Q9601016,2023-10-27,AVOID,AVOID,27,114.4,122.85,7.4,,63.5,0.4157912,-19.41,655,1.0,33.02,,,,,,Narnolia Financial Services Ltd.,,,https://www.screener.in/company/WOMANCART/,https://www.tradingview.com/chart/?symbol=NSE%3AWOMANCART,0.89,88.7,42.8,,,,,,,,,,False,2024-05-09,2026-05-22,61.0,2026-08-17,18,True,,"Score 27/100 — structure 0/35, base 6/20, liquidity 0/15, institutions 8/15, lock-in 5/5, LM 3/5, momentum 5/5 • Base gave up -19.4% vs listing close — looser than the −10% ideal; demands a smaller position • ₹0.4cr/day turnover ≈ 0.9% of free float changing hands daily — healthy churn • 🔥 Volume thrust (≥5× avg) within the last 5 sessions (2026-08-17) — the institutional footprint that preceded most historical winners • Lead manager Narnolia Financial Services Ltd.: 47% of 30 issues above issue today, LM score 57/100"
On Door Concepts Ltd.,SME,ONDOOR,NSE,INE00ER01015,2023-11-01,AVOID,AVOID,27,246.05,218.0,-11.4,,5.41,0.39907215,-18.46,658,40.0,18.29,,,,,,First Overseas Capital Ltd.,,,https://www.screener.in/company/ONDOOR/,https://www.tradingview.com/chart/?symbol=NSE%3AONDOOR,0.32,171.0,28.67,,,,,,,,,,False,2023-12-29,2026-07-20,23.0,2026-05-26,34,False,,"Score 27/100 — structure 8/35, base 6/20, liquidity 0/15, institutions 2/15, lock-in 5/5, LM 1/5, momentum 5/5 • Base gave up -18.5% vs listing close — looser than the −10% ideal; demands a smaller position • ₹0.4cr/day turnover ≈ 0.3% of free float changing hands daily — sleepy float • Lead manager First Overseas Capital Ltd.: 12% of 8 issues above issue today, LM score 8/100"
KK Shah Hospitals Ltd.,SME,544013,BSE,INE0OH401016,2023-11-06,AVOID,AVOID,27,41.05,58.9,43.5,,13.44,0.04148295,-10.87,354,8.0,-8.78,,,,,,Shreni Shares Ltd.,,,https://www.screener.in/company/544013/,https://www.tradingview.com/chart/?symbol=BSE%3A544013,0.52,28.0,71.36,,,,,,,,,,False,2024-03-26,2023-11-17,345.0,2026-05-07,6,False,,"Score 27/100 — structure 0/35, base 14/20, liquidity 0/15, institutions 2/15, lock-in 5/5, LM 3/5, momentum 3/5 • Base gave up -10.9% vs listing close — looser than the −10% ideal; demands a smaller position • ₹0.0cr/day turnover ≈ 0.5% of free float changing hands daily — sleepy float • Lead manager Shreni Shares Ltd.: 50% of 26 issues above issue today, LM score 55/100"
Three M Paper Boards Ltd.,SME,THREEMPAPE,BSE,INE0UK501010,2024-07-22,AVOID,AVOID,27,24.39,79.8,227.2,79.37,120.49,0.0140605,-21.68,439,,-64.65,,,,,,Comfort Securities Ltd.,2024-08-17,2024-10-16,https://www.screener.in/company/544214/,https://www.tradingview.com/chart/?symbol=BSE%3A544214,0.1,46.2,70.13,,,,,,,,,,False,2024-11-14,,,2026-03-24,7,False,,"Score 27/100 — structure 0/35, base 6/20, liquidity 0/15, institutions 15/15, lock-in 5/5, LM 1/5, momentum 0/5 • Never reclaimed the listing-day high in 439 sessions — this cohort's median outcome is deeply negative • Base gave up -21.7% vs listing close — looser than the −10% ideal; demands a smaller position • QIB 79x — heavy institutional sponsorship (biggest historical tails came from this group) • ₹0.0cr/day turnover ≈ 0.1% of free float changing hands daily — sleepy float"
Western Carriers (India) Ltd.,Mainboard,WCIL,NSE,INE0CJF01024,2024-09-24,AVOID,AVOID,27,86.58,177.0,104.4,28.81,22.51,0.44666526825,-22.54,471,,-49.66,,,,,,JM Financial Ltd.,2024-10-19,2024-12-18,https://www.screener.in/company/WCIL/,https://www.tradingview.com/chart/?symbol=NSE%3AWCIL,0.18,883.0,73.03,,,,,,,,,,False,2025-01-03,,,2025-08-20,5,False,,"Score 27/100 — structure 0/35, base 6/20, liquidity 0/15, institutions 11/15, lock-in 5/5, LM 5/5, momentum 0/5 • Never reclaimed the listing-day high in 471 sessions — this cohort's median outcome is deeply negative • Base gave up -22.5% vs listing close — looser than the −10% ideal; demands a smaller position • QIB 29x — decent institutional interest • ₹0.4cr/day turnover ≈ 0.2% of free float changing hands daily — sleepy float • Lead manager JM Financial Ltd.: 69% of 26 issues above issue today, LM score 71/100"
Davin Sons Retail Ltd.,SME,DAVIN,BSE,INE0Q2L01013,2025-01-09,AVOID,AVOID,27,22.85,22.85,0.0,,119.19,0.00457,,1,,-58.45,,,,,,Navigant Corporate Advisors Ltd.,,,https://www.screener.in/company/544331/,https://www.tradingview.com/chart/?symbol=BSE%3A544331,0.06,18.5,49.68,,,,,,,,,,False,,,,,0,False,,"Score 27/100 — structure 10/35, base 0/20, liquidity 0/15, institutions 8/15, lock-in 5/5, LM 1/5, momentum 3/5 • ₹0.0cr/day turnover ≈ 0.1% of free float changing hands daily — sleepy float • Discount listing (-58%) — historically the worst cohort"
Barflex Polyfilms Ltd.,SME,BARFLEX,NSE,INE0QX401014,2025-01-20,AVOID,AVOID,27,60.0,60.0,0.0,,106.0,0.08757,,2,,0.0,,,,,,Almondz Financial Services Ltd.,2025-02-15,2025-04-16,https://www.screener.in/company/BARFLEX/,https://www.tradingview.com/chart/?symbol=NSE%3ABARFLEX,0.19,146.0,67.22,,,,,,,,,,False,,,,,0,False,,"Score 27/100 — structure 10/35, base 0/20, liquidity 0/15, institutions 8/15, lock-in 5/5, LM 1/5, momentum 3/5 • ₹0.1cr/day turnover ≈ 0.2% of free float changing hands daily — sleepy float"
Malpani Pipes & Fittings Ltd.,SME,MALPANI,BSE,INE0YON01014,2025-02-04,AVOID,AVOID,27,60.33,61.5,1.9,,103.35,0.1352016,,1,,-32.97,,,,,,Interactive Financial Services Ltd.,2025-03-04,2025-05-04,https://www.screener.in/company/544351/,https://www.tradingview.com/chart/?symbol=BSE%3A544351,0.79,72.2,73.78,,,,,,,,,,False,,,,,0,False,,"Score 27/100 — structure 10/35, base 0/20, liquidity 0/15, institutions 8/15, lock-in 5/5, LM 1/5, momentum 3/5 • ₹0.1cr/day turnover ≈ 0.8% of free float changing hands daily — sleepy float • Lead manager Interactive Financial Services Ltd.: 30% of 23 issues above issue today, LM score 24/100 • Discount listing (-33%) — historically the worst cohort"
Influx Healthtech Ltd.,SME,INFLUX,NSE,INE0MYZ01012,2025-06-25,AVOID,AVOID,27,288.55,296.95,2.9,,141.07,0.281157,,2,,200.57,,,,,,Rarever Financial Advisors Pvt.Ltd.,2025-07-23,2025-09-21,https://www.screener.in/company/INFLUX/,https://www.tradingview.com/chart/?symbol=NSE%3AINFLUX,0.16,690.0,73.53,,,,,,,,,,False,,,,,0,False,,"Score 27/100 — structure 10/35, base 0/20, liquidity 0/15, institutions 8/15, lock-in 5/5, LM 1/5, momentum 3/5 • ₹0.3cr/day turnover ≈ 0.2% of free float changing hands daily — sleepy float • Mega-pop (+207%) — day-1 buyers are extended; base needs extra proof"
Globe Civil Projects Ltd.,Mainboard,GLOBECIVIL,NSE,INE0V3U01015,2025-07-01,AVOID,AVOID,27,42.34,94.5,123.2,82.13,60.06,0.3822406976,-22.25,282,,-40.37,,,,,,Mefcom Capital Markets Ltd.,,,https://www.screener.in/company/GLOBECIVIL/,https://www.tradingview.com/chart/?symbol=NSE%3AGLOBECIVIL,0.4,267.0,63.44,,,In ESM-eligible pool (mcap ₹267cr < ₹500cr) — sharp rallies can trigger 100% margin + 2%/5% band,,,,,,,False,2026-01-07,,,2026-08-10,4,False,,"Score 27/100 — structure 0/35, base 6/20, liquidity 0/15, institutions 15/15, lock-in 5/5, LM 1/5, momentum 0/5 • Never reclaimed the listing-day high in 282 sessions — this cohort's median outcome is deeply negative • Base gave up -22.2% vs listing close — looser than the −10% ideal; demands a smaller position • QIB 82x — heavy institutional sponsorship (biggest historical tails came from this group) • ₹0.4cr/day turnover ≈ 0.4% of free float changing hands daily — sleepy float • ⚠ In ESM-eligible pool (mcap ₹267cr < ₹500cr) — sharp rallies can trigger 100% margin + 2%/5% band"
Repono Ltd.,SME,REPONO,BSE,INE15WN01014,2025-08-04,AVOID,AVOID,27,81.1,87.2,7.5,29.03,45.84,0.3783432,,2,,-15.52,,,,,,Wealth Mine Networks Pvt.Ltd.,2025-08-31,2025-10-30,https://www.screener.in/company/544463/,https://www.tradingview.com/chart/?symbol=BSE%3A544463,1.57,85.7,72.47,,,,,,,,,,False,,,,,0,False,,"Score 27/100 — structure 10/35, base 0/20, liquidity 0/15, institutions 11/15, lock-in 5/5, LM 1/5, momentum 0/5 • QIB 29x — decent institutional interest • ₹0.4cr/day turnover ≈ 1.6% of free float changing hands daily — healthy churn • Lead manager Wealth Mine Networks Pvt.Ltd.: 0% of 5 issues above issue today, LM score 8/100 • Discount listing (-14%) — historically the worst cohort"
KVS Castings Ltd.,SME,KVSCASTING,BSE,INE163701019,2025-10-06,AVOID,AVOID,27,79.25,85.08,7.4,6.03,3.34,0.663931,,2,,41.52,,,,,,Narnolia Financial Services Ltd.,2025-11-05,2026-01-04,https://www.screener.in/company/544554/,https://www.tradingview.com/chart/?symbol=BSE%3A544554,1.5,154.0,70.96,,,,,,,,,,False,,,,,0,False,,"Score 27/100 — structure 10/35, base 0/20, liquidity 0/15, institutions 6/15, lock-in 5/5, LM 3/5, momentum 3/5 • QIB 6x — thin institutional book (score-penalised, not disqualifying: stops manage the risk) • ₹0.7cr/day turnover ≈ 1.5% of free float changing hands daily — healthy churn • Lead manager Narnolia Financial Services Ltd.: 47% of 30 issues above issue today, LM score 57/100 • Listed +46% — the historical sweet-spot band"
Rukmani Devi Garg Agro Impex Ltd.,SME,RDGAIL,BSE,INE0S5T01017,2025-10-06,AVOID,AVOID,27,145.0,146.25,0.9,8.24,29.6,0.017475,,2,,46.46,,,,,,Fedex Securities Pvt.Ltd.,,,https://www.screener.in/company/544552/,https://www.tradingview.com/chart/?symbol=BSE%3A544552,0.05,129.0,73.23,,,,,,,,,,False,,,,,0,False,,"Score 27/100 — structure 10/35, base 0/20, liquidity 0/15, institutions 6/15, lock-in 5/5, LM 3/5, momentum 3/5 • QIB 8x — thin institutional book (score-penalised, not disqualifying: stops manage the risk) • ₹0.0cr/day turnover ≈ 0.1% of free float changing hands daily — sleepy float • Lead manager Fedex Securities Pvt.Ltd.: 43% of 23 issues above issue today, LM score 54/100 • Listed +48% — the historical sweet-spot band"
Valplast Technologies Ltd.,SME,VALPLAST,BSE,INE0QP701017,2025-10-08,AVOID,AVOID,27,39.49,59.85,51.6,1.05,1.29,0.1061278,-10.23,157,14.0,-26.87,,,,,,Fintellectual Corporate Advisors Pvt.Ltd.,2025-11-04,2026-01-03,https://www.screener.in/company/544565/,https://www.tradingview.com/chart/?symbol=BSE%3A544565,0.38,70.4,63.68,,,,,,,,,,False,2026-02-24,2025-12-18,108.0,2026-08-10,4,True,,"Score 27/100 — structure 0/35, base 14/20, liquidity 0/15, institutions 2/15, lock-in 5/5, LM 3/5, momentum 3/5 • Base gave up -10.2% vs listing close — looser than the −10% ideal; demands a smaller position • QIB 1x — thin institutional book (score-penalised, not disqualifying: stops manage the risk) • ₹0.1cr/day turnover ≈ 0.4% of free float changing hands daily — sleepy float • 🔥 Volume thrust (≥5× avg) within the last 5 sessions (2026-08-10) — the institutional footprint that preceded most historical winners • Lead manager Fintellectual Corporate Advisors Pvt.Ltd.: 50% of 4 issues above issue today, LM score 45/100"
MARC Technocrats Ltd.,SME,MARC,NSE,INE0TD401015,2025-12-24,AVOID,AVOID,27,136.45,74.4,-45.5,9.51,9.69,0.3382524,-42.36,154,73.0,46.72,,,,,,Narnolia Financial Services Ltd.,,,https://www.screener.in/company/MARC/,https://www.tradingview.com/chart/?symbol=NSE%3AMARC,0.59,220.0,73.55,,,,,,,,,,False,2026-04-24,2026-06-18,42.0,2026-06-24,2,False,,"Score 27/100 — structure 8/35, base 0/20, liquidity 0/15, institutions 6/15, lock-in 5/5, LM 3/5, momentum 5/5 • Broken base (-42.4%) — distribution, not accumulation • QIB 10x — thin institutional book (score-penalised, not disqualifying: stops manage the risk) • ₹0.3cr/day turnover ≈ 0.6% of free float changing hands daily — sleepy float • Lead manager Narnolia Financial Services Ltd.: 47% of 30 issues above issue today, LM score 57/100"
K2 Infragen Ltd.,SME,K2INFRA,NSE,INE0DEZ01013,2024-04-08,AVOID,AVOID,26,50.25,57.95,15.3,23.37,36.08,0.069069,-14.3,19,,-57.77,,,,,,Expert Global Consultants Pvt.Ltd.,2024-05-04,2024-07-03,https://www.screener.in/company/K2INFRA/,https://www.tradingview.com/chart/?symbol=NSE%3AK2INFRA,0.18,64.4,40.7,ESM Stage I,,,2026-07-11,2026-10-09,Enhanced Surveillance Measure (ESM) - Stage I (NSE list 20-Aug-2026),"Trade-to-trade settlement, 100% margin, 5% daily band (2% if already there). No intraday.",mcap ₹64cr still < ₹500cr pool boundary; 5-session move -1%,"Exit when price/volatility criteria normalise on review, or mcap sustainably exceeds the ₹500cr micro-cap pool",False,,,,,0,False,,"Score 26/100 — structure 10/35, base 14/20, liquidity 0/15, institutions 11/15, lock-in 5/5, LM 1/5, momentum 0/5 • Base gave up -14.3% vs listing close — looser than the −10% ideal; demands a smaller position • QIB 23x — decent institutional interest • ₹0.1cr/day turnover ≈ 0.2% of free float changing hands daily — sleepy float • 🚧 UNDER SURVEILLANCE: ESM Stage I — price band capped, 100% margin, liquidity dries (historical band-lock episodes: −5.8% median over next 60 sessions, 41% win) • Lead manager Expert Global Consultants Pvt.Ltd.: 28% of 18 issues above issue today, LM score 38/100 • Discount listing (-53%) — historically the worst cohort"
Ambey Laboratories Ltd.,SME,AMBEY,NSE,INE0M3I01029,2024-07-11,AVOID,AVOID,26,21.3,89.25,319.0,61.9,112.07,0.0274195,-31.76,479,1.0,-68.68,,,,,,Novus Capital Advisors Pvt.Ltd.,2024-08-08,2024-10-07,https://www.screener.in/company/DHANSA/,https://www.tradingview.com/chart/?symbol=NSE%3ADHANSA,0.15,50.6,65.05,,,,,,,,,,False,2025-03-27,2024-07-12,477.0,2026-07-21,8,False,,"Score 26/100 — structure 0/35, base 0/20, liquidity 0/15, institutions 15/15, lock-in 5/5, LM 3/5, momentum 3/5 • Broken base (-31.8%) — distribution, not accumulation • QIB 62x — heavy institutional sponsorship (biggest historical tails came from this group) • ₹0.0cr/day turnover ≈ 0.1% of free float changing hands daily — sleepy float • Lead manager Novus Capital Advisors Pvt.Ltd.: 33% of 3 issues above issue today, LM score 53/100"
Ashapura Logistics Ltd.,SME,ASHALOG,NSE,INE0LAA01017,2024-08-06,AVOID,AVOID,26,62.1,194.25,212.8,128.23,129.87,0.0397475,-25.49,483,,-56.88,,,,,,Beeline Capital Advisors Pvt.Ltd.,2024-09-01,2024-10-31,https://www.screener.in/company/ASHALOG/,https://www.tradingview.com/chart/?symbol=NSE%3AASHALOG,0.16,81.3,68.03,,,,,,,,,,False,2025-02-12,,,2026-08-06,12,False,,"Score 26/100 — structure 0/35, base 0/20, liquidity 0/15, institutions 15/15, lock-in 5/5, LM 3/5, momentum 3/5 • Never reclaimed the listing-day high in 483 sessions — this cohort's median outcome is deeply negative • Broken base (-25.5%) — distribution, not accumulation • QIB 128x — heavy institutional sponsorship (biggest historical tails came from this group) • ₹0.0cr/day turnover ≈ 0.2% of free float changing hands daily — sleepy float • Lead manager Beeline Capital Advisors Pvt.Ltd.: 53% of 57 issues above issue today, LM score 58/100"
Popular Foundations Ltd.,SME,PFL,BSE,INE0PZB01013,2024-09-24,AVOID,AVOID,26,29.77,37.5,26.0,,9.35,0.08495295,-13.11,468,,-19.54,,,,,,Srujan Alpha Capital Advisors LLP,,,https://www.screener.in/company/544259/,https://www.tradingview.com/chart/?symbol=BSE%3A544259,0.34,60.7,61.39,,,,,,,,,,False,2025-03-19,,,2026-07-03,16,False,,"Score 26/100 — structure 0/35, base 14/20, liquidity 0/15, institutions 2/15, lock-in 5/5, LM 5/5, momentum 0/5 • Never reclaimed the listing-day high in 468 sessions — this cohort's median outcome is deeply negative • Base gave up -13.1% vs listing close — looser than the −10% ideal; demands a smaller position • ₹0.1cr/day turnover ≈ 0.3% of free float changing hands daily — sleepy float • Lead manager Srujan Alpha Capital Advisors LLP: 50% of 6 issues above issue today, LM score 74/100"
Jungle Camps India Ltd.,SME,JUNGLECAMP,BSE,INE0WCH01015,2024-12-17,AVOID,AVOID,26,49.0,143.5,192.9,196.52,343.08,0.04343272,-53.7,385,,-31.94,,,,,,Khambatta Securities Ltd.,2025-01-13,2025-03-15,https://www.screener.in/company/544304/,https://www.tradingview.com/chart/?symbol=BSE%3A544304,0.2,75.7,69.63,,,,,,,,,,False,2025-03-12,,,2026-08-14,8,True,,"Score 26/100 — structure 0/35, base 0/20, liquidity 0/15, institutions 15/15, lock-in 5/5, LM 3/5, momentum 3/5 • Never reclaimed the listing-day high in 385 sessions — this cohort's median outcome is deeply negative • Broken base (-53.7%) — distribution, not accumulation • QIB 197x — heavy institutional sponsorship (biggest historical tails came from this group) • ₹0.0cr/day turnover ≈ 0.2% of free float changing hands daily — sleepy float • 🔥 Volume thrust (≥5× avg) within the last 5 sessions (2026-08-14) — the institutional footprint that preceded most historical winners • Lead manager Khambatta Securities Ltd.: 56% of 9 issues above issue today, LM score 58/100"
Carraro India Ltd.,Mainboard,CARRARO,NSE,INE0V7W01012,2024-12-30,AVOID,AVOID,26,525.75,682.0,29.7,2.33,1.12,7.956295722750001,-44.75,406,,-25.32,,,,,,Axis Bank Ltd.,2025-01-24,2025-03-25,https://www.screener.in/company/CARRARO/,https://www.tradingview.com/chart/?symbol=NSE%3ACARRARO,0.86,2930.0,68.77,,,,,,,,,,False,2025-02-10,,,2026-08-07,12,False,,"Score 26/100 — structure 0/35, base 0/20, liquidity 15/15, institutions 2/15, lock-in 5/5, LM 1/5, momentum 3/5 • Never reclaimed the listing-day high in 406 sessions — this cohort's median outcome is deeply negative • Broken base (-44.8%) — distribution, not accumulation • QIB 2x — thin institutional book (score-penalised, not disqualifying: stops manage the risk) • ₹8.0cr/day turnover ≈ 0.9% of free float changing hands daily — healthy churn"
H.M.Electro Mech Ltd.,SME,HMEML,BSE,INE0DZD01015,2025-01-31,AVOID,AVOID,26,49.0,51.0,4.1,,66.03,0.0712688,,2,,-34.67,,,,,,Beeline Capital Advisors Pvt.Ltd.,2025-02-28,2025-04-29,https://www.screener.in/company/544349/,https://www.tradingview.com/chart/?symbol=BSE%3A544349,0.39,68.2,73.07,,,,,,,,,,False,,,,,0,False,,"Score 26/100 — structure 10/35, base 0/20, liquidity 0/15, institutions 8/15, lock-in 5/5, LM 3/5, momentum 0/5 • ₹0.1cr/day turnover ≈ 0.4% of free float changing hands daily — sleepy float • Lead manager Beeline Capital Advisors Pvt.Ltd.: 53% of 57 issues above issue today, LM score 58/100 • Discount listing (-32%) — historically the worst cohort"
Eleganz Interiors Ltd.,SME,ELGNZ,NSE,INE0R9101015,2025-02-14,AVOID,AVOID,26,84.6,91.45,8.1,,21.69,0.4305275,,2,,-34.92,,,,,,Vivro Financial Services Pvt.Ltd.,2025-03-14,2025-05-13,https://www.screener.in/company/ELGNZ/,https://www.tradingview.com/chart/?symbol=NSE%3AELGNZ,0.72,194.0,69.23,,,,,,,,,,False,,,,,0,False,,"Score 26/100 — structure 10/35, base 0/20, liquidity 0/15, institutions 8/15, lock-in 5/5, LM 3/5, momentum 0/5 • ₹0.4cr/day turnover ≈ 0.7% of free float changing hands daily — sleepy float • Lead manager Vivro Financial Services Pvt.Ltd.: 64% of 11 issues above issue today, LM score 67/100 • Discount listing (-30%) — historically the worst cohort"
Takyon Networks Ltd.,SME,TAKYON,BSE,INE14OX01013,2025-08-06,AVOID,AVOID,26,17.05,19.0,11.4,13.29,15.58,0.02783,,2,,-68.43,,,,,,Hem Securities Ltd.,2025-09-04,2025-11-03,https://www.screener.in/company/544471/,https://www.tradingview.com/chart/?symbol=BSE%3A544471,0.42,27.4,73.52,,,,,,,,,,False,,,,,0,False,,"Score 26/100 — structure 10/35, base 0/20, liquidity 0/15, institutions 6/15, lock-in 5/5, LM 5/5, momentum 0/5 • QIB 13x — thin institutional book (score-penalised, not disqualifying: stops manage the risk) • ₹0.0cr/day turnover ≈ 0.4% of free float changing hands daily — sleepy float • Lead manager Hem Securities Ltd.: 62% of 68 issues above issue today, LM score 72/100 • Discount listing (-67%) — historically the worst cohort"
Highway Infrastructure Ltd.,Mainboard,HILINFRA,NSE,INE00RL01028,2025-08-12,AVOID,AVOID,26,45.69,120.75,164.3,432.71,256.33,0.34413361245,-31.68,252,1.0,-34.73,,,,,,Pantomath Capital Advisors Pvt.Ltd.,2025-09-07,2025-11-06,https://www.screener.in/company/HILINFRA/,https://www.tradingview.com/chart/?symbol=NSE%3AHILINFRA,0.35,331.0,70.04,,,In ESM-eligible pool (mcap ₹331cr < ₹500cr) — sharp rallies can trigger 100% margin + 2%/5% band,,,,,,,False,2025-12-10,2025-08-13,250.0,2026-08-18,4,True,,"Score 26/100 — structure 0/35, base 0/20, liquidity 0/15, institutions 15/15, lock-in 5/5, LM 3/5, momentum 3/5 • Broken base (-31.7%) — distribution, not accumulation • QIB 433x — heavy institutional sponsorship (biggest historical tails came from this group) • ₹0.3cr/day turnover ≈ 0.3% of free float changing hands daily — sleepy float • 🔥 Volume thrust (≥5× avg) within the last 5 sessions (2026-08-18) — the institutional footprint that preceded most historical winners • ⚠ In ESM-eligible pool (mcap ₹331cr < ₹500cr) — sharp rallies can trigger 100% margin + 2%/5% band • Lead manager Pantomath Capital Advisors Pvt.Ltd.: 54% of 13 issues above issue today, LM score 47/100"
Star Imaging & Path Lab Ltd.,SME,STARIMAGIN,BSE,INE0YG001013,2025-08-18,AVOID,AVOID,26,92.0,93.1,1.2,12.85,4.41,0.132829,,2,,-35.21,,,,,,Share India Capital Services Pvt.Ltd.,2025-09-12,2025-11-11,https://www.screener.in/company/544482/,https://www.tradingview.com/chart/?symbol=BSE%3A544482,0.3,167.0,71.92,,,,,,,,,,False,,,,,0,False,,"Score 26/100 — structure 10/35, base 0/20, liquidity 0/15, institutions 6/15, lock-in 5/5, LM 5/5, momentum 0/5 • QIB 13x — thin institutional book (score-penalised, not disqualifying: stops manage the risk) • ₹0.1cr/day turnover ≈ 0.3% of free float changing hands daily — sleepy float • Lead manager Share India Capital Services Pvt.Ltd.: 62% of 16 issues above issue today, LM score 84/100 • Discount listing (-35%) — historically the worst cohort"
VMS TMT Ltd.,Mainboard,VMSTMT,NSE,INE0SJA01013,2025-09-24,AVOID,AVOID,26,48.47,105.0,116.6,120.8,82.91,0.4308430134,-35.59,223,,-51.04,,,,,,Arihant Capital Markets Ltd.,2025-10-21,2025-12-20,https://www.screener.in/company/VMSTMT/,https://www.tradingview.com/chart/?symbol=NSE%3AVMSTMT,0.53,241.0,67.18,,,In ESM-eligible pool (mcap ₹241cr < ₹500cr) — sharp rallies can trigger 100% margin + 2%/5% band,,,,,,,False,2026-01-21,,,2026-08-12,7,False,,"Score 26/100 — structure 0/35, base 0/20, liquidity 0/15, institutions 15/15, lock-in 5/5, LM 3/5, momentum 3/5 • Never reclaimed the listing-day high in 223 sessions — this cohort's median outcome is deeply negative • Broken base (-35.6%) — distribution, not accumulation • QIB 121x — heavy institutional sponsorship (biggest historical tails came from this group) • ₹0.4cr/day turnover ≈ 0.5% of free float changing hands daily — sleepy float • ⚠ In ESM-eligible pool (mcap ₹241cr < ₹500cr) — sharp rallies can trigger 100% margin + 2%/5% band • Lead manager Arihant Capital Markets Ltd.: 50% of 6 issues above issue today, LM score 63/100"
Ganesh Consumer Products Ltd.,Mainboard,GANESHCP,NSE,INE652V01016,2025-09-29,AVOID,AVOID,26,162.35,308.7,90.1,4.03,2.23,3.6267028154,-15.02,220,,-49.58,,,,,,Dam Capital Advisors Ltd.,2025-10-24,2025-12-23,https://www.screener.in/company/GANESHCP/,https://www.tradingview.com/chart/?symbol=NSE%3AGANESHCP,1.53,662.0,65.65,,,,,,,,,,False,2025-12-31,,,2026-07-31,5,False,,"Score 26/100 — structure 0/35, base 6/20, liquidity 10/15, institutions 2/15, lock-in 5/5, LM 3/5, momentum 0/5 • Never reclaimed the listing-day high in 220 sessions — this cohort's median outcome is deeply negative • Base gave up -15.0% vs listing close — looser than the −10% ideal; demands a smaller position • QIB 4x — thin institutional book (score-penalised, not disqualifying: stops manage the risk) • ₹3.6cr/day turnover ≈ 1.5% of free float changing hands daily — healthy churn • Lead manager Dam Capital Advisors Ltd.: 56% of 9 issues above issue today, LM score 59/100"
Avience Biomedicals Ltd.,SME,AVIENCE,NSE,INE0V9I01017,2026-06-25,AVOID,AVOID,26,240.0,414.95,72.9,196.77,267.95,0.7636068,-46.5,40,,15.38,,,,,,Fintellectual Corporate Advisors Pvt.Ltd.,2026-07-23,2026-09-21,https://www.screener.in/company/AVIENCE/,https://www.tradingview.com/chart/?symbol=NSE%3AAVIENCE,1.57,129.0,64.59,,,,,,,,,,False,2026-07-17,,,2026-07-17,1,False,,"Score 26/100 — structure 0/35, base 0/20, liquidity 0/15, institutions 15/15, lock-in 5/5, LM 3/5, momentum 3/5 • Never reclaimed the listing-day high in 40 sessions — this cohort's median outcome is deeply negative • Broken base (-46.5%) — distribution, not accumulation • QIB 197x — heavy institutional sponsorship (biggest historical tails came from this group) • ₹0.8cr/day turnover ≈ 1.6% of free float changing hands daily — healthy churn • Lead manager Fintellectual Corporate Advisors Pvt.Ltd.: 50% of 4 issues above issue today, LM score 45/100 • Mega-pop (+90%) — day-1 buyers are extended; base needs extra proof"
Mangalam Alloys Ltd.,SME,MAL,NSE,INE00C401011,2023-10-04,AVOID,AVOID,25,32.0,33.0,3.1,,5.37,0.0987565,-11.97,16,1.0,-60.0,,,,,,Expert Global Consultants Pvt.Ltd.,,,https://www.screener.in/company/MAL/,https://www.tradingview.com/chart/?symbol=NSE%3AMAL,0.32,77.0,59.74,,,,,,,,,,False,2026-08-06,2026-07-30,14.0,2026-08-06,1,False,,"Score 25/100 — structure 0/35, base 14/20, liquidity 0/15, institutions 2/15, lock-in 5/5, LM 1/5, momentum 3/5 • Base gave up -12.0% vs listing close — looser than the −10% ideal; demands a smaller position • ₹0.1cr/day turnover ≈ 0.3% of free float changing hands daily — sleepy float • Lead manager Expert Global Consultants Pvt.Ltd.: 28% of 18 issues above issue today, LM score 38/100 • Discount listing (-59%) — historically the worst cohort"
Paragon Fine & Speciality Chemical Ltd.,SME,PARAGON,NSE,INE0N4G01012,2023-11-03,AVOID,AVOID,25,48.2,236.0,389.6,81.38,143.32,0.0395277,-26.9,670,,-51.8,,,,,,Hem Securities Ltd.,2023-12-02,2024-01-31,https://www.screener.in/company/PARAGON/,https://www.tradingview.com/chart/?symbol=NSE%3APARAGON,0.16,95.9,74.87,,,,,,,,,,False,2024-05-10,,,2026-05-05,11,False,,"Score 25/100 — structure 0/35, base 0/20, liquidity 0/15, institutions 15/15, lock-in 5/5, LM 5/5, momentum 0/5 • Never reclaimed the listing-day high in 670 sessions — this cohort's median outcome is deeply negative • Broken base (-26.9%) — distribution, not accumulation • QIB 81x — heavy institutional sponsorship (biggest historical tails came from this group) • ₹0.0cr/day turnover ≈ 0.2% of free float changing hands daily — sleepy float • Lead manager Hem Securities Ltd.: 62% of 68 issues above issue today, LM score 72/100"
Mish Designs Ltd.,SME,544015,BSE,INE0QI101019,2023-11-07,AVOID,AVOID,25,35.35,165.0,366.8,,133.51,0.005765925,-22.57,566,67.0,-71.02,,,,,,Aryaman Financial Services Ltd.,,,https://www.screener.in/company/544015/,https://www.tradingview.com/chart/?symbol=BSE%3A544015,0.12,11.9,54.91,,,,,,,,,,False,2024-01-10,2024-06-10,440.0,2026-08-19,18,True,,"Score 25/100 — structure 0/35, base 6/20, liquidity 0/15, institutions 8/15, lock-in 5/5, LM 3/5, momentum 3/5 • Base gave up -22.6% vs listing close — looser than the −10% ideal; demands a smaller position • ₹0.0cr/day turnover ≈ 0.1% of free float changing hands daily — sleepy float • 🔥 Volume thrust (≥5× avg) within the last 5 sessions (2026-08-19) — the institutional footprint that preceded most historical winners • Lead manager Aryaman Financial Services Ltd.: 47% of 15 issues above issue today, LM score 41/100"
Arrowhead Seperation Engineering Ltd.,SME,544025,BSE,INE0PP401015,2023-11-28,AVOID,AVOID,25,71.0,255.0,259.2,,93.12,0.0067779,-24.21,395,,-69.53,,,,,,Aryaman Financial Services Ltd.,,,https://www.screener.in/company/544025/,https://www.tradingview.com/chart/?symbol=BSE%3A544025,0.08,13.3,35.09,,,,,,,,,,False,2024-03-14,,,2026-07-15,6,False,,"Score 25/100 — structure 0/35, base 6/20, liquidity 0/15, institutions 8/15, lock-in 5/5, LM 3/5, momentum 3/5 • Never reclaimed the listing-day high in 395 sessions — this cohort's median outcome is deeply negative • Base gave up -24.2% vs listing close — looser than the −10% ideal; demands a smaller position • ₹0.0cr/day turnover ≈ 0.1% of free float changing hands daily — sleepy float • Lead manager Aryaman Financial Services Ltd.: 47% of 15 issues above issue today, LM score 41/100"
Visaman Global Sales Ltd.,SME,VISAMAN,NSE,INE0BHK01012,2024-07-01,AVOID,AVOID,25,107.6,47.35,-56.0,,39.46,0.12932875,-21.01,327,157.0,150.23,,,,,,Shreni Shares Ltd.,,,https://www.screener.in/company/VISAMAN/,https://www.tradingview.com/chart/?symbol=NSE%3AVISAMAN,0.14,216.0,56.56,,2%,,,,,,,,False,2025-02-27,2025-07-02,167.0,2026-03-20,9,False,,"Score 25/100 — structure 8/35, base 6/20, liquidity 0/15, institutions 8/15, lock-in 5/5, LM 3/5, momentum 3/5 • Base gave up -21.0% vs listing close — looser than the −10% ideal; demands a smaller position • ₹0.1cr/day turnover ≈ 0.1% of free float changing hands daily — sleepy float • 🚧 Trading pinned to a 2% daily band — behaves like a surveillance cage even if not yet listed; volume typically dries −20% • Lead manager Shreni Shares Ltd.: 50% of 26 issues above issue today, LM score 55/100"
Akiko Global Services Ltd.,SME,AKIKO,NSE,INE0PMR01017,2024-07-02,AVOID,AVOID,25,380.1,98.0,-74.2,10.21,26.44,0.989215,-32.73,514,253.0,393.64,,,,,,Fast Track Finsec Pvt.Ltd.,2024-07-31,2024-09-29,https://www.screener.in/company/AKIKO/,https://www.tradingview.com/chart/?symbol=NSE%3AAKIKO,0.82,366.0,67.29,,,,,,,,,,True,2024-12-03,2025-07-28,260.0,2026-06-19,13,False,,"Score 25/100 — structure 8/35, base 0/20, liquidity 0/15, institutions 6/15, lock-in 5/5, LM 1/5, momentum 5/5 • Broken base (-32.7%) — distribution, not accumulation • QIB 10x — thin institutional book (score-penalised, not disqualifying: stops manage the risk) • ₹1.0cr/day turnover ≈ 0.8% of free float changing hands daily — healthy churn • Lead manager Fast Track Finsec Pvt.Ltd.: 33% of 9 issues above issue today, LM score 33/100"
Lakshya Powertech Ltd.,SME,LAKSHYA,NSE,INE0VZS01015,2024-10-23,AVOID,AVOID,25,82.5,359.1,335.3,212.18,410.3,0.0751794,-31.61,446,,-54.17,,,,,,GYR Capital Advisors Pvt.Ltd.,2024-11-19,2025-01-18,https://www.screener.in/company/LAKSHYA/,https://www.tradingview.com/chart/?symbol=NSE%3ALAKSHYA,0.28,83.0,69.27,,,,,,,,,,False,2024-12-18,,,2026-07-28,11,False,,"Score 25/100 — structure 0/35, base 0/20, liquidity 0/15, institutions 15/15, lock-in 5/5, LM 5/5, momentum 0/5 • Never reclaimed the listing-day high in 446 sessions — this cohort's median outcome is deeply negative • Broken base (-31.6%) — distribution, not accumulation • QIB 212x — heavy institutional sponsorship (biggest historical tails came from this group) • ₹0.1cr/day turnover ≈ 0.3% of free float changing hands daily — sleepy float • Lead manager GYR Capital Advisors Pvt.Ltd.: 57% of 49 issues above issue today, LM score 72/100"
Ganesh Infraworld Ltd.,SME,GANESHIN,NSE,INE0TVT01024,2024-12-06,AVOID,AVOID,25,113.75,165.55,45.5,163.52,263.61,1.6049914,-22.08,421,13.0,37.05,,,,,,Vivro Financial Services Pvt.Ltd.,2025-01-03,2025-03-04,https://www.screener.in/company/GANESHIN/,https://www.tradingview.com/chart/?symbol=NSE%3AGANESHIN,0.77,490.0,56.35,ESM Stage I,,,2026-07-11,2026-10-09,Enhanced Surveillance Measure (ESM) - Stage I (NSE list 20-Aug-2026),"Trade-to-trade settlement, 100% margin, 5% daily band (2% if already there). No intraday.",mcap ₹490cr still < ₹500cr pool boundary; 3-month move now +40% (cooled); 5-session move +2%,"Exit when price/volatility criteria normalise on review, or mcap sustainably exceeds the ₹500cr micro-cap pool",False,2025-04-24,2025-07-04,278.0,2026-08-06,11,False,,"Score 25/100 — structure 0/35, base 6/20, liquidity 6/15, institutions 15/15, lock-in 5/5, LM 3/5, momentum 5/5 • Base gave up -22.1% vs listing close — looser than the −10% ideal; demands a smaller position • QIB 164x — heavy institutional sponsorship (biggest historical tails came from this group) • ₹1.6cr/day turnover ≈ 0.8% of free float changing hands daily — sleepy float • 🚧 UNDER SURVEILLANCE: ESM Stage I — price band capped, 100% margin, liquidity dries (historical band-lock episodes: −5.8% median over next 60 sessions, 41% win) • Lead manager Vivro Financial Services Pvt.Ltd.: 64% of 11 issues above issue today, LM score 67/100"
CLN Energy Ltd.,SME,CLN,BSE,INE0WDX01010,2025-01-30,AVOID,AVOID,25,590.0,598.95,1.5,,3.99,0.268491,,2,,136.0,,,,,,Aryaman Financial Services Ltd.,2025-02-27,2025-04-28,https://www.screener.in/company/544347/,https://www.tradingview.com/chart/?symbol=BSE%3A544347,0.16,574.0,72.6,,,,,,,,,,False,,,,,0,False,,"Score 25/100 — structure 10/35, base 0/20, liquidity 0/15, institutions 2/15, lock-in 5/5, LM 3/5, momentum 5/5 • ₹0.3cr/day turnover ≈ 0.2% of free float changing hands daily — sleepy float • Lead manager Aryaman Financial Services Ltd.: 47% of 15 issues above issue today, LM score 41/100 • Mega-pop (+129%) — day-1 buyers are extended; base needs extra proof"
Voler Car Ltd.,SME,VOLERCAR,NSE,INE241X01014,2025-02-19,AVOID,AVOID,25,222.0,228.0,2.7,,8.24,0.990236,,2,,146.67,,,,,,GYR Capital Advisors Pvt.Ltd.,2025-03-18,2025-05-17,https://www.screener.in/company/VOLERCAR/,https://www.tradingview.com/chart/?symbol=NSE%3AVOLERCAR,1.24,247.0,67.87,,,,,,,,,,False,,,,,0,False,,"Score 25/100 — structure 10/35, base 0/20, liquidity 0/15, institutions 2/15, lock-in 5/5, LM 5/5, momentum 3/5 • ₹1.0cr/day turnover ≈ 1.2% of free float changing hands daily — healthy churn • Lead manager GYR Capital Advisors Pvt.Ltd.: 57% of 49 issues above issue today, LM score 72/100 • Mega-pop (+140%) — day-1 buyers are extended; base needs extra proof"
Maxvolt Energy Industries Ltd.,SME,MAXVOLT,NSE,INE10A501018,2025-02-19,AVOID,AVOID,25,336.45,350.0,4.0,,2.55,0.677737,,2,,86.92,,,,,,Smart Horizon Capital Advisors Pvt.Ltd.,2025-03-19,2025-05-18,https://www.screener.in/company/MAXVOLT/,https://www.tradingview.com/chart/?symbol=NSE%3AMAXVOLT,0.3,364.0,39.14,,,,,,,,,,False,,,,,0,False,,"Score 25/100 — structure 10/35, base 0/20, liquidity 0/15, institutions 2/15, lock-in 5/5, LM 5/5, momentum 3/5 • ₹0.7cr/day turnover ≈ 0.3% of free float changing hands daily — sleepy float • Lead manager Smart Horizon Capital Advisors Pvt.Ltd.: 74% of 27 issues above issue today, LM score 82/100 • Mega-pop (+94%) — day-1 buyers are extended; base needs extra proof"
Royal Arc Electrodes Ltd.,SME,ROYALARC,NSE,INE0EO401019,2025-02-24,AVOID,AVOID,25,178.0,181.0,1.7,,1.4,0.2259,,2,,48.33,,,,,,Fedex Securities Pvt.Ltd.,2025-03-21,2025-05-20,https://www.screener.in/company/ROYALARC/,https://www.tradingview.com/chart/?symbol=NSE%3AROYALARC,0.42,196.0,72.96,,,,,,,,,,False,,,,,0,False,,"Score 25/100 — structure 10/35, base 0/20, liquidity 0/15, institutions 2/15, lock-in 5/5, LM 3/5, momentum 5/5 • ₹0.2cr/day turnover ≈ 0.4% of free float changing hands daily — sleepy float • Lead manager Fedex Securities Pvt.Ltd.: 43% of 23 issues above issue today, LM score 54/100 • Listed +49% — the historical sweet-spot band"
Balaji Phosphates Ltd.,SME,BALAJIPHOS,NSE,INE0PQ601019,2025-03-07,AVOID,AVOID,25,89.1,91.0,2.1,,1.16,0.257705,,2,,27.29,,,,,,Arihant Capital Markets Ltd.,2025-04-04,2025-06-03,https://www.screener.in/company/BALAJIPHOS/,https://www.tradingview.com/chart/?symbol=NSE%3ABALAJIPHOS,0.4,212.0,69.9,,,,,,,,,,False,,,,,0,False,,"Score 25/100 — structure 10/35, base 0/20, liquidity 0/15, institutions 2/15, lock-in 5/5, LM 3/5, momentum 5/5 • ₹0.3cr/day turnover ≈ 0.4% of free float changing hands daily — sleepy float • Lead manager Arihant Capital Markets Ltd.: 50% of 6 issues above issue today, LM score 63/100 • Listed +24% — the historical sweet-spot band"
Identixweb Ltd.,SME,IDENTIXWEB,BSE,INE0PA401012,2025-04-03,AVOID,AVOID,25,59.1,59.1,0.0,,18.6,0.01182,,1,,9.44,,,,,,Beeline Capital Advisors Pvt.Ltd.,2025-05-01,2025-07-03,https://www.screener.in/company/544388/,https://www.tradingview.com/chart/?symbol=BSE%3A544388,0.05,61.5,62.99,,,,,,,,,,False,,,,,0,False,,"Score 25/100 — structure 10/35, base 0/20, liquidity 0/15, institutions 2/15, lock-in 5/5, LM 3/5, momentum 5/5 • ₹0.0cr/day turnover ≈ 0.1% of free float changing hands daily — sleepy float • Lead manager Beeline Capital Advisors Pvt.Ltd.: 53% of 57 issues above issue today, LM score 58/100 • Listed +9% — the historical sweet-spot band"
Retaggio Industries Ltd.,SME,RETAGGIO,BSE,INE0KWJ01014,2025-04-07,AVOID,AVOID,25,46.43,46.43,0.0,,1.83,0.013929,,1,,85.72,,,,,,Gretex Corporate Services Ltd.,,,https://www.screener.in/company/544391/,https://www.tradingview.com/chart/?symbol=BSE%3A544391,0.03,97.1,55.06,,,,,,,,,,False,,,,,0,False,,"Score 25/100 — structure 10/35, base 0/20, liquidity 0/15, institutions 2/15, lock-in 5/5, LM 3/5, momentum 5/5 • ₹0.0cr/day turnover ≈ 0.0% of free float changing hands daily — sleepy float • Lead manager Gretex Corporate Services Ltd.: 41% of 22 issues above issue today, LM score 48/100 • Mega-pop (+86%) — day-1 buyers are extended; base needs extra proof"
Astonea Labs Ltd.,SME,ASTONEALAB,BSE,INE0TG901011,2025-06-03,AVOID,AVOID,25,279.0,280.0,0.4,,2.1,0.05555,,2,,106.67,,,,,,Oneview Corporate Advisors Pvt.Ltd.,2025-06-29,2025-08-28,https://www.screener.in/company/544409/,https://www.tradingview.com/chart/?symbol=BSE%3A544409,0.07,292.0,72.3,,,,,,,,,,False,,,,,0,False,,"Score 25/100 — structure 10/35, base 0/20, liquidity 0/15, institutions 2/15, lock-in 5/5, LM 5/5, momentum 3/5 • ₹0.1cr/day turnover ≈ 0.1% of free float changing hands daily — sleepy float • Lead manager Oneview Corporate Advisors Pvt.Ltd.: 67% of 6 issues above issue today, LM score 86/100 • Mega-pop (+104%) — day-1 buyers are extended; base needs extra proof"
Safe Enterprises Retail Fixtures Ltd.,SME,SAFEENTP,NSE,INE17D601016,2025-06-27,AVOID,AVOID,25,254.2,258.0,1.5,,3.93,0.95045875,,2,,84.2,,,,,,Hem Securities Ltd.,2025-07-26,2025-09-24,https://www.screener.in/company/SAFEENTP/,https://www.tradingview.com/chart/?symbol=NSE%3ASAFEENTP,0.27,1187.0,70.07,,,,,,,,,,False,,,,,0,False,,"Score 25/100 — structure 10/35, base 0/20, liquidity 0/15, institutions 2/15, lock-in 5/5, LM 5/5, momentum 3/5 • ₹1.0cr/day turnover ≈ 0.3% of free float changing hands daily — sleepy float • Lead manager Hem Securities Ltd.: 62% of 68 issues above issue today, LM score 72/100 • Mega-pop (+86%) — day-1 buyers are extended; base needs extra proof"
Shri Hare-Krishna Sponge Iron Ltd.,SME,SHKSIL,NSE,INE0NON01025,2025-07-01,AVOID,AVOID,25,35.0,35.0,0.0,,5.08,0.01744,,2,,-40.68,,,,,,Hem Securities Ltd.,2025-07-26,2025-09-24,https://www.screener.in/company/SHKSIL/,https://www.tradingview.com/chart/?symbol=NSE%3ASHKSIL,0.1,71.0,73.58,,,,,,,,,,False,,,,,0,False,,"Score 25/100 — structure 10/35, base 0/20, liquidity 0/15, institutions 2/15, lock-in 5/5, LM 5/5, momentum 3/5 • ₹0.0cr/day turnover ≈ 0.1% of free float changing hands daily — sleepy float • Lead manager Hem Securities Ltd.: 62% of 68 issues above issue today, LM score 72/100 • Discount listing (-41%) — historically the worst cohort"
Rama Telecom Ltd.,SME,RTL,NSE,INE14W901010,2025-07-02,AVOID,AVOID,25,83.95,83.95,0.0,,1.59,0.26543,,1,,23.46,,,,,,Affinity Global Capital Market Pvt.Ltd.,,,https://www.screener.in/company/RTL/,https://www.tradingview.com/chart/?symbol=NSE%3ARTL,0.84,110.0,71.28,,,,,,,,,,False,,,,,0,False,,"Score 25/100 — structure 10/35, base 0/20, liquidity 0/15, institutions 2/15, lock-in 5/5, LM 3/5, momentum 5/5 • ₹0.3cr/day turnover ≈ 0.8% of free float changing hands daily — healthy churn • Lead manager Affinity Global Capital Market Pvt.Ltd.: 38% of 8 issues above issue today, LM score 41/100 • Listed +18% — the historical sweet-spot band"
B.D.Industries (Pune) Ltd.,SME,BDI,BSE,INE1LJ801017,2025-08-06,AVOID,AVOID,25,111.0,114.5,3.2,1.27,1.55,0.073317,,2,,2.78,,,,,,Aryaman Financial Services Ltd.,,,https://www.screener.in/company/544468/,https://www.tradingview.com/chart/?symbol=BSE%3A544468,0.16,158.0,70.44,,,,,,,,,,False,,,,,0,False,,"Score 25/100 — structure 10/35, base 0/20, liquidity 0/15, institutions 2/15, lock-in 5/5, LM 3/5, momentum 5/5 • QIB 1x — thin institutional book (score-penalised, not disqualifying: stops manage the risk) • ₹0.1cr/day turnover ≈ 0.2% of free float changing hands daily — sleepy float • Lead manager Aryaman Financial Services Ltd.: 47% of 15 issues above issue today, LM score 41/100"
Renol Polychem Ltd.,SME,RNPL,NSE,INE0VZX01015,2025-08-07,AVOID,AVOID,25,81.25,81.25,0.0,8.41,5.82,0.048414,,1,,-22.62,,,,,,Corporate Makers Capital Ltd.,2025-09-04,2025-11-03,https://www.screener.in/company/RNPL/,https://www.tradingview.com/chart/?symbol=NSE%3ARNPL,0.1,97.3,51.1,,,,,,,,,,False,,,,,0,False,,"Score 25/100 — structure 10/35, base 0/20, liquidity 0/15, institutions 6/15, lock-in 5/5, LM 1/5, momentum 3/5 • QIB 8x — thin institutional book (score-penalised, not disqualifying: stops manage the risk) • ₹0.0cr/day turnover ≈ 0.1% of free float changing hands daily — sleepy float • Lead manager Corporate Makers Capital Ltd.: 17% of 12 issues above issue today, LM score 28/100 • Discount listing (-24%) — historically the worst cohort"
Oval Projects Engineering Ltd.,SME,OVAL,BSE,INE0RTI01017,2025-09-04,AVOID,AVOID,25,54.0,54.0,0.0,6.21,1.57,0.00864,,1,,-36.47,,,,,,SMC Capitals Ltd.,2025-10-03,2025-12-01,https://www.screener.in/company/544498/,https://www.tradingview.com/chart/?symbol=BSE%3A544498,0.02,118.0,53.12,,,,,,,,,,False,,,,,0,False,,"Score 25/100 — structure 10/35, base 0/20, liquidity 0/15, institutions 6/15, lock-in 5/5, LM 1/5, momentum 3/5 • QIB 6x — thin institutional book (score-penalised, not disqualifying: stops manage the risk) • ₹0.0cr/day turnover ≈ 0.0% of free float changing hands daily — sleepy float • Discount listing (-36%) — historically the worst cohort"
TechD Cybersecurity Ltd.,SME,TECHD,NSE,INE0Y5H01014,2025-09-22,AVOID,AVOID,25,580.95,582.45,0.3,284.17,498.91,0.44936025,,2,,201.01,,,,,,GYR Capital Advisors Pvt.Ltd.,2025-10-18,2025-12-17,https://www.screener.in/company/TECHD/,https://www.tradingview.com/chart/?symbol=NSE%3ATECHD,0.28,433.0,63.24,ESM Stage I,,,2026-07-11,2026-10-09,Enhanced Surveillance Measure (ESM) - Stage I (NSE list 20-Aug-2026),"Trade-to-trade settlement, 100% margin, 5% daily band (2% if already there). No intraday.",mcap ₹433cr still < ₹500cr pool boundary,"Exit when price/volatility criteria normalise on review, or mcap sustainably exceeds the ₹500cr micro-cap pool",False,,,,,0,False,,"Score 25/100 — structure 10/35, base 0/20, liquidity 0/15, institutions 15/15, lock-in 5/5, LM 5/5, momentum 5/5 • QIB 284x — heavy institutional sponsorship (biggest historical tails came from this group) • ₹0.4cr/day turnover ≈ 0.3% of free float changing hands daily — sleepy float • 🚧 UNDER SURVEILLANCE: ESM Stage I — price band capped, 100% margin, liquidity dries (historical band-lock episodes: −5.8% median over next 60 sessions, 41% win) • Lead manager GYR Capital Advisors Pvt.Ltd.: 57% of 49 issues above issue today, LM score 72/100 • Mega-pop (+198%) — day-1 buyers are extended; base needs extra proof"
Vijaypd Ceutical Ltd.,SME,VIJAYPD,NSE,INE0WL901019,2025-10-07,AVOID,AVOID,25,57.2,60.0,4.9,,1.37,0.04655,,2,,63.43,,,,,,Smart Horizon Capital Advisors Pvt.Ltd.,,,https://www.screener.in/company/VIJAYPD/,https://www.tradingview.com/chart/?symbol=NSE%3AVIJAYPD,0.09,117.0,56.43,,,,,,,,,,False,,,,,0,False,,"Score 25/100 — structure 10/35, base 0/20, liquidity 0/15, institutions 2/15, lock-in 5/5, LM 5/5, momentum 3/5 • ₹0.0cr/day turnover ≈ 0.1% of free float changing hands daily — sleepy float • Lead manager Smart Horizon Capital Advisors Pvt.Ltd.: 74% of 27 issues above issue today, LM score 82/100 • Mega-pop (+59%) — day-1 buyers are extended; base needs extra proof"
Luxury Time Ltd.,SME,LUXURY,BSE,INE1CJB01013,2025-12-11,AVOID,AVOID,25,61.38,163.59,166.5,205.58,443.97,0.0539019199999999,-57.91,152,,-25.15,,,,,,GYR Capital Advisors Pvt.Ltd.,2026-01-08,2026-03-08,https://www.screener.in/company/544635/,https://www.tradingview.com/chart/?symbol=BSE%3A544635,0.33,46.1,68.55,,,,,,,,,,False,2025-12-26,,,2026-03-24,5,False,,"Score 25/100 — structure 0/35, base 0/20, liquidity 0/15, institutions 15/15, lock-in 5/5, LM 5/5, momentum 0/5 • Never reclaimed the listing-day high in 152 sessions — this cohort's median outcome is deeply negative • Broken base (-57.9%) — distribution, not accumulation • QIB 206x — heavy institutional sponsorship (biggest historical tails came from this group) • ₹0.1cr/day turnover ≈ 0.3% of free float changing hands daily — sleepy float • Lead manager GYR Capital Advisors Pvt.Ltd.: 57% of 49 issues above issue today, LM score 72/100"
Accretion Nutraveda Ltd.,SME,ANL,BSE,INE1KVQ01019,2026-02-04,AVOID,AVOID,25,277.0,200.55,-27.6,1.01,1.62,0.25243025,-21.5,104,31.0,114.73,,,,,,Sobhagya Capital Options Pvt.Ltd.,2026-03-03,2026-05-02,https://www.screener.in/company/544694/,https://www.tradingview.com/chart/?symbol=BSE%3A544694,0.47,203.0,73.48,,,,,,,,,,False,2026-04-28,2026-04-21,62.0,2026-07-29,4,False,,"Score 25/100 — structure 8/35, base 6/20, liquidity 0/15, institutions 2/15, lock-in 5/5, LM 1/5, momentum 3/5 • Base gave up -21.5% vs listing close — looser than the −10% ideal; demands a smaller position • QIB 1x — thin institutional book (score-penalised, not disqualifying: stops manage the risk) • ₹0.3cr/day turnover ≈ 0.5% of free float changing hands daily — sleepy float • Lead manager Sobhagya Capital Options Pvt.Ltd.: 11% of 9 issues above issue today, LM score 25/100"
Clay Craft India Ltd.,SME,CLAYCRAFT,NSE,INE1QGM01024,2026-06-24,AVOID,AVOID,25,164.2,221.55,34.9,119.19,72.2,0.66185265,-32.75,41,,-19.11,,,,,,Hem Securities Ltd.,2026-07-22,2026-09-20,https://www.screener.in/company/CLAYCRAFT/,https://www.tradingview.com/chart/?symbol=NSE%3ACLAYCRAFT,0.73,319.0,73.63,,,,,,,,,,False,,,,,0,False,,"Score 25/100 — structure 0/35, base 0/20, liquidity 0/15, institutions 15/15, lock-in 5/5, LM 5/5, momentum 0/5 • Never reclaimed the listing-day high in 41 sessions — this cohort's median outcome is deeply negative • Broken base (-32.8%) — distribution, not accumulation • QIB 119x — heavy institutional sponsorship (biggest historical tails came from this group) • ₹0.7cr/day turnover ≈ 0.7% of free float changing hands daily — sleepy float • Lead manager Hem Securities Ltd.: 62% of 68 issues above issue today, LM score 72/100"
Mono Pharmacare Ltd.,SME,MONOPHARMA,NSE,INE0OIP01012,2023-09-07,AVOID,AVOID,24,8.4,10.05,19.6,10.89,13.16,0.0210330769230769,-25.0,13,,-70.0,,,,,,Unistone Capital Pvt.Ltd.,,,https://www.screener.in/company/MONOPHARMA/,https://www.tradingview.com/chart/?symbol=NSE%3AMONOPHARMA,0.32,14.5,56.72,,,,,,,,,,False,,,,,0,False,,"Score 24/100 — structure 10/35, base 0/20, liquidity 0/15, institutions 6/15, lock-in 5/5, LM 3/5, momentum 0/5 • Broken base (-25.0%) — distribution, not accumulation • QIB 11x — thin institutional book (score-penalised, not disqualifying: stops manage the risk) • ₹0.0cr/day turnover ≈ 0.3% of free float changing hands daily — sleepy float • Lead manager Unistone Capital Pvt.Ltd.: 56% of 25 issues above issue today, LM score 60/100 • Discount listing (-64%) — historically the worst cohort"
Bulkcorp International Ltd.,SME,BULKCORP,NSE,INE0SZ301012,2024-08-06,AVOID,AVOID,24,70.85,136.5,92.7,104.42,185.0,0.0300612,-26.74,377,,-32.52,,,,,,Swastika Investmart Ltd.,2024-09-01,2024-10-31,https://www.screener.in/company/BULKCORP/,https://www.tradingview.com/chart/?symbol=NSE%3ABULKCORP,0.22,48.8,72.26,,,,,,,,,,False,2024-10-01,,,2026-08-19,13,True,,"Score 24/100 — structure 0/35, base 0/20, liquidity 0/15, institutions 15/15, lock-in 5/5, LM 1/5, momentum 3/5 • Never reclaimed the listing-day high in 377 sessions — this cohort's median outcome is deeply negative • Broken base (-26.7%) — distribution, not accumulation • QIB 104x — heavy institutional sponsorship (biggest historical tails came from this group) • ₹0.0cr/day turnover ≈ 0.2% of free float changing hands daily — sleepy float • 🔥 Volume thrust (≥5× avg) within the last 5 sessions (2026-08-19) — the institutional footprint that preceded most historical winners • Lead manager Swastika Investmart Ltd.: 17% of 12 issues above issue today, LM score 21/100"
Identical Brains Studios Ltd.,SME,IDENTICAL,NSE,INE0TD101011,2024-12-26,AVOID,AVOID,24,17.55,99.75,468.4,187.36,380.24,0.0335685,-52.58,378,,-67.5,,,,,,Socradamus Capital Pvt.Ltd.,2025-01-22,2025-03-23,https://www.screener.in/company/IDENTICAL/,https://www.tradingview.com/chart/?symbol=NSE%3AIDENTICAL,0.37,22.4,63.74,,,,,,,,,,False,2025-07-18,,,2026-07-24,9,False,,"Score 24/100 — structure 0/35, base 0/20, liquidity 0/15, institutions 15/15, lock-in 5/5, LM 1/5, momentum 3/5 • Never reclaimed the listing-day high in 378 sessions — this cohort's median outcome is deeply negative • Broken base (-52.6%) — distribution, not accumulation • QIB 187x — heavy institutional sponsorship (biggest historical tails came from this group) • ₹0.0cr/day turnover ≈ 0.4% of free float changing hands daily — sleepy float • Lead manager Socradamus Capital Pvt.Ltd.: 20% of 5 issues above issue today, LM score 38/100"
Medistep Healthcare Ltd.,SME,MEDISTEP,NSE,INE0UOY01019,2025-08-18,AVOID,AVOID,24,18.55,18.85,1.6,,374.09,0.00846,,2,,-56.86,,,,,,Fast Track Finsec Pvt.Ltd.,,,https://www.screener.in/company/MEDISTEP/,https://www.tradingview.com/chart/?symbol=NSE%3AMEDISTEP,0.1,28.4,68.96,,,,,,,,,,False,,,,,0,False,,"Score 24/100 — structure 10/35, base 0/20, liquidity 0/15, institutions 8/15, lock-in 5/5, LM 1/5, momentum 0/5 • ₹0.0cr/day turnover ≈ 0.1% of free float changing hands daily — sleepy float • Lead manager Fast Track Finsec Pvt.Ltd.: 33% of 9 issues above issue today, LM score 33/100 • Discount listing (-56%) — historically the worst cohort"
Mangal Electrical Industries Ltd.,Mainboard,MEIL,NSE,INE0PKD01011,2025-08-28,AVOID,AVOID,24,263.1,566.0,115.1,11.09,7.27,1.00691365775,-17.82,242,,-53.1,,,,,,Systematix Corporate Services Ltd.,2025-09-23,2025-11-22,https://www.screener.in/company/MEIL/,https://www.tradingview.com/chart/?symbol=NSE%3AMEIL,0.51,735.0,74.79,,,,,,,,,,False,2026-01-22,,,2026-07-27,4,False,,"Score 24/100 — structure 0/35, base 6/20, liquidity 6/15, institutions 6/15, lock-in 5/5, LM 1/5, momentum 0/5 • Never reclaimed the listing-day high in 242 sessions — this cohort's median outcome is deeply negative • Base gave up -17.8% vs listing close — looser than the −10% ideal; demands a smaller position • QIB 11x — thin institutional book (score-penalised, not disqualifying: stops manage the risk) • ₹1.0cr/day turnover ≈ 0.5% of free float changing hands daily — sleepy float • Lead manager Systematix Corporate Services Ltd.: 33% of 3 issues above issue today, LM score 34/100"
Genxai Analytics Ltd.,SME,GENXAI,NSE,INE1W0N01014,2026-06-12,AVOID,AVOID,24,79.45,97.4,22.6,17.58,12.54,0.2519769,-31.52,49,1.0,-31.51,,,,,,Choice Capital Advisors Pvt.Ltd.,2026-07-09,2026-09-07,https://www.screener.in/company/GENXAI/,https://www.tradingview.com/chart/?symbol=NSE%3AGENXAI,0.55,142.0,66.49,,,,,,,,,,False,,2026-06-15,47.0,,0,False,,"Score 24/100 — structure 0/35, base 0/20, liquidity 0/15, institutions 11/15, lock-in 5/5, LM 5/5, momentum 3/5 • Broken base (-31.5%) — distribution, not accumulation • QIB 18x — decent institutional interest • ₹0.3cr/day turnover ≈ 0.6% of free float changing hands daily — sleepy float • Lead manager Choice Capital Advisors Pvt.Ltd.: 73% of 11 issues above issue today, LM score 78/100"
Q&T Foods Ltd.,SME,QTFOODS,BSE,INE13G401012,2026-08-19,AVOID,AVOID,24,103.8,115.0,10.8,,,1.150593,,2,,-9.74,,,,,,Corporate Makers Capital Ltd.,,,,,,,,,,,,,,,,,False,,,,,0,False,,"Score 24/100 — structure 10/35, base 0/20, liquidity 6/15, institutions 2/15, lock-in 5/5, LM 1/5, momentum 0/5 • Illiquid — ₹1.15cr/day; exits are the real risk • Lead manager Corporate Makers Capital Ltd.: 17% of 12 issues above issue today, LM score 28/100"
Sahara Maritime Ltd.,SME,544056,BSE,INE0PSJ01011,2023-12-26,AVOID,AVOID,23,24.0,85.05,254.4,,21.98,0.00803168,-18.68,292,,-70.37,,,,,,Swaraj shares &amp; securities Pvt.Ltd.,,,https://www.screener.in/company/544056/,https://www.tradingview.com/chart/?symbol=BSE%3A544056,0.41,7.06,72.33,,,ST-ASM trigger risk: +25% in 5 sessions (criterion: ≥25%),,,,,,,False,2024-07-12,,,2026-02-09,5,False,,"Score 23/100 — structure 0/35, base 6/20, liquidity 0/15, institutions 8/15, lock-in 5/5, LM 1/5, momentum 3/5 • Never reclaimed the listing-day high in 292 sessions — this cohort's median outcome is deeply negative • Base gave up -18.7% vs listing close — looser than the −10% ideal; demands a smaller position • ₹0.0cr/day turnover ≈ 0.4% of free float changing hands daily — sleepy float • ⚠ ST-ASM trigger risk: +25% in 5 sessions (criterion: ≥25%) • Lead manager Swaraj shares &amp; securities Pvt.Ltd.: 40% of 5 issues above issue today, LM score 23/100"
Indian Phosphate Ltd.,SME,IPHL,NSE,INE0DHF01018,2024-09-03,AVOID,AVOID,23,67.2,197.5,193.9,181.58,196.87,0.427179,-44.04,476,,-32.12,,,,,,Beeline Capital Advisors Pvt.Ltd.,2024-09-29,2024-11-28,https://www.screener.in/company/IPHL/,https://www.tradingview.com/chart/?symbol=NSE%3AIPHL,0.87,163.0,72.99,,,,,,,,,,False,2024-09-12,,,2026-07-29,17,False,,"Score 23/100 — structure 0/35, base 0/20, liquidity 0/15, institutions 15/15, lock-in 5/5, LM 3/5, momentum 0/5 • Never reclaimed the listing-day high in 476 sessions — this cohort's median outcome is deeply negative • Broken base (-44.0%) — distribution, not accumulation • QIB 182x — heavy institutional sponsorship (biggest historical tails came from this group) • ₹0.4cr/day turnover ≈ 0.9% of free float changing hands daily — healthy churn • Lead manager Beeline Capital Advisors Pvt.Ltd.: 53% of 57 issues above issue today, LM score 58/100"
Mach Conferences & Events Ltd.,SME,MCEL,BSE,INE0UYT01018,2024-09-11,AVOID,AVOID,23,163.05,314.0,92.6,146.66,137.14,0.33106845,-25.56,476,,-27.53,,,,,,Beeline Capital Advisors Pvt.Ltd.,2024-10-09,2024-12-08,https://www.screener.in/company/544248/,https://www.tradingview.com/chart/?symbol=BSE%3A544248,0.34,363.0,72.93,,,,,,,,,,False,2024-12-26,,,2026-08-13,10,True,,"Score 23/100 — structure 0/35, base 0/20, liquidity 0/15, institutions 15/15, lock-in 5/5, LM 3/5, momentum 0/5 • Never reclaimed the listing-day high in 476 sessions — this cohort's median outcome is deeply negative • Broken base (-25.6%) — distribution, not accumulation • QIB 147x — heavy institutional sponsorship (biggest historical tails came from this group) • ₹0.3cr/day turnover ≈ 0.3% of free float changing hands daily — sleepy float • 🔥 Volume thrust (≥5× avg) within the last 5 sessions (2026-08-13) — the institutional footprint that preceded most historical winners • Lead manager Beeline Capital Advisors Pvt.Ltd.: 53% of 57 issues above issue today, LM score 58/100"
Dhanlaxmi Crop Science Ltd.,SME,DHANLAXMI,NSE,INE0V9V01010,2024-12-16,AVOID,AVOID,23,25.0,109.7,338.8,197.65,407.36,0.0266995,-47.72,374,,-54.55,,,,,,Finshore Management Services Ltd.,2025-01-11,2025-03-12,https://www.screener.in/company/DHANLAXMI/,https://www.tradingview.com/chart/?symbol=NSE%3ADHANLAXMI,0.25,41.6,73.97,,,,,,,,,,False,2025-02-28,,,2026-07-02,8,False,,"Score 23/100 — structure 0/35, base 0/20, liquidity 0/15, institutions 15/15, lock-in 5/5, LM 3/5, momentum 0/5 • Never reclaimed the listing-day high in 374 sessions — this cohort's median outcome is deeply negative • Broken base (-47.7%) — distribution, not accumulation • QIB 198x — heavy institutional sponsorship (biggest historical tails came from this group) • ₹0.0cr/day turnover ≈ 0.2% of free float changing hands daily — sleepy float • Lead manager Finshore Management Services Ltd.: 32% of 22 issues above issue today, LM score 45/100"
Solarium Green Energy Ltd.,SME,SOLARIUM,BSE,INE0W0H01017,2025-02-13,AVOID,AVOID,23,155.3,160.75,3.5,,6.62,0.17554725,,2,,-18.69,,,,,,Beeline Capital Advisors Pvt.Ltd.,2025-03-13,2025-05-12,https://www.screener.in/company/544354/,https://www.tradingview.com/chart/?symbol=BSE%3A544354,0.13,336.0,58.58,,,,,,,,,,False,,,,,0,False,,"Score 23/100 — structure 10/35, base 0/20, liquidity 0/15, institutions 2/15, lock-in 5/5, LM 3/5, momentum 3/5 • ₹0.2cr/day turnover ≈ 0.1% of free float changing hands daily — sleepy float • Lead manager Beeline Capital Advisors Pvt.Ltd.: 53% of 57 issues above issue today, LM score 58/100 • Discount listing (-16%) — historically the worst cohort"
Chandan Healthcare Ltd.,SME,CHANDAN,NSE,INE0B2N01016,2025-02-17,AVOID,AVOID,23,235.6,249.5,5.9,,5.48,0.842172,,2,,48.18,,,,,,Unistone Capital Pvt.Ltd.,2025-03-14,2025-05-13,https://www.screener.in/company/CHANDAN/,https://www.tradingview.com/chart/?symbol=NSE%3ACHANDAN,0.29,601.0,49.61,,,,,,,,,,False,,,,,0,False,,"Score 23/100 — structure 10/35, base 0/20, liquidity 0/15, institutions 2/15, lock-in 5/5, LM 3/5, momentum 3/5 • ₹0.8cr/day turnover ≈ 0.3% of free float changing hands daily — sleepy float • Lead manager Unistone Capital Pvt.Ltd.: 56% of 25 issues above issue today, LM score 60/100 • Mega-pop (+57%) — day-1 buyers are extended; base needs extra proof"
Shanmuga Hospital Ltd.,SME,SHANMUGA,BSE,INE0TD301017,2025-02-21,AVOID,AVOID,23,42.94,45.0,4.8,,2.43,0.078274,,1,,-20.48,,,,,,Finshore Management Services Ltd.,,,https://www.screener.in/company/544365/,https://www.tradingview.com/chart/?symbol=BSE%3A544365,0.47,58.4,72.06,,,,,,,,,,False,,,,,0,False,,"Score 23/100 — structure 10/35, base 0/20, liquidity 0/15, institutions 2/15, lock-in 5/5, LM 3/5, momentum 3/5 • ₹0.1cr/day turnover ≈ 0.5% of free float changing hands daily — sleepy float • Lead manager Finshore Management Services Ltd.: 32% of 22 issues above issue today, LM score 45/100 • Discount listing (-17%) — historically the worst cohort"
NAPS Global India Ltd.,SME,NAPSGLOBAL,BSE,INE0VNH01014,2025-03-11,AVOID,AVOID,23,50.0,50.0,0.0,,1.16,0.008,,1,,-44.44,,,,,,Aryaman Financial Services Ltd.,,,https://www.screener.in/company/544373/,https://www.tradingview.com/chart/?symbol=BSE%3A544373,0.12,22.2,70.2,,,,,,,,,,False,,,,,0,False,,"Score 23/100 — structure 10/35, base 0/20, liquidity 0/15, institutions 2/15, lock-in 5/5, LM 3/5, momentum 3/5 • ₹0.0cr/day turnover ≈ 0.1% of free float changing hands daily — sleepy float • Lead manager Aryaman Financial Services Ltd.: 47% of 15 issues above issue today, LM score 41/100 • Discount listing (-44%) — historically the worst cohort"
Rapid Fleet Management Services Ltd.,SME,RAPIDFLEET,NSE,INE0QX901013,2025-03-28,AVOID,AVOID,23,168.0,168.0,0.0,,1.45,0.01008,,1,,-12.5,,,,,,Gretex Corporate Services Ltd.,2025-04-25,2025-06-24,https://www.screener.in/company/RAPIDFLEET/,https://www.tradingview.com/chart/?symbol=NSE%3ARAPIDFLEET,0.02,126.0,67.54,,,,,,,,,,False,,,,,0,False,,"Score 23/100 — structure 10/35, base 0/20, liquidity 0/15, institutions 2/15, lock-in 5/5, LM 3/5, momentum 3/5 • ₹0.0cr/day turnover ≈ 0.0% of free float changing hands daily — sleepy float • Lead manager Gretex Corporate Services Ltd.: 41% of 22 issues above issue today, LM score 48/100 • Discount listing (-12%) — historically the worst cohort"
Arunaya Organics Ltd.,SME,ARUNAYA,NSE,INE0TTG01017,2025-05-07,AVOID,AVOID,23,14.6,14.85,1.7,,2.37,0.066535,,2,,-74.83,,,,,,Unistone Capital Pvt.Ltd.,,,https://www.screener.in/company/ARUNAYA/,https://www.tradingview.com/chart/?symbol=NSE%3AARUNAYA,0.67,26.0,60.79,,,,,,,,,,False,,,,,0,False,,"Score 23/100 — structure 10/35, base 0/20, liquidity 0/15, institutions 2/15, lock-in 5/5, LM 3/5, momentum 3/5 • ₹0.1cr/day turnover ≈ 0.7% of free float changing hands daily — sleepy float • Lead manager Unistone Capital Pvt.Ltd.: 56% of 25 issues above issue today, LM score 60/100 • Discount listing (-75%) — historically the worst cohort"
Kenrik Industries Ltd.,SME,KENRIK,BSE,INE0AOG01018,2025-05-09,AVOID,AVOID,23,7.01,7.01,0.0,,1.9,0.004206,,1,,-71.96,,,,,,Turnaround Corporate Advisors Pvt.Ltd.,,,https://www.screener.in/company/544398/,https://www.tradingview.com/chart/?symbol=BSE%3A544398,0.17,7.97,72.01,,,,,,,,,,False,,,,,0,False,,"Score 23/100 — structure 10/35, base 0/20, liquidity 0/15, institutions 2/15, lock-in 5/5, LM 3/5, momentum 3/5 • ₹0.0cr/day turnover ≈ 0.2% of free float changing hands daily — sleepy float • Lead manager Turnaround Corporate Advisors Pvt.Ltd.: 50% of 4 issues above issue today, LM score 64/100 • Discount listing (-72%) — historically the worst cohort"
Icon Facilitators Ltd.,SME,ICON,BSE,INE0Y0E01012,2025-07-01,AVOID,AVOID,23,75.06,79.0,5.2,,2.24,0.150402,,1,,-17.52,,,,,,Khambatta Securities Ltd.,,,https://www.screener.in/company/544426/,https://www.tradingview.com/chart/?symbol=BSE%3A544426,0.89,61.2,70.75,,,,,,,,,,False,,,,,0,False,,"Score 23/100 — structure 10/35, base 0/20, liquidity 0/15, institutions 2/15, lock-in 5/5, LM 3/5, momentum 3/5 • ₹0.2cr/day turnover ≈ 0.9% of free float changing hands daily — healthy churn • Lead manager Khambatta Securities Ltd.: 56% of 9 issues above issue today, LM score 58/100 • Discount listing (-19%) — historically the worst cohort"
Aaradhya Disposal Industries Ltd.,SME,AARADHYA,NSE,INE124401014,2025-08-11,AVOID,AVOID,23,69.0,69.0,0.0,2.51,1.4,0.024666,,1,,-40.52,,,,,,Khambatta Securities Ltd.,,,https://www.screener.in/company/AARADHYA/,https://www.tradingview.com/chart/?symbol=NSE%3AAARADHYA,0.09,102.0,70.58,,,,,,,,,,False,,,,,0,False,,"Score 23/100 — structure 10/35, base 0/20, liquidity 0/15, institutions 2/15, lock-in 5/5, LM 3/5, momentum 3/5 • QIB 3x — thin institutional book (score-penalised, not disqualifying: stops manage the risk) • ₹0.0cr/day turnover ≈ 0.1% of free float changing hands daily — sleepy float • Lead manager Khambatta Securities Ltd.: 56% of 9 issues above issue today, LM score 58/100 • Discount listing (-41%) — historically the worst cohort"
Anlon Healthcare Ltd.,Mainboard,AHCL,NSE,INE0Y8W01025,2025-09-03,AVOID,AVOID,23,14.37,151.24,952.5,1.07,6.95,5.528583030750002,-91.02,83,,-84.21,,,,,,Interactive Financial Services Ltd.,,,https://www.screener.in/company/AHCL/,https://www.tradingview.com/chart/?symbol=NSE%3AAHCL,1.48,774.0,52.68,,,,,,,,,,False,2026-06-04,,,2026-07-30,3,False,,"Score 23/100 — structure 0/35, base 0/20, liquidity 15/15, institutions 2/15, lock-in 5/5, LM 1/5, momentum 0/5 • Never reclaimed the listing-day high in 83 sessions — this cohort's median outcome is deeply negative • Broken base (-91.0%) — distribution, not accumulation • QIB 1x — thin institutional book (score-penalised, not disqualifying: stops manage the risk) • ₹5.5cr/day turnover ≈ 1.5% of free float changing hands daily — healthy churn • Lead manager Interactive Financial Services Ltd.: 30% of 23 issues above issue today, LM score 24/100"
Rachit Prints Ltd.,SME,RACHIT,BSE,INE0ZN101029,2025-09-08,AVOID,AVOID,23,178.0,187.0,5.1,1.0,1.59,0.04495,,2,,19.46,,,,,,Khambatta Securities Ltd.,,,https://www.screener.in/company/544503/,https://www.tradingview.com/chart/?symbol=BSE%3A544503,0.16,87.9,67.68,,,,,,,,,,False,,,,,0,False,,"Score 23/100 — structure 10/35, base 0/20, liquidity 0/15, institutions 2/15, lock-in 5/5, LM 3/5, momentum 3/5 • QIB 1x — thin institutional book (score-penalised, not disqualifying: stops manage the risk) • ₹0.0cr/day turnover ≈ 0.2% of free float changing hands daily — sleepy float • Lead manager Khambatta Securities Ltd.: 56% of 9 issues above issue today, LM score 58/100 • Listed +26% — the historical sweet-spot band"
Krupalu Metals Ltd.,SME,KRUPALU,BSE,INE0XZB01017,2025-09-16,AVOID,AVOID,23,29.4,29.4,0.0,,1.19,0.004704,,1,,-59.17,,,,,,Finshore Management Services Ltd.,,,https://www.screener.in/company/544509/,https://www.tradingview.com/chart/?symbol=BSE%3A544509,0.09,16.7,68.12,,,,,,,,,,False,,,,,0,False,,"Score 23/100 — structure 10/35, base 0/20, liquidity 0/15, institutions 2/15, lock-in 5/5, LM 3/5, momentum 3/5 • ₹0.0cr/day turnover ≈ 0.1% of free float changing hands daily — sleepy float • Lead manager Finshore Management Services Ltd.: 32% of 22 issues above issue today, LM score 45/100 • Discount listing (-59%) — historically the worst cohort"
Galaxy Medicare Ltd.,SME,GML,NSE,INE09A801015,2025-09-17,AVOID,AVOID,23,18.5,18.5,0.0,1.0,1.3,0.0037,,1,,-65.74,,,,,,Affinity Global Capital Market Pvt.Ltd.,,,https://www.screener.in/company/GML/,https://www.tradingview.com/chart/?symbol=NSE%3AGML,0.05,28.1,72.98,,,,,,,,,,False,,,,,0,False,,"Score 23/100 — structure 10/35, base 0/20, liquidity 0/15, institutions 2/15, lock-in 5/5, LM 3/5, momentum 3/5 • QIB 1x — thin institutional book (score-penalised, not disqualifying: stops manage the risk) • ₹0.0cr/day turnover ≈ 0.1% of free float changing hands daily — sleepy float • Lead manager Affinity Global Capital Market Pvt.Ltd.: 38% of 8 issues above issue today, LM score 41/100 • Discount listing (-66%) — historically the worst cohort"
Praruh Technologies Ltd.,SME,PRARUH,BSE,INE0TI501017,2025-10-01,AVOID,AVOID,23,79.0,80.0,1.3,1.01,1.18,0.1268,,1,,25.4,,,,,,Corporate Makers Capital Ltd.,2025-10-30,2025-12-30,https://www.screener.in/company/544538/,https://www.tradingview.com/chart/?symbol=BSE%3A544538,0.43,110.0,73.22,,,,,,,,,,False,,,,,0,False,,"Score 23/100 — structure 10/35, base 0/20, liquidity 0/15, institutions 2/15, lock-in 5/5, LM 1/5, momentum 5/5 • QIB 1x — thin institutional book (score-penalised, not disqualifying: stops manage the risk) • ₹0.1cr/day turnover ≈ 0.4% of free float changing hands daily — sleepy float • Lead manager Corporate Makers Capital Ltd.: 17% of 12 issues above issue today, LM score 28/100 • Listed +27% — the historical sweet-spot band"
Sodhani Capital Ltd.,SME,SODHACAP,BSE,INE0QU501030,2025-10-07,AVOID,AVOID,23,65.1,66.0,1.4,,4.74,0.154138,,1,,27.65,,,,,,Bonanza Portfolio Ltd.,,,https://www.screener.in/company/544560/,https://www.tradingview.com/chart/?symbol=BSE%3A544560,1.14,53.1,73.57,,,,,,,,,,False,,,,,0,False,,"Score 23/100 — structure 10/35, base 0/20, liquidity 0/15, institutions 2/15, lock-in 5/5, LM 1/5, momentum 5/5 • ₹0.2cr/day turnover ≈ 1.1% of free float changing hands daily — healthy churn • Listed +25% — the historical sweet-spot band"
Sunsky Logistics Ltd.,SME,SUNSKY,BSE,INE10CM01027,2025-10-08,AVOID,AVOID,23,32.25,32.59,1.1,,1.46,0.0717525,,1,,-29.89,,,,,,Nirbhay Capital Services Pvt.Ltd.,,,https://www.screener.in/company/544566/,https://www.tradingview.com/chart/?symbol=BSE%3A544566,0.55,43.6,67.04,,,,,,,,,,False,,,,,0,False,,"Score 23/100 — structure 10/35, base 0/20, liquidity 0/15, institutions 2/15, lock-in 5/5, LM 3/5, momentum 3/5 • ₹0.1cr/day turnover ≈ 0.6% of free float changing hands daily — sleepy float • Lead manager Nirbhay Capital Services Pvt.Ltd.: 40% of 5 issues above issue today, LM score 45/100 • Discount listing (-30%) — historically the worst cohort"
Chiraharit Ltd.,SME,CHIRAHARIT,BSE,INE12P101018,2025-10-08,AVOID,AVOID,23,7.6,8.0,5.3,,1.88,0.01392,,1,,-63.81,,,,,,Finshore Management Services Ltd.,,,https://www.screener.in/company/544561/,https://www.tradingview.com/chart/?symbol=BSE%3A544561,0.12,43.0,73.0,,,,,,,,,,False,,,,,0,False,,"Score 23/100 — structure 10/35, base 0/20, liquidity 0/15, institutions 2/15, lock-in 5/5, LM 3/5, momentum 3/5 • ₹0.0cr/day turnover ≈ 0.1% of free float changing hands daily — sleepy float • Lead manager Finshore Management Services Ltd.: 32% of 22 issues above issue today, LM score 45/100 • Discount listing (-62%) — historically the worst cohort"
Ravelcare Ltd.,SME,RAVEL,BSE,INE0W4D01018,2025-12-08,AVOID,AVOID,23,113.5,208.95,84.1,155.91,305.19,0.09508625,-38.73,162,,-12.69,,,,,,Marwadi Chandarana Intermediaries Brokers Pvt.Ltd.,2026-01-03,2026-03-04,https://www.screener.in/company/544629/,https://www.tradingview.com/chart/?symbol=BSE%3A544629,0.43,75.0,72.94,,,,,,,,,,False,2026-04-23,,,2026-08-03,4,False,,"Score 23/100 — structure 0/35, base 0/20, liquidity 0/15, institutions 15/15, lock-in 5/5, LM 3/5, momentum 0/5 • Never reclaimed the listing-day high in 162 sessions — this cohort's median outcome is deeply negative • Broken base (-38.7%) — distribution, not accumulation • QIB 156x — heavy institutional sponsorship (biggest historical tails came from this group) • ₹0.1cr/day turnover ≈ 0.4% of free float changing hands daily — sleepy float • Lead manager Marwadi Chandarana Intermediaries Brokers Pvt.Ltd.: 33% of 12 issues above issue today, LM score 41/100"
Rajgor Castor Derivatives Ltd.,SME,RCDL,NSE,INE0BZQ01011,2023-10-31,AVOID,AVOID,22,28.45,61.95,117.8,35.52,73.47,0.389337,-26.27,612,1.0,-43.1,,,,,,Beeline Capital Advisors Pvt.Ltd.,2023-11-25,2024-01-24,https://www.screener.in/company/RCDL/,https://www.tradingview.com/chart/?symbol=NSE%3ARCDL,1.27,68.0,60.02,,,,,,,,,,False,2024-01-11,2023-11-01,610.0,2026-08-05,20,False,,"Score 22/100 — structure 0/35, base 0/20, liquidity 0/15, institutions 11/15, lock-in 5/5, LM 3/5, momentum 3/5 • Broken base (-26.3%) — distribution, not accumulation • QIB 36x — decent institutional interest • ₹0.4cr/day turnover ≈ 1.3% of free float changing hands daily — healthy churn • Lead manager Beeline Capital Advisors Pvt.Ltd.: 53% of 57 issues above issue today, LM score 58/100"
Deccan Transcon Leasing Ltd.,SME,DECCANTRAN,NSE,INE0S7C01019,2024-09-24,AVOID,AVOID,22,22.75,117.9,418.2,42.07,82.33,0.0161838,-45.53,428,,-78.94,,,,,,Unistone Capital Pvt.Ltd.,2024-10-19,2024-12-18,https://www.screener.in/company/DECCANTRAN/,https://www.tradingview.com/chart/?symbol=NSE%3ADECCANTRAN,0.08,50.0,63.6,,,,,,,,,,False,2024-12-18,,,2026-06-03,13,False,,"Score 22/100 — structure 0/35, base 0/20, liquidity 0/15, institutions 11/15, lock-in 5/5, LM 3/5, momentum 3/5 • Never reclaimed the listing-day high in 428 sessions — this cohort's median outcome is deeply negative • Broken base (-45.5%) — distribution, not accumulation • QIB 42x — decent institutional interest • ₹0.0cr/day turnover ≈ 0.1% of free float changing hands daily — sleepy float • Lead manager Unistone Capital Pvt.Ltd.: 56% of 25 issues above issue today, LM score 60/100"
Readymix Construction Machinery Ltd.,SME,READYMIX,NSE,INE10QL01011,2025-02-13,AVOID,AVOID,22,95.8,106.5,11.2,,3.22,0.573445,,2,,-22.11,,,,,,Hem Securities Ltd.,2025-03-13,2025-05-12,https://www.screener.in/company/READYMIX/,https://www.tradingview.com/chart/?symbol=NSE%3AREADYMIX,1.89,114.0,72.06,,,,,,,,,,False,,,,,0,False,,"Score 22/100 — structure 10/35, base 0/20, liquidity 0/15, institutions 2/15, lock-in 5/5, LM 5/5, momentum 0/5 • ₹0.6cr/day turnover ≈ 1.9% of free float changing hands daily — healthy churn • Lead manager Hem Securities Ltd.: 62% of 68 issues above issue today, LM score 72/100 • Discount listing (-13%) — historically the worst cohort"
Infonative Solutions Ltd.,SME,INFONATIVE,BSE,INE12IB01015,2025-04-08,AVOID,AVOID,22,36.39,39.9,9.6,,3.94,0.0402152,,2,,-53.94,,,,,,Share India Capital Services Pvt.Ltd.,,,https://www.screener.in/company/544393/,https://www.tradingview.com/chart/?symbol=BSE%3A544393,0.29,45.0,69.28,,,,,,,,,,False,,,,,0,False,,"Score 22/100 — structure 10/35, base 0/20, liquidity 0/15, institutions 2/15, lock-in 5/5, LM 5/5, momentum 0/5 • ₹0.0cr/day turnover ≈ 0.3% of free float changing hands daily — sleepy float • Lead manager Share India Capital Services Pvt.Ltd.: 62% of 16 issues above issue today, LM score 84/100 • Discount listing (-52%) — historically the worst cohort"
PRO FX Tech Ltd.,SME,PROFX,NSE,INE0VJT01017,2025-07-03,AVOID,AVOID,22,78.6,81.5,3.7,,18.08,0.019328,,2,,-9.66,,,,,,Hem Securities Ltd.,2025-07-31,2025-09-29,https://www.screener.in/company/PROFX/,https://www.tradingview.com/chart/?symbol=NSE%3APROFX,0.03,144.0,50.3,,,,,,,,,,False,,,,,0,False,,"Score 22/100 — structure 10/35, base 0/20, liquidity 0/15, institutions 2/15, lock-in 5/5, LM 5/5, momentum 0/5 • ₹0.0cr/day turnover ≈ 0.0% of free float changing hands daily — sleepy float • Lead manager Hem Securities Ltd.: 62% of 68 issues above issue today, LM score 72/100 • Discount listing (-6%) — historically the worst cohort"
Umiya Mobile Ltd.,SME,UML,BSE,INE1P1A01018,2025-08-04,AVOID,AVOID,22,58.0,59.99,3.4,,2.56,0.040867,,2,,-12.12,,,,,,Smart Horizon Capital Advisors Pvt.Ltd.,,,https://www.screener.in/company/544464/,https://www.tradingview.com/chart/?symbol=BSE%3A544464,0.19,81.1,73.8,,,,,,,,,,False,,,,,0,False,,"Score 22/100 — structure 10/35, base 0/20, liquidity 0/15, institutions 2/15, lock-in 5/5, LM 5/5, momentum 0/5 • ₹0.0cr/day turnover ≈ 0.2% of free float changing hands daily — sleepy float • Lead manager Smart Horizon Capital Advisors Pvt.Ltd.: 74% of 27 issues above issue today, LM score 82/100 • Discount listing (-9%) — historically the worst cohort"
Dev Accelerator Ltd.,Mainboard,DEVX,NSE,INE0VOV01021,2025-09-17,AVOID,AVOID,22,34.72,64.05,84.5,20.3,35.82,0.35711932615,-36.8,228,,-43.08,,,,,,Pantomath Capital Advisors Pvt.Ltd.,,,https://www.screener.in/company/DEVX/,https://www.tradingview.com/chart/?symbol=NSE%3ADEVX,0.17,324.0,35.08,,,In ESM-eligible pool (mcap ₹324cr < ₹500cr) — sharp rallies can trigger 100% margin + 2%/5% band,,,,,,,False,2025-11-21,,,2025-12-30,2,False,,"Score 22/100 — structure 0/35, base 0/20, liquidity 0/15, institutions 11/15, lock-in 5/5, LM 3/5, momentum 3/5 • Never reclaimed the listing-day high in 228 sessions — this cohort's median outcome is deeply negative • Broken base (-36.8%) — distribution, not accumulation • QIB 20x — decent institutional interest • ₹0.4cr/day turnover ≈ 0.2% of free float changing hands daily — sleepy float • ⚠ In ESM-eligible pool (mcap ₹324cr < ₹500cr) — sharp rallies can trigger 100% margin + 2%/5% band • Lead manager Pantomath Capital Advisors Pvt.Ltd.: 54% of 13 issues above issue today, LM score 47/100"
Riyaasat Lifestyle Ltd.,SME,RIYAASAT,BSE,INE0KYI01012,2026-07-01,AVOID,AVOID,22,67.2,84.8,26.2,20.33,1.31,0.04710444,-34.22,31,,-36.6,,,,,,Mark Corporate Advisors Pvt.Ltd.,,,https://www.screener.in/company/544804/,https://www.tradingview.com/chart/?symbol=BSE%3A544804,0.27,60.2,73.39,,,,,,,,,,False,2026-07-14,,,2026-08-20,2,True,,"Score 22/100 — structure 0/35, base 0/20, liquidity 0/15, institutions 11/15, lock-in 5/5, LM 3/5, momentum 3/5 • Never reclaimed the listing-day high in 31 sessions — this cohort's median outcome is deeply negative • Broken base (-34.2%) — distribution, not accumulation • QIB 20x — decent institutional interest • ₹0.0cr/day turnover ≈ 0.3% of free float changing hands daily — sleepy float • 🔥 Volume thrust (≥5× avg) within the last 5 sessions (2026-08-20) — the institutional footprint that preceded most historical winners • Lead manager Mark Corporate Advisors Pvt.Ltd.: 33% of 6 issues above issue today, LM score 41/100"
TGIF Agribusiness Ltd.,SME,TGIF,BSE,INE0SMU01015,2024-05-15,AVOID,AVOID,21,101.0,156.8,55.2,,37.77,0.02216814,-45.54,451,,8.6,,,,,,Hem Securities Ltd.,,,https://www.screener.in/company/544175/,https://www.tradingview.com/chart/?symbol=BSE%3A544175,0.31,26.4,73.28,,,,,,,,,,False,2024-05-27,,,2026-04-29,8,False,,"Score 21/100 — structure 0/35, base 0/20, liquidity 0/15, institutions 8/15, lock-in 5/5, LM 5/5, momentum 3/5 • Never reclaimed the listing-day high in 451 sessions — this cohort's median outcome is deeply negative • Broken base (-45.5%) — distribution, not accumulation • ₹0.0cr/day turnover ≈ 0.3% of free float changing hands daily — sleepy float • Lead manager Hem Securities Ltd.: 62% of 68 issues above issue today, LM score 72/100"
Forcas Studio Ltd.,SME,FORCAS,NSE,INE0U2501017,2024-08-26,AVOID,AVOID,21,205.4,159.6,-22.3,205.39,291.44,0.6248196,-42.17,465,443.0,156.75,,,,,,Horizon Management Pvt.Ltd.,2024-09-21,2024-11-20,https://www.screener.in/company/FORCAS/,https://www.tradingview.com/chart/?symbol=NSE%3AFORCAS,0.47,357.0,60.3,ESM Stage I,,"SME LT-ASM risk: +95% in 3 months (criterion: ≥±90%, indicative)",2026-07-24,2026-10-22,Enhanced Surveillance Measure (ESM) - Stage I (NSE list 20-Aug-2026),"Trade-to-trade settlement, 100% margin, 5% daily band (2% if already there). No intraday.",mcap ₹357cr still < ₹500cr pool boundary; 3-month move now +95% (still hot); 5-session move +6%,"Exit when price/volatility criteria normalise on review, or mcap sustainably exceeds the ₹500cr micro-cap pool",False,2024-11-08,2026-07-22,21.0,2026-07-03,15,False,,"Score 21/100 — structure 8/35, base 0/20, liquidity 0/15, institutions 15/15, lock-in 5/5, LM 3/5, momentum 5/5 • Broken base (-42.2%) — distribution, not accumulation • QIB 205x — heavy institutional sponsorship (biggest historical tails came from this group) • ₹0.6cr/day turnover ≈ 0.5% of free float changing hands daily — sleepy float • 🚧 UNDER SURVEILLANCE: ESM Stage I — price band capped, 100% margin, liquidity dries (historical band-lock episodes: −5.8% median over next 60 sessions, 41% win) • ⚠ SME LT-ASM risk: +95% in 3 months (criterion: ≥±90%, indicative) • Lead manager Horizon Management Pvt.Ltd.: 50% of 22 issues above issue today, LM score 52/100"
My Mudra Fincorp Ltd.,SME,MYMUDRA,NSE,INE0RVQ01016,2024-09-12,AVOID,AVOID,21,74.5,130.05,74.6,48.83,75.91,0.2395557,-35.22,462,,-32.27,,,,,,Hem Securities Ltd.,2024-10-10,2024-12-09,https://www.screener.in/company/MYMUDRA/,https://www.tradingview.com/chart/?symbol=NSE%3AMYMUDRA,0.63,86.4,57.89,,,,,,,,,,False,2025-03-13,,,2026-07-31,21,False,,"Score 21/100 — structure 0/35, base 0/20, liquidity 0/15, institutions 11/15, lock-in 5/5, LM 5/5, momentum 0/5 • Never reclaimed the listing-day high in 462 sessions — this cohort's median outcome is deeply negative • Broken base (-35.2%) — distribution, not accumulation • QIB 49x — decent institutional interest • ₹0.2cr/day turnover ≈ 0.6% of free float changing hands daily — sleepy float • Lead manager Hem Securities Ltd.: 62% of 68 issues above issue today, LM score 72/100"
Bikewo Green Tech Ltd.,SME,BIKEWO,NSE,INE0SQH01013,2024-09-27,AVOID,AVOID,21,99.6,47.25,-52.6,43.03,41.65,1.086275,-36.19,450,417.0,60.65,,,,,,Khandwala Securities Ltd.,,,https://www.screener.in/company/BIKEWO/,https://www.tradingview.com/chart/?symbol=NSE%3ABIKEWO,2.23,130.0,54.94,ESM Stage I,5%,"SME LT-ASM risk: +284% in 3 months (criterion: ≥±90%, indicative) | 1-month high-low variation 96% (ST-ASM secondary criterion ≥75%)",2026-07-29 (est. from band-lock),2026-10-27,Enhanced Surveillance Measure (ESM) - Stage I (NSE list 20-Aug-2026),"Trade-to-trade settlement, 100% margin, 5% daily band (2% if already there). No intraday.",mcap ₹130cr still < ₹500cr pool boundary; 3-month move now +284% (still hot); 5-session move +5%,"Exit when price/volatility criteria normalise on review, or mcap sustainably exceeds the ₹500cr micro-cap pool",False,2024-12-02,2026-07-07,32.0,2026-07-09,8,False,,"Score 21/100 — structure 8/35, base 0/20, liquidity 6/15, institutions 11/15, lock-in 5/5, LM 1/5, momentum 5/5 • Broken base (-36.2%) — distribution, not accumulation • QIB 43x — decent institutional interest • ₹1.1cr/day turnover ≈ 2.2% of free float changing hands daily — healthy churn • 🚧 UNDER SURVEILLANCE: ESM Stage I — price band capped, 100% margin, liquidity dries (historical band-lock episodes: −5.8% median over next 60 sessions, 41% win) • ⚠ SME LT-ASM risk: +284% in 3 months (criterion: ≥±90%, indicative) • ⚠ 1-month high-low variation 96% (ST-ASM secondary criterion ≥75%)"
Phoenix Overseas Ltd.,SME,PHOGLOBAL,NSE,INE0FPO01018,2024-09-27,AVOID,AVOID,21,16.0,64.0,300.0,65.74,125.0,0.016965,-52.14,418,,-75.0,,,,,,Khandwala Securities Ltd.,,,https://www.screener.in/company/PHOGLOBAL/,https://www.tradingview.com/chart/?symbol=NSE%3APHOGLOBAL,0.19,30.6,71.02,,,,,,,,,,False,2025-03-27,,,2026-07-08,8,False,,"Score 21/100 — structure 0/35, base 0/20, liquidity 0/15, institutions 15/15, lock-in 5/5, LM 1/5, momentum 0/5 • Never reclaimed the listing-day high in 418 sessions — this cohort's median outcome is deeply negative • Broken base (-52.1%) — distribution, not accumulation • QIB 66x — heavy institutional sponsorship (biggest historical tails came from this group) • ₹0.0cr/day turnover ≈ 0.2% of free float changing hands daily — sleepy float • Lead manager Khandwala Securities Ltd.: 20% of 10 issues above issue today, LM score 9/100"
Onyx Biotec Ltd.,SME,ONYX,NSE,INE0WVU01018,2024-11-22,AVOID,AVOID,21,43.05,56.75,31.8,32.49,138.06,0.2899095,-10.13,385,1.0,-29.43,,,,,,Horizon Management Pvt.Ltd.,2024-12-19,2025-02-17,https://www.screener.in/company/ONYX/,https://www.tradingview.com/chart/?symbol=NSE%3AONYX,1.02,74.3,65.1,ESM Stage I,,,2026-08-07,2026-11-05,Enhanced Surveillance Measure (ESM) - Stage I (NSE list 20-Aug-2026),"Trade-to-trade settlement, 100% margin, 5% daily band (2% if already there). No intraday.",mcap ₹74cr still < ₹500cr pool boundary; 3-month move now +35% (cooled); 5-session move -4%,"Exit when price/volatility criteria normalise on review, or mcap sustainably exceeds the ₹500cr micro-cap pool",False,2024-12-26,2025-04-30,285.0,2026-07-30,19,False,,"Score 21/100 — structure 0/35, base 14/20, liquidity 0/15, institutions 11/15, lock-in 5/5, LM 3/5, momentum 3/5 • Base gave up -10.1% vs listing close — looser than the −10% ideal; demands a smaller position • QIB 32x — decent institutional interest • ₹0.3cr/day turnover ≈ 1.0% of free float changing hands daily — healthy churn • 🚧 UNDER SURVEILLANCE: ESM Stage I — price band capped, 100% margin, liquidity dries (historical band-lock episodes: −5.8% median over next 60 sessions, 41% win) • Lead manager Horizon Management Pvt.Ltd.: 50% of 22 issues above issue today, LM score 52/100"
Shreenath Paper Products Ltd.,SME,SHREENATH,BSE,INE0RXS01018,2025-03-05,AVOID,AVOID,21,13.35,13.7,2.6,,1.8,0.00801,,1,,-69.66,,,,,,Galactico Corporate Services Ltd.,,,https://www.screener.in/company/544372/,https://www.tradingview.com/chart/?symbol=BSE%3A544372,0.11,25.6,72.98,,,,,,,,,,False,,,,,0,False,,"Score 21/100 — structure 10/35, base 0/20, liquidity 0/15, institutions 2/15, lock-in 5/5, LM 1/5, momentum 3/5 • ₹0.0cr/day turnover ≈ 0.1% of free float changing hands daily — sleepy float • Lead manager Galactico Corporate Services Ltd.: 33% of 3 issues above issue today, LM score 30/100 • Discount listing (-70%) — historically the worst cohort"
Nikita Papers Ltd.,SME,NIKITA,NSE,INE0FLF01015,2025-06-03,AVOID,AVOID,21,74.65,78.0,4.5,,1.24,0.038949,,2,,-28.22,,,,,,Fast Track Finsec Pvt.Ltd.,2025-06-30,2025-08-28,https://www.screener.in/company/NIKITA/,https://www.tradingview.com/chart/?symbol=NSE%3ANIKITA,0.05,180.0,58.95,,,,,,,,,,False,,,,,0,False,,"Score 21/100 — structure 10/35, base 0/20, liquidity 0/15, institutions 2/15, lock-in 5/5, LM 1/5, momentum 3/5 • ₹0.0cr/day turnover ≈ 0.1% of free float changing hands daily — sleepy float • Lead manager Fast Track Finsec Pvt.Ltd.: 33% of 9 issues above issue today, LM score 33/100 • Discount listing (-32%) — historically the worst cohort"
Ganga Bath Fittings Ltd.,SME,GANGABATH,NSE,INE0ZI101018,2025-06-11,AVOID,AVOID,21,22.55,22.95,1.8,,1.59,0.0571125,,2,,-53.98,,,,,,Jawa Capital Services Pvt.Ltd.,,,https://www.screener.in/company/GANGABATH/,https://www.tradingview.com/chart/?symbol=NSE%3AGANGABATH,0.37,49.9,69.16,,,,,,,,,,False,,,,,0,False,,"Score 21/100 — structure 10/35, base 0/20, liquidity 0/15, institutions 2/15, lock-in 5/5, LM 1/5, momentum 3/5 • ₹0.1cr/day turnover ≈ 0.4% of free float changing hands daily — sleepy float • Lead manager Jawa Capital Services Pvt.Ltd.: 25% of 8 issues above issue today, LM score 13/100 • Discount listing (-53%) — historically the worst cohort"
Aten Papers & Foam Ltd.,SME,ATENPAPERS,BSE,INE0XCV01014,2025-06-20,AVOID,AVOID,21,20.0,21.0,5.0,,1.43,0.00492,,1,,-79.17,,,,,,Swastika Investmart Ltd.,,,https://www.screener.in/company/544417/,https://www.tradingview.com/chart/?symbol=BSE%3A544417,0.07,21.9,67.96,,,,,,,,,,False,,,,,0,False,,"Score 21/100 — structure 10/35, base 0/20, liquidity 0/15, institutions 2/15, lock-in 5/5, LM 1/5, momentum 3/5 • ₹0.0cr/day turnover ≈ 0.1% of free float changing hands daily — sleepy float • Lead manager Swastika Investmart Ltd.: 17% of 12 issues above issue today, LM score 21/100 • Discount listing (-78%) — historically the worst cohort"
Happy Square Outsourcing Services Ltd.,SME,WHITEFORCE,NSE,INE0TLP01015,2025-07-10,AVOID,AVOID,21,39.0,39.0,0.0,,2.79,0.374132,,2,,-48.68,,,,,,Corpwis Advisors Pvt.Ltd.,2025-08-07,2025-10-06,https://www.screener.in/company/WHITEFORCE/,https://www.tradingview.com/chart/?symbol=NSE%3AWHITEFORCE,2.13,40.2,60.9,,,,,,,,,,False,,,,,0,False,,"Score 21/100 — structure 10/35, base 0/20, liquidity 0/15, institutions 2/15, lock-in 5/5, LM 1/5, momentum 3/5 • ₹0.4cr/day turnover ≈ 2.1% of free float changing hands daily — healthy churn • Lead manager Corpwis Advisors Pvt.Ltd.: 38% of 8 issues above issue today, LM score 25/100 • Discount listing (-57%) — historically the worst cohort"
ANB Metal Cast Ltd.,SME,AMCL,NSE,INE0VG001016,2025-08-18,AVOID,AVOID,21,370.05,378.0,2.1,1.04,1.7,0.112038,,2,,137.21,,,,,,Sun Capital Advisory Services Pvt.Ltd.,2025-09-12,2025-11-11,https://www.screener.in/company/AMCL/,https://www.tradingview.com/chart/?symbol=NSE%3AAMCL,0.09,450.0,71.65,,,,,,,,,,False,,,,,0,False,,"Score 21/100 — structure 10/35, base 0/20, liquidity 0/15, institutions 2/15, lock-in 5/5, LM 1/5, momentum 3/5 • QIB 1x — thin institutional book (score-penalised, not disqualifying: stops manage the risk) • ₹0.1cr/day turnover ≈ 0.1% of free float changing hands daily — sleepy float • Lead manager Sun Capital Advisory Services Pvt.Ltd.: 33% of 6 issues above issue today, LM score 28/100 • Mega-pop (+142%) — day-1 buyers are extended; base needs extra proof"
Abril Paper Tech Ltd.,SME,ABRIL,BSE,INE15MX01014,2025-09-05,AVOID,AVOID,21,34.2,34.2,0.0,,11.13,0.02048,,1,,-43.93,,,,,,Interactive Financial Services Ltd.,,,https://www.screener.in/company/544500/,https://www.tradingview.com/chart/?symbol=BSE%3A544500,0.2,27.9,61.71,,,,,,,,,,False,,,,,0,False,,"Score 21/100 — structure 10/35, base 0/20, liquidity 0/15, institutions 2/15, lock-in 5/5, LM 1/5, momentum 3/5 • ₹0.0cr/day turnover ≈ 0.2% of free float changing hands daily — sleepy float • Lead manager Interactive Financial Services Ltd.: 30% of 23 issues above issue today, LM score 24/100 • Discount listing (-44%) — historically the worst cohort"
Vashishtha Luxury Fashion Ltd.,SME,VASHISHTHA,BSE,INE0WRP01016,2025-09-15,AVOID,AVOID,21,66.99,67.9,1.4,1.27,2.17,0.0242268,,1,,-39.65,,,,,,Expert Global Consultants Pvt.Ltd.,,,https://www.screener.in/company/544508/,https://www.tradingview.com/chart/?symbol=BSE%3A544508,0.45,15.2,66.09,,,,,,,,,,False,,,,,0,False,,"Score 21/100 — structure 10/35, base 0/20, liquidity 0/15, institutions 2/15, lock-in 5/5, LM 1/5, momentum 3/5 • QIB 1x — thin institutional book (score-penalised, not disqualifying: stops manage the risk) • ₹0.0cr/day turnover ≈ 0.5% of free float changing hands daily — sleepy float • Lead manager Expert Global Consultants Pvt.Ltd.: 28% of 18 issues above issue today, LM score 38/100 • Discount listing (-39%) — historically the worst cohort"
Solvex Edibles Ltd.,SME,SOLVEX,BSE,INE1IIQ01028,2025-10-01,AVOID,AVOID,21,20.81,20.81,0.0,,1.02,0.0033296,,1,,-71.1,,,,,,Corporate Makers Capital Ltd.,,,https://www.screener.in/company/544539/,https://www.tradingview.com/chart/?symbol=BSE%3A544539,0.06,18.6,70.72,,,,,,,,,,False,,,,,0,False,,"Score 21/100 — structure 10/35, base 0/20, liquidity 0/15, institutions 2/15, lock-in 5/5, LM 1/5, momentum 3/5 • ₹0.0cr/day turnover ≈ 0.1% of free float changing hands daily — sleepy float • Lead manager Corporate Makers Capital Ltd.: 17% of 12 issues above issue today, LM score 28/100 • Discount listing (-71%) — historically the worst cohort"
Om Metallogic Ltd.,SME,OML,BSE,INE0R8Q01018,2025-10-07,AVOID,AVOID,21,29.5,30.71,4.1,,1.5,0.0144336,,1,,-65.7,,,,,,Corporate Makers Capital Ltd.,,,https://www.screener.in/company/544559/,https://www.tradingview.com/chart/?symbol=BSE%3A544559,0.15,23.2,59.26,,,,,,,,,,False,,,,,0,False,,"Score 21/100 — structure 10/35, base 0/20, liquidity 0/15, institutions 2/15, lock-in 5/5, LM 1/5, momentum 3/5 • ₹0.0cr/day turnover ≈ 0.1% of free float changing hands daily — sleepy float • Lead manager Corporate Makers Capital Ltd.: 17% of 12 issues above issue today, LM score 28/100 • Discount listing (-64%) — historically the worst cohort"
Durlax Top Surface Ltd.,SME,DURLAX,NSE,INE0OUW01013,2024-06-26,AVOID,AVOID,20,61.4,109.0,77.5,48.29,156.03,0.7722525,-39.16,517,,-9.71,,,,,,Expert Global Consultants Pvt.Ltd.,2024-07-24,2024-09-22,https://www.screener.in/company/DURLAX/,https://www.tradingview.com/chart/?symbol=NSE%3ADURLAX,0.91,197.0,51.45,,,,,,,,,,False,2024-11-14,,,2026-08-14,12,True,,"Score 20/100 — structure 0/35, base 0/20, liquidity 0/15, institutions 11/15, lock-in 5/5, LM 1/5, momentum 3/5 • Never reclaimed the listing-day high in 517 sessions — this cohort's median outcome is deeply negative • Broken base (-39.2%) — distribution, not accumulation • QIB 48x — decent institutional interest • ₹0.8cr/day turnover ≈ 0.9% of free float changing hands daily — healthy churn • 🔥 Volume thrust (≥5× avg) within the last 5 sessions (2026-08-14) — the institutional footprint that preceded most historical winners • Lead manager Expert Global Consultants Pvt.Ltd.: 28% of 18 issues above issue today, LM score 38/100"
Paramount Speciality Forgings Ltd.,SME,PSFL,NSE,INE0Q6001012,2024-09-25,AVOID,AVOID,20,32.5,87.15,168.2,20.88,51.85,0.0382405,-25.3,440,,-44.92,,,,,,Swaraj shares & securities Pvt.Ltd.,2024-10-22,2024-12-21,https://www.screener.in/company/PSFL/,https://www.tradingview.com/chart/?symbol=NSE%3APSFL,0.22,61.1,72.29,,,,,,,,,,False,2024-12-16,,,2026-06-18,10,False,,"Score 20/100 — structure 0/35, base 0/20, liquidity 0/15, institutions 11/15, lock-in 5/5, LM 1/5, momentum 3/5 • Never reclaimed the listing-day high in 440 sessions — this cohort's median outcome is deeply negative • Broken base (-25.3%) — distribution, not accumulation • QIB 21x — decent institutional interest • ₹0.0cr/day turnover ≈ 0.2% of free float changing hands daily — sleepy float • Lead manager Swaraj shares & securities Pvt.Ltd.: 0% of 3 issues above issue today, LM score 23/100"
Amwill Health Care Ltd.,SME,AMWILL,BSE,INE0U2L01017,2025-02-12,AVOID,AVOID,20,42.5,42.75,0.6,,5.67,0.051096,,2,,-61.71,,,,,,Unistone Capital Pvt.Ltd.,,,https://www.screener.in/company/544353/,https://www.tradingview.com/chart/?symbol=BSE%3A544353,0.2,85.0,70.65,,,,,,,,,,False,,,,,0,False,,"Score 20/100 — structure 10/35, base 0/20, liquidity 0/15, institutions 2/15, lock-in 5/5, LM 3/5, momentum 0/5 • ₹0.1cr/day turnover ≈ 0.2% of free float changing hands daily — sleepy float • Lead manager Unistone Capital Pvt.Ltd.: 56% of 25 issues above issue today, LM score 60/100 • Discount listing (-62%) — historically the worst cohort"
3B Films Ltd.,SME,3BFILMS,BSE,INE0TE101010,2025-06-06,AVOID,AVOID,20,13.04,14.16,8.6,,1.58,0.031773,,2,,-73.92,,,,,,Nirbhay Capital Services Pvt.Ltd.,,,https://www.screener.in/company/544412/,https://www.tradingview.com/chart/?symbol=BSE%3A544412,0.32,33.5,69.97,,,,,,,,,,False,,,,,0,False,,"Score 20/100 — structure 10/35, base 0/20, liquidity 0/15, institutions 2/15, lock-in 5/5, LM 3/5, momentum 0/5 • ₹0.0cr/day turnover ≈ 0.3% of free float changing hands daily — sleepy float • Lead manager Nirbhay Capital Services Pvt.Ltd.: 40% of 5 issues above issue today, LM score 45/100 • Discount listing (-72%) — historically the worst cohort"
Marc Loire Fashions Ltd.,SME,MARCLOIRE,BSE,INE0TBQ01014,2025-07-07,AVOID,AVOID,20,32.12,33.0,2.7,,2.52,0.0039072,,2,,-67.88,,,,,,Finshore Management Services Ltd.,,,https://www.screener.in/company/544437/,https://www.tradingview.com/chart/?symbol=BSE%3A544437,0.06,23.6,70.42,,,,,,,,,,False,,,,,0,False,,"Score 20/100 — structure 10/35, base 0/20, liquidity 0/15, institutions 2/15, lock-in 5/5, LM 3/5, momentum 0/5 • ₹0.0cr/day turnover ≈ 0.1% of free float changing hands daily — sleepy float • Lead manager Finshore Management Services Ltd.: 32% of 22 issues above issue today, LM score 45/100 • Discount listing (-67%) — historically the worst cohort"
Pushpa Jewellers Ltd.,SME,PUSHPA,NSE,INE154801018,2025-07-07,AVOID,AVOID,20,114.0,115.0,0.9,,2.2,0.21355,,2,,-22.45,,,,,,Affinity Global Capital Market Pvt.Ltd.,2025-08-03,2025-10-02,https://www.screener.in/company/PUSHPA/,https://www.tradingview.com/chart/?symbol=NSE%3APUSHPA,0.29,279.0,72.67,,,,,,,,,,False,,,,,0,False,,"Score 20/100 — structure 10/35, base 0/20, liquidity 0/15, institutions 2/15, lock-in 5/5, LM 3/5, momentum 0/5 • ₹0.2cr/day turnover ≈ 0.3% of free float changing hands daily — sleepy float • Lead manager Affinity Global Capital Market Pvt.Ltd.: 38% of 8 issues above issue today, LM score 41/100 • Discount listing (-22%) — historically the worst cohort"
Monika Alcobev Ltd.,SME,MONIKA,BSE,INE0LCG01010,2025-07-23,AVOID,AVOID,20,160.0,172.0,7.5,2.54,3.16,0.80656,,2,,-44.06,,,,,,Marwadi Chandarana Intermediaries Brokers Pvt.Ltd.,2025-08-20,2025-10-19,https://www.screener.in/company/544451/,https://www.tradingview.com/chart/?symbol=BSE%3A544451,0.61,331.0,62.1,,,,,,,,,,False,,,,,0,False,,"Score 20/100 — structure 10/35, base 0/20, liquidity 0/15, institutions 2/15, lock-in 5/5, LM 3/5, momentum 0/5 • QIB 3x — thin institutional book (score-penalised, not disqualifying: stops manage the risk) • ₹0.8cr/day turnover ≈ 0.6% of free float changing hands daily — sleepy float • Lead manager Marwadi Chandarana Intermediaries Brokers Pvt.Ltd.: 33% of 12 issues above issue today, LM score 41/100 • Discount listing (-47%) — historically the worst cohort"
Jyoti Global Plast Ltd.,SME,JYOTIGLOBL,NSE,INE1M3T01017,2025-08-11,AVOID,AVOID,20,37.8,39.95,5.7,1.86,6.07,0.082755,,2,,-42.73,,,,,,Unistone Capital Pvt.Ltd.,2025-09-06,2025-11-05,https://www.screener.in/company/JYOTIGLOBL/,https://www.tradingview.com/chart/?symbol=NSE%3AJYOTIGLOBL,0.39,77.5,72.91,,,,,,,,,,False,,,,,0,False,,"Score 20/100 — structure 10/35, base 0/20, liquidity 0/15, institutions 2/15, lock-in 5/5, LM 3/5, momentum 0/5 • QIB 2x — thin institutional book (score-penalised, not disqualifying: stops manage the risk) • ₹0.1cr/day turnover ≈ 0.4% of free float changing hands daily — sleepy float • Lead manager Unistone Capital Pvt.Ltd.: 56% of 25 issues above issue today, LM score 60/100 • Discount listing (-41%) — historically the worst cohort"
Shivashrit Foods Ltd.,SME,SHIVASHRIT,NSE,INE1DLF01018,2025-09-01,AVOID,AVOID,20,118.1,123.0,4.1,1.59,2.05,0.2709525,,2,,-16.83,,,,,,Mark Corporate Advisors Pvt.Ltd.,2025-09-27,2025-11-26,https://www.screener.in/company/SHIVASHRIT/,https://www.tradingview.com/chart/?symbol=NSE%3ASHIVASHRIT,0.46,216.0,73.0,,,,,,,,,,False,,,,,0,False,,"Score 20/100 — structure 10/35, base 0/20, liquidity 0/15, institutions 2/15, lock-in 5/5, LM 3/5, momentum 0/5 • QIB 2x — thin institutional book (score-penalised, not disqualifying: stops manage the risk) • ₹0.3cr/day turnover ≈ 0.5% of free float changing hands daily — sleepy float • Lead manager Mark Corporate Advisors Pvt.Ltd.: 33% of 6 issues above issue today, LM score 41/100 • Discount listing (-15%) — historically the worst cohort"
Gurunanak Agriculture India Ltd.,SME,GURUNANAK,NSE,INE1CCX01012,2025-10-01,AVOID,AVOID,20,35.25,35.5,0.7,,1.71,0.023068,,2,,-53.0,,,,,,Finshore Management Services Ltd.,,,https://www.screener.in/company/GURUNANAK/,https://www.tradingview.com/chart/?symbol=NSE%3AGURUNANAK,0.17,42.3,68.0,,,,,,,,,,False,,,,,0,False,,"Score 20/100 — structure 10/35, base 0/20, liquidity 0/15, institutions 2/15, lock-in 5/5, LM 3/5, momentum 0/5 • ₹0.0cr/day turnover ≈ 0.2% of free float changing hands daily — sleepy float • Lead manager Finshore Management Services Ltd.: 32% of 22 issues above issue today, LM score 45/100 • Discount listing (-53%) — historically the worst cohort"
Gujarat Peanut & Agri Products Ltd.,SME,GPAPL,BSE,INE0SIK01014,2025-10-03,AVOID,AVOID,20,69.4,72.0,3.7,,8.0,0.0342192,,2,,-13.25,,,,,,Finshore Management Services Ltd.,,,https://www.screener.in/company/544548/,https://www.tradingview.com/chart/?symbol=BSE%3A544548,0.16,71.9,71.0,,,,,,,,,,False,,,,,0,False,,"Score 20/100 — structure 10/35, base 0/20, liquidity 0/15, institutions 2/15, lock-in 5/5, LM 3/5, momentum 0/5 • ₹0.0cr/day turnover ≈ 0.2% of free float changing hands daily — sleepy float • Lead manager Finshore Management Services Ltd.: 32% of 22 issues above issue today, LM score 45/100 • Discount listing (-10%) — historically the worst cohort"
Earkart Ltd.,SME,EARKART,BSE,INE1A8F01035,2025-10-03,AVOID,AVOID,20,129.5,130.0,0.4,,1.28,0.03242,,2,,-4.07,,,,,,Sarthi Capital Advisors Pvt.Ltd.,,,https://www.screener.in/company/544549/,https://www.tradingview.com/chart/?symbol=BSE%3A544549,0.04,192.0,57.34,,,,,,,,,,False,,,,,0,False,,"Score 20/100 — structure 10/35, base 0/20, liquidity 0/15, institutions 2/15, lock-in 5/5, LM 3/5, momentum 0/5 • ₹0.0cr/day turnover ≈ 0.0% of free float changing hands daily — sleepy float • Lead manager Sarthi Capital Advisors Pvt.Ltd.: 50% of 6 issues above issue today, LM score 56/100"
Dhillon Freight Carrier Ltd.,SME,DHILLON,BSE,INE0SPJ01011,2025-10-07,AVOID,AVOID,20,30.73,30.94,0.7,,2.9,0.0351,,2,,-57.32,,,,,,Finshore Management Services Ltd.,,,https://www.screener.in/company/544556/,https://www.tradingview.com/chart/?symbol=BSE%3A544556,0.82,12.0,64.98,,,,,,,,,,False,,,,,0,False,,"Score 20/100 — structure 10/35, base 0/20, liquidity 0/15, institutions 2/15, lock-in 5/5, LM 3/5, momentum 0/5 • ₹0.0cr/day turnover ≈ 0.8% of free float changing hands daily — healthy churn • Lead manager Finshore Management Services Ltd.: 32% of 22 issues above issue today, LM score 45/100 • Discount listing (-60%) — historically the worst cohort"
Munish Forge Ltd.,SME,MUNISH,NSE,INE1K8Y01018,2025-10-08,AVOID,AVOID,20,75.0,81.05,8.1,4.05,2.77,0.068547,,2,,-21.88,,,,,,Gretex Corporate Services Ltd.,,,https://www.screener.in/company/MUNISH/,https://www.tradingview.com/chart/?symbol=NSE%3AMUNISH,0.12,181.0,68.01,,,,,,,,,,False,,,,,0,False,,"Score 20/100 — structure 10/35, base 0/20, liquidity 0/15, institutions 2/15, lock-in 5/5, LM 3/5, momentum 0/5 • QIB 4x — thin institutional book (score-penalised, not disqualifying: stops manage the risk) • ₹0.1cr/day turnover ≈ 0.1% of free float changing hands daily — sleepy float • Lead manager Gretex Corporate Services Ltd.: 41% of 22 issues above issue today, LM score 48/100 • Discount listing (-16%) — historically the worst cohort"
DSM Fresh Foods Ltd.,SME,ZAPPFRESH,BSE,INE0SUM01015,2025-10-09,AVOID,AVOID,20,72.29,77.0,6.5,1.53,1.29,0.3837786,,2,,-27.71,,,,,,Narnolia Financial Services Ltd.,2025-11-11,2026-01-11,https://www.screener.in/company/544568/,https://www.tradingview.com/chart/?symbol=BSE%3A544568,0.33,163.0,28.16,,,,,,,,,,False,,,,,0,False,,"Score 20/100 — structure 10/35, base 0/20, liquidity 0/15, institutions 2/15, lock-in 5/5, LM 3/5, momentum 0/5 • QIB 2x — thin institutional book (score-penalised, not disqualifying: stops manage the risk) • ₹0.4cr/day turnover ≈ 0.3% of free float changing hands daily — sleepy float • Lead manager Narnolia Financial Services Ltd.: 47% of 30 issues above issue today, LM score 57/100 • Discount listing (-28%) — historically the worst cohort"
Rajnandini Fashion India Ltd.,SME,RFIL,BSE,INE1GM501015,2026-06-03,AVOID,AVOID,20,35.0,64.0,82.9,122.04,143.0,0.0599376,-43.85,52,,-44.44,,,,,,Seren Capital Pvt.Ltd.,2026-06-30,2026-08-29,https://www.screener.in/company/544771/,https://www.tradingview.com/chart/?symbol=BSE%3A544771,0.54,35.8,70.11,,,,,,,,,,False,,,,,0,False,,"Score 20/100 — structure 0/35, base 0/20, liquidity 0/15, institutions 15/15, lock-in 0/5, LM 5/5, momentum 0/5 • Never reclaimed the listing-day high in 52 sessions — this cohort's median outcome is deeply negative • Broken base (-43.9%) — distribution, not accumulation • QIB 122x — heavy institutional sponsorship (biggest historical tails came from this group) • ₹0.1cr/day turnover ≈ 0.5% of free float changing hands daily — sleepy float • ⚠ Anchor 90-day lock-in expires 2026-08-29 (9d) — historical median drift −2.4% into expiry; no fresh entries • Lead manager Seren Capital Pvt.Ltd.: 75% of 8 issues above issue today, LM score 73/100"
Arvind & Co.Shipping Agencies Ltd.,SME,ACSAL,NSE,INE0P4T01013,2023-10-25,AVOID,AVOID,19,33.15,84.0,153.4,,373.05,0.050856375,-33.67,665,167.0,-26.33,,,,,,Beeline Capital Advisors Pvt.Ltd.,,,https://www.screener.in/company/ARVINDPORT/,https://www.tradingview.com/chart/?symbol=NSE%3AARVINDPORT,0.21,54.5,54.2,,,,,,,,,,False,2024-05-27,2025-06-09,285.0,2026-08-03,16,False,,"Score 19/100 — structure 0/35, base 0/20, liquidity 0/15, institutions 8/15, lock-in 5/5, LM 3/5, momentum 3/5 • Broken base (-33.7%) — distribution, not accumulation • ₹0.1cr/day turnover ≈ 0.2% of free float changing hands daily — sleepy float • Lead manager Beeline Capital Advisors Pvt.Ltd.: 53% of 57 issues above issue today, LM score 58/100"
Sunrest Lifescience Ltd.,SME,SUNREST,NSE,INE0PLZ01012,2023-11-20,AVOID,AVOID,19,42.15,84.0,99.3,,46.66,0.0243512,-28.07,399,,-49.82,,,,,,Mark Corporate Advisors Pvt.Ltd.,,,https://www.screener.in/company/SUNREST/,https://www.tradingview.com/chart/?symbol=NSE%3ASUNREST,0.15,34.2,53.5,,,,,,,,,,False,2024-05-10,,,2026-08-20,12,True,,"Score 19/100 — structure 0/35, base 0/20, liquidity 0/15, institutions 8/15, lock-in 5/5, LM 3/5, momentum 3/5 • Never reclaimed the listing-day high in 399 sessions — this cohort's median outcome is deeply negative • Broken base (-28.1%) — distribution, not accumulation • ₹0.0cr/day turnover ≈ 0.1% of free float changing hands daily — sleepy float • 🔥 Volume thrust (≥5× avg) within the last 5 sessions (2026-08-20) — the institutional footprint that preceded most historical winners • Lead manager Mark Corporate Advisors Pvt.Ltd.: 33% of 6 issues above issue today, LM score 41/100"
Swashthik Plascon Ltd.,SME,SPL,BSE,INE0RDR01012,2023-12-05,AVOID,AVOID,19,22.9,126.1,450.7,3.42,11.08,0.0541865599999999,-22.28,616,1.0,-73.37,,,,,,Shreni Shares Ltd.,2024-01-03,2024-03-03,https://www.screener.in/company/544035/,https://www.tradingview.com/chart/?symbol=BSE%3A544035,0.22,46.7,44.46,,,,,,,,,,False,2024-03-05,2023-12-06,614.0,2026-08-05,19,False,,"Score 19/100 — structure 0/35, base 6/20, liquidity 0/15, institutions 2/15, lock-in 5/5, LM 3/5, momentum 3/5 • Base gave up -22.3% vs listing close — looser than the −10% ideal; demands a smaller position • QIB 3x — thin institutional book (score-penalised, not disqualifying: stops manage the risk) • ₹0.1cr/day turnover ≈ 0.2% of free float changing hands daily — sleepy float • Lead manager Shreni Shares Ltd.: 50% of 26 issues above issue today, LM score 55/100"
HRH Next Services Ltd.,SME,HRHNEXT,NSE,INE0R3501012,2024-01-03,AVOID,AVOID,19,27.4,43.05,57.1,,64.91,0.016703625,-26.6,577,1.0,-23.89,,,,,,Finshore Management Services Ltd.,,,https://www.screener.in/company/HRHNEXT/,https://www.tradingview.com/chart/?symbol=NSE%3AHRHNEXT,0.11,32.9,56.57,,,,,,,,,,False,2024-05-31,2025-07-15,242.0,2026-08-07,14,False,,"Score 19/100 — structure 0/35, base 0/20, liquidity 0/15, institutions 8/15, lock-in 5/5, LM 3/5, momentum 3/5 • Broken base (-26.6%) — distribution, not accumulation • ₹0.0cr/day turnover ≈ 0.1% of free float changing hands daily — sleepy float • Lead manager Finshore Management Services Ltd.: 32% of 22 issues above issue today, LM score 45/100"
Broach Lifecare Hospital Ltd.,SME,BROACH,BSE,INE0SFZ01018,2024-08-21,AVOID,AVOID,19,18.2,49.87,174.0,,157.83,0.025596,-56.89,174,1.0,-27.2,,,,,,Fedex Securities Pvt.Ltd.,,,https://www.screener.in/company/544231/,https://www.tradingview.com/chart/?symbol=BSE%3A544231,0.74,11.0,63.86,,,ST-ASM trigger risk: +39% in 5 sessions (criterion: ≥25%),,,,,,,False,2026-08-03,2024-08-22,172.0,2026-08-03,1,True,,"Score 19/100 — structure 0/35, base 0/20, liquidity 0/15, institutions 8/15, lock-in 5/5, LM 3/5, momentum 3/5 • Broken base (-56.9%) — distribution, not accumulation • ₹0.0cr/day turnover ≈ 0.7% of free float changing hands daily — sleepy float • 🔥 Volume thrust (≥5× avg) within the last 5 sessions (2026-08-03) — the institutional footprint that preceded most historical winners • ⚠ ST-ASM trigger risk: +39% in 5 sessions (criterion: ≥25%) • Lead manager Fedex Securities Pvt.Ltd.: 43% of 23 issues above issue today, LM score 54/100"
Optivalue Tek Consulting Ltd.,SME,OPTIVALUE,NSE,INE15B101011,2025-09-10,AVOID,AVOID,19,180.0,194.0,7.8,49.27,45.68,0.888592,,2,,114.29,,,,,,Share India Capital Services Pvt.Ltd.,2025-10-08,2025-12-07,https://www.screener.in/company/OPTIVALUE/,https://www.tradingview.com/chart/?symbol=NSE%3AOPTIVALUE,0.57,421.0,64.07,ESM Stage I,,,2026-07-30,2026-10-28,Enhanced Surveillance Measure (ESM) - Stage I (NSE list 20-Aug-2026),"Trade-to-trade settlement, 100% margin, 5% daily band (2% if already there). No intraday.",mcap ₹421cr still < ₹500cr pool boundary,"Exit when price/volatility criteria normalise on review, or mcap sustainably exceeds the ₹500cr micro-cap pool",False,,,,,0,False,,"Score 19/100 — structure 10/35, base 0/20, liquidity 0/15, institutions 11/15, lock-in 5/5, LM 5/5, momentum 3/5 • QIB 49x — decent institutional interest • ₹0.9cr/day turnover ≈ 0.6% of free float changing hands daily — sleepy float • 🚧 UNDER SURVEILLANCE: ESM Stage I — price band capped, 100% margin, liquidity dries (historical band-lock episodes: −5.8% median over next 60 sessions, 41% win) • Lead manager Share India Capital Services Pvt.Ltd.: 62% of 16 issues above issue today, LM score 84/100 • Mega-pop (+126%) — day-1 buyers are extended; base needs extra proof"
Apollo Techno Industries Ltd.,SME,ATIL,BSE,INE0X4A01013,2025-12-31,AVOID,AVOID,19,102.0,152.25,49.3,25.26,37.2,0.2902639,-37.55,152,,-21.54,,,,,,Beeline Capital Advisors Pvt.Ltd.,2026-01-27,2026-03-28,https://www.screener.in/company/544671/,https://www.tradingview.com/chart/?symbol=BSE%3A544671,0.71,140.0,73.05,,,,,,,,,,False,2026-03-05,,,2026-08-05,5,False,,"Score 19/100 — structure 0/35, base 0/20, liquidity 0/15, institutions 11/15, lock-in 5/5, LM 3/5, momentum 0/5 • Never reclaimed the listing-day high in 152 sessions — this cohort's median outcome is deeply negative • Broken base (-37.5%) — distribution, not accumulation • QIB 25x — decent institutional interest • ₹0.3cr/day turnover ≈ 0.7% of free float changing hands daily — sleepy float • Lead manager Beeline Capital Advisors Pvt.Ltd.: 53% of 57 issues above issue today, LM score 58/100"
Marushika Technology Ltd.,SME,MARUSHIKA,NSE,INE0X7G01013,2026-02-19,AVOID,AVOID,19,111.0,123.0,10.8,2.92,12.89,0.1001883,-23.68,92,,-5.13,,,,,,NEXGEN Financial Solutions Pvt.Ltd.,2026-03-19,2026-05-18,https://www.screener.in/company/MARUSHIKA/,https://www.tradingview.com/chart/?symbol=NSE%3AMARUSHIKA,0.26,94.8,58.19,,,,,,,,,,False,2026-04-08,,,2026-04-08,1,False,,"Score 19/100 — structure 0/35, base 6/20, liquidity 0/15, institutions 2/15, lock-in 5/5, LM 3/5, momentum 3/5 • Never reclaimed the listing-day high in 92 sessions — this cohort's median outcome is deeply negative • Base gave up -23.7% vs listing close — looser than the −10% ideal; demands a smaller position • QIB 3x — thin institutional book (score-penalised, not disqualifying: stops manage the risk) • ₹0.1cr/day turnover ≈ 0.3% of free float changing hands daily — sleepy float • Lead manager NEXGEN Financial Solutions Pvt.Ltd.: 50% of 4 issues above issue today, LM score 60/100"
Gabriel Pet Straps Ltd.,SME,GPSL,BSE,INE0QZF01012,2024-02-07,AVOID,AVOID,18,70.32,95.0,35.1,,244.69,0.04805272,-28.52,15,,-30.38,,,,,,Shreni Shares Ltd.,,,https://www.screener.in/company/544108/,https://www.tradingview.com/chart/?symbol=BSE%3A544108,0.16,53.0,46.54,,5%,,,,,,,,False,,,,,0,False,,"Score 18/100 — structure 10/35, base 0/20, liquidity 0/15, institutions 8/15, lock-in 5/5, LM 3/5, momentum 0/5 • Broken base (-28.5%) — distribution, not accumulation • ₹0.0cr/day turnover ≈ 0.2% of free float changing hands daily — sleepy float • 🚧 Trading pinned to a 5% daily band — behaves like a surveillance cage even if not yet listed; volume typically dries −20% • Lead manager Shreni Shares Ltd.: 50% of 26 issues above issue today, LM score 55/100 • Discount listing (-10%) — historically the worst cohort"
M.V.K.Agro Food Product Ltd.,SME,MVKAGRO,NSE,INE0SGC01015,2024-03-07,AVOID,AVOID,18,186.6,374.95,100.9,,8.46,3.961290375,-49.13,16,,55.5,,,,,,Horizon Management Pvt.Ltd.,,,https://www.screener.in/company/MVKAGRO/,https://www.tradingview.com/chart/?symbol=NSE%3AMVKAGRO,0.7,1156.0,59.82,ASM Short-Term Stage I,5%,,2026-08-06 (est. from band-lock),2026-08-13,"NSE ASM Short-Term list, 20-Aug-2026",50–100% additional margin for a SHORT window.,5-session move -23%,Auto-exit after the 5- or 15-day window unless re-triggered (e.g. another +25%/5-session burst),False,,,,,0,False,,"Score 18/100 — structure 10/35, base 0/20, liquidity 10/15, institutions 2/15, lock-in 5/5, LM 3/5, momentum 3/5 • Broken base (-49.1%) — distribution, not accumulation • ₹4.0cr/day turnover ≈ 0.7% of free float changing hands daily — sleepy float • 🚧 UNDER SURVEILLANCE: ASM Short-Term Stage I — price band capped, 100% margin, liquidity dries (historical band-lock episodes: −5.8% median over next 60 sessions, 41% win) • Lead manager Horizon Management Pvt.Ltd.: 50% of 22 issues above issue today, LM score 52/100 • Mega-pop (+212%) — day-1 buyers are extended; base needs extra proof"
Ken Enterprises Ltd.,SME,KEN,NSE,INE15DO01012,2025-02-12,AVOID,AVOID,18,40.6,41.55,2.3,,4.27,0.022194,,2,,-56.81,,,,,,Corporate Makers Capital Ltd.,,,https://www.screener.in/company/KEN/,https://www.tradingview.com/chart/?symbol=NSE%3AKEN,0.04,106.0,49.73,,,,,,,,,,False,,,,,0,False,,"Score 18/100 — structure 10/35, base 0/20, liquidity 0/15, institutions 2/15, lock-in 5/5, LM 1/5, momentum 0/5 • ₹0.0cr/day turnover ≈ 0.0% of free float changing hands daily — sleepy float • Lead manager Corporate Makers Capital Ltd.: 17% of 12 issues above issue today, LM score 28/100 • Discount listing (-56%) — historically the worst cohort"
Manoj Jewellers Ltd.,SME,MANOJJEWEL,BSE,INE0MV001018,2025-05-12,AVOID,AVOID,18,37.14,39.48,6.3,,1.12,0.255063,,2,,-31.22,,,,,,Jawa Capital Services Pvt.Ltd.,,,https://www.screener.in/company/544400/,https://www.tradingview.com/chart/?symbol=BSE%3A544400,2.18,34.5,65.28,,,,,,,,,,False,,,,,0,False,,"Score 18/100 — structure 10/35, base 0/20, liquidity 0/15, institutions 2/15, lock-in 5/5, LM 1/5, momentum 0/5 • ₹0.3cr/day turnover ≈ 2.2% of free float changing hands daily — healthy churn • Lead manager Jawa Capital Services Pvt.Ltd.: 25% of 8 issues above issue today, LM score 13/100 • Discount listing (-27%) — historically the worst cohort"
Samay Project Services Ltd.,SME,SAMAY,NSE,INE124101010,2025-06-23,AVOID,AVOID,18,44.2,44.2,0.0,,20.91,0.05292,,1,,30.0,,,,,,Smart Horizon Capital Advisors Pvt.Ltd.,2025-07-19,2025-09-17,https://www.screener.in/company/SAMAY/,https://www.tradingview.com/chart/?symbol=NSE%3ASAMAY,0.25,66.5,69.19,ESM Stage I,,,2026-07-11,2026-10-09,Enhanced Surveillance Measure (ESM) - Stage I (NSE list 20-Aug-2026),"Trade-to-trade settlement, 100% margin, 5% daily band (2% if already there). No intraday.",mcap ₹66cr still < ₹500cr pool boundary,"Exit when price/volatility criteria normalise on review, or mcap sustainably exceeds the ₹500cr micro-cap pool",False,,,,,0,False,,"Score 18/100 — structure 10/35, base 0/20, liquidity 0/15, institutions 8/15, lock-in 5/5, LM 5/5, momentum 5/5 • ₹0.1cr/day turnover ≈ 0.2% of free float changing hands daily — sleepy float • 🚧 UNDER SURVEILLANCE: ESM Stage I — price band capped, 100% margin, liquidity dries (historical band-lock episodes: −5.8% median over next 60 sessions, 41% win) • Lead manager Smart Horizon Capital Advisors Pvt.Ltd.: 74% of 27 issues above issue today, LM score 82/100 • Listed +30% — the historical sweet-spot band"
Valencia India Ltd.,SME,VALINDIA,BSE,INE130701019,2025-07-03,AVOID,AVOID,18,18.55,19.25,3.8,,1.05,0.0123024,,2,,-83.14,,,,,,Interactive Financial Services Ltd.,,,https://www.screener.in/company/544433/,https://www.tradingview.com/chart/?symbol=BSE%3A544433,0.13,24.1,60.0,,,,,,,,,,False,,,,,0,False,,"Score 18/100 — structure 10/35, base 0/20, liquidity 0/15, institutions 2/15, lock-in 5/5, LM 1/5, momentum 0/5 • ₹0.0cr/day turnover ≈ 0.1% of free float changing hands daily — sleepy float • Lead manager Interactive Financial Services Ltd.: 30% of 23 issues above issue today, LM score 24/100 • Discount listing (-83%) — historically the worst cohort"
Cash Ur Drive Marketing Ltd.,SME,CUDML,NSE,INE0WL201014,2025-08-07,AVOID,AVOID,18,103.35,107.0,3.5,76.19,57.72,0.386605,,2,,-20.5,,,,,,Narnolia Financial Services Ltd.,2025-09-04,2025-11-03,https://www.screener.in/company/CUDML/,https://www.tradingview.com/chart/?symbol=NSE%3ACUDML,0.48,184.0,57.23,ESM Stage I,,,2026-07-11,2026-10-09,Enhanced Surveillance Measure (ESM) - Stage I (NSE list 20-Aug-2026),"Trade-to-trade settlement, 100% margin, 5% daily band (2% if already there). No intraday.",mcap ₹184cr still < ₹500cr pool boundary,"Exit when price/volatility criteria normalise on review, or mcap sustainably exceeds the ₹500cr micro-cap pool",False,,,,,0,False,,"Score 18/100 — structure 10/35, base 0/20, liquidity 0/15, institutions 15/15, lock-in 5/5, LM 3/5, momentum 0/5 • QIB 76x — heavy institutional sponsorship (biggest historical tails came from this group) • ₹0.4cr/day turnover ≈ 0.5% of free float changing hands daily — sleepy float • 🚧 UNDER SURVEILLANCE: ESM Stage I — price band capped, 100% margin, liquidity dries (historical band-lock episodes: −5.8% median over next 60 sessions, 41% win) • Lead manager Narnolia Financial Services Ltd.: 47% of 30 issues above issue today, LM score 57/100 • Discount listing (-18%) — historically the worst cohort"
Essex Marine Ltd.,SME,ESSEX,BSE,INE1IBY01019,2025-08-11,AVOID,AVOID,18,40.2,40.45,0.6,,2.89,0.276474,,2,,-25.56,,,,,,Khandwala Securities Ltd.,,,https://www.screener.in/company/544475/,https://www.tradingview.com/chart/?symbol=BSE%3A544475,1.69,61.3,72.07,,,,,,,,,,False,,,,,0,False,,"Score 18/100 — structure 10/35, base 0/20, liquidity 0/15, institutions 2/15, lock-in 5/5, LM 1/5, momentum 0/5 • ₹0.3cr/day turnover ≈ 1.7% of free float changing hands daily — healthy churn • Lead manager Khandwala Securities Ltd.: 20% of 10 issues above issue today, LM score 9/100 • Discount listing (-30%) — historically the worst cohort"
Sharvaya Metals Ltd.,SME,SHARVAYA,BSE,INE0UJF01018,2025-09-12,AVOID,AVOID,18,146.0,146.5,0.3,1.28,3.74,0.1139115,,2,,-25.51,,,,,,Expert Global Consultants Pvt.Ltd.,,,https://www.screener.in/company/544506/,https://www.tradingview.com/chart/?symbol=BSE%3A544506,0.2,146.0,61.31,,,,,,,,,,False,,,,,0,False,,"Score 18/100 — structure 10/35, base 0/20, liquidity 0/15, institutions 2/15, lock-in 5/5, LM 1/5, momentum 0/5 • QIB 1x — thin institutional book (score-penalised, not disqualifying: stops manage the risk) • ₹0.1cr/day turnover ≈ 0.2% of free float changing hands daily — sleepy float • Lead manager Expert Global Consultants Pvt.Ltd.: 28% of 18 issues above issue today, LM score 38/100 • Discount listing (-26%) — historically the worst cohort"
Unisem Agritech Ltd.,SME,UNISEM,BSE,INE1FHV01026,2025-12-17,AVOID,AVOID,18,49.0,66.0,34.7,1.79,1.84,0.0547727,-15.47,122,,-24.62,,,,,,GetFive Advisors Pvt.Ltd.,2026-01-14,2026-03-15,https://www.screener.in/company/544648/,https://www.tradingview.com/chart/?symbol=BSE%3A544648,0.32,55.5,70.89,,,,,,,,,,False,2026-02-19,,,2026-02-19,1,False,,"Score 18/100 — structure 0/35, base 6/20, liquidity 0/15, institutions 2/15, lock-in 5/5, LM 5/5, momentum 0/5 • Never reclaimed the listing-day high in 122 sessions — this cohort's median outcome is deeply negative • Base gave up -15.5% vs listing close — looser than the −10% ideal; demands a smaller position • QIB 2x — thin institutional book (score-penalised, not disqualifying: stops manage the risk) • ₹0.1cr/day turnover ≈ 0.3% of free float changing hands daily — sleepy float • Lead manager GetFive Advisors Pvt.Ltd.: 75% of 4 issues above issue today, LM score 90/100"
Fractal Industries Ltd.,SME,FIL,BSE,INE1W3Q01011,2026-02-24,AVOID,AVOID,18,203.0,229.0,12.8,5.95,4.08,0.40790295,-15.42,96,,-6.02,,,,,,Finaax Capital Advisors Private Limited,2026-03-22,2026-05-21,https://www.screener.in/company/544707/,https://www.tradingview.com/chart/?symbol=BSE%3A544707,0.79,159.0,69.07,,,,,,,,,,False,2026-04-27,,,2026-07-09,3,False,,"Score 18/100 — structure 0/35, base 6/20, liquidity 0/15, institutions 6/15, lock-in 5/5, LM 1/5, momentum 0/5 • Never reclaimed the listing-day high in 96 sessions — this cohort's median outcome is deeply negative • Base gave up -15.4% vs listing close — looser than the −10% ideal; demands a smaller position • QIB 6x — thin institutional book (score-penalised, not disqualifying: stops manage the risk) • ₹0.4cr/day turnover ≈ 0.8% of free float changing hands daily — sleepy float"
Innovision Ltd.,Mainboard,INNOVISION,NSE,INE0ADB01012,2026-03-23,AVOID,AVOID,18,269.45,470.0,74.4,14.3,3.35,0.5711750452500001,-18.89,102,,-48.08,,,,,,Emkay Global Financial Services Ltd.,,,https://www.screener.in/company/INNOVISION/,https://www.tradingview.com/chart/?symbol=NSE%3AINNOVISION,0.33,634.0,74.17,,,,,,,,,,False,2026-06-05,,,2026-08-12,3,False,,"Score 18/100 — structure 0/35, base 6/20, liquidity 0/15, institutions 6/15, lock-in 5/5, LM 1/5, momentum 0/5 • Never reclaimed the listing-day high in 102 sessions — this cohort's median outcome is deeply negative • Base gave up -18.9% vs listing close — looser than the −10% ideal; demands a smaller position • QIB 14x — thin institutional book (score-penalised, not disqualifying: stops manage the risk) • ₹0.6cr/day turnover ≈ 0.3% of free float changing hands daily — sleepy float • Lead manager Emkay Global Financial Services Ltd.: 33% of 3 issues above issue today, LM score 33/100"
Deem Roll Tech Ltd.,SME,DEEM,NSE,INE586O01011,2024-02-27,AVOID,AVOID,17,40.45,48.5,19.9,,244.43,0.0129244444444444,-20.2,9,,-68.64,,,,,,Fedex Securities Pvt.Ltd.,,,https://www.screener.in/company/DEEM/,https://www.tradingview.com/chart/?symbol=NSE%3ADEEM,0.11,33.7,67.1,ESM Stage I,,,2026-07-11,2026-10-09,Enhanced Surveillance Measure (ESM) - Stage I (NSE list 20-Aug-2026),"Trade-to-trade settlement, 100% margin, 5% daily band (2% if already there). No intraday.",mcap ₹34cr still < ₹500cr pool boundary; 5-session move -9%,"Exit when price/volatility criteria normalise on review, or mcap sustainably exceeds the ₹500cr micro-cap pool",False,,,,,0,False,,"Score 17/100 — structure 10/35, base 6/20, liquidity 0/15, institutions 8/15, lock-in 5/5, LM 3/5, momentum 0/5 • Base gave up -20.2% vs listing close — looser than the −10% ideal; demands a smaller position • ₹0.0cr/day turnover ≈ 0.1% of free float changing hands daily — sleepy float • 🚧 UNDER SURVEILLANCE: ESM Stage I — price band capped, 100% margin, liquidity dries (historical band-lock episodes: −5.8% median over next 60 sessions, 41% win) • Lead manager Fedex Securities Pvt.Ltd.: 43% of 23 issues above issue today, LM score 54/100 • Discount listing (-62%) — historically the worst cohort"
Falcon Technoprojects India Ltd.,SME,FALCONTECH,NSE,INE0PQK01013,2024-06-26,AVOID,AVOID,17,12.85,88.2,586.4,,65.89,0.008634,-38.72,481,1.0,-86.03,,,,,,Kunvarji Finstock Pvt.Ltd.,,,https://www.screener.in/company/FALCONTECH/,https://www.tradingview.com/chart/?symbol=NSE%3AFALCONTECH,0.05,33.4,42.98,,,,,,,,,,False,2024-12-17,2024-06-27,479.0,2026-06-24,11,False,,"Score 17/100 — structure 0/35, base 0/20, liquidity 0/15, institutions 8/15, lock-in 5/5, LM 1/5, momentum 3/5 • Broken base (-38.7%) — distribution, not accumulation • ₹0.0cr/day turnover ≈ 0.1% of free float changing hands daily — sleepy float"
QVC Exports Ltd.,SME,QVCEL,NSE,INE0KZF01015,2024-08-28,AVOID,AVOID,17,26.75,162.0,505.6,,506.51,0.0120768,-68.19,425,,-68.9,,,,,,Khandwala Securities Ltd.,,,https://www.screener.in/company/QVCEL/,https://www.tradingview.com/chart/?symbol=NSE%3AQVCEL,0.18,26.0,73.22,,,,,,,,,,False,2024-09-11,,,2026-06-11,6,False,,"Score 17/100 — structure 0/35, base 0/20, liquidity 0/15, institutions 8/15, lock-in 5/5, LM 1/5, momentum 3/5 • Never reclaimed the listing-day high in 425 sessions — this cohort's median outcome is deeply negative • Broken base (-68.2%) — distribution, not accumulation • ₹0.0cr/day turnover ≈ 0.2% of free float changing hands daily — sleepy float • Lead manager Khandwala Securities Ltd.: 20% of 10 issues above issue today, LM score 9/100"
Usha Financial Services Ltd.,SME,USHAFIN,NSE,INE0LS001014,2024-10-31,AVOID,AVOID,17,44.0,168.0,281.8,10.04,13.74,0.1087548,-27.05,415,,-73.81,,,,,,Narnolia Financial Services Ltd.,2024-11-28,2025-01-27,https://www.screener.in/company/USHAFIN/,https://www.tradingview.com/chart/?symbol=NSE%3AUSHAFIN,0.25,187.0,74.97,,,,,,,,,,False,2025-01-28,,,2026-07-07,16,False,,"Score 17/100 — structure 0/35, base 0/20, liquidity 0/15, institutions 6/15, lock-in 5/5, LM 3/5, momentum 3/5 • Never reclaimed the listing-day high in 415 sessions — this cohort's median outcome is deeply negative • Broken base (-27.1%) — distribution, not accumulation • QIB 10x — thin institutional book (score-penalised, not disqualifying: stops manage the risk) • ₹0.1cr/day turnover ≈ 0.2% of free float changing hands daily — sleepy float • Lead manager Narnolia Financial Services Ltd.: 47% of 30 issues above issue today, LM score 57/100"
Sheel Biotech Ltd.,SME,SHEEL,NSE,INE0YJV01017,2025-10-08,AVOID,AVOID,17,62.05,62.05,0.0,19.73,11.59,0.03723,,1,,-1.51,,,,,,Narnolia Financial Services Ltd.,2025-11-05,2026-01-04,https://www.screener.in/company/SHEEL/,https://www.tradingview.com/chart/?symbol=NSE%3ASHEEL,0.11,132.0,72.29,ESM Stage I,,,2026-07-11,2026-10-09,Enhanced Surveillance Measure (ESM) - Stage I (NSE list 20-Aug-2026),"Trade-to-trade settlement, 100% margin, 5% daily band (2% if already there). No intraday.",mcap ₹132cr still < ₹500cr pool boundary,"Exit when price/volatility criteria normalise on review, or mcap sustainably exceeds the ₹500cr micro-cap pool",False,,,,,0,False,,"Score 17/100 — structure 10/35, base 0/20, liquidity 0/15, institutions 11/15, lock-in 5/5, LM 3/5, momentum 3/5 • QIB 20x — decent institutional interest • ₹0.0cr/day turnover ≈ 0.1% of free float changing hands daily — sleepy float • 🚧 UNDER SURVEILLANCE: ESM Stage I — price band capped, 100% margin, liquidity dries (historical band-lock episodes: −5.8% median over next 60 sessions, 41% win) • Lead manager Narnolia Financial Services Ltd.: 47% of 30 issues above issue today, LM score 57/100"
Sihora Industries Ltd.,SME,SIHORA,BSE,INE0SFA01011,2025-10-17,AVOID,AVOID,17,60.5,70.0,15.7,,1.29,0.0246361,-22.59,101,,-8.33,,,,,,Sobhagya Capital Options Pvt.Ltd.,,,https://www.screener.in/company/544585/,https://www.tradingview.com/chart/?symbol=BSE%3A544585,0.26,32.2,69.97,,,,,,,,,,False,2026-02-11,,,2026-03-04,2,False,,"Score 17/100 — structure 0/35, base 6/20, liquidity 0/15, institutions 2/15, lock-in 5/5, LM 1/5, momentum 3/5 • Never reclaimed the listing-day high in 101 sessions — this cohort's median outcome is deeply negative • Base gave up -22.6% vs listing close — looser than the −10% ideal; demands a smaller position • ₹0.0cr/day turnover ≈ 0.3% of free float changing hands daily — sleepy float • Lead manager Sobhagya Capital Options Pvt.Ltd.: 11% of 9 issues above issue today, LM score 25/100"
Striders Impex Ltd.,SME,STRIDERS,NSE,INE1XWN01017,2026-03-06,AVOID,AVOID,17,62.8,70.0,11.5,2.03,1.25,0.10467,-18.5,96,33.0,-12.78,,,,,,Capital Square Advisors Pvt.Ltd.,2026-04-02,2026-06-01,https://www.screener.in/company/STRIDERS/,https://www.tradingview.com/chart/?symbol=NSE%3ASTRIDERS,0.3,117.0,69.52,,,,,,,,,,False,2026-07-09,2026-04-28,62.0,2026-07-09,1,False,,"Score 17/100 — structure 0/35, base 6/20, liquidity 0/15, institutions 2/15, lock-in 5/5, LM 1/5, momentum 3/5 • Base gave up -18.5% vs listing close — looser than the −10% ideal; demands a smaller position • QIB 2x — thin institutional book (score-penalised, not disqualifying: stops manage the risk) • ₹0.1cr/day turnover ≈ 0.3% of free float changing hands daily — sleepy float • Lead manager Capital Square Advisors Pvt.Ltd.: 20% of 5 issues above issue today, LM score 25/100"
Seemax Resources Ltd.,SME,SEEMAX,BSE,INE1EVO01017,2026-07-07,AVOID,AVOID,17,58.0,112.8,94.5,17.19,3.6,0.0945515,-53.31,32,,-58.87,,,,,,Wealth Mine Networks Pvt.Ltd.,,,https://www.screener.in/company/544813/,https://www.tradingview.com/chart/?symbol=BSE%3A544813,1.14,25.5,68.18,,,,,,,,,,False,,,,,0,False,,"Score 17/100 — structure 0/35, base 0/20, liquidity 0/15, institutions 11/15, lock-in 5/5, LM 1/5, momentum 0/5 • Never reclaimed the listing-day high in 32 sessions — this cohort's median outcome is deeply negative • Broken base (-53.3%) — distribution, not accumulation • QIB 17x — decent institutional interest • ₹0.1cr/day turnover ≈ 1.1% of free float changing hands daily — healthy churn • Lead manager Wealth Mine Networks Pvt.Ltd.: 0% of 5 issues above issue today, LM score 8/100 • Discount listing (-20%) — historically the worst cohort"
Plada Infotech Services Ltd.,SME,PLADAINFO,NSE,INE0PXD01014,2023-10-13,AVOID,AVOID,16,9.9,60.0,506.1,,56.01,0.0071625,-30.42,432,,-79.38,,,,,,Indorient Financial Services Ltd.,,,https://www.screener.in/company/PLADAINFO/,https://www.tradingview.com/chart/?symbol=NSE%3APLADAINFO,0.21,7.8,62.64,,,,,,,,,,False,2024-01-01,,,2025-08-01,7,False,,"Score 16/100 — structure 0/35, base 0/20, liquidity 0/15, institutions 8/15, lock-in 5/5, LM 3/5, momentum 0/5 • Never reclaimed the listing-day high in 432 sessions — this cohort's median outcome is deeply negative • Broken base (-30.4%) — distribution, not accumulation • ₹0.0cr/day turnover ≈ 0.2% of free float changing hands daily — sleepy float • Lead manager Indorient Financial Services Ltd.: 42% of 12 issues above issue today, LM score 52/100"
Piotex Industries Ltd.,SME,PIOTEX,BSE,INE0R4W01015,2024-05-17,AVOID,AVOID,16,31.5,114.45,263.3,,107.11,0.0072792,-38.85,384,,-66.49,,,,,,Beeline Capital Advisors Pvt.Ltd.,,,https://www.screener.in/company/544178/,https://www.tradingview.com/chart/?symbol=BSE%3A544178,0.13,16.1,65.95,,,,,,,,,,False,2024-08-27,,,2026-08-03,10,True,,"Score 16/100 — structure 0/35, base 0/20, liquidity 0/15, institutions 8/15, lock-in 5/5, LM 3/5, momentum 0/5 • Never reclaimed the listing-day high in 384 sessions — this cohort's median outcome is deeply negative • Broken base (-38.9%) — distribution, not accumulation • ₹0.0cr/day turnover ≈ 0.1% of free float changing hands daily — sleepy float • 🔥 Volume thrust (≥5× avg) within the last 5 sessions (2026-08-03) — the institutional footprint that preceded most historical winners • Lead manager Beeline Capital Advisors Pvt.Ltd.: 53% of 57 issues above issue today, LM score 58/100"
Naturewings Holidays Ltd.,SME,NHL,BSE,INE0N4701016,2024-09-10,AVOID,AVOID,16,72.0,99.5,38.2,,387.56,0.03374856,-50.97,243,,-2.7,,,,,,Fedex Securities Pvt.Ltd.,,,https://www.screener.in/company/544245/,https://www.tradingview.com/chart/?symbol=BSE%3A544245,0.32,28.8,59.49,,,,,,,,,,False,2024-11-18,,,2026-07-22,5,False,,"Score 16/100 — structure 0/35, base 0/20, liquidity 0/15, institutions 8/15, lock-in 5/5, LM 3/5, momentum 0/5 • Never reclaimed the listing-day high in 243 sessions — this cohort's median outcome is deeply negative • Broken base (-51.0%) — distribution, not accumulation • ₹0.0cr/day turnover ≈ 0.3% of free float changing hands daily — sleepy float • Lead manager Fedex Securities Pvt.Ltd.: 43% of 23 issues above issue today, LM score 54/100"
Excellent Wires & Packaging Ltd.,SME,EXCELLENT,NSE,INE0Y4801011,2024-09-19,AVOID,AVOID,16,197.35,89.25,-54.8,,22.37,0.1852172,-17.12,304,199.0,119.28,,,,,,Inventure Merchant Banker Services Pvt.Ltd.,,,https://www.screener.in/company/EXCELLENT/,https://www.tradingview.com/chart/?symbol=NSE%3AEXCELLENT,0.58,96.1,65.08,ESM Stage I,,,2026-07-13,2026-10-11,Enhanced Surveillance Measure (ESM) - Stage I (NSE list 20-Aug-2026),"Trade-to-trade settlement, 100% margin, 5% daily band (2% if already there). No intraday.",mcap ₹96cr still < ₹500cr pool boundary; 3-month move now +57% (cooled); 5-session move -5%,"Exit when price/volatility criteria normalise on review, or mcap sustainably exceeds the ₹500cr micro-cap pool",False,2025-02-13,2026-03-27,80.0,2026-01-23,4,False,,"Score 16/100 — structure 8/35, base 6/20, liquidity 0/15, institutions 8/15, lock-in 5/5, LM 1/5, momentum 3/5 • Base gave up -17.1% vs listing close — looser than the −10% ideal; demands a smaller position • ₹0.2cr/day turnover ≈ 0.6% of free float changing hands daily — sleepy float • 🚧 UNDER SURVEILLANCE: ESM Stage I — price band capped, 100% margin, liquidity dries (historical band-lock episodes: −5.8% median over next 60 sessions, 41% win) • Lead manager Inventure Merchant Banker Services Pvt.Ltd.: 30% of 10 issues above issue today, LM score 22/100"
Citichem India Ltd.,SME,CITICHEM,BSE,INE0A8401016,2025-01-03,AVOID,AVOID,16,15.15,70.0,362.0,,415.75,0.0137094,-51.67,279,,-78.36,,,,,,Horizon Management Pvt.Ltd.,,,https://www.screener.in/company/544324/,https://www.tradingview.com/chart/?symbol=BSE%3A544324,0.33,11.6,62.3,,,,,,,,,,False,2025-05-20,,,2026-08-11,5,True,,"Score 16/100 — structure 0/35, base 0/20, liquidity 0/15, institutions 8/15, lock-in 5/5, LM 3/5, momentum 0/5 • Never reclaimed the listing-day high in 279 sessions — this cohort's median outcome is deeply negative • Broken base (-51.7%) — distribution, not accumulation • ₹0.0cr/day turnover ≈ 0.3% of free float changing hands daily — sleepy float • 🔥 Volume thrust (≥5× avg) within the last 5 sessions (2026-08-11) — the institutional footprint that preceded most historical winners • Lead manager Horizon Management Pvt.Ltd.: 50% of 22 issues above issue today, LM score 52/100"
N R Vandana Tex Industries Ltd.,SME,NRVANDANA,NSE,INE104101014,2025-06-04,AVOID,AVOID,16,64.65,64.65,0.0,,70.81,0.03879,,1,,43.67,,,,,,Marwadi Chandarana Intermediaries Brokers Pvt.Ltd.,2025-07-02,2025-08-31,https://www.screener.in/company/NRVANDANA/,https://www.tradingview.com/chart/?symbol=NSE%3ANRVANDANA,0.1,161.0,73.39,ESM Stage I,,,2026-07-11,2026-10-09,Enhanced Surveillance Measure (ESM) - Stage I (NSE list 20-Aug-2026),"Trade-to-trade settlement, 100% margin, 5% daily band (2% if already there). No intraday.",mcap ₹161cr still < ₹500cr pool boundary,"Exit when price/volatility criteria normalise on review, or mcap sustainably exceeds the ₹500cr micro-cap pool",False,,,,,0,False,,"Score 16/100 — structure 10/35, base 0/20, liquidity 0/15, institutions 8/15, lock-in 5/5, LM 3/5, momentum 5/5 • ₹0.0cr/day turnover ≈ 0.1% of free float changing hands daily — sleepy float • 🚧 UNDER SURVEILLANCE: ESM Stage I — price band capped, 100% margin, liquidity dries (historical band-lock episodes: −5.8% median over next 60 sessions, 41% win) • Lead manager Marwadi Chandarana Intermediaries Brokers Pvt.Ltd.: 33% of 12 issues above issue today, LM score 41/100 • Listed +44% — the historical sweet-spot band"
BMW Ventures Ltd.,Mainboard,BMWVENTLTD,NSE,INE965W01036,2025-10-01,AVOID,AVOID,16,57.23,78.0,36.3,3.09,1.0,0.5403544578999999,-24.83,218,,-42.19,,,,,,Sarthi Capital Advisors Pvt.Ltd.,,,https://www.screener.in/company/BMWVENTLTD/,https://www.tradingview.com/chart/?symbol=NSE%3ABMWVENTLTD,0.39,498.0,73.01,,,In ESM-eligible pool (mcap ₹498cr < ₹500cr) — sharp rallies can trigger 100% margin + 2%/5% band,,,,,,,False,2025-10-28,,,2026-04-22,4,False,,"Score 16/100 — structure 0/35, base 6/20, liquidity 0/15, institutions 2/15, lock-in 5/5, LM 3/5, momentum 0/5 • Never reclaimed the listing-day high in 218 sessions — this cohort's median outcome is deeply negative • Base gave up -24.8% vs listing close — looser than the −10% ideal; demands a smaller position • QIB 3x — thin institutional book (score-penalised, not disqualifying: stops manage the risk) • ₹0.5cr/day turnover ≈ 0.4% of free float changing hands daily — sleepy float • ⚠ In ESM-eligible pool (mcap ₹498cr < ₹500cr) — sharp rallies can trigger 100% margin + 2%/5% band • Lead manager Sarthi Capital Advisors Pvt.Ltd.: 50% of 6 issues above issue today, LM score 56/100"
Shayona Engineering Ltd.,SME,SHAYONAENG,BSE,INE0UCL01011,2026-01-30,AVOID,AVOID,16,135.45,151.2,11.6,3.33,5.38,0.062795,-15.89,107,,-5.94,,,,,,Horizon Management Pvt.Ltd.,,,https://www.screener.in/company/544686/,https://www.tradingview.com/chart/?symbol=BSE%3A544686,0.32,52.0,64.14,,,,,,,,,,False,2026-03-27,,,2026-03-27,1,False,,"Score 16/100 — structure 0/35, base 6/20, liquidity 0/15, institutions 2/15, lock-in 5/5, LM 3/5, momentum 0/5 • Never reclaimed the listing-day high in 107 sessions — this cohort's median outcome is deeply negative • Base gave up -15.9% vs listing close — looser than the −10% ideal; demands a smaller position • QIB 3x — thin institutional book (score-penalised, not disqualifying: stops manage the risk) • ₹0.1cr/day turnover ≈ 0.3% of free float changing hands daily — sleepy float • Lead manager Horizon Management Pvt.Ltd.: 50% of 22 issues above issue today, LM score 52/100"
Veritaas Advertising Ltd.,SME,VERITAAS,NSE,INE0SRI01019,2024-05-21,AVOID,AVOID,15,33.3,288.75,767.1,102.41,463.03,0.0122247,-52.15,317,,-70.79,,,,,,Horizon Management Pvt.Ltd.,2024-06-15,2024-08-14,https://www.screener.in/company/VERITAAS/,https://www.tradingview.com/chart/?symbol=NSE%3AVERITAAS,0.33,9.4,67.14,,5%,,,,,,,,False,2024-08-23,,,2026-03-30,7,False,,"Score 15/100 — structure 0/35, base 0/20, liquidity 0/15, institutions 15/15, lock-in 5/5, LM 3/5, momentum 0/5 • Never reclaimed the listing-day high in 317 sessions — this cohort's median outcome is deeply negative • Broken base (-52.1%) — distribution, not accumulation • QIB 102x — heavy institutional sponsorship (biggest historical tails came from this group) • ₹0.0cr/day turnover ≈ 0.3% of free float changing hands daily — sleepy float • 🚧 Trading pinned to a 5% daily band — behaves like a surveillance cage even if not yet listed; volume typically dries −20% • Lead manager Horizon Management Pvt.Ltd.: 50% of 22 issues above issue today, LM score 52/100"
ABS Marine Services Ltd.,SME,ABSMARINE,NSE,INE0QRV01016,2024-05-21,AVOID,AVOID,15,238.45,304.0,27.5,109.3,101.24,0.94356075,-31.97,558,23.0,62.21,,,,,,GYR Capital Advisors Pvt.Ltd.,2024-06-15,2024-08-14,https://www.screener.in/company/ABSMARINE/,https://www.tradingview.com/chart/?symbol=NSE%3AABSMARINE,0.47,588.0,63.96,ESM Stage I,,,2026-07-11,2026-10-09,Enhanced Surveillance Measure (ESM) - Stage I (NSE list 20-Aug-2026),"Trade-to-trade settlement, 100% margin, 5% daily band (2% if already there). No intraday.",mcap ₹588cr ≥ ₹500cr pool boundary; 3-month move now -9% (cooled); 5-session move +7%,"Exit when price/volatility criteria normalise on review, or mcap sustainably exceeds the ₹500cr micro-cap pool",False,2024-11-13,2024-08-07,503.0,2026-05-22,8,False,,"Score 15/100 — structure 0/35, base 0/20, liquidity 0/15, institutions 15/15, lock-in 5/5, LM 5/5, momentum 5/5 • Broken base (-32.0%) — distribution, not accumulation • QIB 109x — heavy institutional sponsorship (biggest historical tails came from this group) • ₹0.9cr/day turnover ≈ 0.5% of free float changing hands daily — sleepy float • 🚧 UNDER SURVEILLANCE: ESM Stage I — price band capped, 100% margin, liquidity dries (historical band-lock episodes: −5.8% median over next 60 sessions, 41% win) • Lead manager GYR Capital Advisors Pvt.Ltd.: 57% of 49 issues above issue today, LM score 72/100"
Kalana Ispat Ltd.,SME,KALANA,NSE,INE0T0L01014,2024-09-26,AVOID,AVOID,15,23.15,47.4,104.8,,57.35,0.0390375,-21.84,427,1.0,-64.92,,,,,,Jawa Capital Services Pvt.Ltd.,,,https://www.screener.in/company/KALANA/,https://www.tradingview.com/chart/?symbol=NSE%3AKALANA,0.41,27.4,62.91,,5%,,,,,,,,False,2024-12-02,2025-05-21,271.0,2026-07-27,16,False,,"Score 15/100 — structure 0/35, base 6/20, liquidity 0/15, institutions 8/15, lock-in 5/5, LM 1/5, momentum 3/5 • Base gave up -21.8% vs listing close — looser than the −10% ideal; demands a smaller position • ₹0.0cr/day turnover ≈ 0.4% of free float changing hands daily — sleepy float • 🚧 Trading pinned to a 5% daily band — behaves like a surveillance cage even if not yet listed; volume typically dries −20% • Lead manager Jawa Capital Services Pvt.Ltd.: 25% of 8 issues above issue today, LM score 13/100"
K K Silk Mills Ltd.,SME,KKSILK,BSE,INE0EOJ01014,2025-12-03,AVOID,AVOID,15,10.3,32.0,210.7,5.71,5.53,0.01422645,-48.82,156,,-72.89,,,,,,Axial Capital Pvt.Ltd.,,,https://www.screener.in/company/544624/,https://www.tradingview.com/chart/?symbol=BSE%3A544624,0.19,22.2,66.44,,,,,,,,,,False,2025-12-18,,,2025-12-18,1,False,,"Score 15/100 — structure 0/35, base 0/20, liquidity 0/15, institutions 6/15, lock-in 5/5, LM 1/5, momentum 3/5 • Never reclaimed the listing-day high in 156 sessions — this cohort's median outcome is deeply negative • Broken base (-48.8%) — distribution, not accumulation • QIB 6x — thin institutional book (score-penalised, not disqualifying: stops manage the risk) • ₹0.0cr/day turnover ≈ 0.2% of free float changing hands daily — sleepy float"
Dhara Rail Projects Ltd.,SME,DHARARAIL,NSE,INE2HJL01019,2025-12-31,AVOID,AVOID,15,145.95,157.5,7.9,71.3,78.53,0.16466875,-34.48,153,104.0,15.83,,,,,,Hem Securities Ltd.,2026-01-28,2026-03-29,https://www.screener.in/company/DHARARAIL/,https://www.tradingview.com/chart/?symbol=NSE%3ADHARARAIL,0.31,210.0,74.56,ESM Stage I,,,2026-07-11,2026-10-09,Enhanced Surveillance Measure (ESM) - Stage I (NSE list 20-Aug-2026),"Trade-to-trade settlement, 100% margin, 5% daily band (2% if already there). No intraday.",mcap ₹210cr still < ₹500cr pool boundary; 3-month move now +24% (cooled); 5-session move +4%,"Exit when price/volatility criteria normalise on review, or mcap sustainably exceeds the ₹500cr micro-cap pool",False,2026-04-23,2026-06-25,35.0,2026-08-03,3,False,,"Score 15/100 — structure 0/35, base 0/20, liquidity 0/15, institutions 15/15, lock-in 5/5, LM 5/5, momentum 5/5 • Broken base (-34.5%) — distribution, not accumulation • QIB 71x — heavy institutional sponsorship (biggest historical tails came from this group) • ₹0.2cr/day turnover ≈ 0.3% of free float changing hands daily — sleepy float • 🚧 UNDER SURVEILLANCE: ESM Stage I — price band capped, 100% margin, liquidity dries (historical band-lock episodes: −5.8% median over next 60 sessions, 41% win) • Lead manager Hem Securities Ltd.: 62% of 68 issues above issue today, LM score 72/100"
CKK Retail Mart Ltd.,SME,CKKRETAIL,NSE,INE0SMX01019,2026-02-06,AVOID,AVOID,15,149.0,171.15,14.9,1.12,1.55,0.847439,-27.87,130,1.0,-8.59,,,,,,Oneview Corporate Advisors Pvt.Ltd.,2026-03-05,2026-05-04,https://www.screener.in/company/CKKRETAIL/,https://www.tradingview.com/chart/?symbol=NSE%3ACKKRETAIL,1.09,281.0,72.12,,,,,,,,,,False,2026-04-06,2026-02-09,128.0,2026-07-28,3,False,,"Score 15/100 — structure 0/35, base 0/20, liquidity 0/15, institutions 2/15, lock-in 5/5, LM 5/5, momentum 3/5 • Broken base (-27.9%) — distribution, not accumulation • QIB 1x — thin institutional book (score-penalised, not disqualifying: stops manage the risk) • ₹0.8cr/day turnover ≈ 1.1% of free float changing hands daily — healthy churn • Lead manager Oneview Corporate Advisors Pvt.Ltd.: 67% of 6 issues above issue today, LM score 86/100"
SMR Jewels Ltd.,SME,SMR,BSE,INE11XK01017,2026-06-08,AVOID,AVOID,15,96.25,108.05,12.3,5.41,1.12,0.0806986,-26.39,51,10.0,-24.8,,,,,,Wealth Mine Networks Pvt.Ltd.,,,https://www.screener.in/company/544774/,https://www.tradingview.com/chart/?symbol=BSE%3A544774,0.13,183.0,65.74,,,,,,,,,,False,2026-08-17,2026-06-22,40.0,2026-08-17,1,True,,"Score 15/100 — structure 0/35, base 0/20, liquidity 0/15, institutions 6/15, lock-in 5/5, LM 1/5, momentum 3/5 • Broken base (-26.4%) — distribution, not accumulation • QIB 5x — thin institutional book (score-penalised, not disqualifying: stops manage the risk) • ₹0.1cr/day turnover ≈ 0.1% of free float changing hands daily — sleepy float • 🔥 Volume thrust (≥5× avg) within the last 5 sessions (2026-08-17) — the institutional footprint that preceded most historical winners • Lead manager Wealth Mine Networks Pvt.Ltd.: 0% of 5 issues above issue today, LM score 8/100"
Micropro Software Solutions Ltd.,SME,MICROPRO,NSE,INE0PZK01014,2023-11-10,AVOID,AVOID,14,18.9,80.8,327.5,,35.11,0.008586,-34.21,567,,-76.67,,,,,,Swaraj shares &amp; securities Pvt.Ltd.,,,https://www.screener.in/company/MICROPRO/,https://www.tradingview.com/chart/?symbol=NSE%3AMICROPRO,0.06,27.5,46.63,,,,,,,,,,False,2024-02-27,,,2026-07-28,13,False,,"Score 14/100 — structure 0/35, base 0/20, liquidity 0/15, institutions 8/15, lock-in 5/5, LM 1/5, momentum 0/5 • Never reclaimed the listing-day high in 567 sessions — this cohort's median outcome is deeply negative • Broken base (-34.2%) — distribution, not accumulation • ₹0.0cr/day turnover ≈ 0.1% of free float changing hands daily — sleepy float • Lead manager Swaraj shares &amp; securities Pvt.Ltd.: 40% of 5 issues above issue today, LM score 23/100"
Faalcon Concepts Ltd.,SME,FAALCON,BSE,INE0Q9W01015,2024-04-26,AVOID,AVOID,14,38.27,95.0,148.2,,70.59,0.0220964,-45.93,418,,-38.27,,,,,,Navigant Corporate Advisors Ltd.,,,https://www.screener.in/company/544164/,https://www.tradingview.com/chart/?symbol=BSE%3A544164,0.18,39.4,67.96,,,,,,,,,,False,2024-08-14,,,2026-07-07,8,False,,"Score 14/100 — structure 0/35, base 0/20, liquidity 0/15, institutions 8/15, lock-in 5/5, LM 1/5, momentum 0/5 • Never reclaimed the listing-day high in 418 sessions — this cohort's median outcome is deeply negative • Broken base (-45.9%) — distribution, not accumulation • ₹0.0cr/day turnover ≈ 0.2% of free float changing hands daily — sleepy float"
Sai Swami Metals & Alloys Ltd.,SME,SAI,BSE,INE0QXT01018,2024-05-08,AVOID,AVOID,14,8.01,119.7,1394.4,,541.15,0.0134501,-61.81,500,,-86.65,,,,,,Swastika Investmart Ltd.,,,https://www.screener.in/company/544170/,https://www.tradingview.com/chart/?symbol=BSE%3A544170,0.26,10.6,50.94,,,,,,,,,,False,2024-05-23,,,2026-02-23,15,False,,"Score 14/100 — structure 0/35, base 0/20, liquidity 0/15, institutions 8/15, lock-in 5/5, LM 1/5, momentum 0/5 • Never reclaimed the listing-day high in 500 sessions — this cohort's median outcome is deeply negative • Broken base (-61.8%) — distribution, not accumulation • ₹0.0cr/day turnover ≈ 0.3% of free float changing hands daily — sleepy float • Lead manager Swastika Investmart Ltd.: 17% of 12 issues above issue today, LM score 21/100"
Clinitech Laboratory Ltd.,SME,CTLLAB,BSE,INE0QMR01015,2024-08-01,AVOID,AVOID,14,38.5,120.75,213.6,,38.71,0.00888738,-35.2,254,,-59.9,,,,,,Inventure Merchant Banker Services Pvt.Ltd.,,,https://www.screener.in/company/544220/,https://www.tradingview.com/chart/?symbol=BSE%3A544220,0.26,9.13,64.21,,,,,,,,,,False,2025-02-04,,,2026-03-17,7,False,,"Score 14/100 — structure 0/35, base 0/20, liquidity 0/15, institutions 8/15, lock-in 5/5, LM 1/5, momentum 0/5 • Never reclaimed the listing-day high in 254 sessions — this cohort's median outcome is deeply negative • Broken base (-35.2%) — distribution, not accumulation • ₹0.0cr/day turnover ≈ 0.3% of free float changing hands daily — sleepy float • Lead manager Inventure Merchant Banker Services Pvt.Ltd.: 30% of 10 issues above issue today, LM score 22/100"
SPP Polymer Ltd.,SME,SPPPOLY,NSE,INE0QR801013,2024-09-17,AVOID,AVOID,14,11.75,63.0,436.2,,41.1,0.009257,-41.94,368,,-80.08,,,,,,Interactive Financial Services Ltd.,,,https://www.screener.in/company/SPPPOLY/,https://www.tradingview.com/chart/?symbol=NSE%3ASPPPOLY,0.14,19.2,67.08,,,,,,,,,,False,2024-12-18,,,2026-07-03,5,False,,"Score 14/100 — structure 0/35, base 0/20, liquidity 0/15, institutions 8/15, lock-in 5/5, LM 1/5, momentum 0/5 • Never reclaimed the listing-day high in 368 sessions — this cohort's median outcome is deeply negative • Broken base (-41.9%) — distribution, not accumulation • ₹0.0cr/day turnover ≈ 0.1% of free float changing hands daily — sleepy float • Lead manager Interactive Financial Services Ltd.: 30% of 23 issues above issue today, LM score 24/100"
Prime Cable Industries Ltd.,SME,PRIMECAB,NSE,INE0CQA01020,2025-09-29,AVOID,AVOID,14,190.0,193.0,1.6,9.91,6.19,0.423432,,2,,128.92,,,,,,Indorient Financial Services Ltd.,2025-10-25,2025-12-24,https://www.screener.in/company/PRIMECAB/,https://www.tradingview.com/chart/?symbol=NSE%3APRIMECAB,0.39,351.0,68.53,ESM Stage I,,,2026-07-11,2026-10-09,Enhanced Surveillance Measure (ESM) - Stage I (NSE list 20-Aug-2026),"Trade-to-trade settlement, 100% margin, 5% daily band (2% if already there). No intraday.",mcap ₹351cr still < ₹500cr pool boundary,"Exit when price/volatility criteria normalise on review, or mcap sustainably exceeds the ₹500cr micro-cap pool",False,,,,,0,False,,"Score 14/100 — structure 10/35, base 0/20, liquidity 0/15, institutions 6/15, lock-in 5/5, LM 3/5, momentum 5/5 • QIB 10x — thin institutional book (score-penalised, not disqualifying: stops manage the risk) • ₹0.4cr/day turnover ≈ 0.4% of free float changing hands daily — sleepy float • 🚧 UNDER SURVEILLANCE: ESM Stage I — price band capped, 100% margin, liquidity dries (historical band-lock episodes: −5.8% median over next 60 sessions, 41% win) • Lead manager Indorient Financial Services Ltd.: 42% of 12 issues above issue today, LM score 52/100 • Mega-pop (+125%) — day-1 buyers are extended; base needs extra proof"
Ecoline Exim Ltd.,SME,ECOLINE,NSE,INE0VBS01016,2025-09-30,AVOID,AVOID,14,182.05,184.0,1.1,9.51,4.69,0.254515,,2,,29.11,,,,,,Hem Securities Ltd.,2025-10-25,2025-12-24,https://www.screener.in/company/ECOLINE/,https://www.tradingview.com/chart/?symbol=NSE%3AECOLINE,0.27,373.0,74.57,ESM Stage I,,,2026-07-11,2026-10-09,Enhanced Surveillance Measure (ESM) - Stage I (NSE list 20-Aug-2026),"Trade-to-trade settlement, 100% margin, 5% daily band (2% if already there). No intraday.",mcap ₹373cr still < ₹500cr pool boundary,"Exit when price/volatility criteria normalise on review, or mcap sustainably exceeds the ₹500cr micro-cap pool",False,,,,,0,False,,"Score 14/100 — structure 10/35, base 0/20, liquidity 0/15, institutions 6/15, lock-in 5/5, LM 5/5, momentum 3/5 • QIB 10x — thin institutional book (score-penalised, not disqualifying: stops manage the risk) • ₹0.3cr/day turnover ≈ 0.3% of free float changing hands daily — sleepy float • 🚧 UNDER SURVEILLANCE: ESM Stage I — price band capped, 100% margin, liquidity dries (historical band-lock episodes: −5.8% median over next 60 sessions, 41% win) • Lead manager Hem Securities Ltd.: 62% of 68 issues above issue today, LM score 72/100 • Listed +29% — the historical sweet-spot band"
Speb Adhesives Ltd.,SME,SPEB,NSE,INE1CW901027,2025-12-08,AVOID,AVOID,14,87.65,60.0,-31.5,2.06,2.06,0.0326435,-18.33,125,68.0,56.52,,,,,,Unistone Capital Pvt.Ltd.,2026-01-02,2026-03-03,https://www.screener.in/company/SPEB/,https://www.tradingview.com/chart/?symbol=NSE%3ASPEB,0.06,197.0,73.18,ESM Stage I,,,2026-07-11,2026-10-09,Enhanced Surveillance Measure (ESM) - Stage I (NSE list 20-Aug-2026),"Trade-to-trade settlement, 100% margin, 5% daily band (2% if already there). No intraday.",mcap ₹197cr still < ₹500cr pool boundary; 3-month move now +61% (cooled); 5-session move +1%,"Exit when price/volatility criteria normalise on review, or mcap sustainably exceeds the ₹500cr micro-cap pool",False,2026-02-26,2026-05-07,56.0,2026-03-25,3,False,,"Score 14/100 — structure 8/35, base 6/20, liquidity 0/15, institutions 2/15, lock-in 5/5, LM 3/5, momentum 5/5 • Base gave up -18.3% vs listing close — looser than the −10% ideal; demands a smaller position • QIB 2x — thin institutional book (score-penalised, not disqualifying: stops manage the risk) • ₹0.0cr/day turnover ≈ 0.1% of free float changing hands daily — sleepy float • 🚧 UNDER SURVEILLANCE: ESM Stage I — price band capped, 100% margin, liquidity dries (historical band-lock episodes: −5.8% median over next 60 sessions, 41% win) • Lead manager Unistone Capital Pvt.Ltd.: 56% of 25 issues above issue today, LM score 60/100"
Vishwas Agri Seeds Ltd.,SME,VISHWAS,NSE,INE0S2E01016,2024-04-01,AVOID,AVOID,13,40.05,46.2,15.4,,12.04,0.0534093333333333,-17.6,6,,-53.43,,,,,,ISK Advisors Pvt.Ltd.,,,https://www.screener.in/company/VISHWAS/,https://www.tradingview.com/chart/?symbol=NSE%3AVISHWAS,0.43,40.0,70.16,ESM Stage I,,,2026-07-11,2026-10-09,Enhanced Surveillance Measure (ESM) - Stage I (NSE list 20-Aug-2026),"Trade-to-trade settlement, 100% margin, 5% daily band (2% if already there). No intraday.",mcap ₹40cr still < ₹500cr pool boundary; 5-session move -9%,"Exit when price/volatility criteria normalise on review, or mcap sustainably exceeds the ₹500cr micro-cap pool",False,,,,,0,False,,"Score 13/100 — structure 10/35, base 6/20, liquidity 0/15, institutions 2/15, lock-in 5/5, LM 5/5, momentum 0/5 • Base gave up -17.6% vs listing close — looser than the −10% ideal; demands a smaller position • ₹0.1cr/day turnover ≈ 0.4% of free float changing hands daily — sleepy float • 🚧 UNDER SURVEILLANCE: ESM Stage I — price band capped, 100% margin, liquidity dries (historical band-lock episodes: −5.8% median over next 60 sessions, 41% win) • Lead manager ISK Advisors Pvt.Ltd.: 80% of 5 issues above issue today, LM score 91/100 • Discount listing (-46%) — historically the worst cohort"
Share Samadhan Ltd.,SME,SSL,BSE,INE0LY301010,2024-09-16,AVOID,AVOID,13,46.91,76.0,62.0,2.66,10.35,0.0983928,-26.54,426,74.0,-36.61,,,,,,Narnolia Financial Services Ltd.,2024-10-12,2024-12-11,https://www.screener.in/company/544251/,https://www.tradingview.com/chart/?symbol=BSE%3A544251,0.5,56.6,62.52,,,,,,,,,,False,2024-10-18,2025-04-01,291.0,2026-08-13,15,True,,"Score 13/100 — structure 0/35, base 0/20, liquidity 0/15, institutions 2/15, lock-in 5/5, LM 3/5, momentum 3/5 • Broken base (-26.5%) — distribution, not accumulation • QIB 3x — thin institutional book (score-penalised, not disqualifying: stops manage the risk) • ₹0.1cr/day turnover ≈ 0.5% of free float changing hands daily — sleepy float • 🔥 Volume thrust (≥5× avg) within the last 5 sessions (2026-08-13) — the institutional footprint that preceded most historical winners • Lead manager Narnolia Financial Services Ltd.: 47% of 30 issues above issue today, LM score 57/100"
WOL 3D India Ltd.,SME,WOL3D,NSE,INE0OO201011,2024-09-30,AVOID,AVOID,13,140.6,189.05,34.5,101.24,261.69,0.0911955,-29.12,442,273.0,-6.27,,,,,,Hem Securities Ltd.,2024-10-26,2024-12-25,https://www.screener.in/company/WOL3D/,https://www.tradingview.com/chart/?symbol=NSE%3AWOL3D,0.29,93.2,64.73,ESM Stage I,5%,,2026-08-05 (est. from band-lock),2026-11-03,Enhanced Surveillance Measure (ESM) - Stage I (NSE list 20-Aug-2026),"Trade-to-trade settlement, 100% margin, 5% daily band (2% if already there). No intraday.",mcap ₹93cr still < ₹500cr pool boundary; 3-month move now -10% (cooled); 5-session move +2%,"Exit when price/volatility criteria normalise on review, or mcap sustainably exceeds the ₹500cr micro-cap pool",False,2025-01-16,2026-05-21,58.0,2026-06-03,13,False,,"Score 13/100 — structure 0/35, base 0/20, liquidity 0/15, institutions 15/15, lock-in 5/5, LM 5/5, momentum 3/5 • Broken base (-29.1%) — distribution, not accumulation • QIB 101x — heavy institutional sponsorship (biggest historical tails came from this group) • ₹0.1cr/day turnover ≈ 0.3% of free float changing hands daily — sleepy float • 🚧 UNDER SURVEILLANCE: ESM Stage I — price band capped, 100% margin, liquidity dries (historical band-lock episodes: −5.8% median over next 60 sessions, 41% win) • Lead manager Hem Securities Ltd.: 62% of 68 issues above issue today, LM score 72/100"
Suntech Infra Solutions Ltd.,SME,SUNTECH,NSE,INE0SGZ01016,2025-07-02,AVOID,AVOID,13,35.05,36.9,5.3,,157.08,0.022752,,2,,-59.24,,,,,,GYR Capital Advisors Pvt.Ltd.,2025-07-30,2025-09-28,https://www.screener.in/company/SUNTECH/,https://www.tradingview.com/chart/?symbol=NSE%3ASUNTECH,0.11,64.2,69.72,ESM Stage I,,,2026-07-11,2026-10-09,Enhanced Surveillance Measure (ESM) - Stage I (NSE list 20-Aug-2026),"Trade-to-trade settlement, 100% margin, 5% daily band (2% if already there). No intraday.",mcap ₹64cr still < ₹500cr pool boundary,"Exit when price/volatility criteria normalise on review, or mcap sustainably exceeds the ₹500cr micro-cap pool",False,,,,,0,False,,"Score 13/100 — structure 10/35, base 0/20, liquidity 0/15, institutions 8/15, lock-in 5/5, LM 5/5, momentum 0/5 • ₹0.0cr/day turnover ≈ 0.1% of free float changing hands daily — sleepy float • 🚧 UNDER SURVEILLANCE: ESM Stage I — price band capped, 100% margin, liquidity dries (historical band-lock episodes: −5.8% median over next 60 sessions, 41% win) • Lead manager GYR Capital Advisors Pvt.Ltd.: 57% of 49 issues above issue today, LM score 72/100 • Discount listing (-58%) — historically the worst cohort"
Finbud Financial Services Ltd.,SME,FINBUD,NSE,INE0EDU01014,2025-11-13,AVOID,AVOID,13,139.0,164.85,18.6,4.33,3.6,0.50669825,-33.27,190,,-2.11,,,,,,SKI Capital Services Ltd.,2025-12-11,2026-02-09,https://www.screener.in/company/FINBUD/,https://www.tradingview.com/chart/?symbol=NSE%3AFINBUD,0.37,265.0,48.25,,,,,,,,,,False,2026-03-09,,,2026-07-28,5,False,,"Score 13/100 — structure 0/35, base 0/20, liquidity 0/15, institutions 2/15, lock-in 5/5, LM 3/5, momentum 3/5 • Never reclaimed the listing-day high in 190 sessions — this cohort's median outcome is deeply negative • Broken base (-33.3%) — distribution, not accumulation • QIB 4x — thin institutional book (score-penalised, not disqualifying: stops manage the risk) • ₹0.5cr/day turnover ≈ 0.4% of free float changing hands daily — sleepy float • Lead manager SKI Capital Services Ltd.: 40% of 5 issues above issue today, LM score 56/100"
Logiciel Solutions Ltd.,SME,LOGICIEL,BSE,INE1BA901016,2025-12-05,AVOID,AVOID,13,32.05,154.4,381.7,1.32,2.0,0.01042338,-64.89,167,,-83.39,,,,,,Fintellectual Corporate Advisors Pvt.Ltd.,,,https://www.screener.in/company/544625/,https://www.tradingview.com/chart/?symbol=BSE%3A544625,0.11,23.9,59.03,,,,,,,,,,False,2025-12-19,,,2026-08-11,6,False,,"Score 13/100 — structure 0/35, base 0/20, liquidity 0/15, institutions 2/15, lock-in 5/5, LM 3/5, momentum 3/5 • Never reclaimed the listing-day high in 167 sessions — this cohort's median outcome is deeply negative • Broken base (-64.9%) — distribution, not accumulation • QIB 1x — thin institutional book (score-penalised, not disqualifying: stops manage the risk) • ₹0.0cr/day turnover ≈ 0.1% of free float changing hands daily — sleepy float • Lead manager Fintellectual Corporate Advisors Pvt.Ltd.: 50% of 4 issues above issue today, LM score 45/100"
Shipwaves Online Ltd.,SME,SHIPWAVES,BSE,INE0O9L01010,2025-12-17,AVOID,AVOID,13,3.36,12.0,257.1,,1.65,0.0783885,-64.04,166,,-72.0,,,,,,Finshore Management Services Ltd.,,,https://www.screener.in/company/544646/,https://www.tradingview.com/chart/?symbol=BSE%3A544646,0.55,44.6,67.4,,,ST-ASM trigger risk: +29% in 5 sessions (criterion: ≥25%),,,,,,,False,2026-01-02,,,2026-01-12,3,False,,"Score 13/100 — structure 0/35, base 0/20, liquidity 0/15, institutions 2/15, lock-in 5/5, LM 3/5, momentum 3/5 • Never reclaimed the listing-day high in 166 sessions — this cohort's median outcome is deeply negative • Broken base (-64.0%) — distribution, not accumulation • ₹0.1cr/day turnover ≈ 0.6% of free float changing hands daily — sleepy float • ⚠ ST-ASM trigger risk: +29% in 5 sessions (criterion: ≥25%) • Lead manager Finshore Management Services Ltd.: 32% of 22 issues above issue today, LM score 45/100"
Sundrex Oil Co.Ltd.,SME,SOCL,NSE,INE0CTB01014,2025-12-30,AVOID,AVOID,13,29.15,68.8,136.0,1.0,1.38,0.027444,-58.33,146,,-66.1,,,,,,Affinity Global Capital Market Pvt.Ltd.,,,https://www.screener.in/company/SOCL/,https://www.tradingview.com/chart/?symbol=NSE%3ASOCL,0.27,37.6,72.01,,,,,,,,,,False,2026-01-14,,,2026-01-16,2,False,,"Score 13/100 — structure 0/35, base 0/20, liquidity 0/15, institutions 2/15, lock-in 5/5, LM 3/5, momentum 3/5 • Never reclaimed the listing-day high in 146 sessions — this cohort's median outcome is deeply negative • Broken base (-58.3%) — distribution, not accumulation • QIB 1x — thin institutional book (score-penalised, not disqualifying: stops manage the risk) • ₹0.0cr/day turnover ≈ 0.3% of free float changing hands daily — sleepy float • Lead manager Affinity Global Capital Market Pvt.Ltd.: 38% of 8 issues above issue today, LM score 41/100"
Narmadesh Brass Industries Ltd.,SME,NARMADESH,BSE,INE0S1B01014,2026-01-21,AVOID,AVOID,13,335.0,495.0,47.8,,1.25,0.39578646,-64.75,121,,-34.95,,,,,,Aryaman Financial Services Ltd.,,,https://www.screener.in/company/544680/,https://www.tradingview.com/chart/?symbol=BSE%3A544680,1.46,101.0,71.84,,,,,,,,,,False,2026-02-09,,,2026-07-22,8,False,,"Score 13/100 — structure 0/35, base 0/20, liquidity 0/15, institutions 2/15, lock-in 5/5, LM 3/5, momentum 3/5 • Never reclaimed the listing-day high in 121 sessions — this cohort's median outcome is deeply negative • Broken base (-64.8%) — distribution, not accumulation • ₹0.4cr/day turnover ≈ 1.5% of free float changing hands daily — healthy churn • Lead manager Aryaman Financial Services Ltd.: 47% of 15 issues above issue today, LM score 41/100"
Advance Technoforge Ltd.,SME,ADVANCETL,BSE,INE13ZJ01010,2026-08-03,AVOID,AVOID,13,78.69,94.0,19.5,,1.55,0.6742667142857143,-42.89,14,,-17.17,,,,,,Sun Capital Advisory Services Pvt.Ltd.,,,https://www.screener.in/company/544843/,https://www.tradingview.com/chart/?symbol=BSE%3A544843,3.89,67.7,71.98,,5%,ST-ASM trigger risk: +33% in 5 sessions (criterion: ≥25%),,,,,,,False,2026-08-17,,,2026-08-17,1,True,,"Score 13/100 — structure 10/35, base 0/20, liquidity 0/15, institutions 2/15, lock-in 5/5, LM 1/5, momentum 3/5 • Broken base (-42.9%) — distribution, not accumulation • ₹0.7cr/day turnover ≈ 3.9% of free float changing hands daily — healthy churn • 🔥 Volume thrust (≥5× avg) within the last 5 sessions (2026-08-17) — the institutional footprint that preceded most historical winners • 🚧 Trading pinned to a 5% daily band — behaves like a surveillance cage even if not yet listed; volume typically dries −20% • ⚠ ST-ASM trigger risk: +33% in 5 sessions (criterion: ≥25%) • Lead manager Sun Capital Advisory Services Pvt.Ltd.: 33% of 6 issues above issue today, LM score 28/100"
Slone Infosystems Ltd.,SME,SLONE,NSE,INE0SMA01017,2024-05-10,AVOID,AVOID,12,148.6,119.45,-19.6,,641.88,0.0516177,-28.73,520,29.0,88.1,,,,,,Jawa Capital Services Pvt.Ltd.,,,https://www.screener.in/company/SLONE/,https://www.tradingview.com/chart/?symbol=NSE%3ASLONE,0.27,77.8,73.33,ESM Stage I,,,2026-07-11,2026-10-09,Enhanced Surveillance Measure (ESM) - Stage I (NSE list 20-Aug-2026),"Trade-to-trade settlement, 100% margin, 5% daily band (2% if already there). No intraday.",mcap ₹78cr still < ₹500cr pool boundary; 3-month move now -20% (cooled); 5-session move +9%,"Exit when price/volatility criteria normalise on review, or mcap sustainably exceeds the ₹500cr micro-cap pool",False,2024-06-21,2026-07-24,19.0,2026-06-24,9,False,,"Score 12/100 — structure 8/35, base 0/20, liquidity 0/15, institutions 8/15, lock-in 5/5, LM 1/5, momentum 5/5 • Broken base (-28.7%) — distribution, not accumulation • ₹0.1cr/day turnover ≈ 0.3% of free float changing hands daily — sleepy float • 🚧 UNDER SURVEILLANCE: ESM Stage I — price band capped, 100% margin, liquidity dries (historical band-lock episodes: −5.8% median over next 60 sessions, 41% win) • Lead manager Jawa Capital Services Pvt.Ltd.: 25% of 8 issues above issue today, LM score 13/100"
Premium Plast Ltd.,SME,PREMIUM,NSE,INE0M1F01011,2024-10-28,AVOID,AVOID,12,38.0,51.75,36.2,6.74,38.6,0.024894,-27.4,365,,-22.45,,,,,,Khandwala Securities Ltd.,,,https://www.screener.in/company/PREMIUM/,https://www.tradingview.com/chart/?symbol=NSE%3APREMIUM,0.11,73.5,68.73,,,,,,,,,,False,2025-03-20,,,2026-06-25,9,False,,"Score 12/100 — structure 0/35, base 0/20, liquidity 0/15, institutions 6/15, lock-in 5/5, LM 1/5, momentum 0/5 • Never reclaimed the listing-day high in 365 sessions — this cohort's median outcome is deeply negative • Broken base (-27.4%) — distribution, not accumulation • QIB 7x — thin institutional book (score-penalised, not disqualifying: stops manage the risk) • ₹0.0cr/day turnover ≈ 0.1% of free float changing hands daily — sleepy float • Lead manager Khandwala Securities Ltd.: 20% of 10 issues above issue today, LM score 9/100"
Supreme Facility Management Ltd.,SME,SFML,NSE,INE0U6N01014,2024-12-18,AVOID,AVOID,12,22.0,75.0,240.9,8.24,26.94,0.0278512,-36.84,390,,-71.05,,,,,,Khandwala Securities Ltd.,,,https://www.screener.in/company/SFML/,https://www.tradingview.com/chart/?symbol=NSE%3ASFML,0.17,54.5,71.52,,,,,,,,,,False,2025-05-23,,,2026-08-03,7,False,,"Score 12/100 — structure 0/35, base 0/20, liquidity 0/15, institutions 6/15, lock-in 5/5, LM 1/5, momentum 0/5 • Never reclaimed the listing-day high in 390 sessions — this cohort's median outcome is deeply negative • Broken base (-36.8%) — distribution, not accumulation • QIB 8x — thin institutional book (score-penalised, not disqualifying: stops manage the risk) • ₹0.0cr/day turnover ≈ 0.2% of free float changing hands daily — sleepy float • Lead manager Khandwala Securities Ltd.: 20% of 10 issues above issue today, LM score 9/100"
TSC India Ltd.,SME,TSC,NSE,INE16VK01010,2025-07-30,AVOID,AVOID,12,47.6,50.75,6.6,40.03,67.32,0.095165,,2,,-32.0,,,,,,Expert Global Consultants Pvt.Ltd.,2025-08-27,2025-10-26,https://www.screener.in/company/TSC/,https://www.tradingview.com/chart/?symbol=NSE%3ATSC,0.37,73.7,64.68,ESM Stage I,,,2026-08-07,2026-11-05,Enhanced Surveillance Measure (ESM) - Stage I (NSE list 20-Aug-2026),"Trade-to-trade settlement, 100% margin, 5% daily band (2% if already there). No intraday.",mcap ₹74cr still < ₹500cr pool boundary,"Exit when price/volatility criteria normalise on review, or mcap sustainably exceeds the ₹500cr micro-cap pool",False,,,,,0,False,,"Score 12/100 — structure 10/35, base 0/20, liquidity 0/15, institutions 11/15, lock-in 5/5, LM 1/5, momentum 0/5 • QIB 40x — decent institutional interest • ₹0.1cr/day turnover ≈ 0.4% of free float changing hands daily — sleepy float • 🚧 UNDER SURVEILLANCE: ESM Stage I — price band capped, 100% margin, liquidity dries (historical band-lock episodes: −5.8% median over next 60 sessions, 41% win) • Lead manager Expert Global Consultants Pvt.Ltd.: 28% of 18 issues above issue today, LM score 38/100 • Discount listing (-28%) — historically the worst cohort"
Kiaasa Retail Ltd.,SME,KIAASA,BSE,INE1C3F01018,2026-03-02,AVOID,AVOID,12,32.0,123.0,284.4,14.98,1.76,0.03327575,-67.78,116,,-74.8,,,,,,Expert Global Consultants Pvt.Ltd.,,,https://www.screener.in/company/544711/,https://www.tradingview.com/chart/?symbol=BSE%3A544711,0.11,56.5,50.22,,,,,,,,,,False,2026-03-19,,,2026-03-24,2,False,,"Score 12/100 — structure 0/35, base 0/20, liquidity 0/15, institutions 6/15, lock-in 5/5, LM 1/5, momentum 0/5 • Never reclaimed the listing-day high in 116 sessions — this cohort's median outcome is deeply negative • Broken base (-67.8%) — distribution, not accumulation • QIB 15x — thin institutional book (score-penalised, not disqualifying: stops manage the risk) • ₹0.0cr/day turnover ≈ 0.1% of free float changing hands daily — sleepy float • Lead manager Expert Global Consultants Pvt.Ltd.: 28% of 18 issues above issue today, LM score 38/100"
NFP Sampoorna Foods Ltd.,SME,NFPSAMPOOR,NSE,INE0T1501010,2026-05-25,AVOID,AVOID,12,22.5,54.5,142.2,1.0,1.5,0.0444885,-57.82,61,,-59.09,,,,,,3Dimension Capital Services Ltd.,,,https://www.screener.in/company/NFPSAMPOOR/,https://www.tradingview.com/chart/?symbol=NSE%3ANFPSAMPOOR,0.43,28.4,64.7,,,,,,,,,,False,2026-06-09,,,2026-06-10,2,False,,"Score 12/100 — structure 0/35, base 0/20, liquidity 0/15, institutions 2/15, lock-in 5/5, LM 5/5, momentum 0/5 • Never reclaimed the listing-day high in 61 sessions — this cohort's median outcome is deeply negative • Broken base (-57.8%) — distribution, not accumulation • QIB 1x — thin institutional book (score-penalised, not disqualifying: stops manage the risk) • ₹0.0cr/day turnover ≈ 0.4% of free float changing hands daily — sleepy float • Lead manager 3Dimension Capital Services Ltd.: 60% of 5 issues above issue today, LM score 75/100"
Sati Poly Plast Ltd.,SME,SATIPOLY,NSE,INE0RPM01017,2024-07-22,AVOID,AVOID,11,42.65,259.35,508.1,146.0,347.55,0.016406625,-31.75,461,,-67.19,,,,,,Beeline Capital Advisors Pvt.Ltd.,2024-08-17,2024-10-16,https://www.screener.in/company/SATIPOLY/,https://www.tradingview.com/chart/?symbol=NSE%3ASATIPOLY,0.21,22.2,63.01,ESM Stage I,5%,,2026-08-04 (est. from band-lock),2026-11-02,Enhanced Surveillance Measure (ESM) - Stage I (NSE list 20-Aug-2026),"Trade-to-trade settlement, 100% margin, 5% daily band (2% if already there). No intraday.",mcap ₹22cr still < ₹500cr pool boundary; 3-month move now +24% (cooled); 5-session move -7%,"Exit when price/volatility criteria normalise on review, or mcap sustainably exceeds the ₹500cr micro-cap pool",False,2024-10-23,,,2026-06-25,13,False,,"Score 11/100 — structure 0/35, base 0/20, liquidity 0/15, institutions 15/15, lock-in 5/5, LM 3/5, momentum 3/5 • Never reclaimed the listing-day high in 461 sessions — this cohort's median outcome is deeply negative • Broken base (-31.8%) — distribution, not accumulation • QIB 146x — heavy institutional sponsorship (biggest historical tails came from this group) • ₹0.0cr/day turnover ≈ 0.2% of free float changing hands daily — sleepy float • 🚧 UNDER SURVEILLANCE: ESM Stage I — price band capped, 100% margin, liquidity dries (historical band-lock episodes: −5.8% median over next 60 sessions, 41% win) • Lead manager Beeline Capital Advisors Pvt.Ltd.: 53% of 57 issues above issue today, LM score 58/100"
Saraswati Saree Depot Ltd.,Mainboard,SSDL,NSE,INE0PQ101010,2024-08-20,AVOID,AVOID,11,59.3,203.7,243.5,64.12,108.44,0.5541618563,-25.82,496,,-62.94,,,,,,Unistone Capital Pvt.Ltd.,,,https://www.screener.in/company/SSDL/,https://www.tradingview.com/chart/?symbol=NSE%3ASSDL,0.85,259.0,74.99,ASM Short-Term Stage I,,In ESM-eligible pool (mcap ₹259cr < ₹500cr) — sharp rallies can trigger 100% margin + 2%/5% band,2026-08-17,2026-08-24,"NSE ASM Short-Term list, 20-Aug-2026",50–100% additional margin for a SHORT window.,3-month move now -2% (cooled); 5-session move -13%,Auto-exit after the 5- or 15-day window unless re-triggered (e.g. another +25%/5-session burst),False,2024-11-29,,,2026-08-13,4,True,,"Score 11/100 — structure 0/35, base 0/20, liquidity 0/15, institutions 15/15, lock-in 5/5, LM 3/5, momentum 3/5 • Never reclaimed the listing-day high in 496 sessions — this cohort's median outcome is deeply negative • Broken base (-25.8%) — distribution, not accumulation • QIB 64x — heavy institutional sponsorship (biggest historical tails came from this group) • ₹0.6cr/day turnover ≈ 0.8% of free float changing hands daily — healthy churn • 🔥 Volume thrust (≥5× avg) within the last 5 sessions (2026-08-13) — the institutional footprint that preceded most historical winners • 🚧 UNDER SURVEILLANCE: ASM Short-Term Stage I — price band capped, 100% margin, liquidity dries (historical band-lock episodes: −5.8% median over next 60 sessions, 41% win)"
Newmalayalam Steel Ltd.,SME,NMSTEEL,NSE,INE0TP801012,2024-12-27,AVOID,AVOID,11,23.75,90.0,278.9,1.26,50.42,0.0135872,-47.95,342,,-73.61,,,,,,Khandwala Securities Ltd.,,,https://www.screener.in/company/NMSTEEL/,https://www.tradingview.com/chart/?symbol=NSE%3ANMSTEEL,0.12,40.7,73.02,,,,,,,,,,False,2025-03-17,,,2026-06-04,8,False,,"Score 11/100 — structure 0/35, base 0/20, liquidity 0/15, institutions 2/15, lock-in 5/5, LM 1/5, momentum 3/5 • Never reclaimed the listing-day high in 342 sessions — this cohort's median outcome is deeply negative • Broken base (-48.0%) — distribution, not accumulation • QIB 1x — thin institutional book (score-penalised, not disqualifying: stops manage the risk) • ₹0.0cr/day turnover ≈ 0.1% of free float changing hands daily — sleepy float • Lead manager Khandwala Securities Ltd.: 20% of 10 issues above issue today, LM score 9/100"
Shlokka Dyes Ltd.,SME,SHLOKKA,BSE,INE1EUB01016,2025-10-17,AVOID,AVOID,11,24.3,90.0,270.4,1.02,1.09,0.04116594,-39.6,193,,-73.3,,,,,,Interactive Financial Services Ltd.,,,https://www.screener.in/company/544582/,https://www.tradingview.com/chart/?symbol=BSE%3A544582,0.27,53.3,70.34,,,,,,,,,,False,2025-10-30,,,2026-07-21,4,False,,"Score 11/100 — structure 0/35, base 0/20, liquidity 0/15, institutions 2/15, lock-in 5/5, LM 1/5, momentum 3/5 • Never reclaimed the listing-day high in 193 sessions — this cohort's median outcome is deeply negative • Broken base (-39.6%) — distribution, not accumulation • QIB 1x — thin institutional book (score-penalised, not disqualifying: stops manage the risk) • ₹0.0cr/day turnover ≈ 0.3% of free float changing hands daily — sleepy float • Lead manager Interactive Financial Services Ltd.: 30% of 23 issues above issue today, LM score 24/100"
Shining Tools Ltd.,SME,SHTL,BSE,INE0D8001018,2025-11-14,AVOID,AVOID,11,94.1,104.0,10.5,,1.13,0.0484335,-42.11,157,,-17.46,,,,,,Sobhagya Capital Options Pvt.Ltd.,,,https://www.screener.in/company/544607/,https://www.tradingview.com/chart/?symbol=BSE%3A544607,0.33,55.4,70.68,,,,,,,,,,False,2025-11-28,,,2026-08-12,2,True,,"Score 11/100 — structure 0/35, base 0/20, liquidity 0/15, institutions 2/15, lock-in 5/5, LM 1/5, momentum 3/5 • Never reclaimed the listing-day high in 157 sessions — this cohort's median outcome is deeply negative • Broken base (-42.1%) — distribution, not accumulation • ₹0.0cr/day turnover ≈ 0.3% of free float changing hands daily — sleepy float • 🔥 Volume thrust (≥5× avg) within the last 5 sessions (2026-08-12) — the institutional footprint that preceded most historical winners • Lead manager Sobhagya Capital Options Pvt.Ltd.: 11% of 9 issues above issue today, LM score 25/100"
Riddhi Display Equipments Ltd.,SME,RDEL,BSE,INE1DKT01011,2025-12-15,AVOID,AVOID,11,34.83,80.0,129.7,2.19,4.89,0.02104308,-53.95,137,,-65.17,,,,,,Jawa Capital Services Pvt.Ltd.,,,https://www.screener.in/company/544640/,https://www.tradingview.com/chart/?symbol=BSE%3A544640,0.24,30.1,71.43,,,,,,,,,,False,2025-12-31,,,2026-07-29,5,False,,"Score 11/100 — structure 0/35, base 0/20, liquidity 0/15, institutions 2/15, lock-in 5/5, LM 1/5, momentum 3/5 • Never reclaimed the listing-day high in 137 sessions — this cohort's median outcome is deeply negative • Broken base (-54.0%) — distribution, not accumulation • QIB 2x — thin institutional book (score-penalised, not disqualifying: stops manage the risk) • ₹0.0cr/day turnover ≈ 0.2% of free float changing hands daily — sleepy float • Lead manager Jawa Capital Services Pvt.Ltd.: 25% of 8 issues above issue today, LM score 13/100"
Amba Auto Sales & Services Ltd.,SME,AMBAAUTO,NSE,INE293601014,2026-05-05,AVOID,AVOID,11,105.4,137.5,30.5,1.75,1.17,0.43352725,-52.94,76,,-21.93,,,,,,Capital Square Advisors Pvt.Ltd.,,,https://www.screener.in/company/AMBAAUTO/,https://www.tradingview.com/chart/?symbol=NSE%3AAMBAAUTO,0.24,194.0,,,,,,,,,,,False,,,,,0,False,,"Score 11/100 — structure 0/35, base 0/20, liquidity 0/15, institutions 2/15, lock-in 5/5, LM 1/5, momentum 3/5 • Never reclaimed the listing-day high in 76 sessions — this cohort's median outcome is deeply negative • Broken base (-52.9%) — distribution, not accumulation • QIB 2x — thin institutional book (score-penalised, not disqualifying: stops manage the risk) • ₹0.4cr/day turnover ≈ 0.2% of free float changing hands daily — sleepy float • Lead manager Capital Square Advisors Pvt.Ltd.: 20% of 5 issues above issue today, LM score 25/100"
Aureate Tradde Ltd.,SME,AUREATE,BSE,INE1KVL01010,2026-06-05,AVOID,AVOID,11,35.0,70.0,100.0,,1.43,0.0788,-60.47,48,,-50.0,,,,,,Corporate Makers Capital Ltd.,,,https://www.screener.in/company/544772/,https://www.tradingview.com/chart/?symbol=BSE%3A544772,0.5,45.4,64.63,,,,,,,,,,False,2026-06-23,,,2026-08-13,2,True,,"Score 11/100 — structure 0/35, base 0/20, liquidity 0/15, institutions 2/15, lock-in 5/5, LM 1/5, momentum 3/5 • Never reclaimed the listing-day high in 48 sessions — this cohort's median outcome is deeply negative • Broken base (-60.5%) — distribution, not accumulation • ₹0.1cr/day turnover ≈ 0.5% of free float changing hands daily — sleepy float • 🔥 Volume thrust (≥5× avg) within the last 5 sessions (2026-08-13) — the institutional footprint that preceded most historical winners • Lead manager Corporate Makers Capital Ltd.: 17% of 12 issues above issue today, LM score 28/100"
UHM Vacation Ltd.,SME,UHMVL,BSE,INE0YZ901011,2026-06-11,AVOID,AVOID,11,37.0,132.8,258.9,1.0,2.14,0.07852436,-73.41,48,,-77.71,,,,,,Sobhagya Capital Options Pvt.Ltd.,,,https://www.screener.in/company/544779/,https://www.tradingview.com/chart/?symbol=BSE%3A544779,0.96,24.8,65.42,,,,,,,,,,False,2026-06-29,,,2026-06-30,2,False,,"Score 11/100 — structure 0/35, base 0/20, liquidity 0/15, institutions 2/15, lock-in 5/5, LM 1/5, momentum 3/5 • Never reclaimed the listing-day high in 48 sessions — this cohort's median outcome is deeply negative • Broken base (-73.4%) — distribution, not accumulation • QIB 1x — thin institutional book (score-penalised, not disqualifying: stops manage the risk) • ₹0.1cr/day turnover ≈ 1.0% of free float changing hands daily — healthy churn • Lead manager Sobhagya Capital Options Pvt.Ltd.: 11% of 9 issues above issue today, LM score 25/100"
Tunwal E-Motors Ltd.,SME,TUNWAL,NSE,INE0OXV01027,2024-07-23,AVOID,AVOID,10,26.2,64.0,144.3,,12.07,0.147568,-26.64,515,,-55.59,,,,,,Horizon Management Pvt.Ltd.,,,https://www.screener.in/company/TUNWAL/,https://www.tradingview.com/chart/?symbol=NSE%3ATUNWAL,0.27,154.0,63.9,,,,,,,,,,False,2024-12-09,,,2026-05-26,9,False,,"Score 10/100 — structure 0/35, base 0/20, liquidity 0/15, institutions 2/15, lock-in 5/5, LM 3/5, momentum 0/5 • Never reclaimed the listing-day high in 515 sessions — this cohort's median outcome is deeply negative • Broken base (-26.6%) — distribution, not accumulation • ₹0.1cr/day turnover ≈ 0.3% of free float changing hands daily — sleepy float • Lead manager Horizon Management Pvt.Ltd.: 50% of 22 issues above issue today, LM score 52/100"
Khyati Global Ventures Ltd.,SME,KGVL,BSE,INE0S9501014,2024-10-11,AVOID,AVOID,10,48.8,105.0,115.2,,14.93,0.0104202,-32.83,263,,-50.71,,,,,,Aryaman Financial Services Ltd.,,,https://www.screener.in/company/544270/,https://www.tradingview.com/chart/?symbol=BSE%3A544270,0.08,36.0,62.86,,,,,,,,,,False,2024-10-22,,,2025-08-14,12,False,,"Score 10/100 — structure 0/35, base 0/20, liquidity 0/15, institutions 2/15, lock-in 5/5, LM 3/5, momentum 0/5 • Never reclaimed the listing-day high in 263 sessions — this cohort's median outcome is deeply negative • Broken base (-32.8%) — distribution, not accumulation • ₹0.0cr/day turnover ≈ 0.1% of free float changing hands daily — sleepy float • Lead manager Aryaman Financial Services Ltd.: 47% of 15 issues above issue today, LM score 41/100"
Abha Power & Steel Ltd.,SME,ABHAPOWER,NSE,INE0UYG01015,2024-12-04,AVOID,AVOID,10,24.75,81.9,230.9,,17.38,0.0196804,-49.61,396,,-67.0,,,,,,Horizon Management Pvt.Ltd.,,,https://www.screener.in/company/ABHAPOWER/,https://www.tradingview.com/chart/?symbol=NSE%3AABHAPOWER,0.15,47.7,72.52,,,,,,,,,,False,2025-07-14,,,2026-05-25,6,False,,"Score 10/100 — structure 0/35, base 0/20, liquidity 0/15, institutions 2/15, lock-in 5/5, LM 3/5, momentum 0/5 • Never reclaimed the listing-day high in 396 sessions — this cohort's median outcome is deeply negative • Broken base (-49.6%) — distribution, not accumulation • ₹0.0cr/day turnover ≈ 0.1% of free float changing hands daily — sleepy float • Lead manager Horizon Management Pvt.Ltd.: 50% of 22 issues above issue today, LM score 52/100"
Divine Hira Jewellers Ltd.,SME,DIVINEHIRA,NSE,INE0NA501011,2025-03-24,AVOID,AVOID,10,111.95,113.0,0.9,,3.88,0.241401,,2,,24.39,,,,,,Horizon Management Pvt.Ltd.,,,https://www.screener.in/company/DIVINEHIRA/,https://www.tradingview.com/chart/?symbol=NSE%3ADIVINEHIRA,0.2,431.0,72.7,ESM Stage I,,,2026-07-11,2026-10-09,Enhanced Surveillance Measure (ESM) - Stage I (NSE list 20-Aug-2026),"Trade-to-trade settlement, 100% margin, 5% daily band (2% if already there). No intraday.",mcap ₹431cr still < ₹500cr pool boundary,"Exit when price/volatility criteria normalise on review, or mcap sustainably exceeds the ₹500cr micro-cap pool",False,,,,,0,False,,"Score 10/100 — structure 10/35, base 0/20, liquidity 0/15, institutions 2/15, lock-in 5/5, LM 3/5, momentum 5/5 • ₹0.2cr/day turnover ≈ 0.2% of free float changing hands daily — sleepy float • 🚧 UNDER SURVEILLANCE: ESM Stage I — price band capped, 100% margin, liquidity dries (historical band-lock episodes: −5.8% median over next 60 sessions, 41% win) • Lead manager Horizon Management Pvt.Ltd.: 50% of 22 issues above issue today, LM score 52/100 • Listed +26% — the historical sweet-spot band"
Integrity Infrabuild Developers Ltd.,SME,INTEGRITY,NSE,INE0YSH01017,2025-05-20,AVOID,AVOID,10,159.0,159.0,0.0,,2.15,0.01908,,1,,59.0,,,,,,Aryaman Financial Services Ltd.,,,https://www.screener.in/company/INTEGRITY/,https://www.tradingview.com/chart/?symbol=NSE%3AINTEGRITY,0.09,68.8,70.45,ESM Stage I,,,2026-07-11,2026-10-09,Enhanced Surveillance Measure (ESM) - Stage I (NSE list 20-Aug-2026),"Trade-to-trade settlement, 100% margin, 5% daily band (2% if already there). No intraday.",mcap ₹69cr still < ₹500cr pool boundary,"Exit when price/volatility criteria normalise on review, or mcap sustainably exceeds the ₹500cr micro-cap pool",False,,,,,0,False,,"Score 10/100 — structure 10/35, base 0/20, liquidity 0/15, institutions 2/15, lock-in 5/5, LM 3/5, momentum 5/5 • ₹0.0cr/day turnover ≈ 0.1% of free float changing hands daily — sleepy float • 🚧 UNDER SURVEILLANCE: ESM Stage I — price band capped, 100% margin, liquidity dries (historical band-lock episodes: −5.8% median over next 60 sessions, 41% win) • Lead manager Aryaman Financial Services Ltd.: 47% of 15 issues above issue today, LM score 41/100 • Mega-pop (+59%) — day-1 buyers are extended; base needs extra proof"
Vigor Plast India Ltd.,SME,VIGOR,NSE,INE1DM601016,2025-09-12,AVOID,AVOID,10,89.8,90.95,1.3,3.94,3.17,0.205552,,2,,10.86,,,,,,Unistone Capital Pvt.Ltd.,2025-10-09,2025-12-08,https://www.screener.in/company/VIGOR/,https://www.tradingview.com/chart/?symbol=NSE%3AVIGOR,0.75,95.0,70.05,ESM Stage I,,,2026-07-11,2026-10-09,Enhanced Surveillance Measure (ESM) - Stage I (NSE list 20-Aug-2026),"Trade-to-trade settlement, 100% margin, 5% daily band (2% if already there). No intraday.",mcap ₹95cr still < ₹500cr pool boundary,"Exit when price/volatility criteria normalise on review, or mcap sustainably exceeds the ₹500cr micro-cap pool",False,,,,,0,False,,"Score 10/100 — structure 10/35, base 0/20, liquidity 0/15, institutions 2/15, lock-in 5/5, LM 3/5, momentum 5/5 • QIB 4x — thin institutional book (score-penalised, not disqualifying: stops manage the risk) • ₹0.2cr/day turnover ≈ 0.8% of free float changing hands daily — sleepy float • 🚧 UNDER SURVEILLANCE: ESM Stage I — price band capped, 100% margin, liquidity dries (historical band-lock episodes: −5.8% median over next 60 sessions, 41% win) • Lead manager Unistone Capital Pvt.Ltd.: 56% of 25 issues above issue today, LM score 60/100 • Listed +12% — the historical sweet-spot band"
Manas Polymers & Energies Ltd.,SME,MPEL,NSE,INE0U4H01011,2025-10-06,AVOID,AVOID,10,34.0,34.0,0.0,6.66,1.23,0.010808,,1,,-58.02,,,,,,Expert Global Consultants Pvt.Ltd.,,,https://www.screener.in/company/MPEL/,https://www.tradingview.com/chart/?symbol=NSE%3AMPEL,0.11,26.4,62.62,ESM Stage I,,,2026-07-11,2026-10-09,Enhanced Surveillance Measure (ESM) - Stage I (NSE list 20-Aug-2026),"Trade-to-trade settlement, 100% margin, 5% daily band (2% if already there). No intraday.",mcap ₹26cr still < ₹500cr pool boundary,"Exit when price/volatility criteria normalise on review, or mcap sustainably exceeds the ₹500cr micro-cap pool",False,,,,,0,False,,"Score 10/100 — structure 10/35, base 0/20, liquidity 0/15, institutions 6/15, lock-in 5/5, LM 1/5, momentum 3/5 • QIB 7x — thin institutional book (score-penalised, not disqualifying: stops manage the risk) • ₹0.0cr/day turnover ≈ 0.1% of free float changing hands daily — sleepy float • 🚧 UNDER SURVEILLANCE: ESM Stage I — price band capped, 100% margin, liquidity dries (historical band-lock episodes: −5.8% median over next 60 sessions, 41% win) • Lead manager Expert Global Consultants Pvt.Ltd.: 28% of 18 issues above issue today, LM score 38/100 • Discount listing (-59%) — historically the worst cohort"
Shyam Dhani Industries Ltd.,SME,SHYAMDHANI,NSE,INE1CRP01016,2025-12-30,AVOID,AVOID,10,54.6,139.65,155.8,256.24,690.06,0.112447,-46.12,146,,-22.0,,,,,,Holani Consultants Pvt.Ltd.,2026-01-24,2026-03-25,https://www.screener.in/company/SHYAMDHANI/,https://www.tradingview.com/chart/?symbol=NSE%3ASHYAMDHANI,0.34,113.0,72.0,ESM Stage I,,,2026-07-11,2026-10-09,Enhanced Surveillance Measure (ESM) - Stage I (NSE list 20-Aug-2026),"Trade-to-trade settlement, 100% margin, 5% daily band (2% if already there). No intraday.",mcap ₹113cr still < ₹500cr pool boundary; 3-month move now -22% (cooled); 5-session move -5%,"Exit when price/volatility criteria normalise on review, or mcap sustainably exceeds the ₹500cr micro-cap pool",False,2026-03-25,,,2026-04-07,2,False,,"Score 10/100 — structure 0/35, base 0/20, liquidity 0/15, institutions 15/15, lock-in 5/5, LM 5/5, momentum 0/5 • Never reclaimed the listing-day high in 146 sessions — this cohort's median outcome is deeply negative • Broken base (-46.1%) — distribution, not accumulation • QIB 256x — heavy institutional sponsorship (biggest historical tails came from this group) • ₹0.1cr/day turnover ≈ 0.3% of free float changing hands daily — sleepy float • 🚧 UNDER SURVEILLANCE: ESM Stage I — price band capped, 100% margin, liquidity dries (historical band-lock episodes: −5.8% median over next 60 sessions, 41% win) • Lead manager Holani Consultants Pvt.Ltd.: 64% of 11 issues above issue today, LM score 75/100"
Yajur Fibres Ltd.,SME,YAJUR,BSE,INE0CNJ01010,2026-01-14,AVOID,AVOID,10,33.01,139.2,321.7,1.03,1.24,0.08928288,-65.22,145,,-81.03,,,,,,Horizon Management Pvt.Ltd.,,,https://www.screener.in/company/544676/,https://www.tradingview.com/chart/?symbol=BSE%3A544676,0.37,77.7,69.82,,,,,,,,,,False,2026-01-30,,,2026-08-11,4,False,,"Score 10/100 — structure 0/35, base 0/20, liquidity 0/15, institutions 2/15, lock-in 5/5, LM 3/5, momentum 0/5 • Never reclaimed the listing-day high in 145 sessions — this cohort's median outcome is deeply negative • Broken base (-65.2%) — distribution, not accumulation • QIB 1x — thin institutional book (score-penalised, not disqualifying: stops manage the risk) • ₹0.1cr/day turnover ≈ 0.4% of free float changing hands daily — sleepy float • Lead manager Horizon Management Pvt.Ltd.: 50% of 22 issues above issue today, LM score 52/100"
Gulf Lloyds (India) Ltd.,SME,GULFLLOYDS,BSE,INE1WDC01012,2026-07-27,AVOID,AVOID,10,40.64,100.0,146.1,,10.82,0.3183282947368421,-61.58,19,,-59.36,,,,,,Interactive Financial Services Ltd.,,,https://www.screener.in/company/544834/,https://www.tradingview.com/chart/?symbol=BSE%3A544834,3.59,26.0,72.92,,5%,,,,,,,,False,2026-08-11,,,2026-08-14,2,True,,"Score 10/100 — structure 10/35, base 0/20, liquidity 0/15, institutions 2/15, lock-in 5/5, LM 1/5, momentum 0/5 • Broken base (-61.6%) — distribution, not accumulation • ₹0.3cr/day turnover ≈ 3.6% of free float changing hands daily — healthy churn • 🔥 Volume thrust (≥5× avg) within the last 5 sessions (2026-08-14) — the institutional footprint that preceded most historical winners • 🚧 Trading pinned to a 5% daily band — behaves like a surveillance cage even if not yet listed; volume typically dries −20% • Lead manager Interactive Financial Services Ltd.: 30% of 23 issues above issue today, LM score 24/100"
Thinking Hats Entertainment Solutions Ltd.,SME,THESL,NSE,INE0SHE01019,2024-10-03,AVOID,AVOID,9,19.6,61.0,211.2,67.67,320.22,0.023487,-41.58,338,,-55.45,,,,,,Horizon Financial Pvt.Ltd.,,,https://www.screener.in/company/THESL/,https://www.tradingview.com/chart/?symbol=NSE%3ATHESL,0.24,22.8,56.79,ESM Stage I,5%,,2026-06-25 (est. from band-lock),2026-09-23,Enhanced Surveillance Measure (ESM) - Stage I (NSE list 20-Aug-2026),"Trade-to-trade settlement, 100% margin, 5% daily band (2% if already there). No intraday.",mcap ₹23cr still < ₹500cr pool boundary; 3-month move now +26% (cooled); 5-session move -2%,"Exit when price/volatility criteria normalise on review, or mcap sustainably exceeds the ₹500cr micro-cap pool",False,2025-03-03,,,2026-06-05,11,False,,"Score 9/100 — structure 0/35, base 0/20, liquidity 0/15, institutions 15/15, lock-in 5/5, LM 1/5, momentum 3/5 • Never reclaimed the listing-day high in 338 sessions — this cohort's median outcome is deeply negative • Broken base (-41.6%) — distribution, not accumulation • QIB 68x — heavy institutional sponsorship (biggest historical tails came from this group) • ₹0.0cr/day turnover ≈ 0.2% of free float changing hands daily — sleepy float • 🚧 UNDER SURVEILLANCE: ESM Stage I — price band capped, 100% margin, liquidity dries (historical band-lock episodes: −5.8% median over next 60 sessions, 41% win)"
Neochem Bio Solutions Ltd.,SME,NEOCHEM,NSE,INE21UM01018,2025-12-09,AVOID,AVOID,9,99.55,113.4,13.9,21.97,11.2,0.1132989,-36.49,166,104.0,1.58,,,,,,Vivro Financial Services Pvt.Ltd.,2026-01-04,2026-03-05,https://www.screener.in/company/NEOCHEM/,https://www.tradingview.com/chart/?symbol=NSE%3ANEOCHEM,0.22,164.0,66.72,ESM Stage I,,,2026-07-11,2026-10-09,Enhanced Surveillance Measure (ESM) - Stage I (NSE list 20-Aug-2026),"Trade-to-trade settlement, 100% margin, 5% daily band (2% if already there). No intraday.",mcap ₹164cr still < ₹500cr pool boundary; 3-month move now +2% (cooled); 5-session move +11%,"Exit when price/volatility criteria normalise on review, or mcap sustainably exceeds the ₹500cr micro-cap pool",False,2026-03-12,2026-05-25,61.0,2026-05-19,5,False,,"Score 9/100 — structure 0/35, base 0/20, liquidity 0/15, institutions 11/15, lock-in 5/5, LM 3/5, momentum 5/5 • Broken base (-36.5%) — distribution, not accumulation • QIB 22x — decent institutional interest • ₹0.1cr/day turnover ≈ 0.2% of free float changing hands daily — sleepy float • 🚧 UNDER SURVEILLANCE: ESM Stage I — price band capped, 100% margin, liquidity dries (historical band-lock episodes: −5.8% median over next 60 sessions, 41% win) • Lead manager Vivro Financial Services Pvt.Ltd.: 64% of 11 issues above issue today, LM score 67/100"
M R Maniveni Foods Ltd.,SME,MANIVENI,BSE,INE0YD301010,2026-06-01,AVOID,AVOID,9,30.25,44.66,47.6,1.0,1.51,0.1079569,-22.2,51,,-41.83,,,,,,Capital Square Advisors Pvt.Ltd.,2026-06-25,2026-08-24,https://www.screener.in/company/544768/,https://www.tradingview.com/chart/?symbol=BSE%3A544768,0.65,59.2,72.46,,,,,,,,,,False,,,,,0,False,,"Score 9/100 — structure 0/35, base 6/20, liquidity 0/15, institutions 2/15, lock-in 0/5, LM 1/5, momentum 0/5 • Never reclaimed the listing-day high in 51 sessions — this cohort's median outcome is deeply negative • Base gave up -22.2% vs listing close — looser than the −10% ideal; demands a smaller position • QIB 1x — thin institutional book (score-penalised, not disqualifying: stops manage the risk) • ₹0.1cr/day turnover ≈ 0.7% of free float changing hands daily — sleepy float • ⚠ Anchor 90-day lock-in expires 2026-08-24 (4d) — historical median drift −2.4% into expiry; no fresh entries • Lead manager Capital Square Advisors Pvt.Ltd.: 20% of 5 issues above issue today, LM score 25/100"
Synoptics Technologies Ltd.,SME,SYNOPTICS,NSE,INE0BTR01012,2023-07-13,AVOID,AVOID,8,60.6,238.0,292.7,,1.69,120305.4496362,-73.2,26,,-74.43,,,,,,First Overseas Capital Ltd.,,,https://www.screener.in/company/SYNOPTICS/,https://www.tradingview.com/chart/?symbol=NSE%3ASYNOPTICS,3.26,51.4,73.11,ESM Stage I,,1-month high-low variation 255% (ST-ASM secondary criterion ≥75%),2026-07-11,2026-10-09,Enhanced Surveillance Measure (ESM) - Stage I (NSE list 20-Aug-2026),"Trade-to-trade settlement, 100% margin, 5% daily band (2% if already there). No intraday.",mcap ₹51cr still < ₹500cr pool boundary; 5-session move -15%,"Exit when price/volatility criteria normalise on review, or mcap sustainably exceeds the ₹500cr micro-cap pool",False,,,,,0,False,,"Score 8/100 — structure 0/35, base 0/20, liquidity 15/15, institutions 2/15, lock-in 5/5, LM 1/5, momentum 0/5 • Never reclaimed the listing-day high in 26 sessions — this cohort's median outcome is deeply negative • Broken base (-73.2%) — distribution, not accumulation • ₹120305.4cr/day turnover ≈ 3.3% of free float changing hands daily — healthy churn • 🚧 UNDER SURVEILLANCE: ESM Stage I — price band capped, 100% margin, liquidity dries (historical band-lock episodes: −5.8% median over next 60 sessions, 41% win) • ⚠ 1-month high-low variation 255% (ST-ASM secondary criterion ≥75%) • Lead manager First Overseas Capital Ltd.: 12% of 8 issues above issue today, LM score 8/100"
Vrundavan Plantation Ltd.,SME,544011,BSE,INE0Q6901013,2023-11-06,AVOID,AVOID,8,34.0,107.0,214.7,,18.49,0.01607136,-49.83,373,,-68.52,,,,,,Interactive Financial Services Ltd.,,,https://www.screener.in/company/544011/,https://www.tradingview.com/chart/?symbol=BSE%3A544011,0.18,21.0,58.63,,,,,,,,,,False,2023-11-15,,,2026-03-27,12,False,,"Score 8/100 — structure 0/35, base 0/20, liquidity 0/15, institutions 2/15, lock-in 5/5, LM 1/5, momentum 0/5 • Never reclaimed the listing-day high in 373 sessions — this cohort's median outcome is deeply negative • Broken base (-49.8%) — distribution, not accumulation • ₹0.0cr/day turnover ≈ 0.2% of free float changing hands daily — sleepy float • Lead manager Interactive Financial Services Ltd.: 30% of 23 issues above issue today, LM score 24/100"
Net Avenue Technologies Ltd.,SME,CBAZAAR,NSE,INE518X01015,2023-12-08,AVOID,AVOID,8,5.0,42.0,740.0,61.99,352.81,0.021256,-31.83,499,,-72.22,,,,,,Shreni Shares Ltd.,2024-01-06,2024-03-06,https://www.screener.in/company/CBAZAAR/,https://www.tradingview.com/chart/?symbol=NSE%3ACBAZAAR,0.28,10.7,38.61,GSM II,,,2026-07-22,2026-10-20,Graded Surveillance Measure - Stage II (NSE GSM list 20-Aug-2026 08:07:01),"Fundamentals-vs-price mismatch framework: T2T, 100% margin; higher stages add buyer-pays Additional Surveillance Deposit, trading once-a-week, up to near-freeze.",3-month move now +10% (cooled); 5-session move -21%,Exit needs improved fundamentals relative to price (PE/book/net-worth tests) on quarterly review,False,2024-03-06,,,2025-09-17,11,False,,"Score 8/100 — structure 0/35, base 0/20, liquidity 0/15, institutions 15/15, lock-in 5/5, LM 3/5, momentum 0/5 • Never reclaimed the listing-day high in 499 sessions — this cohort's median outcome is deeply negative • Broken base (-31.8%) — distribution, not accumulation • QIB 62x — heavy institutional sponsorship (biggest historical tails came from this group) • ₹0.0cr/day turnover ≈ 0.3% of free float changing hands daily — sleepy float • 🚧 UNDER SURVEILLANCE: GSM II — price band capped, 100% margin, liquidity dries (historical band-lock episodes: −5.8% median over next 60 sessions, 41% win) • Lead manager Shreni Shares Ltd.: 50% of 26 issues above issue today, LM score 55/100"
Sameera Agro & Infra Ltd.,SME,SAIFL,NSE,INE0PZA01015,2024-01-01,AVOID,AVOID,8,5.05,185.0,3563.4,,2.37,0.101865,-42.08,614,,-97.19,,,,,,First Overseas Capital Ltd.,,,https://www.screener.in/company/SAIFL/,https://www.tradingview.com/chart/?symbol=NSE%3ASAIFL,1.08,30.4,68.43,,,,,,,,,,False,2024-05-31,,,2026-04-20,22,False,,"Score 8/100 — structure 0/35, base 0/20, liquidity 0/15, institutions 2/15, lock-in 5/5, LM 1/5, momentum 0/5 • Never reclaimed the listing-day high in 614 sessions — this cohort's median outcome is deeply negative • Broken base (-42.1%) — distribution, not accumulation • ₹0.1cr/day turnover ≈ 1.1% of free float changing hands daily — healthy churn • Lead manager First Overseas Capital Ltd.: 12% of 8 issues above issue today, LM score 8/100"
Polysil Irrigation Systems Ltd.,SME,POLYSIL,NSE,INE517M01028,2024-02-16,AVOID,AVOID,8,57.9,120.0,107.3,,7.57,0.5116365625,-49.61,16,,7.22,,,,,,Fedex Securities Pvt.Ltd.,,,https://www.screener.in/company/POLYSIL/,https://www.tradingview.com/chart/?symbol=NSE%3APOLYSIL,0.29,188.0,23.79,ASM Long-Term Stage I,5%,,2026-08-06 (est. from band-lock),2026-11-04,"NSE ASM Long-Term list, 20-Aug-2026",100% margin on all positions. Trading otherwise normal.,5-session move -22%,Exit when 3-month high-low / concentration criteria no longer met on quarterly review,False,,,,,0,False,,"Score 8/100 — structure 10/35, base 0/20, liquidity 0/15, institutions 2/15, lock-in 5/5, LM 3/5, momentum 3/5 • Broken base (-49.6%) — distribution, not accumulation • ₹0.5cr/day turnover ≈ 0.3% of free float changing hands daily — sleepy float • 🚧 UNDER SURVEILLANCE: ASM Long-Term Stage I — price band capped, 100% margin, liquidity dries (historical band-lock episodes: −5.8% median over next 60 sessions, 41% win) • Lead manager Fedex Securities Pvt.Ltd.: 43% of 23 issues above issue today, LM score 54/100 • Mega-pop (+104%) — day-1 buyers are extended; base needs extra proof"
Varyaa Creations Ltd.,SME,VARYAA,BSE,INE0R6801013,2024-04-30,AVOID,AVOID,8,27.0,299.25,1008.3,,3.46,0.00718935,-77.43,459,,-82.0,,,,,,Inventure Merchant Banker Services Pvt.Ltd.,,,https://www.screener.in/company/544168/,https://www.tradingview.com/chart/?symbol=BSE%3A544168,0.19,13.4,71.98,,,,,,,,,,False,2024-05-16,,,2025-12-23,7,False,,"Score 8/100 — structure 0/35, base 0/20, liquidity 0/15, institutions 2/15, lock-in 5/5, LM 1/5, momentum 0/5 • Never reclaimed the listing-day high in 459 sessions — this cohort's median outcome is deeply negative • Broken base (-77.4%) — distribution, not accumulation • ₹0.0cr/day turnover ≈ 0.2% of free float changing hands daily — sleepy float • Lead manager Inventure Merchant Banker Services Pvt.Ltd.: 30% of 10 issues above issue today, LM score 22/100"
Gajanand International Ltd.,SME,GAJANAND,NSE,INE0QTE01018,2024-09-16,AVOID,AVOID,8,8.0,43.0,437.5,,14.98,0.00392175,-53.13,356,,-77.78,,,,,,Fast Track Finsec Pvt.Ltd.,,,https://www.screener.in/company/GAJANAND/,https://www.tradingview.com/chart/?symbol=NSE%3AGAJANAND,0.07,15.2,62.94,,,,,,,,,,False,2024-12-16,,,2026-03-27,6,False,,"Score 8/100 — structure 0/35, base 0/20, liquidity 0/15, institutions 2/15, lock-in 5/5, LM 1/5, momentum 0/5 • Never reclaimed the listing-day high in 356 sessions — this cohort's median outcome is deeply negative • Broken base (-53.1%) — distribution, not accumulation • ₹0.0cr/day turnover ≈ 0.1% of free float changing hands daily — sleepy float • Lead manager Fast Track Finsec Pvt.Ltd.: 33% of 9 issues above issue today, LM score 33/100"
Tejas Cargo India Ltd.,SME,TEJASCARGO,NSE,INE17WC01013,2025-02-24,AVOID,AVOID,8,402.0,402.0,0.0,,1.17,0.04824,,1,,139.29,,,,,,New Berry Capitals Pvt.Ltd.,2025-03-21,2025-05-20,https://www.screener.in/company/TEJASCARGO/,https://www.tradingview.com/chart/?symbol=NSE%3ATEJASCARGO,0.02,1004.0,74.71,ASM Long-Term Stage I,,,2026-07-11,2026-10-09,"NSE ASM Long-Term list, 20-Aug-2026",100% margin on all positions. Trading otherwise normal.,,Exit when 3-month high-low / concentration criteria no longer met on quarterly review,False,,,,,0,False,,"Score 8/100 — structure 10/35, base 0/20, liquidity 0/15, institutions 2/15, lock-in 5/5, LM 1/5, momentum 5/5 • ₹0.0cr/day turnover ≈ 0.0% of free float changing hands daily — sleepy float • 🚧 UNDER SURVEILLANCE: ASM Long-Term Stage I — price band capped, 100% margin, liquidity dries (historical band-lock episodes: −5.8% median over next 60 sessions, 41% win) • Mega-pop (+139%) — day-1 buyers are extended; base needs extra proof"
Accretion Pharmaceuticals Ltd.,SME,ACCPL,NSE,INE0T8T01010,2025-05-21,AVOID,AVOID,8,208.0,210.0,1.0,,6.47,0.767808,,2,,105.94,,,,,,Jawa Capital Services Pvt.Ltd.,2025-06-18,2025-08-17,https://www.screener.in/company/ACCPL/,https://www.tradingview.com/chart/?symbol=NSE%3AACCPL,1.3,212.0,73.52,ESM Stage I,,,2026-07-11,2026-10-09,Enhanced Surveillance Measure (ESM) - Stage I (NSE list 20-Aug-2026),"Trade-to-trade settlement, 100% margin, 5% daily band (2% if already there). No intraday.",mcap ₹212cr still < ₹500cr pool boundary,"Exit when price/volatility criteria normalise on review, or mcap sustainably exceeds the ₹500cr micro-cap pool",False,,,,,0,False,,"Score 8/100 — structure 10/35, base 0/20, liquidity 0/15, institutions 2/15, lock-in 5/5, LM 1/5, momentum 5/5 • ₹0.8cr/day turnover ≈ 1.3% of free float changing hands daily — healthy churn • 🚧 UNDER SURVEILLANCE: ESM Stage I — price band capped, 100% margin, liquidity dries (historical band-lock episodes: −5.8% median over next 60 sessions, 41% win) • Lead manager Jawa Capital Services Pvt.Ltd.: 25% of 8 issues above issue today, LM score 13/100 • Mega-pop (+98%) — day-1 buyers are extended; base needs extra proof"
Mittal Sections Ltd.,SME,MITTALSTL,BSE,INE833Q01012,2025-10-14,AVOID,AVOID,8,25.1,114.4,355.8,1.13,2.21,0.01510615,-56.76,193,,-82.45,,,,,,Wealth Mine Networks Pvt.Ltd.,,,https://www.screener.in/company/544575/,https://www.tradingview.com/chart/?symbol=BSE%3A544575,0.15,30.1,67.97,,,,,,,,,,False,2025-10-30,,,2026-03-11,3,False,,"Score 8/100 — structure 0/35, base 0/20, liquidity 0/15, institutions 2/15, lock-in 5/5, LM 1/5, momentum 0/5 • Never reclaimed the listing-day high in 193 sessions — this cohort's median outcome is deeply negative • Broken base (-56.8%) — distribution, not accumulation • QIB 1x — thin institutional book (score-penalised, not disqualifying: stops manage the risk) • ₹0.0cr/day turnover ≈ 0.1% of free float changing hands daily — sleepy float • Lead manager Wealth Mine Networks Pvt.Ltd.: 0% of 5 issues above issue today, LM score 8/100"
Safecure Services Ltd.,SME,SAFECURE,BSE,INE0SVZ01015,2025-11-06,AVOID,AVOID,8,22.19,81.6,267.7,,1.81,0.01122588,-56.58,175,,-78.25,,,,,,Sun Capital Advisory Services Pvt.Ltd.,,,https://www.screener.in/company/544596/,https://www.tradingview.com/chart/?symbol=BSE%3A544596,0.15,22.3,66.14,,,,,,,,,,False,2025-11-24,,,2026-06-12,2,False,,"Score 8/100 — structure 0/35, base 0/20, liquidity 0/15, institutions 2/15, lock-in 5/5, LM 1/5, momentum 0/5 • Never reclaimed the listing-day high in 175 sessions — this cohort's median outcome is deeply negative • Broken base (-56.6%) — distribution, not accumulation • ₹0.0cr/day turnover ≈ 0.1% of free float changing hands daily — sleepy float • Lead manager Sun Capital Advisory Services Pvt.Ltd.: 33% of 6 issues above issue today, LM score 28/100"
Invicta Diagnostic Ltd.,SME,INVICTA,NSE,INE0XJ501010,2025-12-08,AVOID,AVOID,8,69.5,105.0,51.1,3.51,3.41,0.1555284,-33.82,163,,-18.24,,,,,,Socradamus Capital Pvt.Ltd.,,,https://www.screener.in/company/INVICTA/,https://www.tradingview.com/chart/?symbol=NSE%3AINVICTA,0.52,87.6,66.7,,,,,,,,,,False,2026-02-12,,,2026-08-05,5,False,,"Score 8/100 — structure 0/35, base 0/20, liquidity 0/15, institutions 2/15, lock-in 5/5, LM 1/5, momentum 0/5 • Never reclaimed the listing-day high in 163 sessions — this cohort's median outcome is deeply negative • Broken base (-33.8%) — distribution, not accumulation • QIB 4x — thin institutional book (score-penalised, not disqualifying: stops manage the risk) • ₹0.2cr/day turnover ≈ 0.5% of free float changing hands daily — sleepy float • Lead manager Socradamus Capital Pvt.Ltd.: 20% of 5 issues above issue today, LM score 38/100"
Astron Multigrain Ltd.,SME,ASTRONMULT,BSE,INE0RUY01012,2025-12-08,AVOID,AVOID,8,17.43,50.4,189.2,,1.22,0.0250186,-62.01,161,,-72.33,,,,,,Finaax Capital Advisors Pvt.Ltd.,,,https://www.screener.in/company/544628/,https://www.tradingview.com/chart/?symbol=BSE%3A544628,0.5,15.4,66.05,,,,,,,,,,False,2025-12-24,,,2025-12-24,1,False,,"Score 8/100 — structure 0/35, base 0/20, liquidity 0/15, institutions 2/15, lock-in 5/5, LM 1/5, momentum 0/5 • Never reclaimed the listing-day high in 161 sessions — this cohort's median outcome is deeply negative • Broken base (-62.0%) — distribution, not accumulation • ₹0.0cr/day turnover ≈ 0.5% of free float changing hands daily — sleepy float"
Shri Kanha Stainless Ltd.,SME,SHRIKANHA,NSE,INE1V4601019,2025-12-10,AVOID,AVOID,8,22.45,88.0,292.0,,2.75,0.0156044,-71.29,158,,-75.06,,,,,,Kreo Capital Pvt.Ltd.,,,https://www.screener.in/company/SHRIKANHA/,https://www.tradingview.com/chart/?symbol=NSE%3ASHRIKANHA,0.14,35.2,68.59,,,,,,,,,,False,2025-12-26,,,2026-08-14,3,True,,"Score 8/100 — structure 0/35, base 0/20, liquidity 0/15, institutions 2/15, lock-in 5/5, LM 1/5, momentum 0/5 • Never reclaimed the listing-day high in 158 sessions — this cohort's median outcome is deeply negative • Broken base (-71.3%) — distribution, not accumulation • ₹0.0cr/day turnover ≈ 0.1% of free float changing hands daily — sleepy float • 🔥 Volume thrust (≥5× avg) within the last 5 sessions (2026-08-14) — the institutional footprint that preceded most historical winners • Lead manager Kreo Capital Pvt.Ltd.: 0% of 3 issues above issue today, LM score 19/100"
Western Overseas Study Abroad Ltd.,SME,WOSAL,BSE,INE1MF401019,2025-12-11,AVOID,AVOID,8,16.6,54.9,230.7,,1.39,0.01628,-65.64,119,,-70.36,,,,,,Sobhagya Capital Options Pvt.Ltd.,,,https://www.screener.in/company/544636/,https://www.tradingview.com/chart/?symbol=BSE%3A544636,0.54,9.98,70.09,,,,,,,,,,False,2026-01-01,,,2026-08-05,2,False,,"Score 8/100 — structure 0/35, base 0/20, liquidity 0/15, institutions 2/15, lock-in 5/5, LM 1/5, momentum 0/5 • Never reclaimed the listing-day high in 119 sessions — this cohort's median outcome is deeply negative • Broken base (-65.6%) — distribution, not accumulation • ₹0.0cr/day turnover ≈ 0.5% of free float changing hands daily — sleepy float • Lead manager Sobhagya Capital Options Pvt.Ltd.: 11% of 9 issues above issue today, LM score 25/100"
Neptune Logitek Ltd.,SME,NEPLOG,BSE,INE1NQ501012,2025-12-22,AVOID,AVOID,8,33.35,100.8,202.2,,1.59,0.0322848,-52.18,146,,-73.53,,,,,,Galactico Corporate Services Ltd.,,,https://www.screener.in/company/544663/,https://www.tradingview.com/chart/?symbol=BSE%3A544663,0.26,47.2,73.22,,,,,,,,,,False,2025-12-31,,,2026-08-11,6,False,,"Score 8/100 — structure 0/35, base 0/20, liquidity 0/15, institutions 2/15, lock-in 5/5, LM 1/5, momentum 0/5 • Never reclaimed the listing-day high in 146 sessions — this cohort's median outcome is deeply negative • Broken base (-52.2%) — distribution, not accumulation • ₹0.0cr/day turnover ≈ 0.3% of free float changing hands daily — sleepy float • Lead manager Galactico Corporate Services Ltd.: 33% of 3 issues above issue today, LM score 30/100"
Aritas Vinyl Ltd.,SME,ARITAS,BSE,INE1D8001016,2026-01-23,AVOID,AVOID,8,12.75,47.0,268.6,1.0,1.86,0.0225438,-70.59,129,,-72.87,,,,,,Interactive Financial Services Ltd.,,,https://www.screener.in/company/544683/,https://www.tradingview.com/chart/?symbol=BSE%3A544683,0.12,26.4,27.99,,,,,,,,,,False,2026-02-12,,,2026-02-12,1,False,,"Score 8/100 — structure 0/35, base 0/20, liquidity 0/15, institutions 2/15, lock-in 5/5, LM 1/5, momentum 0/5 • Never reclaimed the listing-day high in 129 sessions — this cohort's median outcome is deeply negative • Broken base (-70.6%) — distribution, not accumulation • QIB 1x — thin institutional book (score-penalised, not disqualifying: stops manage the risk) • ₹0.0cr/day turnover ≈ 0.1% of free float changing hands daily — sleepy float • Lead manager Interactive Financial Services Ltd.: 30% of 23 issues above issue today, LM score 24/100"
Kanishk Aluminium India Ltd.,SME,KANISHK,BSE,INE163401016,2026-02-04,AVOID,AVOID,8,23.72,58.4,146.2,,1.04,0.0190528,-48.63,108,,-67.51,,,,,,Sun Capital Advisory Services Pvt.Ltd.,,,https://www.screener.in/company/544693/,https://www.tradingview.com/chart/?symbol=BSE%3A544693,0.18,33.5,70.24,,,,,,,,,,False,2026-02-17,,,2026-04-21,3,False,,"Score 8/100 — structure 0/35, base 0/20, liquidity 0/15, institutions 2/15, lock-in 5/5, LM 1/5, momentum 0/5 • Never reclaimed the listing-day high in 108 sessions — this cohort's median outcome is deeply negative • Broken base (-48.6%) — distribution, not accumulation • ₹0.0cr/day turnover ≈ 0.2% of free float changing hands daily — sleepy float • Lead manager Sun Capital Advisory Services Pvt.Ltd.: 33% of 6 issues above issue today, LM score 28/100"
Shree Ram Twistex Ltd.,Mainboard,SRTL,NSE,INE19GK01015,2026-03-02,AVOID,AVOID,8,39.35,71.4,81.4,3.94,41.29,0.1242911932999999,-43.98,116,,-62.16,,,,,,Interactive Financial Services Ltd.,,,https://www.screener.in/company/SRTL/,https://www.tradingview.com/chart/?symbol=NSE%3ASRTL,0.12,155.0,34.59,,,In ESM-eligible pool (mcap ₹155cr < ₹500cr) — sharp rallies can trigger 100% margin + 2%/5% band,,,,,,,False,,,,,0,False,,"Score 8/100 — structure 0/35, base 0/20, liquidity 0/15, institutions 2/15, lock-in 5/5, LM 1/5, momentum 0/5 • Never reclaimed the listing-day high in 116 sessions — this cohort's median outcome is deeply negative • Broken base (-44.0%) — distribution, not accumulation • QIB 4x — thin institutional book (score-penalised, not disqualifying: stops manage the risk) • ₹0.1cr/day turnover ≈ 0.1% of free float changing hands daily — sleepy float • ⚠ In ESM-eligible pool (mcap ₹155cr < ₹500cr) — sharp rallies can trigger 100% margin + 2%/5% band • Lead manager Interactive Financial Services Ltd.: 30% of 23 issues above issue today, LM score 24/100"
Liotech Industries Ltd.,SME,LIOTECH,BSE,INE0TKX01011,2026-06-24,AVOID,AVOID,8,100.1,257.0,156.7,,1.89,0.1281682,-64.9,41,,-68.82,,,,,,Wealth Mine Networks Pvt.Ltd.,,,https://www.screener.in/company/544796/,https://www.tradingview.com/chart/?symbol=BSE%3A544796,1.13,38.3,71.22,,,,,,,,,,False,2026-07-15,,,2026-07-15,1,False,,"Score 8/100 — structure 0/35, base 0/20, liquidity 0/15, institutions 2/15, lock-in 5/5, LM 1/5, momentum 0/5 • Never reclaimed the listing-day high in 41 sessions — this cohort's median outcome is deeply negative • Broken base (-64.9%) — distribution, not accumulation • ₹0.1cr/day turnover ≈ 1.1% of free float changing hands daily — healthy churn • Lead manager Wealth Mine Networks Pvt.Ltd.: 0% of 5 issues above issue today, LM score 8/100"
Anubhav Plast Ltd.,SME,ANUBHAV,BSE,INE1O7201010,2026-06-29,AVOID,AVOID,8,50.0,80.0,60.0,1.23,1.81,0.24741928,-39.46,38,,-37.5,,,,,,Capital Square Advisors Pvt.Ltd.,2026-07-23,2026-09-21,https://www.screener.in/company/544800/,https://www.tradingview.com/chart/?symbol=BSE%3A544800,1.62,55.0,72.73,,,,,,,,,,False,,,,,0,False,,"Score 8/100 — structure 0/35, base 0/20, liquidity 0/15, institutions 2/15, lock-in 5/5, LM 1/5, momentum 0/5 • Never reclaimed the listing-day high in 38 sessions — this cohort's median outcome is deeply negative • Broken base (-39.5%) — distribution, not accumulation • QIB 1x — thin institutional book (score-penalised, not disqualifying: stops manage the risk) • ₹0.2cr/day turnover ≈ 1.6% of free float changing hands daily — healthy churn • Lead manager Capital Square Advisors Pvt.Ltd.: 20% of 5 issues above issue today, LM score 25/100"
Jivial Industries Ltd.,SME,JIVIAL,BSE,INE0V3T01017,2026-07-01,AVOID,AVOID,8,82.0,164.6,100.7,,1.0,0.09633858,-55.47,37,,-58.16,,,,,,Corporate Makers Capital Ltd.,,,https://www.screener.in/company/544805/,https://www.tradingview.com/chart/?symbol=BSE%3A544805,0.67,37.8,61.17,,,,,,,,,,False,,,,,0,False,,"Score 8/100 — structure 0/35, base 0/20, liquidity 0/15, institutions 2/15, lock-in 5/5, LM 1/5, momentum 0/5 • Never reclaimed the listing-day high in 37 sessions — this cohort's median outcome is deeply negative • Broken base (-55.5%) — distribution, not accumulation • ₹0.1cr/day turnover ≈ 0.7% of free float changing hands daily — sleepy float • Lead manager Corporate Makers Capital Ltd.: 17% of 12 issues above issue today, LM score 28/100 • Discount listing (-20%) — historically the worst cohort"
Aastha Spintex Ltd.,Mainboard,AASTHA,NSE,INE2FMX01012,2026-07-06,AVOID,AVOID,8,73.32,136.5,86.2,3.59,4.97,32.057294396850004,-48.71,34,,-46.09,,,,,,BOI Merchant Bankers Ltd.,,,https://www.screener.in/company/AASTHA/,https://www.tradingview.com/chart/?symbol=NSE%3AAASTHA,17.21,323.0,53.21,ASM Short-Term Stage I,,,2026-07-30,2026-08-06,"NSE ASM Short-Term list, 20-Aug-2026",50–100% additional margin for a SHORT window.,5-session move -2%,Auto-exit after the 5- or 15-day window unless re-triggered (e.g. another +25%/5-session burst),False,2026-07-21,,,2026-07-22,2,False,,"Score 8/100 — structure 0/35, base 0/20, liquidity 15/15, institutions 2/15, lock-in 5/5, LM 1/5, momentum 0/5 • Never reclaimed the listing-day high in 34 sessions — this cohort's median outcome is deeply negative • Broken base (-48.7%) — distribution, not accumulation • QIB 4x — thin institutional book (score-penalised, not disqualifying: stops manage the risk) • ₹32.1cr/day turnover ≈ 17.2% of free float changing hands daily — crowded/manipulable, careful • 🚧 UNDER SURVEILLANCE: ASM Short-Term Stage I — price band capped, 100% margin, liquidity dries (historical band-lock episodes: −5.8% median over next 60 sessions, 41% win)"
Aditya Ultra Steel Ltd.,SME,AUSL,NSE,INE01YQ01013,2024-09-16,AVOID,AVOID,6,23.95,72.0,200.6,1.21,10.67,0.010843,-24.7,396,,-61.37,,,,,,Swastika Investmart Ltd.,,,https://www.screener.in/company/AUSL/,https://www.tradingview.com/chart/?symbol=NSE%3AAUSL,0.06,65.8,68.76,,5%,,,,,,,,False,2025-01-29,,,2026-07-03,17,False,,"Score 6/100 — structure 0/35, base 6/20, liquidity 0/15, institutions 2/15, lock-in 5/5, LM 1/5, momentum 0/5 • Never reclaimed the listing-day high in 396 sessions — this cohort's median outcome is deeply negative • Base gave up -24.7% vs listing close — looser than the −10% ideal; demands a smaller position • QIB 1x — thin institutional book (score-penalised, not disqualifying: stops manage the risk) • ₹0.0cr/day turnover ≈ 0.1% of free float changing hands daily — sleepy float • 🚧 Trading pinned to a 5% daily band — behaves like a surveillance cage even if not yet listed; volume typically dries −20% • Lead manager Swastika Investmart Ltd.: 17% of 12 issues above issue today, LM score 21/100"
Paramount Dye Tec Ltd.,SME,PARAMOUNT,NSE,INE0TG801013,2024-10-08,AVOID,AVOID,6,32.05,109.9,242.9,10.22,35.32,0.013026,-36.38,371,,-72.61,,,,,,Gretex Corporate Services Ltd.,2024-11-03,2025-01-02,https://www.screener.in/company/PARAMOUNT/,https://www.tradingview.com/chart/?symbol=NSE%3APARAMOUNT,0.15,24.5,64.98,,5%,,,,,,,,False,2024-12-05,,,2026-05-08,13,False,,"Score 6/100 — structure 0/35, base 0/20, liquidity 0/15, institutions 6/15, lock-in 5/5, LM 3/5, momentum 0/5 • Never reclaimed the listing-day high in 371 sessions — this cohort's median outcome is deeply negative • Broken base (-36.4%) — distribution, not accumulation • QIB 10x — thin institutional book (score-penalised, not disqualifying: stops manage the risk) • ₹0.0cr/day turnover ≈ 0.1% of free float changing hands daily — sleepy float • 🚧 Trading pinned to a 5% daily band — behaves like a surveillance cage even if not yet listed; volume typically dries −20% • Lead manager Gretex Corporate Services Ltd.: 41% of 22 issues above issue today, LM score 48/100"
Greenleaf Envirotech Ltd.,SME,GREENLEAF,NSE,INE0PLX01017,2025-10-09,AVOID,AVOID,6,121.8,134.9,10.8,,3.82,0.1141475,-16.48,210,1.0,-10.44,,,,,,Smart Horizon Capital Advisors Pvt.Ltd.,,,https://www.screener.in/company/GREENLEAF/,https://www.tradingview.com/chart/?symbol=NSE%3AGREENLEAF,0.38,68.8,56.37,ESM Stage I,,,2026-08-10 (est. from band-lock),2026-11-08,Enhanced Surveillance Measure (ESM) - Stage I (NSE list 20-Aug-2026),"Trade-to-trade settlement, 100% margin, 5% daily band (2% if already there). No intraday.",mcap ₹69cr still < ₹500cr pool boundary; 3-month move now +72% (cooled); 5-session move +2%,"Exit when price/volatility criteria normalise on review, or mcap sustainably exceeds the ₹500cr micro-cap pool",False,2025-11-21,2026-02-05,130.0,2025-11-24,2,False,,"Score 6/100 — structure 0/35, base 6/20, liquidity 0/15, institutions 2/15, lock-in 5/5, LM 5/5, momentum 3/5 • Base gave up -16.5% vs listing close — looser than the −10% ideal; demands a smaller position • ₹0.1cr/day turnover ≈ 0.4% of free float changing hands daily — sleepy float • 🚧 UNDER SURVEILLANCE: ESM Stage I — price band capped, 100% margin, liquidity dries (historical band-lock episodes: −5.8% median over next 60 sessions, 41% win) • Lead manager Smart Horizon Capital Advisors Pvt.Ltd.: 74% of 27 issues above issue today, LM score 82/100"
Grand Continent Hotels Ltd.,SME,GCHOTELS,NSE,INE12E301017,2025-03-27,AVOID,AVOID,5,98.3,104.5,6.3,,1.59,0.204993,,2,,-13.01,,,,,,Indorient Financial Services Ltd.,2025-04-24,2025-06-23,https://www.screener.in/company/GCHOTELS/,https://www.tradingview.com/chart/?symbol=NSE%3AGCHOTELS,0.18,254.0,54.85,ESM Stage I,,,2026-07-11,2026-10-09,Enhanced Surveillance Measure (ESM) - Stage I (NSE list 20-Aug-2026),"Trade-to-trade settlement, 100% margin, 5% daily band (2% if already there). No intraday.",mcap ₹254cr still < ₹500cr pool boundary,"Exit when price/volatility criteria normalise on review, or mcap sustainably exceeds the ₹500cr micro-cap pool",False,,,,,0,False,,"Score 5/100 — structure 10/35, base 0/20, liquidity 0/15, institutions 2/15, lock-in 5/5, LM 3/5, momentum 0/5 • ₹0.2cr/day turnover ≈ 0.2% of free float changing hands daily — sleepy float • 🚧 UNDER SURVEILLANCE: ESM Stage I — price band capped, 100% margin, liquidity dries (historical band-lock episodes: −5.8% median over next 60 sessions, 41% win) • Lead manager Indorient Financial Services Ltd.: 42% of 12 issues above issue today, LM score 52/100 • Discount listing (-9%) — historically the worst cohort"
ATC Energies System Ltd.,SME,ATCENERGY,NSE,INE0V0Q01019,2025-04-02,AVOID,AVOID,5,23.0,23.1,0.4,,1.27,0.00831,,2,,-80.51,,,,,,Indorient Financial Services Ltd.,2025-04-26,2025-06-25,https://www.screener.in/company/ATCENERGY/,https://www.tradingview.com/chart/?symbol=NSE%3AATCENERGY,0.06,48.0,72.06,ESM Stage II,,,2026-08-07,2026-09-06,Enhanced Surveillance Measure (ESM) - Stage II (NSE list 20-Aug-2026),"Trade-to-trade, 100% margin, 2% daily band — the tightest cage (Amanta situation). Liquidity typically dries hard.",mcap ₹48cr still < ₹500cr pool boundary,First step down to Stage I after ~1 month without triggers; full exit needs 90+ days and criteria normalisation,False,,,,,0,False,,"Score 5/100 — structure 10/35, base 0/20, liquidity 0/15, institutions 2/15, lock-in 5/5, LM 3/5, momentum 0/5 • ₹0.0cr/day turnover ≈ 0.1% of free float changing hands daily — sleepy float • 🚧 UNDER SURVEILLANCE: ESM Stage II — price band capped, 100% margin, liquidity dries (historical band-lock episodes: −5.8% median over next 60 sessions, 41% win) • Lead manager Indorient Financial Services Ltd.: 42% of 12 issues above issue today, LM score 52/100 • Discount listing (-80%) — historically the worst cohort"
Boss Packaging Solutions Ltd.,SME,BOSS,NSE,INE0QNI01012,2024-09-06,AVOID,AVOID,4,54.5,86.6,58.9,,133.84,0.0308495,-34.87,320,,-17.42,,,,,,Fedex Securities Pvt.Ltd.,,,https://www.screener.in/company/BOSS/,https://www.tradingview.com/chart/?symbol=NSE%3ABOSS,0.57,20.2,71.35,ASM Short-Term Stage I,5%,,2026-08-04 (est. from band-lock),2026-08-11,"NSE ASM Short-Term list, 20-Aug-2026",50–100% additional margin for a SHORT window.,3-month move now +33% (cooled); 5-session move +20%,Auto-exit after the 5- or 15-day window unless re-triggered (e.g. another +25%/5-session burst),False,2025-05-28,,,2026-01-20,3,False,,"Score 4/100 — structure 0/35, base 0/20, liquidity 0/15, institutions 8/15, lock-in 5/5, LM 3/5, momentum 3/5 • Never reclaimed the listing-day high in 320 sessions — this cohort's median outcome is deeply negative • Broken base (-34.9%) — distribution, not accumulation • ₹0.0cr/day turnover ≈ 0.6% of free float changing hands daily — sleepy float • 🚧 UNDER SURVEILLANCE: ASM Short-Term Stage I — price band capped, 100% margin, liquidity dries (historical band-lock episodes: −5.8% median over next 60 sessions, 41% win) • Lead manager Fedex Securities Pvt.Ltd.: 43% of 23 issues above issue today, LM score 54/100"
Cedaar Textile Ltd.,SME,CEDAAR,NSE,INE11J101017,2025-07-07,AVOID,AVOID,3,13.15,14.2,8.0,,10.06,0.0256175,,2,,-90.61,,,,,,Fast Track Finsec Pvt.Ltd.,2025-08-04,2025-10-03,https://www.screener.in/company/CEDAAR/,https://www.tradingview.com/chart/?symbol=NSE%3ACEDAAR,0.44,20.1,68.66,ESM Stage I,,,2026-07-11,2026-10-09,Enhanced Surveillance Measure (ESM) - Stage I (NSE list 20-Aug-2026),"Trade-to-trade settlement, 100% margin, 5% daily band (2% if already there). No intraday.",mcap ₹20cr still < ₹500cr pool boundary,"Exit when price/volatility criteria normalise on review, or mcap sustainably exceeds the ₹500cr micro-cap pool",False,,,,,0,False,,"Score 3/100 — structure 10/35, base 0/20, liquidity 0/15, institutions 2/15, lock-in 5/5, LM 1/5, momentum 0/5 • ₹0.0cr/day turnover ≈ 0.4% of free float changing hands daily — sleepy float • 🚧 UNDER SURVEILLANCE: ESM Stage I — price band capped, 100% margin, liquidity dries (historical band-lock episodes: −5.8% median over next 60 sessions, 41% win) • Lead manager Fast Track Finsec Pvt.Ltd.: 33% of 9 issues above issue today, LM score 33/100 • Discount listing (-90%) — historically the worst cohort"
Saj Hotels Ltd.,SME,SAJHOTELS,NSE,INE00MT01022,2024-10-07,AVOID,AVOID,2,42.0,57.75,37.5,,5.39,0.107816,-23.55,400,34.0,-35.38,,,,,,Corpwis Advisors Pvt.Ltd.,,,https://www.screener.in/company/SAJHOTELS/,https://www.tradingview.com/chart/?symbol=NSE%3ASAJHOTELS,0.48,68.5,64.27,ESM Stage I,,,2026-07-21,2026-10-19,Enhanced Surveillance Measure (ESM) - Stage I (NSE list 20-Aug-2026),"Trade-to-trade settlement, 100% margin, 5% daily band (2% if already there). No intraday.",mcap ₹68cr still < ₹500cr pool boundary; 3-month move now +6% (cooled); 5-session move +4%,"Exit when price/volatility criteria normalise on review, or mcap sustainably exceeds the ₹500cr micro-cap pool",False,2024-11-26,2026-01-01,127.0,2026-07-03,16,False,,"Score 2/100 — structure 0/35, base 6/20, liquidity 0/15, institutions 2/15, lock-in 5/5, LM 1/5, momentum 3/5 • Base gave up -23.6% vs listing close — looser than the −10% ideal; demands a smaller position • ₹0.1cr/day turnover ≈ 0.5% of free float changing hands daily — sleepy float • 🚧 UNDER SURVEILLANCE: ESM Stage I — price band capped, 100% margin, liquidity dries (historical band-lock episodes: −5.8% median over next 60 sessions, 41% win) • Lead manager Corpwis Advisors Pvt.Ltd.: 38% of 8 issues above issue today, LM score 25/100"
Glottis Ltd.,Mainboard,GLOTTIS,NSE,INE0TQE01026,2025-10-07,AVOID,AVOID,1,66.01,93.0,40.9,1.84,1.95,0.25247638905,-19.35,215,,-48.83,,,,,,Pantomath Capital Advisors Pvt.Ltd.,2025-11-01,2025-12-31,https://www.screener.in/company/GLOTTIS/,https://www.tradingview.com/chart/?symbol=NSE%3AGLOTTIS,0.16,600.0,74.23,ESM Stage I,,,2026-07-11,2026-10-09,Enhanced Surveillance Measure (ESM) - Stage I (NSE list 20-Aug-2026),"Trade-to-trade settlement, 100% margin, 5% daily band (2% if already there). No intraday.",mcap ₹600cr ≥ ₹500cr pool boundary; 3-month move now -5% (cooled); 5-session move +2%,"Exit when price/volatility criteria normalise on review, or mcap sustainably exceeds the ₹500cr micro-cap pool",False,2026-04-10,,,2026-05-20,3,False,,"Score 1/100 — structure 0/35, base 6/20, liquidity 0/15, institutions 2/15, lock-in 5/5, LM 3/5, momentum 0/5 • Never reclaimed the listing-day high in 215 sessions — this cohort's median outcome is deeply negative • Base gave up -19.4% vs listing close — looser than the −10% ideal; demands a smaller position • QIB 2x — thin institutional book (score-penalised, not disqualifying: stops manage the risk) • ₹0.3cr/day turnover ≈ 0.2% of free float changing hands daily — sleepy float • 🚧 UNDER SURVEILLANCE: ESM Stage I — price band capped, 100% margin, liquidity dries (historical band-lock episodes: −5.8% median over next 60 sessions, 41% win) • Lead manager Pantomath Capital Advisors Pvt.Ltd.: 54% of 13 issues above issue today, LM score 47/100"
Graphisads Ltd.,SME,GRAPHISAD,NSE,INE0POU01017,2023-12-13,AVOID,AVOID,0,27.5,112.0,307.3,,3.35,0.039039,-38.56,623,,-75.23,,,,,,First Overseas Capital Ltd.,,,https://www.screener.in/company/GRAPHISAD/,https://www.tradingview.com/chart/?symbol=NSE%3AGRAPHISAD,0.29,48.4,73.67,,2%,,,,,,,,False,2024-09-09,,,2026-08-10,8,False,,"Score 0/100 — structure 0/35, base 0/20, liquidity 0/15, institutions 2/15, lock-in 5/5, LM 1/5, momentum 0/5 • Never reclaimed the listing-day high in 623 sessions — this cohort's median outcome is deeply negative • Broken base (-38.6%) — distribution, not accumulation • ₹0.0cr/day turnover ≈ 0.3% of free float changing hands daily — sleepy float • 🚧 Trading pinned to a 2% daily band — behaves like a surveillance cage even if not yet listed; volume typically dries −20% • Lead manager First Overseas Capital Ltd.: 12% of 8 issues above issue today, LM score 8/100"
Indifra Ltd.,SME,INDIFRA,NSE,INE0PS301014,2023-12-29,AVOID,AVOID,0,11.95,73.0,510.9,,7.05,0.00437,-35.53,411,,-81.62,,,,,,Beeline Capital Advisors Pvt.Ltd.,,,https://www.screener.in/company/INDIFRA/,https://www.tradingview.com/chart/?symbol=NSE%3AINDIFRA,0.14,8.71,67.56,GSM 0,,,2026-07-14,2026-10-12,Shortlisted under Graded Surveillance Measure (NSE GSM list 20-Aug-2026 08:07:01),"Fundamentals-vs-price mismatch framework: T2T, 100% margin; higher stages add buyer-pays Additional Surveillance Deposit, trading once-a-week, up to near-freeze.",3-month move now -28% (cooled); 5-session move +0%,Exit needs improved fundamentals relative to price (PE/book/net-worth tests) on quarterly review,False,2024-03-11,,,2026-06-08,10,False,,"Score 0/100 — structure 0/35, base 0/20, liquidity 0/15, institutions 2/15, lock-in 5/5, LM 3/5, momentum 0/5 • Never reclaimed the listing-day high in 411 sessions — this cohort's median outcome is deeply negative • Broken base (-35.5%) — distribution, not accumulation • ₹0.0cr/day turnover ≈ 0.1% of free float changing hands daily — sleepy float • 🚧 UNDER SURVEILLANCE: GSM 0 — price band capped, 100% margin, liquidity dries (historical band-lock episodes: −5.8% median over next 60 sessions, 41% win) • Lead manager Beeline Capital Advisors Pvt.Ltd.: 53% of 57 issues above issue today, LM score 58/100"
Lamosaic India Ltd.,SME,LAMOSAIC,NSE,INE0R0201012,2024-11-29,AVOID,AVOID,0,55.8,172.2,208.6,,1.8,0.36298545,-51.16,421,,-72.1,,,,,,Inventure Merchant Banker Services Pvt.Ltd.,,,https://www.screener.in/company/LAMOSAIC/,https://www.tradingview.com/chart/?symbol=NSE%3ALAMOSAIC,1.33,58.4,49.5,ESM Stage I,,"SME LT-ASM risk: +114% in 3 months (criterion: ≥±90%, indicative)",2026-07-11,2026-10-09,Enhanced Surveillance Measure (ESM) - Stage I (NSE list 20-Aug-2026),"Trade-to-trade settlement, 100% margin, 5% daily band (2% if already there). No intraday.",mcap ₹58cr still < ₹500cr pool boundary; 3-month move now +114% (still hot); 5-session move +0%,"Exit when price/volatility criteria normalise on review, or mcap sustainably exceeds the ₹500cr micro-cap pool",False,2024-12-12,,,2026-06-22,13,False,,"Score 0/100 — structure 0/35, base 0/20, liquidity 0/15, institutions 2/15, lock-in 5/5, LM 1/5, momentum 3/5 • Never reclaimed the listing-day high in 421 sessions — this cohort's median outcome is deeply negative • Broken base (-51.2%) — distribution, not accumulation • ₹0.4cr/day turnover ≈ 1.3% of free float changing hands daily — healthy churn • 🚧 UNDER SURVEILLANCE: ESM Stage I — price band capped, 100% margin, liquidity dries (historical band-lock episodes: −5.8% median over next 60 sessions, 41% win) • ⚠ SME LT-ASM risk: +114% in 3 months (criterion: ≥±90%, indicative) • Lead manager Inventure Merchant Banker Services Pvt.Ltd.: 30% of 10 issues above issue today, LM score 22/100"
Victory Electric Vehicles International Ltd.,SME,VICTORYEV,NSE,INE0F8901022,2026-01-14,AVOID,AVOID,0,16.3,34.45,111.3,,1.0,0.051129,-52.21,144,,-60.24,,,,,,Corpwis Advisors Pvt.Ltd.,,,https://www.screener.in/company/VICTORYEV/,https://www.tradingview.com/chart/?symbol=NSE%3AVICTORYEV,0.35,39.2,63.33,ESM Stage I,,,2026-07-11,2026-10-09,Enhanced Surveillance Measure (ESM) - Stage I (NSE list 20-Aug-2026),"Trade-to-trade settlement, 100% margin, 5% daily band (2% if already there). No intraday.",mcap ₹39cr still < ₹500cr pool boundary; 3-month move now +9% (cooled); 5-session move -4%,"Exit when price/volatility criteria normalise on review, or mcap sustainably exceeds the ₹500cr micro-cap pool",False,2026-01-23,,,2026-08-04,6,False,,"Score 0/100 — structure 0/35, base 0/20, liquidity 0/15, institutions 2/15, lock-in 5/5, LM 1/5, momentum 0/5 • Never reclaimed the listing-day high in 144 sessions — this cohort's median outcome is deeply negative • Broken base (-52.2%) — distribution, not accumulation • ₹0.1cr/day turnover ≈ 0.3% of free float changing hands daily — sleepy float • 🚧 UNDER SURVEILLANCE: ESM Stage I — price band capped, 100% margin, liquidity dries (historical band-lock episodes: −5.8% median over next 60 sessions, 41% win) • Lead manager Corpwis Advisors Pvt.Ltd.: 38% of 8 issues above issue today, LM score 25/100"
Armour Security India Ltd.,SME,ARMOUR,NSE,INE0TZX01019,2026-01-22,AVOID,AVOID,0,18.3,45.6,149.2,1.0,1.45,0.017981,-48.1,114,,-67.89,,,,,,Sobhagya Capital Options Pvt.Ltd.,,,https://www.screener.in/company/ARMOUR/,https://www.tradingview.com/chart/?symbol=NSE%3AARMOUR,0.2,31.6,70.12,ESM Stage I,,,2026-07-11,2026-10-09,Enhanced Surveillance Measure (ESM) - Stage I (NSE list 20-Aug-2026),"Trade-to-trade settlement, 100% margin, 5% daily band (2% if already there). No intraday.",mcap ₹32cr still < ₹500cr pool boundary; 3-month move now -12% (cooled); 5-session move -2%,"Exit when price/volatility criteria normalise on review, or mcap sustainably exceeds the ₹500cr micro-cap pool",False,2026-02-02,,,2026-02-03,2,False,,"Score 0/100 — structure 0/35, base 0/20, liquidity 0/15, institutions 2/15, lock-in 5/5, LM 1/5, momentum 0/5 • Never reclaimed the listing-day high in 114 sessions — this cohort's median outcome is deeply negative • Broken base (-48.1%) — distribution, not accumulation • QIB 1x — thin institutional book (score-penalised, not disqualifying: stops manage the risk) • ₹0.0cr/day turnover ≈ 0.2% of free float changing hands daily — sleepy float • 🚧 UNDER SURVEILLANCE: ESM Stage I — price band capped, 100% margin, liquidity dries (historical band-lock episodes: −5.8% median over next 60 sessions, 41% win) • Lead manager Sobhagya Capital Options Pvt.Ltd.: 11% of 9 issues above issue today, LM score 25/100"
Utkal Speciality Industries India Ltd.,SME,UTKAL,NSE,INE1V1R01014,2026-06-17,AVOID,AVOID,0,55.3,66.0,19.3,1.12,1.43,0.3108075,-63.96,46,,-16.21,,,,,,Affinity Global Capital Market Pvt.Ltd.,,,https://www.screener.in/company/UTKAL/,https://www.tradingview.com/chart/?symbol=NSE%3AUTKAL,0.35,105.0,,ASM Short-Term Stage I,,,2026-08-03,2026-08-10,"NSE ASM Short-Term list, 20-Aug-2026",50–100% additional margin for a SHORT window.,5-session move +9%,Auto-exit after the 5- or 15-day window unless re-triggered (e.g. another +25%/5-session burst),False,2026-07-06,,,2026-07-10,2,False,,"Score 0/100 — structure 0/35, base 0/20, liquidity 0/15, institutions 2/15, lock-in 5/5, LM 3/5, momentum 3/5 • Never reclaimed the listing-day high in 46 sessions — this cohort's median outcome is deeply negative • Broken base (-64.0%) — distribution, not accumulation • QIB 1x — thin institutional book (score-penalised, not disqualifying: stops manage the risk) • ₹0.3cr/day turnover ≈ 0.3% of free float changing hands daily — sleepy float • 🚧 UNDER SURVEILLANCE: ASM Short-Term Stage I — price band capped, 100% margin, liquidity dries (historical band-lock episodes: −5.8% median over next 60 sessions, 41% win) • Lead manager Affinity Global Capital Market Pvt.Ltd.: 38% of 8 issues above issue today, LM score 41/100"
Vinit Mobile Ltd.,SME,VMOBILE,NSE,INE27V201011,2026-07-07,AVOID,AVOID,0,62.7,155.0,147.2,1.0,1.45,0.332049,-56.64,33,,-60.32,,,,,,Comfort Securities Ltd.,,,https://www.screener.in/company/VMOBILE/,https://www.tradingview.com/chart/?symbol=NSE%3AVMOBILE,2.12,39.1,64.86,ASM Short-Term Stage I,,,2026-07-23,2026-07-30,"NSE ASM Short-Term list, 20-Aug-2026",50–100% additional margin for a SHORT window.,5-session move -8%,Auto-exit after the 5- or 15-day window unless re-triggered (e.g. another +25%/5-session burst),False,2026-07-21,,,2026-07-23,2,False,,"Score 0/100 — structure 0/35, base 0/20, liquidity 0/15, institutions 2/15, lock-in 5/5, LM 1/5, momentum 0/5 • Never reclaimed the listing-day high in 33 sessions — this cohort's median outcome is deeply negative • Broken base (-56.6%) — distribution, not accumulation • QIB 1x — thin institutional book (score-penalised, not disqualifying: stops manage the risk) • ₹0.3cr/day turnover ≈ 2.1% of free float changing hands daily — healthy churn • 🚧 UNDER SURVEILLANCE: ASM Short-Term Stage I — price band capped, 100% margin, liquidity dries (historical band-lock episodes: −5.8% median over next 60 sessions, 41% win)"
