{
 "breakout": {
  "n_broke_d1_high": 255,
  "n_total": 384,
  "median_days_to_breakout": 3.0,
  "ret20d_after_breakout_median": 3.395,
  "ret60d_after_breakout_median": 2.27,
  "ret60d_win_rate": 42.35294117647059
 },
 "breakout_vol3x": {
  "n": 28,
  "ret20d_median": 1.64,
  "ret60d_median": -6.34,
  "ret60d_win": 28.57142857142857
 },
 "breakout_within25d": {
  "n": 219,
  "ret60d_median": 3.2,
  "ret60d_win": 46.57534246575342
 },
 "breakout_after25d": {
  "n": 36,
  "ret60d_median": -14.955000000000002,
  "ret60d_win": 16.666666666666664
 },
 "never_broke": {
  "n": 129,
  "cmp_vs_d1close_median": -38.37
 },
 "qib_quartiles": {
  "d1_close_vs_issue_pct": {
   "Q1_low": -0.5,
   "Q2": 0.1,
   "Q3": 5.9,
   "Q4_high": 29.5
  },
  "cmp_vs_d1close_pct": {
   "Q1_low": -2.2,
   "Q2": 0.6,
   "Q3": -18.4,
   "Q4_high": -9.1
  },
  "life_high_vs_issue_pct": {
   "Q1_low": 25.9,
   "Q2": 28.5,
   "Q3": 33.7,
   "Q4_high": 73.9
  }
 },
 "lockin30": {
  "n": 247,
  "pre5_median": -2.345329559239784,
  "post10_median": -0.7575757575757569,
  "post10_win": 46.15384615384615
 },
 "lockin90": {
  "n": 230,
  "pre5_median": -2.447504920622717,
  "post10_median": -2.7413264127321813,
  "post10_win": 37.826086956521735
 },
 "open_pop": {
  "cmp_vs_d1close_pct": {
   "disc<-5": -22.7,
   "flat": -12.3,
   "pop5-25": -10.2,
   "pop25-50": -0.3,
   "pop>50": -19.2
  },
  "max_dd_pct": {
   "disc<-5": -52.6,
   "flat": -39.5,
   "pop5-25": -41.6,
   "pop25-50": -44.8,
   "pop>50": -44.8
  },
  "life_high_vs_issue_pct": {
   "disc<-5": -8.7,
   "flat": 23.5,
   "pop5-25": 53.6,
   "pop25-50": 65.2,
   "pop>50": 152.0
  }
 },
 "liquidity": {
  "n_liquid": 93,
  "liquid_cmp_vs_d1close": 8.55,
  "illiquid_cmp_vs_d1close": -16.99
 },
 "winner_threshold_pct": 78.12,
 "traits_winners": {
  "n": 73,
  "qib_median": 26.67,
  "sub_total_median": 21.49,
  "issue_cr_median": 48.28,
  "d1close_vs_issue_median": 28.95,
  "days_to_high_median": 62.0,
  "base30_low_median": -6.8,
  "sme_share_pct": 72.6027397260274,
  "anchor_pct_median": 22.14
 },
 "traits_rest": {
  "n": 216,
  "qib_median": 13.29,
  "sub_total_median": 4.984999999999999,
  "issue_cr_median": 55.845,
  "d1close_vs_issue_median": 0.43999999999999995,
  "days_to_high_median": 9.5,
  "base30_low_median": -18.494999999999997,
  "sme_share_pct": 68.05555555555556,
  "anchor_pct_median": 22.145
 },
 "monthly_d1": {
  "2025-07": 6.4,
  "2025-08": 5.6,
  "2025-09": 3.9,
  "2025-10": 4.4,
  "2025-11": 5.0,
  "2025-12": 2.4,
  "2026-01": 0.2,
  "2026-02": -0.1,
  "2026-03": -3.4,
  "2026-04": 3.5,
  "2026-05": 10.2,
  "2026-06": -1.7,
  "2026-07": 7.7
 }
}